$date
	Mon Mar 17 09:15:24 2025
$end
$version
	Icarus Verilog
$end
$timescale
	1ps
$end
$scope module tb_i2c_master_top $end
$var wire 1 ! scl_pad_o $end
$var wire 1 " sda_pad_o $end
$var wire 1 # wb_inta_o $end
$var wire 8 $ wb_dat_o [7:0] $end
$var wire 1 % wb_ack_o $end
$var wire 1 & sda_padoen_o $end
$var wire 1 ' scl_padoen_o $end
$var parameter 32 ( PERIOD $end
$var reg 1 ) rst_i $end
$var reg 1 * scl_pad_i $end
$var reg 1 + sda_pad_i $end
$var reg 3 , wb_adr_i [2:0] $end
$var reg 1 - wb_clk_i $end
$var reg 1 . wb_cyc_i $end
$var reg 8 / wb_dat_i [7:0] $end
$var reg 1 0 wb_stb_i $end
$var reg 1 1 wb_we_i $end
$var integer 32 2 i [31:0] $end
$scope module u_i2c_master_top $end
$var wire 8 3 byte_controller_dout [7:0] $end
$var wire 1 4 byte_controller_i2c_al $end
$var wire 1 5 byte_controller_i2c_busy $end
$var wire 1 6 i2c_busy $end
$var wire 1 ) rst_i $end
$var wire 1 * scl_pad_i $end
$var wire 1 ! scl_pad_o $end
$var wire 1 ' scl_padoen_o $end
$var wire 1 + sda_pad_i $end
$var wire 1 " sda_pad_o $end
$var wire 1 & sda_padoen_o $end
$var wire 3 7 wb_adr_i [2:0] $end
$var wire 1 - wb_clk_i $end
$var wire 1 . wb_cyc_i $end
$var wire 8 8 wb_dat_i [7:0] $end
$var wire 1 0 wb_stb_i $end
$var wire 1 9 wb_wacc $end
$var wire 1 1 wb_we_i $end
$var wire 1 : wr $end
$var wire 1 ; sto $end
$var wire 1 < sta $end
$var wire 1 = rd $end
$var wire 1 > iack $end
$var wire 1 ? ack $end
$var reg 1 @ al $end
$var reg 1 A byte_controller_ack_out $end
$var reg 1 B byte_controller_bit_controller_al $end
$var reg 1 C byte_controller_bit_controller_busy $end
$var reg 17 D byte_controller_bit_controller_c_state [16:0] $end
$var reg 1 E byte_controller_bit_controller_clk_en $end
$var reg 1 F byte_controller_bit_controller_cmd_ack $end
$var reg 1 G byte_controller_bit_controller_cmd_stop $end
$var reg 16 H byte_controller_bit_controller_cnt [15:0] $end
$var reg 1 I byte_controller_bit_controller_dSCL $end
$var reg 1 J byte_controller_bit_controller_dSDA $end
$var reg 1 K byte_controller_bit_controller_dout $end
$var reg 1 L byte_controller_bit_controller_dscl_oen $end
$var reg 1 M byte_controller_bit_controller_sSCL $end
$var reg 1 N byte_controller_bit_controller_sSDB $end
$var reg 1 O byte_controller_bit_controller_scl_oen $end
$var reg 1 P byte_controller_bit_controller_sda_chk $end
$var reg 1 Q byte_controller_bit_controller_sda_oen $end
$var reg 1 R byte_controller_bit_controller_sta_condition $end
$var reg 1 S byte_controller_bit_controller_sto_condition $end
$var reg 5 T byte_controller_c_state [4:0] $end
$var reg 1 U byte_controller_cmd_ack $end
$var reg 4 V byte_controller_core_cmd [3:0] $end
$var reg 1 W byte_controller_core_txd $end
$var reg 3 X byte_controller_dcnt [2:0] $end
$var reg 1 Y byte_controller_ld $end
$var reg 1 Z byte_controller_shift $end
$var reg 8 [ byte_controller_sr [7:0] $end
$var reg 1 \ byte_controller_target $end
$var reg 8 ] cr [7:0] $end
$var reg 8 ^ ctr [7:0] $end
$var reg 1 _ irq_flag $end
$var reg 16 ` prer [15:0] $end
$var reg 1 a rxack $end
$var reg 1 b tip $end
$var reg 8 c txr [7:0] $end
$var reg 1 % wb_ack_o $end
$var reg 8 d wb_dat_o [7:0] $end
$var reg 1 # wb_inta_o $end
$upscope $end
$upscope $end
$enddefinitions $end
$comment Show the parameter values. $end
$dumpall
b1010 (
$end
#0
$dumpvars
bx d
b0 c
0b
0a
b1111111111111111 `
0_
b0 ^
b0 ]
x\
b0 [
0Z
0Y
b0 X
0W
b0 V
0U
b0 T
0S
0R
1Q
0P
1O
1N
1M
0L
0K
1J
1I
b0 H
0G
0F
1E
b0 D
0C
0B
0A
0@
0?
0>
0=
0<
0;
0:
09
b0 8
b0 7
06
05
04
b0 3
bx 2
01
00
b0 /
0.
0-
b0 ,
0+
0*
0)
1'
1&
x%
bx $
0#
0"
0!
$end
#5000
0%
b11111111 $
b11111111 d
1-
#10000
0-
b0 2
#15000
1-
#19000
19
1+
1*
1.
10
11
b10000001 /
b10000001 8
b100 ,
b100 7
#20000
b1 2
0-
1)
#25000
b1111111111111111 H
1L
1%
b0 $
b0 d
1-
#29000
09
0+
00
b1 /
b1 8
b10 ,
b10 7
#30000
b10 2
0-
#35000
0N
0%
1-
#39000
b11000110 /
b11000110 8
b1 ,
b1 7
#40000
b11 2
0-
#45000
1R
0J
b11111111 $
b11111111 d
1-
#49000
1+
0*
01
b11110010 /
b11110010 8
b111 ,
b111 7
#50000
b100 2
0-
#55000
1N
0M
0R
15
16
1C
b0 $
b0 d
1-
#59000
0+
0.
11
b1100101 /
b1100101 8
b101 ,
b101 7
#60000
b101 2
0-
#65000
1J
0I
0N
0E
1-
#69000
19
1+
1*
1.
10
b10010110 /
b10010110 8
#70000
b110 2
0-
#75000
0J
1N
1M
1%
1-
#79000
0+
0*
b10101110 /
b10101110 8
b10 ,
b10 7
#80000
b111 2
0-
#85000
1K
1S
1J
1I
0N
0M
1E
b10101110 ^
0%
1-
#89000
09
1+
0.
01
b11110010 /
b11110010 8
b100 ,
b100 7
#90000
b1000 2
0-
#95000
0E
b1111111111111110 H
0J
0I
1N
0S
05
06
0C
b1000000 $
b1000000 d
1-
#99000
00
b10110110 /
b10110110 8
b11 ,
b11 7
#100000
b1001 2
0-
#105000
1J
b1111111111111101 H
b0 $
b0 d
1-
#109000
10
11
b10000101 /
b10000101 8
b1 ,
b1 7
#110000
b1010 2
0-
#115000
b1111111111111100 H
b11111111 $
b11111111 d
1-
#119000
0+
1*
1.
00
01
b11011001 /
b11011001 8
#120000
b1011 2
0-
#125000
0N
1M
b1111111111111011 H
1-
#129000
10
b10011111 /
b10011111 8
b111 ,
b111 7
#130000
b1100 2
0-
#135000
b1111111111111010 H
0J
1I
1R
0K
b0 $
b0 d
1%
1-
#139000
1+
0*
0.
00
b1010001 /
b1010001 8
#140000
b1101 2
0-
#145000
15
16
1C
0R
1N
0M
b1111111111111001 H
0%
1-
#149000
1*
1.
10
b10010 /
b10010 8
b101 ,
b101 7
#150000
b1110 2
0-
#155000
b1111111111111000 H
1J
0I
1M
1%
1-
#159000
19
0+
0*
11
b1111000 /
b1111000 8
#160000
b1111 2
0-
#165000
1K
1I
0N
0M
b1111111111110111 H
0%
1-
#169000
09
1+
1*
0.
00
01
b10001110 /
b10001110 8
b110 ,
b110 7
#170000
b10000 2
0-
#175000
b1111111111110110 H
0J
0I
1N
1M
1-
#179000
0+
1.
11
b10110011 /
b10110011 8
b111 ,
b111 7
#180000
b10001 2
0-
#185000
1S
1J
1I
0N
b1111111111110101 H
1-
#189000
1+
b101001 /
b101001 8
b10 ,
b10 7
#190000
b10010 2
0-
#195000
b1111111111110100 H
0J
1N
0S
1R
05
06
0C
b10101110 $
b10101110 d
1-
#199000
0+
0*
01
b1000100 /
b1000100 8
b1 ,
b1 7
#200000
b10011 2
0-
#205000
15
16
1C
1S
0R
1J
0N
0M
b1111111111110011 H
b11111111 $
b11111111 d
1-
#209000
1*
0.
11
b11111101 /
b11111101 8
b10 ,
b10 7
#210000
b10100 2
0-
#215000
b1111111111110010 H
0J
0I
1M
0S
05
06
0C
b10101110 $
b10101110 d
1-
#219000
b111000 /
b111000 8
b110 ,
b110 7
#220000
b10101 2
0-
#225000
0K
1I
b1111111111110001 H
b0 $
b0 d
1-
#229000
19
0*
1.
10
b11011011 /
b11011011 8
b1 ,
b1 7
#230000
b10110 2
0-
#235000
b1101101111111111 `
b1111111111110000 H
0M
b11111111 $
b11111111 d
1%
1-
#239000
09
1*
00
01
b10010101 /
b10010101 8
b110 ,
b110 7
#240000
b10111 2
0-
#245000
0I
1M
b1111111111101111 H
0%
b0 $
b0 d
1-
#249000
0*
0.
10
11
b101000 /
b101000 8
b0 ,
b0 7
#250000
b11000 2
0-
#255000
b1111111111101110 H
1I
0M
b11111111 $
b11111111 d
1-
#259000
1*
00
01
b101001 /
b101001 8
b101 ,
b101 7
#260000
b11001 2
0-
#265000
0I
1M
b1111111111101101 H
b0 $
b0 d
1-
#269000
b1110011 /
b1110011 8
b0 ,
b0 7
#270000
b11010 2
0-
#275000
b1111111111101100 H
1I
b11111111 $
b11111111 d
1-
#279000
1+
0*
b110111 /
b110111 8
b1 ,
b1 7
#280000
b11011 2
0-
#285000
1N
0M
b1111111111101011 H
b11011011 $
b11011011 d
1-
#289000
1*
1.
b10000110 /
b10000110 8
b100 ,
b100 7
#290000
b11100 2
0-
#295000
b1111111111101010 H
1J
0I
1M
b0 $
b0 d
1-
#299000
0*
0.
10
11
b1100001 /
b1100001 8
b10 ,
b10 7
#300000
b11101 2
0-
#305000
1K
1I
0M
b1111111111101001 H
b10101110 $
b10101110 d
1-
#309000
1*
b101001 /
b101001 8
b101 ,
b101 7
#310000
b11110 2
0-
#315000
b1111111111101000 H
0I
1M
b0 $
b0 d
1-
#319000
0+
1.
00
01
b10001010 /
b10001010 8
b100 ,
b100 7
#320000
b11111 2
0-
#325000
1I
0N
b1111111111100111 H
1-
#329000
0*
b10011111 /
b10011111 8
b110 ,
b110 7
#330000
b100000 2
0-
#335000
b1111111111100110 H
0J
0M
1R
1-
#339000
1*
10
b11001000 /
b11001000 8
b1 ,
b1 7
#340000
b100001 2
0-
#345000
15
16
1C
0R
0I
1M
b1111111111100101 H
1%
b11011011 $
b11011011 d
1-
#349000
09
0.
00
11
b11000100 /
b11000100 8
b10 ,
b10 7
#350000
b100010 2
0-
#355000
b1111111111100100 H
1I
0K
b10101110 $
b10101110 d
0%
1-
#359000
0*
10
01
b11110010 /
b11110010 8
#360000
b100011 2
0-
#365000
0M
b1111111111100011 H
1-
#369000
1+
1*
1.
b10100001 /
b10100001 8
b1 ,
b1 7
#370000
b100100 2
0-
#375000
b1111111111100010 H
0I
1N
1M
b11011011 $
b11011011 d
1%
1-
#379000
09
0*
0.
11
b1110101 /
b1110101 8
b110 ,
b110 7
#380000
b100101 2
0-
#385000
1K
1S
1J
1I
0M
b1111111111100001 H
0%
b0 $
b0 d
1-
#389000
b101000 /
b101000 8
b10 ,
b10 7
#390000
b100110 2
0-
#395000
b1111111111100000 H
0I
0S
05
06
0C
b10101110 $
b10101110 d
1-
#399000
0+
1*
1.
00
b11000 /
b11000 8
b100 ,
b100 7
#400000
b100111 2
0-
#405000
0N
1M
b1111111111011111 H
b0 $
b0 d
1-
#409000
0.
b1010110 /
b1010110 8
b11 ,
b11 7
#410000
b101000 2
0-
#415000
b1111111111011110 H
0J
1I
1R
0K
1-
#419000
19
1+
1.
10
b10111000 /
b10111000 8
b10 ,
b10 7
#420000
b101001 2
0-
#425000
15
16
1C
0R
1N
b1111111111011101 H
b10111000 ^
1%
b10101110 $
b10101110 d
1-
#429000
09
0+
0*
0.
b100111 /
b100111 8
b0 ,
b0 7
#430000
b101010 2
0-
#435000
b1111111111011100 H
1J
0N
0M
1S
b11111111 $
b11111111 d
0%
1-
#439000
1+
1*
1.
01
b10010 /
b10010 8
b100 ,
b100 7
#440000
b101011 2
0-
#445000
05
06
0C
0S
0J
0I
1N
1M
b1111111111011011 H
1%
b1000000 $
b1000000 d
1-
#449000
09
00
11
b10101101 /
b10101101 8
b101 ,
b101 7
#450000
b101100 2
0-
#455000
b1111111111011010 H
1J
1I
1S
1K
b0 $
b0 d
0%
1-
#459000
19
0+
0*
10
b11011011 /
b11011011 8
b1 ,
b1 7
#460000
b101101 2
0-
#465000
0S
0N
0M
b1111111111011001 H
1%
b11011011 $
b11011011 d
1-
#469000
09
1+
0.
00
01
b10000011 /
b10000011 8
b101 ,
b101 7
#470000
b101110 2
0-
#475000
b1111111111011000 H
0J
0I
1N
b0 $
b0 d
0%
1-
#479000
b11110000 /
b11110000 8
b110 ,
b110 7
#480000
b101111 2
0-
#485000
1J
b1111111111010111 H
1-
#489000
0+
11
b1110100 /
b1110100 8
b0 ,
b0 7
#490000
b110000 2
0-
#495000
b1111111111010110 H
0N
b11111111 $
b11111111 d
1-
#499000
19
1+
1.
10
b11100001 /
b11100001 8
b101 ,
b101 7
#500000
b110001 2
0-
#505000
0J
1N
b1111111111010101 H
1%
b0 $
b0 d
1-
#509000
09
0.
01
b10001101 /
b10001101 8
b1 ,
b1 7
#510000
b110010 2
0-
#515000
b1111111111010100 H
1J
b11011011 $
b11011011 d
0%
1-
#519000
0+
1*
00
11
b10110110 /
b10110110 8
b11 ,
b11 7
#520000
b110011 2
0-
#525000
0N
1M
b1111111111010011 H
b0 $
b0 d
1-
#529000
1+
1.
10
01
b1110010 /
b1110010 8
b0 ,
b0 7
#530000
b110100 2
0-
#535000
b1111111111010010 H
0J
1I
1N
1R
0K
b11111111 $
b11111111 d
1%
1-
#539000
19
11
b11111101 /
b11111101 8
b110 ,
b110 7
#540000
b110101 2
0-
#545000
15
16
1C
1S
0R
1J
b1111111111010001 H
0%
b0 $
b0 d
1-
#549000
09
0+
0*
00
b1000100 /
b1000100 8
b1 ,
b1 7
#550000
b110110 2
0-
#555000
b1111111111010000 H
0N
0M
0S
05
06
0C
b11011011 $
b11011011 d
1-
#559000
1+
0.
01
b1010010 /
b1010010 8
b101 ,
b101 7
#560000
b110111 2
0-
#565000
0J
0I
1N
b1111111111001111 H
b0 $
b0 d
1-
#569000
b10000100 /
b10000100 8
b10 ,
b10 7
#570000
b111000 2
0-
#575000
b1111111111001110 H
1J
b10111000 $
b10111000 d
1-
#579000
1.
b100101 /
b100101 8
b110 ,
b110 7
#580000
b111001 2
0-
#585000
b1111111111001101 H
b0 $
b0 d
1-
#589000
0+
11
b1011100 /
b1011100 8
b11 ,
b11 7
#590000
b111010 2
0-
#595000
b1111111111001100 H
0N
1-
#599000
1+
b10001100 /
b10001100 8
b100 ,
b100 7
#600000
b111011 2
0-
#605000
0J
1N
b1111111111001011 H
1-
#609000
1*
b11101100 /
b11101100 8
b11 ,
b11 7
#610000
b111100 2
0-
#615000
b1111111111001010 H
1J
1M
1-
#619000
0.
b1100111 /
b1100111 8
b100 ,
b100 7
#620000
b111101 2
0-
#625000
1K
1I
b1111111111001001 H
1-
#629000
0*
10
b11100 /
b11100 8
b0 ,
b0 7
#630000
b111110 2
0-
#635000
b1111111111001000 H
0M
b11111111 $
b11111111 d
1-
#639000
b10000100 /
b10000100 8
b10 ,
b10 7
#640000
b111111 2
0-
#645000
0I
b1111111111000111 H
b10111000 $
b10111000 d
1-
#649000
0+
1*
b1101110 /
b1101110 8
b0 ,
b0 7
#650000
b1000000 2
0-
#655000
b1111111111000110 H
0N
1M
b11111111 $
b11111111 d
1-
#659000
1.
01
b1101001 /
b1101001 8
b111 ,
b111 7
#660000
b1000001 2
0-
#665000
0K
1R
0J
1I
b1111111111000101 H
1%
b0 $
b0 d
1-
#669000
09
0.
00
11
b1 ,
b1 7
#670000
b1000010 2
0-
#675000
b1111111111000100 H
0R
15
16
1C
b11011011 $
b11011011 d
0%
1-
#679000
1.
01
b10110111 /
b10110111 8
b0 ,
b0 7
#680000
b1000011 2
0-
#685000
b1111111111000011 H
b11111111 $
b11111111 d
1-
#689000
19
10
11
b1110110 /
b1110110 8
b111 ,
b111 7
#690000
b1000100 2
0-
#695000
b1111111111000010 H
b0 $
b0 d
1%
1-
#699000
09
1+
0.
01
b11000101 /
b11000101 8
b10 ,
b10 7
#700000
b1000101 2
0-
#705000
1N
b1111111111000001 H
0%
b10111000 $
b10111000 d
1-
#709000
19
0+
0*
1.
11
b110 /
b110 8
b0 ,
b0 7
#710000
b1000110 2
0-
#715000
b1101101100000110 `
b1111111111000000 H
1J
0N
0M
1S
b11111111 $
b11111111 d
1%
1-
#719000
09
1*
01
b101000 /
b101000 8
b101 ,
b101 7
#720000
b1000111 2
0-
#725000
05
06
0C
0S
0J
0I
1M
b1111111110111111 H
0%
b0 $
b0 d
1-
#729000
1+
0.
00
b11010101 /
b11010101 8
b1 ,
b1 7
#730000
b1001000 2
0-
#735000
b1111111110111110 H
1I
1N
b11011011 $
b11011011 d
1-
#739000
1.
b10001110 /
b10001110 8
b101 ,
b101 7
#740000
b1001001 2
0-
#745000
1S
1J
b1111111110111101 H
b0 $
b0 d
1-
#749000
19
10
11
b1001010 /
b1001010 8
b111 ,
b111 7
#750000
b1001010 2
0-
#755000
b1111111110111100 H
0S
1%
1-
#759000
09
0+
0*
0.
01
b10011001 /
b10011001 8
#760000
b1001011 2
0-
#765000
0N
0M
b1111111110111011 H
0%
1-
#769000
19
1+
1*
1.
11
b1011001 /
b1011001 8
b101 ,
b101 7
#770000
b1001100 2
0-
#775000
b1111111110111010 H
0J
0I
1N
1M
1%
1-
#779000
09
0+
0.
00
01
b11001101 /
b11001101 8
b11 ,
b11 7
#780000
b1001101 2
0-
#785000
1K
1S
1J
1I
0N
b1111111110111001 H
0%
1-
#789000
0*
10
11
b1010000 /
b1010000 8
b100 ,
b100 7
#790000
b1001110 2
0-
#795000
b1111111110111000 H
0J
0M
0S
1R
1-
#799000
1*
01
b1111001 /
b1111001 8
b11 ,
b11 7
#800000
b1001111 2
0-
#805000
15
16
1C
0R
0I
1M
b1111111110110111 H
1-
#809000
19
1+
0*
1.
11
b11010100 /
b11010100 8
b110 ,
b110 7
#810000
b1010000 2
0-
#815000
b1111111110110110 H
1I
1N
0M
0K
1%
1-
#819000
09
0+
01
b111001 /
b111001 8
b100 ,
b100 7
#820000
b1010001 2
0-
#825000
1J
0I
0N
b1111111110110101 H
0%
b1000000 $
b1000000 d
1-
#829000
09
1+
0.
11
b1000 /
b1000 8
b0 ,
b0 7
#830000
b1010010 2
0-
#835000
b1111111110110100 H
0J
1N
b110 $
b110 d
1-
#839000
1.
01
b1111011 /
b1111011 8
b100 ,
b100 7
#840000
b1010011 2
0-
#845000
1J
b1111111110110011 H
1%
b1000000 $
b1000000 d
1-
#849000
1*
0.
00
b10111100 /
b10111100 8
b1 ,
b1 7
#850000
b1010100 2
0-
#855000
b1111111110110010 H
1M
b11011011 $
b11011011 d
0%
1-
#859000
0+
0*
11
b11110101 /
b11110101 8
b101 ,
b101 7
#860000
b1010101 2
0-
#865000
1K
1I
0N
0M
b1111111110110001 H
b0 $
b0 d
1-
#869000
1+
1*
1.
10
01
b11111010 /
b11111010 8
b110 ,
b110 7
#870000
b1010110 2
0-
#875000
b1111111110110000 H
0J
0I
1N
1M
1%
1-
#879000
09
0+
0*
0.
00
11
b1100011 /
b1100011 8
b101 ,
b101 7
#880000
b1010111 2
0-
#885000
1S
1J
1I
0N
0M
b1111111110101111 H
0%
1-
#889000
1*
10
b11100 /
b11100 8
b10 ,
b10 7
#890000
b1011000 2
0-
#895000
b1111111110101110 H
0J
0I
1M
0S
05
06
0C
b10111000 $
b10111000 d
1-
#899000
1+
0*
00
b10001101 /
b10001101 8
b101 ,
b101 7
#900000
b1011001 2
0-
#905000
0K
1I
1N
0M
b1111111110101101 H
b0 $
b0 d
1-
#909000
0+
b111110 /
b111110 8
#910000
b1011010 2
0-
#915000
b1111111110101100 H
1J
0I
0N
1-
#919000
1*
b11000 /
b11000 8
b10 ,
b10 7
#920000
b1011011 2
0-
#925000
0J
1M
b1111111110101011 H
b10111000 $
b10111000 d
1-
#929000
1+
0*
10
b11101001 /
b11101001 8
b100 ,
b100 7
#930000
b1011100 2
0-
#935000
b1111111110101010 H
1I
1N
0M
b0 $
b0 d
1-
#939000
1*
1.
00
b11011 /
b11011 8
b111 ,
b111 7
#940000
b1011101 2
0-
#945000
1J
0I
1M
b1111111110101001 H
1-
#949000
0+
0.
b10000000 /
b10000000 8
b11 ,
b11 7
#950000
b1011110 2
0-
#955000
b1111111110101000 H
1I
0N
1K
1-
#959000
0*
01
b1111001 /
b1111001 8
b10 ,
b10 7
#960000
b1011111 2
0-
#965000
1R
0J
0M
b1111111110100111 H
b10111000 $
b10111000 d
1-
#969000
1+
1*
11
b1110001 /
b1110001 8
b100 ,
b100 7
#970000
b1100000 2
0-
#975000
b1111111110100110 H
0I
1N
1M
0R
15
16
1C
b0 $
b0 d
1-
#979000
19
0*
1.
10
b10110101 /
b10110101 8
b11 ,
b11 7
#980000
b1100001 2
0-
#985000
1S
1J
1I
0M
b1111111110100101 H
b10110101 c
1%
1-
#989000
09
01
b10000010 /
b10000010 8
b110 ,
b110 7
#990000
b1100010 2
0-
#995000
b1111111110100100 H
0I
0S
05
06
0C
0%
1-
#999000
0.
00
b101 /
b101 8
b101 ,
b101 7
#1000000
b1100011 2
0-
#1005000
b1111111110100011 H
b10110101 $
b10110101 d
1-
#1009000
0+
10
b11 /
b11 8
b111 ,
b111 7
#1010000
b1100100 2
0-
#1015000
b1111111110100010 H
0N
b0 $
b0 d
1-
#1019000
1.
00
b110 /
b110 8
b0 ,
b0 7
#1020000
b1100101 2
0-
#1025000
0J
b1111111110100001 H
b110 $
b110 d
1-
#1029000
19
10
11
b11111011 /
b11111011 8
b11 ,
b11 7
#1030000
b1100110 2
0-
#1035000
b11111011 c
b1111111110100000 H
b0 $
b0 d
1%
1-
#1039000
09
1+
0.
b11010100 /
b11010100 8
b110 ,
b110 7
#1040000
b1100111 2
0-
#1045000
1N
b1111111110011111 H
0%
1-
#1049000
0+
b10000101 /
b10000101 8
b1 ,
b1 7
#1050000
b1101000 2
0-
#1055000
b1111111110011110 H
1J
0N
b11011011 $
b11011011 d
1-
#1059000
00
b1011000 /
b1011000 8
b111 ,
b111 7
#1060000
b1101001 2
0-
#1065000
0J
b1111111110011101 H
b0 $
b0 d
1-
#1069000
1+
1.
10
01
b1000011 /
b1000011 8
b0 ,
b0 7
#1070000
b1101010 2
0-
#1075000
b1111111110011100 H
1N
b110 $
b110 d
1%
1-
#1079000
09
0+
1*
00
11
b11111010 /
b11111010 8
b111 ,
b111 7
#1080000
b1101011 2
0-
#1085000
1J
0N
1M
b1111111110011011 H
0%
b0 $
b0 d
1-
#1089000
0*
0.
b1101 /
b1101 8
b100 ,
b100 7
#1090000
b1101100 2
0-
#1095000
b1111111110011010 H
0J
1I
0M
1R
0K
1-
#1099000
1+
1*
b11000011 /
b11000011 8
b11 ,
b11 7
#1100000
b1101101 2
0-
#1105000
15
16
1C
0R
0I
1N
1M
b1111111110011001 H
1-
#1109000
0+
1.
01
b10101011 /
b10101011 8
#1110000
b1101110 2
0-
#1115000
b1111111110011000 H
1J
1I
0N
1S
1K
1-
#1119000
1+
0.
10
b11000111 /
b11000111 8
b110 ,
b110 7
#1120000
b1101111 2
0-
#1125000
05
06
0C
0S
1R
0J
1N
b1111111110010111 H
1-
#1129000
0+
00
b111000 /
b111000 8
b10 ,
b10 7
#1130000
b1110000 2
0-
#1135000
b1111111110010110 H
1J
0N
1S
0R
15
16
1C
b10111000 $
b10111000 d
1-
#1139000
0*
1.
b11101010 /
b11101010 8
b101 ,
b101 7
#1140000
b1110001 2
0-
#1145000
05
06
0C
0S
1R
0J
0M
b1111111110010101 H
b11111011 $
b11111011 d
1-
#1149000
19
1+
1*
10
11
b11111000 /
b11111000 8
b111 ,
b111 7
#1150000
b1110010 2
0-
#1155000
b1111111110010100 H
0I
1N
1M
0R
15
16
1C
b0 $
b0 d
1%
1-
#1159000
09
0+
0.
00
b11111011 /
b11111011 8
b0 ,
b0 7
#1160000
b1110011 2
0-
#1165000
1S
1J
1I
0N
b1111111110010011 H
0%
b110 $
b110 d
1-
#1169000
19
1+
0*
1.
10
b1011001 /
b1011001 8
b1 ,
b1 7
#1170000
b1110100 2
0-
#1175000
b101100100000110 `
b1111111110010010 H
0J
1N
0M
0S
1R
05
06
0C
b11011011 $
b11011011 d
1%
1-
#1179000
09
0+
01
b11101001 /
b11101001 8
b0 ,
b0 7
#1180000
b1110101 2
0-
#1185000
15
16
1C
0R
1J
0I
0N
b1111111110010001 H
0%
b110 $
b110 d
1-
#1189000
09
1+
0.
11
b11010110 /
b11010110 8
b110 ,
b110 7
#1190000
b1110110 2
0-
#1195000
b1111111110010000 H
0J
1N
b0 $
b0 d
1-
#1199000
0+
b1110111 /
b1110111 8
b101 ,
b101 7
#1200000
b1110111 2
0-
#1205000
1J
0N
b1111111110001111 H
b11111011 $
b11111011 d
1-
#1209000
1+
1.
00
01
b110001 /
b110001 8
b0 ,
b0 7
#1210000
b1111000 2
0-
#1215000
b1111111110001110 H
0J
1N
b110 $
b110 d
1-
#1219000
0+
0.
11
b11011110 /
b11011110 8
b10 ,
b10 7
#1220000
b1111001 2
0-
#1225000
1J
0N
b1111111110001101 H
b10111000 $
b10111000 d
1-
#1229000
1+
10
b10111010 /
b10111010 8
b11 ,
b11 7
#1230000
b1111010 2
0-
#1235000
b1111111110001100 H
0J
1N
b0 $
b0 d
1-
#1239000
19
1.
b1100001 /
b1100001 8
b110 ,
b110 7
#1240000
b1111011 2
0-
#1245000
1J
b1111111110001011 H
1%
1-
#1249000
b1010100 /
b1010100 8
#1250000
b1111100 2
0-
#1255000
b1111111110001010 H
0%
1-
#1259000
b10111001 /
b10111001 8
b11 ,
b11 7
#1260000
b1111101 2
0-
#1265000
b1111111110001001 H
b10111001 c
1%
1-
#1269000
09
0+
1*
0.
01
b10010 /
b10010 8
b100 ,
b100 7
#1270000
b1111110 2
0-
#1275000
b1111111110001000 H
0N
1M
b1000000 $
b1000000 d
0%
1-
#1279000
00
b1011010 /
b1011010 8
b11 ,
b11 7
#1280000
b1111111 2
0-
#1285000
0K
1R
0J
1I
b1111111110000111 H
b0 $
b0 d
1-
#1289000
1+
0*
10
b11011111 /
b11011111 8
b10 ,
b10 7
#1290000
b10000000 2
0-
#1295000
b1111111110000110 H
1N
0M
0R
b10111000 $
b10111000 d
1-
#1299000
1.
b10110100 /
b10110100 8
b11 ,
b11 7
#1300000
b10000001 2
0-
#1305000
1J
0I
b1111111110000101 H
1%
b0 $
b0 d
1-
#1309000
09
0+
00
11
b110101 /
b110101 8
#1310000
b10000010 2
0-
#1315000
b1111111110000100 H
0N
0%
1-
#1319000
1+
10
01
b11000001 /
b11000001 8
b111 ,
b111 7
#1320000
b10000011 2
0-
#1325000
0J
1N
b1111111110000011 H
1%
1-
#1329000
0+
1*
0.
b10110101 /
b10110101 8
#1330000
b10000100 2
0-
#1335000
b1111111110000010 H
1J
0N
1M
0%
1-
#1339000
0*
00
b100000 /
b100000 8
b0 ,
b0 7
#1340000
b10000101 2
0-
#1345000
1R
0J
1I
0M
b1111111110000001 H
b110 $
b110 d
1-
#1349000
10
11
b11101001 /
b11101001 8
b110 ,
b110 7
#1350000
b10000110 2
0-
#1355000
b1111111110000000 H
0I
0R
b0 $
b0 d
1-
#1359000
1*
1.
01
b10001011 /
b10001011 8
b101 ,
b101 7
#1360000
b10000111 2
0-
#1365000
1M
b1111111101111111 H
1%
b10111001 $
b10111001 d
1-
#1369000
09
0*
0.
00
11
b11010101 /
b11010101 8
b10 ,
b10 7
#1370000
b10001000 2
0-
#1375000
b1111111101111110 H
1I
0M
b10111000 $
b10111000 d
0%
1-
#1379000
1*
10
b11101100 /
b11101100 8
b11 ,
b11 7
#1380000
b10001001 2
0-
#1385000
0I
1M
b1111111101111101 H
b0 $
b0 d
1-
#1389000
1+
1.
01
b11111111 /
b11111111 8
b111 ,
b111 7
#1390000
b10001010 2
0-
#1395000
b1111111101111100 H
1I
1N
1%
1-
#1399000
0+
0*
0.
b10111011 /
b10111011 8
b100 ,
b100 7
#1400000
b10001011 2
0-
#1405000
1S
1J
0N
0M
b1111111101111011 H
0%
b1000000 $
b1000000 d
1-
#1409000
1+
b1001 /
b1001 8
b110 ,
b110 7
#1410000
b10001100 2
0-
#1415000
b1111111101111010 H
0J
0I
1N
0S
05
06
0C
b0 $
b0 d
1-
#1419000
1*
1.
00
11
b10010101 /
b10010101 8
b111 ,
b111 7
#1420000
b10001101 2
0-
#1425000
1J
1M
b1111111101111001 H
1-
#1429000
19
0*
10
b11011010 /
b11011010 8
b100 ,
b100 7
#1430000
b10001110 2
0-
#1435000
1<
1;
1:
1?
b11011010 ]
b1111111101111000 H
1I
0M
1K
1%
1-
#1439000
09
0.
01
b100 /
b100 8
b1 ,
b1 7
#1440000
b10001111 2
0-
#1445000
1Y
b1 V
b1 T
1\
0I
b1111111101110111 H
1b
b11011000 ]
0%
b1011001 $
b1011001 d
1-
#1449000
0+
b10000100 /
b10000100 8
#1450000
b10010000 2
0-
#1455000
b1111111101110110 H
0N
b10111001 3
b10111001 [
b111 X
0Y
1-
#1459000
19
1*
1.
11
b11010111 /
b11010111 8
#1460000
b10010001 2
0-
#1465000
1W
0J
1M
b1111111101110101 H
b1101011100000110 `
1%
1-
#1469000
09
1+
0*
00
b1001110 /
b1001110 8
b111 ,
b111 7
#1470000
b10010010 2
0-
#1475000
b1111111101110100 H
1I
1N
0M
0K
b0 $
b0 d
0%
1-
#1479000
0+
1*
0.
10
01
b10011011 /
b10011011 8
b100 ,
b100 7
#1480000
b10010011 2
0-
#1485000
1J
0I
0N
1M
b1111111101110011 H
b10 $
b10 d
1-
#1489000
1+
00
11
b10100000 /
b10100000 8
b10 ,
b10 7
#1490000
b10010100 2
0-
#1495000
b1111111101110010 H
0J
1I
1N
1R
b10111000 $
b10111000 d
1-
#1499000
0+
1.
b11011111 /
b11011111 8
b11 ,
b11 7
#1500000
b10010101 2
0-
#1505000
15
16
1C
1S
0R
1J
0N
b1111111101110001 H
b10111001 $
b10111001 d
1-
#1509000
19
1+
10
b11000100 /
b11000100 8
b1 ,
b1 7
#1510000
b10010110 2
0-
#1515000
b1100010000000110 `
b1111111101110000 H
0J
1N
0S
1R
05
06
0C
b11010111 $
b11010111 d
1%
1-
#1519000
09
01
b10111001 /
b10111001 8
b110 ,
b110 7
#1520000
b10010111 2
0-
#1525000
15
16
1C
1S
0R
1J
b1111111101101111 H
0%
b11011000 $
b11011000 d
1-
#1529000
19
0+
0*
11
b1011101 /
b1011101 8
#1530000
b10011000 2
0-
#1535000
b1111111101101110 H
0N
0M
0S
05
06
0C
1%
1-
#1539000
09
1+
0.
00
b1001001 /
b1001001 8
b100 ,
b100 7
#1540000
b10011001 2
0-
#1545000
0J
0I
1N
b1111111101101101 H
0%
b10 $
b10 d
1-
#1549000
0+
1.
01
b1001 /
b1001 8
b101 ,
b101 7
#1550000
b10011010 2
0-
#1555000
b1111111101101100 H
1J
0N
b10111001 $
b10111001 d
1-
#1559000
1*
b11101000 /
b11101000 8
b100 ,
b100 7
#1560000
b10011011 2
0-
#1565000
0J
1M
b1111111101101011 H
b10 $
b10 d
1-
#1569000
1+
b11011000 /
b11011000 8
b10 ,
b10 7
#1570000
b10011100 2
0-
#1575000
b1111111101101010 H
1I
1N
b10111000 $
b10111000 d
1-
#1579000
0*
0.
b10110011 /
b10110011 8
b101 ,
b101 7
#1580000
b10011101 2
0-
#1585000
1S
1J
0M
b1111111101101001 H
b10111001 $
b10111001 d
1-
#1589000
0+
10
11
b10100111 /
b10100111 8
b1 ,
b1 7
#1590000
b10011110 2
0-
#1595000
b1111111101101000 H
0I
0N
0S
b11000100 $
b11000100 d
1-
#1599000
1+
1.
00
01
b10001110 /
b10001110 8
#1600000
b10011111 2
0-
#1605000
0J
1N
b1111111101100111 H
1-
#1609000
0.
11
b1001001 /
b1001001 8
#1610000
b10100000 2
0-
#1615000
b1111111101100110 H
1J
1-
#1619000
0+
01
b100111 /
b100111 8
b11 ,
b11 7
#1620000
b10100001 2
0-
#1625000
0N
b1111111101100101 H
b10111001 $
b10111001 d
1-
#1629000
1+
11
b1000001 /
b1000001 8
b111 ,
b111 7
#1630000
b10100010 2
0-
#1635000
b1111111101100100 H
0J
1N
b0 $
b0 d
1-
#1639000
1*
1.
10
01
b11001011 /
b11001011 8
b10 ,
b10 7
#1640000
b10100011 2
0-
#1645000
1J
1M
b1111111101100011 H
1%
b10111000 $
b10111000 d
1-
#1649000
09
0+
0.
00
11
b11001101 /
b11001101 8
b110 ,
b110 7
#1650000
b10100100 2
0-
#1655000
b1111111101100010 H
1I
0N
1K
b11011000 $
b11011000 d
0%
1-
#1659000
b110010 /
b110010 8
b100 ,
b100 7
#1660000
b10100101 2
0-
#1665000
1R
0J
b1111111101100001 H
b10 $
b10 d
1-
#1669000
1+
0*
1.
b11001001 /
b11001001 8
b101 ,
b101 7
#1670000
b10100110 2
0-
#1675000
b1111111101100000 H
1N
0M
0R
15
16
1C
b10111001 $
b10111001 d
1-
#1679000
0+
0.
01
b110001 /
b110001 8
#1680000
b10100111 2
0-
#1685000
1J
0I
0N
b1111111101011111 H
1-
#1689000
19
1+
1*
1.
10
11
b10001010 /
b10001010 8
b0 ,
b0 7
#1690000
b10101000 2
0-
#1695000
b1100010010001010 `
b1111111101011110 H
0J
1N
1M
b110 $
b110 d
1%
1-
#1699000
09
00
01
b11011001 /
b11011001 8
b101 ,
b101 7
#1700000
b10101001 2
0-
#1705000
1S
1J
1I
b1111111101011101 H
0%
b10111001 $
b10111001 d
1-
#1709000
0*
11
b101 /
b101 8
b110 ,
b110 7
#1710000
b10101010 2
0-
#1715000
b1111111101011100 H
0M
0S
05
06
0C
b11011000 $
b11011000 d
1-
#1719000
1*
0.
10
01
b1010111 /
b1010111 8
b101 ,
b101 7
#1720000
b10101011 2
0-
#1725000
0I
1M
b1111111101011011 H
b10111001 $
b10111001 d
1-
#1729000
0+
0*
b1100110 /
b1100110 8
b110 ,
b110 7
#1730000
b10101100 2
0-
#1735000
b1111111101011010 H
1I
0N
0M
b11011000 $
b11011000 d
1-
#1739000
1+
00
11
b1010000 /
b1010000 8
#1740000
b10101101 2
0-
#1745000
0J
0I
1N
b1111111101011001 H
1-
#1749000
0+
1.
b111111 /
b111111 8
b0 ,
b0 7
#1750000
b10101110 2
0-
#1755000
b1111111101011000 H
1J
0N
b10001010 $
b10001010 d
1-
#1759000
19
1*
10
b11010110 /
b11010110 8
b110 ,
b110 7
#1760000
b10101111 2
0-
#1765000
0J
1M
b1111111101010111 H
1%
b11011000 $
b11011000 d
1-
#1769000
09
01
b11110101 /
b11110101 8
#1770000
b10110000 2
0-
#1775000
b1111111101010110 H
1I
0K
0%
1-
#1779000
1+
b10011111 /
b10011111 8
b1 ,
b1 7
#1780000
b10110001 2
0-
#1785000
1N
b1111111101010101 H
1%
b11000100 $
b11000100 d
1-
#1789000
0+
b10010110 /
b10010110 8
b0 ,
b0 7
#1790000
b10110010 2
0-
#1795000
b1111111101010100 H
1J
0N
1S
b10001010 $
b10001010 d
0%
1-
#1799000
0*
b10110100 /
b10110100 8
b101 ,
b101 7
#1800000
b10110011 2
0-
#1805000
0S
1R
0J
0M
b1111111101010011 H
1%
b10111001 $
b10111001 d
1-
#1809000
09
1*
00
11
b11000000 /
b11000000 8
#1810000
b10110100 2
0-
#1815000
b1111111101010010 H
0I
1M
0R
15
16
1C
0%
1-
#1819000
1+
0*
0.
b10011 /
b10011 8
b1 ,
b1 7
#1820000
b10110101 2
0-
#1825000
1I
1N
0M
b1111111101010001 H
b11000100 $
b11000100 d
1-
#1829000
0+
1*
b11001100 /
b11001100 8
b110 ,
b110 7
#1830000
b10110110 2
0-
#1835000
b1111111101010000 H
1J
0I
0N
1M
b11011000 $
b11011000 d
1-
#1839000
1+
0*
b11001011 /
b11001011 8
#1840000
b10110111 2
0-
#1845000
1R
0J
1I
1N
0M
b1111111101001111 H
1-
#1849000
0+
1*
10
b10010010 /
b10010010 8
b101 ,
b101 7
#1850000
b10111000 2
0-
#1855000
b1111111101001110 H
1J
0I
0N
1M
0R
b10111001 $
b10111001 d
1-
#1859000
1.
00
b10111011 /
b10111011 8
b11 ,
b11 7
#1860000
b10111001 2
0-
#1865000
1R
0J
1I
b1111111101001101 H
1-
#1869000
1+
0.
b11111100 /
b11111100 8
b1 ,
b1 7
#1870000
b10111010 2
0-
#1875000
b1111111101001100 H
1N
0R
b11000100 $
b11000100 d
1-
#1879000
1.
01
b100111 /
b100111 8
b101 ,
b101 7
#1880000
b10111011 2
0-
#1885000
1S
1J
b1111111101001011 H
b10111001 $
b10111001 d
1-
#1889000
0.
10
11
b11111010 /
b11111010 8
b0 ,
b0 7
#1890000
b10111100 2
0-
#1895000
b1111111101001010 H
0S
05
06
0C
b10001010 $
b10001010 d
1-
#1899000
0+
0*
01
b10110001 /
b10110001 8
b101 ,
b101 7
#1900000
b10111101 2
0-
#1905000
0N
0M
b1111111101001001 H
b10111001 $
b10111001 d
1-
#1909000
1*
b101010 /
b101010 8
b111 ,
b111 7
#1910000
b10111110 2
0-
#1915000
b1111111101001000 H
0J
0I
1M
b0 $
b0 d
1-
#1919000
1+
0*
00
11
b11110100 /
b11110100 8
b10 ,
b10 7
#1920000
b10111111 2
0-
#1925000
1I
1N
0M
b1111111101000111 H
b10111000 $
b10111000 d
1-
#1929000
0+
10
b10010110 /
b10010110 8
b111 ,
b111 7
#1930000
b11000000 2
0-
#1935000
b1111111101000110 H
1J
0I
0N
b0 $
b0 d
1-
#1939000
1*
b10001000 /
b10001000 8
b1 ,
b1 7
#1940000
b11000001 2
0-
#1945000
0J
1M
b1111111101000101 H
b11000100 $
b11000100 d
1-
#1949000
1.
00
b11111110 /
b11111110 8
b101 ,
b101 7
#1950000
b11000010 2
0-
#1955000
b1111111101000100 H
1I
b10111001 $
b10111001 d
1-
#1959000
0.
10
01
b11111001 /
b11111001 8
#1960000
b11000011 2
0-
#1965000
b1111111101000011 H
1-
#1969000
00
b1100111 /
b1100111 8
b10 ,
b10 7
#1970000
b11000100 2
0-
#1975000
b1111111101000010 H
b10111000 $
b10111000 d
1-
#1979000
1+
0*
b10010100 /
b10010100 8
#1980000
b11000101 2
0-
#1985000
1N
0M
b1111111101000001 H
1-
#1989000
1.
b10101111 /
b10101111 8
b11 ,
b11 7
#1990000
b11000110 2
0-
#1995000
b1111111101000000 H
1J
0I
b10111001 $
b10111001 d
1-
#1999000
0+
0.
10
11
b100101 /
b100101 8
b1 ,
b1 7
#2000000
b11000111 2
0-
#2005000
0N
b1111111100111111 H
b11000100 $
b11000100 d
1-
#2009000
19
1*
1.
b11000010 /
b11000010 8
b0 ,
b0 7
#2010000
b11001000 2
0-
#2015000
b1100010011000010 `
b1111111100111110 H
0J
1M
b10001010 $
b10001010 d
1%
1-
#2019000
1+
0*
b1101000 /
b1101000 8
#2020000
b11001001 2
0-
#2025000
1I
1N
0M
b1111111100111101 H
b1100010001101000 `
0%
b11000010 $
b11000010 d
1-
#2029000
09
0+
0.
00
01
b1110001 /
b1110001 8
b110 ,
b110 7
#2030000
b11001010 2
0-
#2035000
b1111111100111100 H
1J
0I
0N
b11011000 $
b11011000 d
1-
#2039000
1+
1*
b1000100 /
b1000100 8
b0 ,
b0 7
#2040000
b11001011 2
0-
#2045000
0J
1N
1M
b1111111100111011 H
b1101000 $
b1101000 d
1-
#2049000
11
b10101 /
b10101 8
b1 ,
b1 7
#2050000
b11001100 2
0-
#2055000
b1111111100111010 H
1J
1I
1S
1K
b11000100 $
b11000100 d
1-
#2059000
0+
0*
10
01
b111011 /
b111011 8
b110 ,
b110 7
#2060000
b11001101 2
0-
#2065000
0S
0N
0M
b1111111100111001 H
b11011000 $
b11011000 d
1-
#2069000
1+
1*
11
b1010001 /
b1010001 8
b10 ,
b10 7
#2070000
b11001110 2
0-
#2075000
b1111111100111000 H
0J
0I
1N
1M
b10111000 $
b10111000 d
1-
#2079000
00
01
b1010111 /
b1010111 8
b110 ,
b110 7
#2080000
b11001111 2
0-
#2085000
1S
1J
1I
b1111111100110111 H
b11011000 $
b11011000 d
1-
#2089000
19
1.
10
11
b11110 /
b11110 8
b10 ,
b10 7
#2090000
b11010000 2
0-
#2095000
b11110 ^
b1111111100110110 H
0S
b10111000 $
b10111000 d
1%
1-
#2099000
09
0*
01
b10010110 /
b10010110 8
b110 ,
b110 7
#2100000
b11010001 2
0-
#2105000
0M
1E
b1100010001101000 H
0%
b11011000 $
b11011000 d
1-
#2109000
09
0+
1*
0.
11
b11110011 /
b11110011 8
b10 ,
b10 7
#2110000
b11010010 2
0-
#2115000
0E
0I
0N
1M
b1 D
b11110 $
b11110 d
1-
#2119000
1+
01
b10011010 /
b10011010 8
b0 ,
b0 7
#2120000
b11010011 2
0-
#2125000
0K
1R
0J
1I
1N
1E
b1101000 $
b1101000 d
1-
#2129000
0*
1.
b11000000 /
b11000000 8
b100 ,
b100 7
#2130000
b11010100 2
0-
#2135000
1J
0M
1S
0R
15
16
1C
b10 D
b10 $
b10 d
1%
1-
#2139000
09
1*
00
11
b11111001 /
b11111001 8
b0 ,
b0 7
#2140000
b11010101 2
0-
#2145000
b100 D
14
1B
05
06
0C
0S
0I
1M
0E
0%
b1101000 $
b1101000 d
1-
#2149000
19
0*
10
b1011 /
b1011 8
b110 ,
b110 7
#2150000
b11010110 2
0-
#2155000
1_
1@
1E
1I
0M
04
0B
1K
b0 D
b0 T
0W
b0 V
b11011000 $
b11011000 d
1%
1-
#2159000
09
1*
0.
b11000101 /
b11000101 8
b101 ,
b101 7
#2160000
b11010111 2
0-
#2165000
1Y
b1 V
b1 T
1W
0I
1M
0E
0@
0%
b10111001 $
b10111001 d
1-
#2169000
0+
1.
00
b11010 /
b11010 8
#2170000
b11011000 2
0-
#2175000
1E
1I
0N
0Y
1-
#2179000
0.
01
b11010110 /
b11010110 8
#2180000
b11011001 2
0-
#2185000
b1 D
1R
0J
1-
#2189000
1+
0*
10
11
b11111110 /
b11111110 8
#2190000
b11011010 2
0-
#2195000
1N
0M
0R
15
16
1C
b10 D
1-
#2199000
19
1.
b10001101 /
b10001101 8
b110 ,
b110 7
#2200000
b11011011 2
0-
#2205000
b100 D
1J
0I
0E
1%
b11011000 $
b11011000 d
1-
#2209000
09
0+
1*
00
b11000 /
b11000 8
b111 ,
b111 7
#2210000
b11011100 2
0-
#2215000
0N
1M
b0 $
b0 d
0%
1-
#2219000
0*
01
b10010111 /
b10010111 8
#2220000
b11011101 2
0-
#2225000
0K
1R
0J
1I
0M
1E
1-
#2229000
19
10
11
b10100000 /
b10100000 8
b100 ,
b100 7
#2230000
b11011110 2
0-
#2235000
0E
0I
0R
0&
0Q
b1000 D
b1000011 $
b1000011 d
1%
1-
#2239000
09
00
01
b11100100 /
b11100100 8
b101 ,
b101 7
#2240000
b11011111 2
0-
#2245000
0%
b10111001 $
b10111001 d
1-
#2249000
1+
b110 /
b110 8
#2250000
b11100000 2
0-
#2255000
1N
1-
#2259000
1*
0.
11
b111 /
b111 8
b11 ,
b11 7
#2260000
b11100001 2
0-
#2265000
1J
1M
1-
#2269000
0*
1.
01
b1011011 /
b1011011 8
b10 ,
b10 7
#2270000
b11100010 2
0-
#2275000
1E
1I
0M
1K
b11110 $
b11110 d
1-
#2279000
19
10
11
b11001 /
b11001 8
b1 ,
b1 7
#2280000
b11100011 2
0-
#2285000
b10000 D
0I
0E
b1100101101000 `
1%
b11000100 $
b11000100 d
1-
#2289000
09
1*
0.
01
b1110101 /
b1110101 8
b0 ,
b0 7
#2290000
b11100100 2
0-
#2295000
1M
b1101000 $
b1101000 d
0%
1-
#2299000
0+
0*
1.
00
11
b11011000 /
b11011000 8
b101 ,
b101 7
#2300000
b11100101 2
0-
#2305000
1I
0N
0M
1E
b1100101101000 H
b10111001 $
b10111001 d
1-
#2309000
1*
0.
10
b11000101 /
b11000101 8
b100 ,
b100 7
#2310000
b11100110 2
0-
#2315000
0E
0J
0I
1M
0'
0O
1F
b0 D
b1000011 $
b1000011 d
1-
#2319000
00
b111011 /
b111011 8
b110 ,
b110 7
#2320000
b11100111 2
0-
#2325000
1Y
b100 V
b100 T
0F
0K
1I
1E
0L
b11011000 $
b11011000 d
1-
#2329000
1+
1.
10
01
b11110010 /
b11110010 8
b111 ,
b111 7
#2330000
b11101000 2
0-
#2335000
1N
b10000000000000 D
0Y
b0 $
b0 d
1%
1-
#2339000
09
0+
0.
00
11
b10010110 /
b10010110 8
#2340000
b11101001 2
0-
#2345000
1&
1Q
b100000000000000 D
1S
1J
0N
0%
1-
#2349000
1+
0*
b11111001 /
b11111001 8
b100 ,
b100 7
#2350000
b11101010 2
0-
#2355000
0J
1N
0M
0S
1R
05
06
0C
14
1B
1P
1'
1O
b1000000000000000 D
b1000011 $
b1000011 d
1-
#2359000
0+
1*
1.
b11101101 /
b11101101 8
#2360000
b11101011 2
0-
#2365000
b0 T
0W
b0 V
0P
b0 D
04
0B
15
16
1C
0R
1J
0I
0N
1M
1L
1@
b11011000 ]
b11 $
b11 d
1-
#2369000
1+
0.
b11011111 /
b11011111 8
b11 ,
b11 7
#2370000
b11101100 2
0-
#2375000
0@
0J
1I
1N
1R
1Y
b1 V
b1 T
1W
b10111001 $
b10111001 d
1-
#2379000
1.
10
01
b11010011 /
b11010011 8
b110 ,
b110 7
#2380000
b11101101 2
0-
#2385000
0Y
b1 D
1S
0R
1J
1%
b11011000 $
b11011000 d
1-
#2389000
b10100010 /
b10100010 8
b10 ,
b10 7
#2390000
b11101110 2
0-
#2395000
0S
05
06
0C
14
1B
b10 D
b11110 $
b11110 d
0%
1-
#2399000
0+
0.
00
b11010 /
b11010 8
b11 ,
b11 7
#2400000
b11101111 2
0-
#2405000
b0 T
0W
b0 V
b0 D
04
0B
0N
1@
b11011000 ]
b10111001 $
b10111001 d
1-
#2409000
1.
b11101011 /
b11101011 8
b10 ,
b10 7
#2410000
b11110000 2
0-
#2415000
0@
0J
1R
1Y
b1 V
b1 T
1W
b11110 $
b11110 d
1-
#2419000
0*
11
b11001000 /
b11001000 8
b11 ,
b11 7
#2420000
b11110001 2
0-
#2425000
0Y
b1 D
15
16
1C
0R
0M
b10111001 $
b10111001 d
1-
#2429000
1+
01
b100010 /
b100010 8
b110 ,
b110 7
#2430000
b11110010 2
0-
#2435000
0E
0I
1N
b10 D
b11011000 $
b11011000 d
1-
#2439000
1*
0.
11
b10010110 /
b10010110 8
b10 ,
b10 7
#2440000
b11110011 2
0-
#2445000
1J
1M
b11110 $
b11110 d
1-
#2449000
0*
b1111110 /
b1111110 8
#2450000
b11110100 2
0-
#2455000
1E
1I
0M
1K
1-
#2459000
1*
01
b111100 /
b111100 8
b100 ,
b100 7
#2460000
b11110101 2
0-
#2465000
b100 D
0I
1M
0E
b1000011 $
b1000011 d
1-
#2469000
0+
0*
11
b10110111 /
b10110111 8
b0 ,
b0 7
#2470000
b11110110 2
0-
#2475000
1E
1I
0N
0M
b1101000 $
b1101000 d
1-
#2479000
1.
10
01
b111010 /
b111010 8
b100 ,
b100 7
#2480000
b11110111 2
0-
#2485000
0&
0Q
b1000 D
0J
0I
0E
1%
b1000011 $
b1000011 d
1-
#2489000
09
0.
11
b10010111 /
b10010111 8
b1 ,
b1 7
#2490000
b11111000 2
0-
#2495000
b11001 $
b11001 d
0%
1-
#2499000
1+
1*
01
b11110101 /
b11110101 8
b10 ,
b10 7
#2500000
b11111001 2
0-
#2505000
1N
1M
b11110 $
b11110 d
1-
#2509000
0*
1.
00
11
b1111 /
b1111 8
b1 ,
b1 7
#2510000
b11111010 2
0-
#2515000
1E
1J
1I
0M
1S
b11001 $
b11001 d
1-
#2519000
0+
1*
01
b10000011 /
b10000011 8
b111 ,
b111 7
#2520000
b11111011 2
0-
#2525000
b10000 D
14
1B
05
06
0C
0S
0I
0N
1M
0E
b0 $
b0 d
1-
#2529000
b1100101 /
b1100101 8
b1 ,
b1 7
#2530000
b11111100 2
0-
#2535000
b11011000 ]
1@
1E
0J
1I
1R
04
0B
0K
1&
1Q
b0 D
b0 T
0W
b0 V
b11001 $
b11001 d
1-
#2539000
1+
0.
10
b1111111 /
b1111111 8
b100 ,
b100 7
#2540000
b11111101 2
0-
#2545000
1Y
b1 V
b1 T
1W
15
16
1C
0R
1N
0@
b100011 $
b100011 d
1-
#2549000
19
1.
11
b100101 /
b100101 8
b110 ,
b110 7
#2550000
b11111110 2
0-
#2555000
1J
1S
b1 D
0Y
b11011000 $
b11011000 d
1%
1-
#2559000
b101110 /
b101110 8
b111 ,
b111 7
#2560000
b11111111 2
0-
#2565000
b10 D
14
1B
05
06
0C
0S
0%
b0 $
b0 d
1-
#2569000
0+
0*
b110001 /
b110001 8
b0 ,
b0 7
#2570000
b100000000 2
0-
#2575000
b1100100110001 `
1@
0N
0M
04
0B
b0 D
b0 T
0W
b0 V
b1101000 $
b1101000 d
1%
1-
#2579000
09
1+
01
b10001111 /
b10001111 8
b101 ,
b101 7
#2580000
b100000001 2
0-
#2585000
1Y
b1 V
b1 T
1W
0J
0I
1N
0E
0@
0%
b10111001 $
b10111001 d
1-
#2589000
0+
0.
b11011111 /
b11011111 8
b10 ,
b10 7
#2590000
b100000010 2
0-
#2595000
1J
0N
0Y
b11110 $
b11110 d
1-
#2599000
1+
1*
00
b11110010 /
b11110010 8
b0 ,
b0 7
#2600000
b100000011 2
0-
#2605000
0J
1N
1M
b110001 $
b110001 d
1-
#2609000
1.
b11000001 /
b11000001 8
b110 ,
b110 7
#2610000
b100000100 2
0-
#2615000
1E
b1100100110001 H
1J
1I
1S
1K
b11011000 $
b11011000 d
1-
#2619000
b11000100 /
b11000100 8
b11 ,
b11 7
#2620000
b100000101 2
0-
#2625000
b1 D
0S
b10111001 $
b10111001 d
1-
#2629000
0+
0.
10
b1001100 /
b1001100 8
b100 ,
b100 7
#2630000
b100000110 2
0-
#2635000
0N
b10 D
b11 $
b11 d
1-
#2639000
1+
0*
1.
b11000001 /
b11000001 8
b111 ,
b111 7
#2640000
b100000111 2
0-
#2645000
b100 D
1R
0J
1N
0M
1%
b0 $
b0 d
1-
#2649000
0+
1*
0.
00
b11101010 /
b11101010 8
b11 ,
b11 7
#2650000
b100001000 2
0-
#2655000
0E
1J
0I
0N
1M
0R
15
16
1C
0&
0Q
b1000 D
b10111001 $
b10111001 d
0%
1-
#2659000
1+
0*
b11010 /
b11010 8
b110 ,
b110 7
#2660000
b100001001 2
0-
#2665000
0K
1R
0J
1I
1N
0M
1E
b11011000 $
b11011000 d
1-
#2669000
0+
1.
10
b11101001 /
b11101001 8
b1 ,
b1 7
#2670000
b100001010 2
0-
#2675000
0E
1J
0I
0N
0R
b10000 D
b11001 $
b11001 d
1%
1-
#2679000
1+
0.
00
b10111000 /
b10111000 8
#2680000
b100001011 2
0-
#2685000
0J
1N
0%
1-
#2689000
1*
1.
10
b1100100 /
b1100100 8
b0 ,
b0 7
#2690000
b100001100 2
0-
#2695000
1J
1M
b110001 $
b110001 d
1%
1-
#2699000
19
0*
11
b11001111 /
b11001111 8
b11 ,
b11 7
#2700000
b100001101 2
0-
#2705000
1K
1I
0M
1E
b11001111 c
0%
b10111001 $
b10111001 d
1-
#2709000
0+
b11011000 /
b11011000 8
b10 ,
b10 7
#2710000
b100001110 2
0-
#2715000
b11011000 ^
0E
0I
0N
0'
0O
1F
b0 D
b11110 $
b11110 d
1%
1-
#2719000
09
0.
01
b101100 /
b101100 8
b111 ,
b111 7
#2720000
b100001111 2
0-
#2725000
1Y
b100 V
b100 T
0F
0J
b1100100110000 H
0L
1#
0%
b0 $
b0 d
1-
#2729000
19
1.
11
b10100000 /
b10100000 8
b0 ,
b0 7
#2730000
b100010000 2
0-
#2735000
b1100110100000 `
b1100100101111 H
b11001111 3
b11001111 [
0Y
b110001 $
b110001 d
1%
1-
#2739000
1+
b11111100 /
b11111100 8
b111 ,
b111 7
#2740000
b100010001 2
0-
#2745000
1N
b1100100101110 H
0%
b0 $
b0 d
1-
#2749000
09
1*
0.
00
01
b1110100 /
b1110100 8
b110 ,
b110 7
#2750000
b100010010 2
0-
#2755000
b1100100101101 H
1J
1M
b11011000 $
b11011000 d
1-
#2759000
11
b11101011 /
b11101011 8
b111 ,
b111 7
#2760000
b100010011 2
0-
#2765000
1I
b1100100101100 H
b0 $
b0 d
1-
#2769000
0+
0*
01
b10110010 /
b10110010 8
b1 ,
b1 7
#2770000
b100010100 2
0-
#2775000
b1100100101011 H
0N
0M
b11001 $
b11001 d
1-
#2779000
1+
10
b11000001 /
b11000001 8
#2780000
b100010101 2
0-
#2785000
0J
0I
1N
b1100100101010 H
1-
#2789000
0+
00
b100000 /
b100000 8
b10 ,
b10 7
#2790000
b100010110 2
0-
#2795000
b1100100101001 H
1J
0N
b11011000 $
b11011000 d
1-
#2799000
1*
10
11
b110011 /
b110011 8
b11 ,
b11 7
#2800000
b100010111 2
0-
#2805000
0J
1M
b1100100101000 H
b11001111 $
b11001111 d
1-
#2809000
01
b10 /
b10 8
b0 ,
b0 7
#2810000
b100011000 2
0-
#2815000
b1100100100111 H
1I
0K
b10100000 $
b10100000 d
1-
#2819000
1+
00
11
b101011 /
b101011 8
b10 ,
b10 7
#2820000
b100011001 2
0-
#2825000
1N
b1100100100110 H
b11011000 $
b11011000 d
1-
#2829000
0*
10
01
b11001001 /
b11001001 8
#2830000
b100011010 2
0-
#2835000
b1100100100101 H
1J
0M
1S
1-
#2839000
1.
00
b1101001 /
b1101001 8
b110 ,
b110 7
#2840000
b100011011 2
0-
#2845000
05
06
0C
0S
0I
b1100100100100 H
1-
#2849000
0.
b11110000 /
b11110000 8
b100 ,
b100 7
#2850000
b100011100 2
0-
#2855000
b1100100100011 H
b11 $
b11 d
1-
#2859000
1*
1.
b10111010 /
b10111010 8
b111 ,
b111 7
#2860000
b100011101 2
0-
#2865000
1M
b1100100100010 H
b0 $
b0 d
1-
#2869000
0*
0.
10
11
b11101101 /
b11101101 8
b1 ,
b1 7
#2870000
b100011110 2
0-
#2875000
b1100100100001 H
1I
0M
1K
b11001 $
b11001 d
1-
#2879000
19
1.
b11001 /
b11001 8
b110 ,
b110 7
#2880000
b100011111 2
0-
#2885000
0I
b1100100100000 H
1%
b11011000 $
b11011000 d
1-
#2889000
09
0+
00
b111 /
b111 8
b111 ,
b111 7
#2890000
b100100000 2
0-
#2895000
b1100100011111 H
0N
b0 $
b0 d
0%
1-
#2899000
1+
0.
10
b10111111 /
b10111111 8
b100 ,
b100 7
#2900000
b100100001 2
0-
#2905000
0J
1N
b1100100011110 H
b11 $
b11 d
1-
#2909000
0+
00
b10101010 /
b10101010 8
b10 ,
b10 7
#2910000
b100100010 2
0-
#2915000
b1100100011101 H
1J
0N
b11011000 $
b11011000 d
1-
#2919000
1*
10
01
b1000010 /
b1000010 8
b1 ,
b1 7
#2920000
b100100011 2
0-
#2925000
0J
1M
b1100100011100 H
b11001 $
b11001 d
1-
#2929000
1+
b11110000 /
b11110000 8
b100 ,
b100 7
#2930000
b100100100 2
0-
#2935000
b1100100011011 H
1I
1N
0K
b11 $
b11 d
1-
#2939000
19
0*
1.
11
b1011001 /
b1011001 8
b110 ,
b110 7
#2940000
b100100101 2
0-
#2945000
1S
1J
0M
b1100100011010 H
1%
b11011000 $
b11011000 d
1-
#2949000
09
1*
0.
00
01
b10100000 /
b10100000 8
b101 ,
b101 7
#2950000
b100100110 2
0-
#2955000
b1100100011001 H
0I
1M
0S
b11001111 $
b11001111 d
0%
1-
#2959000
0*
1.
11
b1111101 /
b1111101 8
b1 ,
b1 7
#2960000
b100100111 2
0-
#2965000
1K
1I
0M
b1100100011000 H
b11001 $
b11001 d
1-
#2969000
1*
0.
01
b11001101 /
b11001101 8
b0 ,
b0 7
#2970000
b100101000 2
0-
#2975000
b1100100010111 H
0I
1M
b10100000 $
b10100000 d
1-
#2979000
1.
10
b1100101 /
b1100101 8
#2980000
b100101001 2
0-
#2985000
1I
b1100100010110 H
1%
1-
#2989000
0+
0.
b101000 /
b101000 8
#2990000
b100101010 2
0-
#2995000
b1100100010101 H
0N
0%
1-
#2999000
1+
0*
b1 /
b1 8
b100 ,
b100 7
#3000000
b100101011 2
0-
#3005000
1R
0J
1N
0M
b1100100010100 H
b11 $
b11 d
1-
#3009000
1*
1.
00
b11101 /
b11101 8
#3010000
b100101100 2
0-
#3015000
b1100100010011 H
1J
0I
1M
0R
15
16
1C
1-
#3019000
19
0+
0*
10
11
b11100 /
b11100 8
b101 ,
b101 7
#3020000
b100101101 2
0-
#3025000
1I
0N
0M
b1100100010010 H
1%
b11001111 $
b11001111 d
1-
#3029000
09
00
01
b10110110 /
b10110110 8
b100 ,
b100 7
#3030000
b100101110 2
0-
#3035000
b1100100010001 H
0J
0I
b1000011 $
b1000011 d
0%
1-
#3039000
1*
0.
11
b10000 /
b10000 8
#3040000
b100101111 2
0-
#3045000
1M
b1100100010000 H
1-
#3049000
0*
10
01
b11011000 /
b11011000 8
b111 ,
b111 7
#3050000
b100110000 2
0-
#3055000
b1100100001111 H
1I
0M
0K
b0 $
b0 d
1-
#3059000
1+
b10101111 /
b10101111 8
b110 ,
b110 7
#3060000
b100110001 2
0-
#3065000
0I
1N
b1100100001110 H
b11011000 $
b11011000 d
1-
#3069000
19
0+
1.
11
b11010110 /
b11010110 8
b0 ,
b0 7
#3070000
b100110010 2
0-
#3075000
b1100111010110 `
b1100100001101 H
1J
0N
b10100000 $
b10100000 d
1%
1-
#3079000
09
1+
1*
00
b11010101 /
b11010101 8
b101 ,
b101 7
#3080000
b100110011 2
0-
#3085000
0J
1N
1M
b1100100001100 H
0%
b11001111 $
b11001111 d
1-
#3089000
0.
01
b11101010 /
b11101010 8
b11 ,
b11 7
#3090000
b100110100 2
0-
#3095000
b1100100001011 H
1J
1I
1S
1K
1-
#3099000
0+
0*
10
11
b10100100 /
b10100100 8
#3100000
b100110101 2
0-
#3105000
05
06
0C
0S
0N
0M
b1100100001010 H
1-
#3109000
00
b10101100 /
b10101100 8
b110 ,
b110 7
#3110000
b100110110 2
0-
#3115000
b1100100001001 H
0J
0I
b11011000 $
b11011000 d
1-
#3119000
01
b110010 /
b110010 8
b0 ,
b0 7
#3120000
b100110111 2
0-
#3125000
b1100100001000 H
b11010110 $
b11010110 d
1-
#3129000
b10101101 /
b10101101 8
b100 ,
b100 7
#3130000
b100111000 2
0-
#3135000
b1100100000111 H
b11 $
b11 d
1-
#3139000
1*
1.
b1000011 /
b1000011 8
b11 ,
b11 7
#3140000
b100111001 2
0-
#3145000
1M
b1100100000110 H
b11001111 $
b11001111 d
1-
#3149000
1+
0.
b1011100 /
b1011100 8
b111 ,
b111 7
#3150000
b100111010 2
0-
#3155000
b1100100000101 H
1I
1N
0K
b0 $
b0 d
1-
#3159000
19
0+
1.
10
11
b10011001 /
b10011001 8
b100 ,
b100 7
#3160000
b100111011 2
0-
#3165000
0;
1>
1S
1J
0N
b1100100000100 H
b10011001 ]
1%
b11 $
b11 d
1-
#3169000
09
1+
0.
01
b10011100 /
b10011100 8
b10 ,
b10 7
#3170000
b100111100 2
0-
#3175000
0>
b10011000 ]
0_
b1100100000011 H
0J
1N
0S
1R
b11011000 $
b11011000 d
0%
1-
#3179000
0+
0*
00
11
b11010011 /
b11010011 8
b11 ,
b11 7
#3180000
b100111101 2
0-
#3185000
15
16
1C
1S
0R
1J
0N
0M
b1100100000010 H
0#
b11001111 $
b11001111 d
1-
#3189000
1+
1.
b1000110 /
b1000110 8
b100 ,
b100 7
#3190000
b100111110 2
0-
#3195000
b1100100000001 H
0J
0I
1N
0S
05
06
0C
b1000010 $
b1000010 d
1-
#3199000
0+
1*
0.
b1100101 /
b1100101 8
b0 ,
b0 7
#3200000
b100111111 2
0-
#3205000
1J
0N
1M
b1100100000000 H
b11010110 $
b11010110 d
1-
#3209000
0*
01
b11001111 /
b11001111 8
b11 ,
b11 7
#3210000
b101000000 2
0-
#3215000
b1100011111111 H
0J
1I
0M
1R
b11001111 $
b11001111 d
1-
#3219000
1+
1*
b11110000 /
b11110000 8
b111 ,
b111 7
#3220000
b101000001 2
0-
#3225000
15
16
1C
0R
0I
1N
1M
b1100011111110 H
b0 $
b0 d
1-
#3229000
0*
b1110011 /
b1110011 8
b0 ,
b0 7
#3230000
b101000010 2
0-
#3235000
b1100011111101 H
1J
1I
0M
1S
1K
b11010110 $
b11010110 d
1-
#3239000
10
b11000001 /
b11000001 8
b110 ,
b110 7
#3240000
b101000011 2
0-
#3245000
05
06
0C
0S
0I
b1100011111100 H
b10011000 $
b10011000 d
1-
#3249000
1*
00
b1111011 /
b1111011 8
#3250000
b101000100 2
0-
#3255000
b1100011111011 H
1M
1-
#3259000
0*
1.
11
b11001110 /
b11001110 8
b101 ,
b101 7
#3260000
b101000101 2
0-
#3265000
1I
0M
b1100011111010 H
b11001111 $
b11001111 d
1-
#3269000
0.
10
01
b110011 /
b110011 8
#3270000
b101000110 2
0-
#3275000
b1100011111001 H
0I
1-
#3279000
0+
00
11
b10101101 /
b10101101 8
b110 ,
b110 7
#3280000
b101000111 2
0-
#3285000
0N
b1100011111000 H
b10011000 $
b10011000 d
1-
#3289000
1+
1*
10
01
b11011 /
b11011 8
b11 ,
b11 7
#3290000
b101001000 2
0-
#3295000
b1100011110111 H
0J
1N
1M
b11001111 $
b11001111 d
1-
#3299000
00
b10011100 /
b10011100 8
b0 ,
b0 7
#3300000
b101001001 2
0-
#3305000
1S
1J
1I
b1100011110110 H
b11010110 $
b11010110 d
1-
#3309000
0*
10
11
b110011 /
b110011 8
b100 ,
b100 7
#3310000
b101001010 2
0-
#3315000
b1100011110101 H
0M
0S
b10 $
b10 d
1-
#3319000
0+
00
01
b11100 /
b11100 8
b101 ,
b101 7
#3320000
b101001011 2
0-
#3325000
0I
0N
b1100011110100 H
b11001111 $
b11001111 d
1-
#3329000
1+
1*
1.
b1011100 /
b1011100 8
b11 ,
b11 7
#3330000
b101001100 2
0-
#3335000
b1100011110011 H
0J
1N
1M
1-
#3339000
19
10
11
b11100001 /
b11100001 8
b1 ,
b1 7
#3340000
b101001101 2
0-
#3345000
1S
1J
1I
b1100011110010 H
b1110000111010110 `
1%
b11001 $
b11001 d
1-
#3349000
0+
0*
b10010 /
b10010 8
#3350000
b101001110 2
0-
#3355000
b1001011010110 `
b1100011110001 H
0N
0M
0S
b11100001 $
b11100001 d
0%
1-
#3359000
09
1+
0.
00
01
b11000010 /
b11000010 8
b100 ,
b100 7
#3360000
b101001111 2
0-
#3365000
0J
0I
1N
b1100011110000 H
b10 $
b10 d
1-
#3369000
19
1.
10
11
b10001000 /
b10001000 8
b11 ,
b11 7
#3370000
b101010000 2
0-
#3375000
b10001000 c
b1100011101111 H
1J
b11001111 $
b11001111 d
1%
1-
#3379000
09
1*
0.
00
01
b10100 /
b10100 8
b111 ,
b111 7
#3380000
b101010001 2
0-
#3385000
1M
b1100011101110 H
0%
b0 $
b0 d
1-
#3389000
1.
b11001010 /
b11001010 8
#3390000
b101010010 2
0-
#3395000
b1100011101101 H
1I
1-
#3399000
0*
0.
b10000100 /
b10000100 8
#3400000
b101010011 2
0-
#3405000
0M
b1100011101100 H
1-
#3409000
0+
1*
1.
b10001101 /
b10001101 8
b1 ,
b1 7
#3410000
b101010100 2
0-
#3415000
b1100011101011 H
0I
0N
1M
b10010 $
b10010 d
1-
#3419000
1+
0*
10
b111001 /
b111001 8
b0 ,
b0 7
#3420000
b101010101 2
0-
#3425000
0K
1R
0J
1I
1N
0M
b1100011101010 H
1%
b11010110 $
b11010110 d
1-
#3429000
09
1*
0.
00
11
b11011000 /
b11011000 8
b10 ,
b10 7
#3430000
b101010110 2
0-
#3435000
b1100011101001 H
1J
0I
1M
0R
15
16
1C
b11011000 $
b11011000 d
0%
1-
#3439000
19
0*
1.
10
b110000 /
b110000 8
b101 ,
b101 7
#3440000
b101010111 2
0-
#3445000
1K
1I
0M
b1100011101000 H
1%
b10001000 $
b10001000 d
1-
#3449000
09
0+
1*
00
01
b1000011 /
b1000011 8
b110 ,
b110 7
#3450000
b101011000 2
0-
#3455000
b1100011100111 H
0I
0N
1M
b10011000 $
b10011000 d
0%
1-
#3459000
0*
11
b11000001 /
b11000001 8
b101 ,
b101 7
#3460000
b101011001 2
0-
#3465000
0K
1R
0J
1I
0M
b1100011100110 H
b10001000 $
b10001000 d
1-
#3469000
1+
1*
10
01
b10010011 /
b10010011 8
b0 ,
b0 7
#3470000
b101011010 2
0-
#3475000
b1100011100101 H
0I
1N
1M
0R
b11010110 $
b11010110 d
1%
1-
#3479000
0+
0.
b1100011 /
b1100011 8
b11 ,
b11 7
#3480000
b101011011 2
0-
#3485000
1K
1S
1J
1I
0N
b1100011100100 H
0%
b11001111 $
b11001111 d
1-
#3489000
00
b100111 /
b100111 8
b1 ,
b1 7
#3490000
b101011100 2
0-
#3495000
b1100011100011 H
0J
0S
1R
05
06
0C
b10010 $
b10010 d
1-
#3499000
1+
10
11
b10001011 /
b10001011 8
#3500000
b101011101 2
0-
#3505000
15
16
1C
0R
1N
b1100011100010 H
1-
#3509000
1.
01
b10010010 /
b10010010 8
b100 ,
b100 7
#3510000
b101011110 2
0-
#3515000
b1100011100001 H
1J
1S
b1000010 $
b1000010 d
1%
1-
#3519000
19
11
b1001001 /
b1001001 8
b10 ,
b10 7
#3520000
b101011111 2
0-
#3525000
05
06
0C
0S
b1100011100000 H
b1001001 ^
0%
b11011000 $
b11011000 d
1-
#3529000
09
0*
0.
b101001 /
b101001 8
#3530000
b101100000 2
0-
#3535000
1E
b1001011010110 H
0M
b1001001 $
b1001001 d
1-
#3539000
0+
1*
1.
01
b110101 /
b110101 8
b11 ,
b11 7
#3540000
b101100001 2
0-
#3545000
b10000000000000 D
0I
0N
1M
1%
b11001111 $
b11001111 d
1-
#3549000
0*
b10001010 /
b10001010 8
b110 ,
b110 7
#3550000
b101100010 2
0-
#3555000
0J
1I
0M
1R
0K
1&
1Q
b100000000000000 D
b10011000 $
b10011000 d
0%
1-
#3559000
1*
b11100 /
b11100 8
b0 ,
b0 7
#3560000
b101100011 2
0-
#3565000
1P
1'
1O
b1000000000000000 D
15
16
1C
0R
0I
1M
1%
b11010110 $
b11010110 d
1-
#3569000
09
1+
0*
00
11
b10110110 /
b10110110 8
b11 ,
b11 7
#3570000
b101100100 2
0-
#3575000
1L
1I
1N
0M
14
1B
b10000000000000000 D
b11001111 $
b11001111 d
0%
1-
#3579000
19
0+
1*
10
b10010101 /
b10010101 8
b1 ,
b1 7
#3580000
b101100101 2
0-
#3585000
b0 T
0W
b0 V
0P
b0 D
04
0B
1J
0I
0N
1M
0E
1_
1@
b1001010111010110 `
1%
b10010 $
b10010 d
1-
#3589000
b10001110 /
b10001110 8
b101 ,
b101 7
#3590000
b101100110 2
0-
#3595000
0@
1#
1E
b1001010111010110 H
0J
1I
1R
1Y
b1 V
b1 T
1W
b10001000 $
b10001000 d
0%
1-
#3599000
09
0.
b101 /
b101 8
b100 ,
b100 7
#3600000
b101100111 2
0-
#3605000
0Y
b10001000 3
b10001000 [
b1 D
0R
b1000011 $
b1000011 d
1-
#3609000
1+
01
b10101000 /
b10101000 8
b10 ,
b10 7
#3610000
b101101000 2
0-
#3615000
1N
b10 D
b1001001 $
b1001001 d
1-
#3619000
1.
00
11
b10011111 /
b10011111 8
#3620000
b101101001 2
0-
#3625000
b100 D
1S
1J
1-
#3629000
19
10
b11110 /
b11110 8
b110 ,
b110 7
#3630000
b101101010 2
0-
#3635000
0S
05
06
0C
14
1B
0&
0Q
b1000 D
b10011000 $
b10011000 d
1%
1-
#3639000
09
0*
0.
b1010111 /
b1010111 8
b10 ,
b10 7
#3640000
b101101011 2
0-
#3645000
b0 T
0W
b0 V
1&
1Q
b0 D
04
0B
0M
1@
b10011000 ]
0%
b1001001 $
b1001001 d
1-
#3649000
0+
00
b1001000 /
b1001000 8
b1 ,
b1 7
#3650000
b101101100 2
0-
#3655000
0@
0E
0I
0N
1Y
b1 V
b1 T
1W
b10010101 $
b10010101 d
1-
#3659000
1+
1.
01
b1111011 /
b1111011 8
b110 ,
b110 7
#3660000
b101101101 2
0-
#3665000
0Y
0J
1N
b10011000 $
b10011000 d
1-
#3669000
0+
1*
11
b11011110 /
b11011110 8
b11 ,
b11 7
#3670000
b101101110 2
0-
#3675000
1J
0N
1M
b10001000 $
b10001000 d
1-
#3679000
0*
10
01
b10110101 /
b10110101 8
b1 ,
b1 7
#3680000
b101101111 2
0-
#3685000
1R
0J
1I
0M
1E
1%
b10010101 $
b10010101 d
1-
#3689000
1*
b11111011 /
b11111011 8
b111 ,
b111 7
#3690000
b101110000 2
0-
#3695000
0E
0I
1M
0R
15
16
1C
b1 D
b0 $
b0 d
0%
1-
#3699000
09
1+
0.
11
b11010 /
b11010 8
b100 ,
b100 7
#3700000
b101110001 2
0-
#3705000
1I
1N
1E
b1000011 $
b1000011 d
1-
#3709000
0+
0*
00
01
b1101100 /
b1101100 8
b10 ,
b10 7
#3710000
b101110010 2
0-
#3715000
1J
0N
0M
1S
b10 D
b1001001 $
b1001001 d
1-
#3719000
1+
1*
1.
10
b100101 /
b100101 8
b100 ,
b100 7
#3720000
b101110011 2
0-
#3725000
b100 D
14
1B
05
06
0C
0S
0J
0I
1N
1M
0E
1%
b1000011 $
b1000011 d
1-
#3729000
0*
0.
b11011010 /
b11011010 8
b110 ,
b110 7
#3730000
b101110100 2
0-
#3735000
b10011000 ]
1@
1E
1J
1I
0M
1S
04
0B
1K
b0 D
b0 T
0W
b0 V
b10011000 $
b10011000 d
0%
1-
#3739000
0+
1*
00
b1011 /
b1011 8
b10 ,
b10 7
#3740000
b101110101 2
0-
#3745000
1Y
b1 V
b1 T
1W
0S
0I
0N
1M
0E
0@
b1001001 $
b1001001 d
1-
#3749000
19
1+
0*
1.
10
11
b111011 /
b111011 8
b110 ,
b110 7
#3750000
b101110110 2
0-
#3755000
1E
0J
1I
1N
0M
1R
0K
0Y
b10011000 $
b10011000 d
1%
1-
#3759000
09
0+
1*
0.
b10011110 /
b10011110 8
b0 ,
b0 7
#3760000
b101110111 2
0-
#3765000
b1 D
15
16
1C
0R
1J
0I
0N
1M
0E
0%
b11010110 $
b11010110 d
1-
#3769000
0*
00
b11000100 /
b11000100 8
b111 ,
b111 7
#3770000
b101111000 2
0-
#3775000
1E
0J
1I
0M
1R
b0 $
b0 d
1-
#3779000
1*
1.
01
b11011111 /
b11011111 8
b0 ,
b0 7
#3780000
b101111001 2
0-
#3785000
b10 D
0R
0I
1M
0E
b11010110 $
b11010110 d
1-
#3789000
1+
0*
11
b11001110 /
b11001110 8
b1 ,
b1 7
#3790000
b101111010 2
0-
#3795000
1E
1I
1N
0M
b10010101 $
b10010101 d
1-
#3799000
0.
01
b1111 /
b1111 8
b0 ,
b0 7
#3800000
b101111011 2
0-
#3805000
b100 D
1J
0I
0E
b11010110 $
b11010110 d
1-
#3809000
0+
1*
10
11
b100101 /
b100101 8
b11 ,
b11 7
#3810000
b101111100 2
0-
#3815000
0N
1M
b10001000 $
b10001000 d
1-
#3819000
1.
00
b11011101 /
b11011101 8
b100 ,
b100 7
#3820000
b101111101 2
0-
#3825000
1R
0J
1I
1E
b1000011 $
b1000011 d
1-
#3829000
1+
b1001111 /
b1001111 8
b110 ,
b110 7
#3830000
b101111110 2
0-
#3835000
1N
0R
0&
0Q
b1000 D
b10011000 $
b10011000 d
1-
#3839000
0+
0*
0.
01
b1110101 /
b1110101 8
b11 ,
b11 7
#3840000
b101111111 2
0-
#3845000
b10000 D
1S
1J
0N
0M
b10001000 $
b10001000 d
1-
#3849000
1+
1*
10
b1101 /
b1101 8
#3850000
b110000000 2
0-
#3855000
0E
0J
0I
1N
1M
0S
05
06
0C
14
1B
0'
0O
1F
b0 D
1-
#3859000
0*
00
11
b1010110 /
b1010110 8
b100 ,
b100 7
#3860000
b110000001 2
0-
#3865000
b0 T
0W
b0 V
1&
1Q
1'
1O
0F
1K
04
0B
1S
1J
1I
0M
1E
0L
1@
b10011000 ]
b11 $
b11 d
1-
#3869000
0+
1.
10
01
b11010101 /
b11010101 8
b10 ,
b10 7
#3870000
b110000010 2
0-
#3875000
0@
1L
0I
0N
0S
1Y
b1 V
b1 T
1W
b1001001 $
b1001001 d
1%
1-
#3879000
1*
00
b11111011 /
b11111011 8
b110 ,
b110 7
#3880000
b110000011 2
0-
#3885000
0Y
b1 D
0J
1M
0E
0%
b10011000 $
b10011000 d
1-
#3889000
0*
0.
10
b11001011 /
b11001011 8
b1 ,
b1 7
#3890000
b110000100 2
0-
#3895000
1E
1I
0M
0K
b10010101 $
b10010101 d
1-
#3899000
1+
00
b1010101 /
b1010101 8
b10 ,
b10 7
#3900000
b110000101 2
0-
#3905000
b10 D
0I
1N
0E
b1001001 $
b1001001 d
1-
#3909000
1*
1.
10
b11 ,
b11 7
#3910000
b110000110 2
0-
#3915000
1J
1M
b10001000 $
b10001000 d
1%
1-
#3919000
09
0+
0.
00
11
b10110100 /
b10110100 8
b101 ,
b101 7
#3920000
b110000111 2
0-
#3925000
1K
1I
0N
1E
0%
1-
#3929000
19
0*
1.
10
b10100100 /
b10100100 8
b10 ,
b10 7
#3930000
b110001000 2
0-
#3935000
b10100100 ^
0J
0M
1R
b100 D
b1001001 $
b1001001 d
1%
1-
#3939000
09
1+
1*
00
01
b101 /
b101 8
b1 ,
b1 7
#3940000
b110001001 2
0-
#3945000
0&
0Q
b1000 D
15
16
1C
0R
0I
1N
1M
0E
b1001010111010101 H
0#
0%
b10010101 $
b10010101 d
1-
#3949000
0+
11
b10011000 /
b10011000 8
b10 ,
b10 7
#3950000
b110001010 2
0-
#3955000
b1001010111010100 H
1J
1I
0N
1S
b10100100 $
b10100100 d
1-
#3959000
1+
10
01
b11110101 /
b11110101 8
b11 ,
b11 7
#3960000
b110001011 2
0-
#3965000
14
1B
05
06
0C
0S
1R
0J
1N
b1001010111010011 H
1%
b10001000 $
b10001000 d
1-
#3969000
19
0+
11
b11100011 /
b11100011 8
b10 ,
b10 7
#3970000
b110001100 2
0-
#3975000
b11100011 ^
1@
b1001010111010010 H
1J
0N
1S
0R
15
16
1C
04
0B
1&
1Q
b0 D
b0 T
0W
b0 V
b10100100 $
b10100100 d
0%
1-
#3979000
09
1+
0.
00
01
b10000010 /
b10000010 8
b1 ,
b1 7
#3980000
b110001101 2
0-
#3985000
1Y
b1 V
b1 T
1W
05
06
0C
0S
1R
0J
1N
b1001010111010001 H
1#
0@
b10010101 $
b10010101 d
1-
#3989000
0*
1.
11
b100001 /
b100001 8
b11 ,
b11 7
#3990000
b110001110 2
0-
#3995000
b1001010111010000 H
1J
0M
1S
0R
15
16
1C
0Y
b10001000 $
b10001000 d
1-
#3999000
0.
01
b11010100 /
b11010100 8
#4000000
b110001111 2
0-
#4005000
05
06
0C
0S
0I
b1001010111001111 H
1-
#4009000
10
11
b11010101 /
b11010101 8
b101 ,
b101 7
#4010000
b110010000 2
0-
#4015000
b1001010111001110 H
1-
#4019000
0+
1.
00
01
b1100110 /
b1100110 8
b111 ,
b111 7
#4020000
b110010001 2
0-
#4025000
0N
b1001010111001101 H
b0 $
b0 d
1-
#4029000
1+
0.
11
b1110000 /
b1110000 8
b10 ,
b10 7
#4030000
b110010010 2
0-
#4035000
b1001010111001100 H
0J
1N
b11100011 $
b11100011 d
1-
#4039000
19
0+
1.
10
b11011001 /
b11011001 8
b111 ,
b111 7
#4040000
b110010011 2
0-
#4045000
1J
0N
b1001010111001011 H
1%
b0 $
b0 d
1-
#4049000
09
1*
0.
b11100111 /
b11100111 8
b100 ,
b100 7
#4050000
b110010100 2
0-
#4055000
b1001010111001010 H
0J
1M
b11 $
b11 d
0%
1-
#4059000
19
1+
1.
b11100000 /
b11100000 8
b110 ,
b110 7
#4060000
b110010101 2
0-
#4065000
0K
1I
1N
b1001010111001001 H
1%
b10011000 $
b10011000 d
1-
#4069000
09
0+
0*
00
01
b10000100 /
b10000100 8
b10 ,
b10 7
#4070000
b110010110 2
0-
#4075000
b1001010111001000 H
1J
0N
0M
1S
b11100011 $
b11100011 d
0%
1-
#4079000
1+
0.
11
b1100111 /
b1100111 8
#4080000
b110010111 2
0-
#4085000
0S
0J
0I
1N
b1001010111000111 H
1-
#4089000
01
b10001011 /
b10001011 8
b1 ,
b1 7
#4090000
b110011000 2
0-
#4095000
b1001010111000110 H
1J
b10010101 $
b10010101 d
1-
#4099000
1*
b10010001 /
b10010001 8
b10 ,
b10 7
#4100000
b110011001 2
0-
#4105000
1M
b1001010111000101 H
b11100011 $
b11100011 d
1-
#4109000
0+
0*
10
11
b1000 /
b1000 8
b11 ,
b11 7
#4110000
b110011010 2
0-
#4115000
b1001010111000100 H
1I
0N
0M
1K
b10001000 $
b10001000 d
1-
#4119000
1.
01
b11011110 /
b11011110 8
b100 ,
b100 7
#4120000
b110011011 2
0-
#4125000
0J
0I
b1001010111000011 H
1%
b11 $
b11 d
1-
#4129000
0.
b11 /
b11 8
b110 ,
b110 7
#4130000
b110011100 2
0-
#4135000
b1001010111000010 H
b10011000 $
b10011000 d
0%
1-
#4139000
19
1+
1.
11
b11111011 /
b11111011 8
#4140000
b110011101 2
0-
#4145000
1N
b1001010111000001 H
1%
1-
#4149000
09
0+
1*
0.
01
b10000 /
b10000 8
b1 ,
b1 7
#4150000
b110011110 2
0-
#4155000
b1001010111000000 H
1J
0N
1M
b10010101 $
b10010101 d
0%
1-
#4159000
1+
1.
00
b10001 /
b10001 8
b0 ,
b0 7
#4160000
b110011111 2
0-
#4165000
0K
1R
0J
1I
1N
b1001010110111111 H
b11010110 $
b11010110 d
1-
#4169000
0+
0.
11
b11001100 /
b11001100 8
b101 ,
b101 7
#4170000
b110100000 2
0-
#4175000
b1001010110111110 H
1J
0N
1S
0R
15
16
1C
b10001000 $
b10001000 d
1-
#4179000
1.
01
b11010011 /
b11010011 8
b1 ,
b1 7
#4180000
b110100001 2
0-
#4185000
05
06
0C
0S
1R
0J
b1001010110111101 H
b10010101 $
b10010101 d
1-
#4189000
0*
0.
10
11
b0 ,
b0 7
#4190000
b110100010 2
0-
#4195000
b1001010110111100 H
0M
0R
15
16
1C
b11010110 $
b11010110 d
1-
#4199000
1+
1*
00
b11111011 /
b11111011 8
b100 ,
b100 7
#4200000
b110100011 2
0-
#4205000
0I
1N
1M
b1001010110111011 H
b1000011 $
b1000011 d
1-
#4209000
0+
0*
1.
10
01
b10111101 /
b10111101 8
b110 ,
b110 7
#4210000
b110100100 2
0-
#4215000
b1001010110111010 H
1J
1I
0N
0M
1S
1K
b10011000 $
b10011000 d
1%
1-
#4219000
1*
b11101110 /
b11101110 8
b1 ,
b1 7
#4220000
b110100101 2
0-
#4225000
05
06
0C
0S
0J
0I
1M
b1001010110111001 H
0%
b10010101 $
b10010101 d
1-
#4229000
1+
00
b1000001 /
b1000001 8
b0 ,
b0 7
#4230000
b110100110 2
0-
#4235000
b1001010110111000 H
1I
1N
0K
b11010110 $
b11010110 d
1-
#4239000
19
0+
0*
10
11
b1011111 /
b1011111 8
b101 ,
b101 7
#4240000
b110100111 2
0-
#4245000
1S
1J
0N
0M
b1001010110110111 H
1%
b10001000 $
b10001000 d
1-
#4249000
09
0.
01
b10010011 /
b10010011 8
b111 ,
b111 7
#4250000
b110101000 2
0-
#4255000
b1001010110110110 H
0J
0I
0S
b0 $
b0 d
0%
1-
#4259000
1+
1.
00
b11101 /
b11101 8
b0 ,
b0 7
#4260000
b110101001 2
0-
#4265000
1N
b1001010110110101 H
b11010110 $
b11010110 d
1-
#4269000
19
1*
10
11
b11100101 /
b11100101 8
b11 ,
b11 7
#4270000
b110101010 2
0-
#4275000
b11100101 c
b1001010110110100 H
1J
1M
b10001000 $
b10001000 d
1%
1-
#4279000
0+
0*
b110011 /
b110011 8
b101 ,
b101 7
#4280000
b110101011 2
0-
#4285000
1K
1I
0N
0M
b1001010110110011 H
0%
b11100101 $
b11100101 d
1-
#4289000
09
1+
1*
0.
b101 /
b101 8
b10 ,
b10 7
#4290000
b110101100 2
0-
#4295000
b1001010110110010 H
0J
0I
1N
1M
b11100011 $
b11100011 d
1-
#4299000
0+
0*
1.
00
b11000010 /
b11000010 8
#4300000
b110101101 2
0-
#4305000
1S
1J
1I
0N
0M
b1001010110110001 H
1-
#4309000
1+
1*
b11111100 /
b11111100 8
b100 ,
b100 7
#4310000
b110101110 2
0-
#4315000
b1001010110110000 H
0J
0I
1N
1M
0S
b11 $
b11 d
1-
#4319000
0*
0.
b10000011 /
b10000011 8
b110 ,
b110 7
#4320000
b110101111 2
0-
#4325000
1S
1J
1I
0M
b1001010110101111 H
b10011000 $
b10011000 d
1-
#4329000
19
0+
1.
10
b10001 /
b10001 8
b1 ,
b1 7
#4330000
b110110000 2
0-
#4335000
b1000111010110 `
b1001010110101110 H
0I
0N
0S
b10010101 $
b10010101 d
1%
1-
#4339000
09
1+
0.
01
b1010100 /
b1010100 8
#4340000
b110110001 2
0-
#4345000
0J
1N
b1001010110101101 H
0%
b10001 $
b10001 d
1-
#4349000
0+
1*
1.
00
b100000 /
b100000 8
b0 ,
b0 7
#4350000
b110110010 2
0-
#4355000
b1001010110101100 H
1J
0N
1M
b11010110 $
b11010110 d
1-
#4359000
0.
b10111100 /
b10111100 8
b110 ,
b110 7
#4360000
b110110011 2
0-
#4365000
0K
1R
0J
1I
b1001010110101011 H
b10011000 $
b10011000 d
1-
#4369000
10
11
b10100101 /
b10100101 8
#4370000
b110110100 2
0-
#4375000
b1001010110101010 H
0R
15
16
1C
1-
#4379000
1.
00
01
b10110011 /
b10110011 8
b1 ,
b1 7
#4380000
b110110101 2
0-
#4385000
b1001010110101001 H
b10001 $
b10001 d
1-
#4389000
1+
0*
10
b1111000 /
b1111000 8
b100 ,
b100 7
#4390000
b110110110 2
0-
#4395000
b1001010110101000 H
1N
0M
b1000011 $
b1000011 d
1%
1-
#4399000
0+
1*
0.
00
b11101011 /
b11101011 8
b10 ,
b10 7
#4400000
b110110111 2
0-
#4405000
1J
0I
0N
1M
b1001010110100111 H
0%
b11100011 $
b11100011 d
1-
#4409000
1+
0*
1.
b1001010 /
b1001010 8
b11 ,
b11 7
#4410000
b110111000 2
0-
#4415000
b1001010110100110 H
0J
1I
1N
0M
1R
b10001000 $
b10001000 d
1-
#4419000
1*
0.
10
11
b10000001 /
b10000001 8
b10 ,
b10 7
#4420000
b110111001 2
0-
#4425000
0R
1J
0I
1M
b1001010110100101 H
b11100011 $
b11100011 d
1-
#4429000
0+
01
b11010000 /
b11010000 8
b11 ,
b11 7
#4430000
b110111010 2
0-
#4435000
b1001010110100100 H
1I
0N
1K
b10001000 $
b10001000 d
1-
#4439000
1.
00
b1001 /
b1001 8
#4440000
b110111011 2
0-
#4445000
1R
0J
b1001010110100011 H
1-
#4449000
0.
10
b110 /
b110 8
b100 ,
b100 7
#4450000
b110111100 2
0-
#4455000
b1001010110100010 H
0R
b1000011 $
b1000011 d
1-
#4459000
11
b1001111 /
b1001111 8
b1 ,
b1 7
#4460000
b110111101 2
0-
#4465000
b1001010110100001 H
b10001 $
b10001 d
1-
#4469000
1+
0*
1.
01
b10000011 /
b10000011 8
#4470000
b110111110 2
0-
#4475000
b1001010110100000 H
1N
0M
1%
1-
#4479000
09
0.
11
b10111011 /
b10111011 8
b111 ,
b111 7
#4480000
b110111111 2
0-
#4485000
1J
0I
b1001010110011111 H
0%
b0 $
b0 d
1-
#4489000
0+
1*
01
b1100 /
b1100 8
#4490000
b111000000 2
0-
#4495000
b1001010110011110 H
0N
1M
1-
#4499000
19
1+
0*
1.
11
b11100111 /
b11100111 8
b110 ,
b110 7
#4500000
b111000001 2
0-
#4505000
0K
1R
0J
1I
1N
0M
b1001010110011101 H
1%
b10011000 $
b10011000 d
1-
#4509000
09
00
01
b10011110 /
b10011110 8
b101 ,
b101 7
#4510000
b111000010 2
0-
#4515000
b1001010110011100 H
1J
0I
0R
b11100101 $
b11100101 d
0%
1-
#4519000
1*
0.
11
b10110100 /
b10110100 8
b111 ,
b111 7
#4520000
b111000011 2
0-
#4525000
1M
b1001010110011011 H
b0 $
b0 d
1-
#4529000
0+
1.
01
b1100111 /
b1100111 8
b0 ,
b0 7
#4530000
b111000100 2
0-
#4535000
b1001010110011010 H
1I
0N
1K
b11010110 $
b11010110 d
1-
#4539000
1+
0.
11
b1111000 /
b1111000 8
b110 ,
b110 7
#4540000
b111000101 2
0-
#4545000
1R
0J
1N
b1001010110011001 H
b10011000 $
b10011000 d
1-
#4549000
0+
0*
10
b100101 /
b100101 8
b10 ,
b10 7
#4550000
b111000110 2
0-
#4555000
b1001010110011000 H
1J
0N
0M
1S
0R
b11100011 $
b11100011 d
1-
#4559000
1*
1.
00
01
b100011 /
b100011 8
b1 ,
b1 7
#4560000
b111000111 2
0-
#4565000
05
06
0C
0S
0J
0I
1M
b1001010110010111 H
b10001 $
b10001 d
1-
#4569000
1+
b1010011 /
b1010011 8
b111 ,
b111 7
#4570000
b111001000 2
0-
#4575000
b1001010110010110 H
1I
1N
0K
b0 $
b0 d
1-
#4579000
0+
0*
0.
b11101111 /
b11101111 8
b10 ,
b10 7
#4580000
b111001001 2
0-
#4585000
1S
1J
0N
0M
b1001010110010101 H
b11100011 $
b11100011 d
1-
#4589000
1+
1.
10
b11100011 /
b11100011 8
#4590000
b111001010 2
0-
#4595000
b1001010110010100 H
0J
0I
1N
0S
1%
1-
#4599000
0+
1*
0.
b1000110 /
b1000110 8
b1 ,
b1 7
#4600000
b111001011 2
0-
#4605000
1J
0N
1M
b1001010110010011 H
0%
b10001 $
b10001 d
1-
#4609000
1+
1.
00
b1100000 /
b1100000 8
b110 ,
b110 7
#4610000
b111001100 2
0-
#4615000
b1001010110010010 H
0J
1I
1N
1R
b10011000 $
b10011000 d
1-
#4619000
19
0+
10
11
b1000010 /
b1000010 8
b111 ,
b111 7
#4620000
b111001101 2
0-
#4625000
15
16
1C
1S
0R
1J
0N
b1001010110010001 H
1%
b0 $
b0 d
1-
#4629000
09
0.
b10100111 /
b10100111 8
b110 ,
b110 7
#4630000
b111001110 2
0-
#4635000
b1001010110010000 H
0J
0S
1R
05
06
0C
b10011000 $
b10011000 d
0%
1-
#4639000
0*
00
b10011110 /
b10011110 8
b11 ,
b11 7
#4640000
b111001111 2
0-
#4645000
15
16
1C
0R
0M
b1001010110001111 H
b10001000 $
b10001000 d
1-
#4649000
1+
1*
1.
01
b101 /
b101 8
b101 ,
b101 7
#4650000
b111010000 2
0-
#4655000
b1001010110001110 H
0I
1N
1M
b11100101 $
b11100101 d
1-
#4659000
0+
0*
11
b11111001 /
b11111001 8
b10 ,
b10 7
#4660000
b111010001 2
0-
#4665000
1K
1S
1J
1I
0N
0M
b1001010110001101 H
b11100011 $
b11100011 d
1-
#4669000
1+
10
01
b1100000 /
b1100000 8
b100 ,
b100 7
#4670000
b111010010 2
0-
#4675000
b1001010110001100 H
0J
0I
1N
0S
05
06
0C
b1000011 $
b1000011 d
1%
1-
#4679000
0+
b11011110 /
b11011110 8
b101 ,
b101 7
#4680000
b111010011 2
0-
#4685000
1J
0N
b1001010110001011 H
0%
b11100101 $
b11100101 d
1-
#4689000
1*
00
b11011000 /
b11011000 8
b100 ,
b100 7
#4690000
b111010100 2
0-
#4695000
b1001010110001010 H
0J
1M
b11 $
b11 d
1-
#4699000
19
1+
0*
10
11
b10111000 /
b10111000 8
b111 ,
b111 7
#4700000
b111010101 2
0-
#4705000
0K
1I
1N
0M
b1001010110001001 H
1%
b0 $
b0 d
1-
#4709000
09
1*
01
b11110110 /
b11110110 8
b110 ,
b110 7
#4710000
b111010110 2
0-
#4715000
b1001010110001000 H
1J
0I
1M
b10011000 $
b10011000 d
0%
1-
#4719000
19
11
b101 /
b101 8
b0 ,
b0 7
#4720000
b111010111 2
0-
#4725000
1K
1I
b1001010110000111 H
b1000100000101 `
1%
b11010110 $
b11010110 d
1-
#4729000
0+
b1001 /
b1001 8
#4730000
b111011000 2
0-
#4735000
b1000100001001 `
b1001010110000110 H
0N
b101 $
b101 d
0%
1-
#4739000
09
0*
0.
00
b10011 /
b10011 8
b1 ,
b1 7
#4740000
b111011001 2
0-
#4745000
1R
0J
0M
b1001010110000101 H
b10001 $
b10001 d
1-
#4749000
1+
1*
1.
b1010001 /
b1010001 8
b0 ,
b0 7
#4750000
b111011010 2
0-
#4755000
b1001010110000100 H
0I
1N
1M
0R
15
16
1C
b1001 $
b1001 d
1-
#4759000
0+
0.
b10111111 /
b10111111 8
b111 ,
b111 7
#4760000
b111011011 2
0-
#4765000
1S
1J
1I
0N
b1001010110000011 H
b0 $
b0 d
1-
#4769000
1.
b1001011 /
b1001011 8
b101 ,
b101 7
#4770000
b111011100 2
0-
#4775000
b1001010110000010 H
0J
0S
1R
05
06
0C
b11100101 $
b11100101 d
1-
#4779000
1+
0*
0.
10
01
b1111011 /
b1111011 8
b0 ,
b0 7
#4780000
b111011101 2
0-
#4785000
15
16
1C
0R
1N
0M
b1001010110000001 H
b1001 $
b1001 d
1-
#4789000
0+
1.
b1101011 /
b1101011 8
b101 ,
b101 7
#4790000
b111011110 2
0-
#4795000
b1001010110000000 H
1J
0I
0N
b11100101 $
b11100101 d
1%
1-
#4799000
09
0.
00
11
b10001100 /
b10001100 8
b110 ,
b110 7
#4800000
b111011111 2
0-
#4805000
0J
b1001010101111111 H
0%
b10011000 $
b10011000 d
1-
#4809000
19
1+
1.
10
b11001101 /
b11001101 8
b1 ,
b1 7
#4810000
b111100000 2
0-
#4815000
b1100110100001001 `
b1001010101111110 H
1N
b10001 $
b10001 d
1%
1-
#4819000
09
0.
00
b10000010 /
b10000010 8
#4820000
b111100001 2
0-
#4825000
1J
b1001010101111101 H
0%
b11001101 $
b11001101 d
1-
#4829000
0+
1*
01
b11100010 /
b11100010 8
b110 ,
b110 7
#4830000
b111100010 2
0-
#4835000
b1001010101111100 H
0N
1M
b10011000 $
b10011000 d
1-
#4839000
1+
0*
11
b10110100 /
b10110100 8
b11 ,
b11 7
#4840000
b111100011 2
0-
#4845000
0K
1R
0J
1I
1N
0M
b1001010101111011 H
b10001000 $
b10001000 d
1-
#4849000
1*
1.
b1111011 /
b1111011 8
b101 ,
b101 7
#4850000
b111100100 2
0-
#4855000
b1001010101111010 H
1J
0I
1M
0R
b11100101 $
b11100101 d
1-
#4859000
0+
0*
0.
10
01
b1000011 /
b1000011 8
b0 ,
b0 7
#4860000
b111100101 2
0-
#4865000
1K
1I
0N
0M
b1001010101111001 H
b1001 $
b1001 d
1-
#4869000
1+
00
11
b11101011 /
b11101011 8
b11 ,
b11 7
#4870000
b111100110 2
0-
#4875000
b1001010101111000 H
0J
0I
1N
b10001000 $
b10001000 d
1-
#4879000
1*
b10010111 /
b10010111 8
#4880000
b111100111 2
0-
#4885000
1J
1M
b1001010101110111 H
1-
#4889000
19
0*
1.
10
b11011 /
b11011 8
b111 ,
b111 7
#4890000
b111101000 2
0-
#4895000
b1001010101110110 H
1I
0M
b0 $
b0 d
1%
1-
#4899000
09
01
b111000 /
b111000 8
b100 ,
b100 7
#4900000
b111101001 2
0-
#4905000
0I
b1001010101110101 H
0%
b1000011 $
b1000011 d
1-
#4909000
1*
00
b111 /
b111 8
b10 ,
b10 7
#4910000
b111101010 2
0-
#4915000
b1001010101110100 H
1M
b11100011 $
b11100011 d
1-
#4919000
0+
0*
0.
b1011010 /
b1011010 8
b100 ,
b100 7
#4920000
b111101011 2
0-
#4925000
1I
0N
0M
b1001010101110011 H
b1000011 $
b1000011 d
1-
#4929000
19
1*
1.
10
11
b1111100 /
b1111100 8
b1 ,
b1 7
#4930000
b111101100 2
0-
#4935000
b111110000001001 `
b1001010101110010 H
0J
0I
1M
b11001101 $
b11001101 d
1%
1-
#4939000
09
1+
0*
00
b1000000 /
b1000000 8
b101 ,
b101 7
#4940000
b111101101 2
0-
#4945000
0K
1I
1N
0M
b1001010101110001 H
0%
b11100101 $
b11100101 d
1-
#4949000
1*
0.
10
01
b1110010 /
b1110010 8
b11 ,
b11 7
#4950000
b111101110 2
0-
#4955000
b1001010101110000 H
1J
0I
1M
b10001000 $
b10001000 d
1-
#4959000
00
11
b1111001 /
b1111001 8
b100 ,
b100 7
#4960000
b111101111 2
0-
#4965000
1K
1I
b1001010101101111 H
b1000011 $
b1000011 d
1-
#4969000
0+
0*
1.
10
01
b1011010 /
b1011010 8
b101 ,
b101 7
#4970000
b111110000 2
0-
#4975000
b1001010101101110 H
0N
0M
b11100101 $
b11100101 d
1%
1-
#4979000
09
1*
0.
11
b100100 /
b100100 8
#4980000
b111110001 2
0-
#4985000
0J
0I
1M
b1001010101101101 H
0%
1-
#4989000
19
1+
0*
1.
b10101011 /
b10101011 8
b110 ,
b110 7
#4990000
b111110010 2
0-
#4995000
b1001010101101100 H
1I
1N
0M
0K
b10011000 $
b10011000 d
1%
1-
#4999000
09
0.
00
b1001101 /
b1001101 8
b10 ,
b10 7
#5000000
b111110011 2
0-
#5005000
1J
0I
b1001010101101011 H
0%
b11100011 $
b11100011 d
1-
#5009000
01
b100000 /
b100000 8
b1 ,
b1 7
#5010000
b111110100 2
0-
#5015000
b1001010101101010 H
b1111100 $
b1111100 d
1-
#5019000
1*
10
b1011011 /
b1011011 8
b100 ,
b100 7
#5020000
b111110101 2
0-
#5025000
1M
b1001010101101001 H
b1000011 $
b1000011 d
1-
#5029000
0*
1.
00
11
b11110101 /
b11110101 8
b101 ,
b101 7
#5030000
b111110110 2
0-
#5035000
b1001010101101000 H
1I
0M
1K
b11100101 $
b11100101 d
1-
#5039000
1*
0.
b110 /
b110 8
b100 ,
b100 7
#5040000
b111110111 2
0-
#5045000
0I
1M
b1001010101100111 H
b1000011 $
b1000011 d
1-
#5049000
19
1.
10
b101100 /
b101100 8
b0 ,
b0 7
#5050000
b111111000 2
0-
#5055000
b111110000101100 `
b1001010101100110 H
1I
b1001 $
b1001 d
1%
1-
#5059000
0+
b1100010 /
b1100010 8
b110 ,
b110 7
#5060000
b111111001 2
0-
#5065000
0N
b1001010101100101 H
0%
b10011000 $
b10011000 d
1-
#5069000
09
1+
0.
01
b1001011 /
b1001011 8
b0 ,
b0 7
#5070000
b111111010 2
0-
#5075000
b1001010101100100 H
0J
1N
1R
b101100 $
b101100 d
1-
#5079000
0*
1.
b101010 /
b101010 8
b100 ,
b100 7
#5080000
b111111011 2
0-
#5085000
1S
0R
1J
0M
b1001010101100011 H
1%
b1000011 $
b1000011 d
1-
#5089000
09
1*
0.
11
b11000110 /
b11000110 8
b0 ,
b0 7
#5090000
b111111100 2
0-
#5095000
b1001010101100010 H
0I
1M
0S
05
06
0C
b101100 $
b101100 d
0%
1-
#5099000
0+
1.
01
b1011001 /
b1011001 8
b110 ,
b110 7
#5100000
b111111101 2
0-
#5105000
1I
0N
b1001010101100001 H
1%
b10011000 $
b10011000 d
1-
#5109000
0.
b10100100 /
b10100100 8
b10 ,
b10 7
#5110000
b111111110 2
0-
#5115000
b1001010101100000 H
0J
1R
b11100011 $
b11100011 d
0%
1-
#5119000
1+
0*
b10011 /
b10011 8
b11 ,
b11 7
#5120000
b111111111 2
0-
#5125000
15
16
1C
0R
1N
0M
b1001010101011111 H
b10001000 $
b10001000 d
1-
#5129000
0+
1*
00
b1101000 /
b1101000 8
b1 ,
b1 7
#5130000
b1000000000 2
0-
#5135000
b1001010101011110 H
1J
0I
0N
1M
b1111100 $
b1111100 d
1-
#5139000
0*
1.
10
b1001101 /
b1001101 8
b111 ,
b111 7
#5140000
b1000000001 2
0-
#5145000
0K
1R
0J
1I
0M
b1001010101011101 H
1%
b0 $
b0 d
1-
#5149000
19
1*
11
b11101001 /
b11101001 8
#5150000
b1000000010 2
0-
#5155000
b1001010101011100 H
0I
1M
0R
0%
1-
#5159000
09
0*
0.
00
01
b10000001 /
b10000001 8
b0 ,
b0 7
#5160000
b1000000011 2
0-
#5165000
1I
0M
b1001010101011011 H
b101100 $
b101100 d
1-
#5169000
19
1*
1.
10
11
b10000101 /
b10000101 8
b11 ,
b11 7
#5170000
b1000000100 2
0-
#5175000
b10000101 c
b1001010101011010 H
0I
1M
b10001000 $
b10001000 d
1%
1-
#5179000
09
01
b11010111 /
b11010111 8
b1 ,
b1 7
#5180000
b1000000101 2
0-
#5185000
1I
b1001010101011001 H
0%
b1111100 $
b1111100 d
1-
#5189000
09
1+
0*
0.
00
11
b10010110 /
b10010110 8
b111 ,
b111 7
#5190000
b1000000110 2
0-
#5195000
b1001010101011000 H
1N
0M
b0 $
b0 d
1-
#5199000
0+
1.
10
01
b11001000 /
b11001000 8
b1 ,
b1 7
#5200000
b1000000111 2
0-
#5205000
1J
0I
0N
b1001010101010111 H
1%
b1111100 $
b1111100 d
1-
#5209000
1+
0.
00
b1111000 /
b1111000 8
b11 ,
b11 7
#5210000
b1000001000 2
0-
#5215000
b1001010101010110 H
0J
1N
b10001000 $
b10001000 d
0%
1-
#5219000
0+
1*
1.
11
b1110000 /
b1110000 8
b111 ,
b111 7
#5220000
b1000001001 2
0-
#5225000
1J
0N
1M
b1001010101010101 H
b0 $
b0 d
1-
#5229000
01
b1011110 /
b1011110 8
#5230000
b1000001010 2
0-
#5235000
b1001010101010100 H
0J
1I
1R
1-
#5239000
0.
b10010100 /
b10010100 8
b110 ,
b110 7
#5240000
b1000001011 2
0-
#5245000
0R
b1001010101010011 H
b10011000 $
b10011000 d
1-
#5249000
19
0*
1.
10
11
b10111010 /
b10111010 8
b0 ,
b0 7
#5250000
b1000001100 2
0-
#5255000
b111110010111010 `
b1001010101010010 H
0M
b101100 $
b101100 d
1%
1-
#5259000
1*
b110010 /
b110010 8
b100 ,
b100 7
#5260000
b1000001101 2
0-
#5265000
0<
1=
0?
0I
1M
b1001010101010001 H
b110010 ]
0%
b1000011 $
b1000011 d
1-
#5269000
09
0.
00
01
b11000111 /
b11000111 8
#5270000
b1000001110 2
0-
#5275000
b110000 ]
b1001010101010000 H
1I
1-
#5279000
0*
1.
10
b11011110 /
b11011110 8
b10 ,
b10 7
#5280000
b1000001111 2
0-
#5285000
0M
b1001010101001111 H
1%
b11100011 $
b11100011 d
1-
#5289000
19
11
b10110 /
b10110 8
b101 ,
b101 7
#5290000
b1000010000 2
0-
#5295000
b1001010101001110 H
0I
b10000101 $
b10000101 d
0%
1-
#5299000
b1011000 /
b1011000 8
b11 ,
b11 7
#5300000
b1000010001 2
0-
#5305000
b1001010101001101 H
b1011000 c
1%
b10001000 $
b10001000 d
1-
#5309000
b10101 /
b10101 8
b0 ,
b0 7
#5310000
b1000010010 2
0-
#5315000
b111110000010101 `
b1001010101001100 H
b10111010 $
b10111010 d
0%
1-
#5319000
09
1+
1*
00
b1001 /
b1001 8
#5320000
b1000010011 2
0-
#5325000
1N
1M
b1001010101001011 H
b10101 $
b10101 d
1-
#5329000
0*
01
b11110101 /
b11110101 8
#5330000
b1000010100 2
0-
#5335000
b1001010101001010 H
1J
1I
0M
1S
1K
1-
#5339000
11
b1000001 /
b1000001 8
b101 ,
b101 7
#5340000
b1000010101 2
0-
#5345000
05
06
0C
0S
0I
b1001010101001001 H
b1011000 $
b1011000 d
1-
#5349000
1*
0.
10
01
b10000010 /
b10000010 8
b11 ,
b11 7
#5350000
b1000010110 2
0-
#5355000
b1001010101001000 H
1M
b10001000 $
b10001000 d
1-
#5359000
0+
0*
1.
b10111000 /
b10111000 8
b110 ,
b110 7
#5360000
b1000010111 2
0-
#5365000
1I
0N
0M
b1001010101000111 H
1%
b110000 $
b110000 d
1-
#5369000
1+
1*
00
b1101100 /
b1101100 8
b100 ,
b100 7
#5370000
b1000011000 2
0-
#5375000
b1001010101000110 H
0J
0I
1N
1M
b11 $
b11 d
0%
1-
#5379000
0+
0*
0.
b1000000 /
b1000000 8
b111 ,
b111 7
#5380000
b1000011001 2
0-
#5385000
1S
1J
1I
0N
0M
b1001010101000101 H
b0 $
b0 d
1-
#5389000
1.
b11001 /
b11001 8
b11 ,
b11 7
#5390000
b1000011010 2
0-
#5395000
b1001010101000100 H
0J
0I
0S
b10001000 $
b10001000 d
1-
#5399000
1+
1*
0.
11
b1101011 /
b1101011 8
#5400000
b1000011011 2
0-
#5405000
1N
1M
b1001010101000011 H
1-
#5409000
19
0+
0*
1.
10
b1000101 /
b1000101 8
b101 ,
b101 7
#5410000
b1000011100 2
0-
#5415000
b1001010101000010 H
1J
1I
0N
0M
1S
b1011000 $
b1011000 d
1%
1-
#5419000
09
1+
1*
0.
b11111011 /
b11111011 8
b100 ,
b100 7
#5420000
b1000011101 2
0-
#5425000
0S
0J
0I
1N
1M
b1001010101000001 H
0%
b11 $
b11 d
1-
#5429000
0+
1.
00
b100100 /
b100100 8
b101 ,
b101 7
#5430000
b1000011110 2
0-
#5435000
b1001010101000000 H
1J
1I
0N
1S
b1011000 $
b1011000 d
1-
#5439000
0*
0.
b1011000 /
b1011000 8
b11 ,
b11 7
#5440000
b1000011111 2
0-
#5445000
0S
1R
0J
0M
b1001010100111111 H
b10001000 $
b10001000 d
1-
#5449000
19
1*
1.
10
b10001100 /
b10001100 8
b110 ,
b110 7
#5450000
b1000100000 2
0-
#5455000
b1001010100111110 H
0I
1M
0R
15
16
1C
b110000 $
b110000 d
1%
1-
#5459000
0*
b10101001 /
b10101001 8
b101 ,
b101 7
#5460000
b1000100001 2
0-
#5465000
0K
1I
0M
b1001010100111101 H
0%
b1011000 $
b1011000 d
1-
#5469000
09
1*
00
01
b10010001 /
b10010001 8
b100 ,
b100 7
#5470000
b1000100010 2
0-
#5475000
b1001010100111100 H
0I
1M
b1000011 $
b1000011 d
1-
#5479000
0.
11
b10011010 /
b10011010 8
b101 ,
b101 7
#5480000
b1000100011 2
0-
#5485000
1I
b1001010100111011 H
b1011000 $
b1011000 d
1-
#5489000
1.
10
01
b11101000 /
b11101000 8
b0 ,
b0 7
#5490000
b1000100100 2
0-
#5495000
b1001010100111010 H
b10101 $
b10101 d
1%
1-
#5499000
0*
b11110101 /
b11110101 8
b1 ,
b1 7
#5500000
b1000100101 2
0-
#5505000
0M
b1001010100111001 H
0%
b1111100 $
b1111100 d
1-
#5509000
19
11
b111111 /
b111111 8
b10 ,
b10 7
#5510000
b1000100110 2
0-
#5515000
b111111 ^
b1001010100111000 H
0I
b11100011 $
b11100011 d
1%
1-
#5519000
09
1+
01
b111011 /
b111011 8
b101 ,
b101 7
#5520000
b1000100111 2
0-
#5525000
1N
0#
0%
b1011000 $
b1011000 d
1-
#5529000
00
b1001111 /
b1001111 8
b10 ,
b10 7
#5530000
b1000101000 2
0-
#5535000
1J
b111111 $
b111111 d
1-
#5539000
b11000111 /
b11000111 8
b0 ,
b0 7
#5540000
b1000101001 2
0-
#5545000
b10101 $
b10101 d
1-
#5549000
0+
1*
0.
10
b10001111 /
b10001111 8
b10 ,
b10 7
#5550000
b1000101010 2
0-
#5555000
0N
1M
b111111 $
b111111 d
1-
#5559000
19
1+
1.
11
b10001 /
b10001 8
b101 ,
b101 7
#5560000
b1000101011 2
0-
#5565000
1R
0J
1I
1N
1E
b111110000010101 H
1%
b1011000 $
b1011000 d
1-
#5569000
09
0+
0.
00
b1010011 /
b1010011 8
b110 ,
b110 7
#5570000
b1000101100 2
0-
#5575000
1J
0N
1S
0R
b1 D
b110000 $
b110000 d
0%
1-
#5579000
19
1+
1.
10
b11000110 /
b11000110 8
b1 ,
b1 7
#5580000
b1000101101 2
0-
#5585000
b10 D
14
1B
05
06
0C
0S
1R
0J
1N
b1100011000010101 `
1%
b1111100 $
b1111100 d
1-
#5589000
09
0+
0.
01
b100100 /
b100100 8
b100 ,
b100 7
#5590000
b1000101110 2
0-
#5595000
b110000 ]
1@
b1100011000010101 H
1J
0N
1S
0R
15
16
1C
04
0B
b0 D
b0 T
0W
b0 V
b11 $
b11 d
0%
1-
#5599000
1+
11
b10010 /
b10010 8
b111 ,
b111 7
#5600000
b1000101111 2
0-
#5605000
1Y
b1000 V
b10 T
1W
05
06
0C
0S
1R
0J
1N
b0 $
b0 d
1-
#5609000
19
0+
1.
b10010100 /
b10010100 8
b110 ,
b110 7
#5610000
b1000110000 2
0-
#5615000
1J
0N
1S
0R
15
16
1C
b1000000000 D
b1011000 3
b1011000 [
0Y
b110000 $
b110000 d
1%
1-
#5619000
1+
0*
b11010010 /
b11010010 8
b101 ,
b101 7
#5620000
b1000110001 2
0-
#5625000
0W
0'
0O
b10000000000 D
14
1B
05
06
0C
0S
1R
0J
1N
0M
0%
b1011000 $
b1011000 d
1-
#5629000
09
0+
0.
01
b1001000 /
b1001000 8
b10 ,
b10 7
#5630000
b1000110010 2
0-
#5635000
b110000 ]
0L
0E
1J
0I
0N
0R
15
16
1C
04
0B
1'
1O
b0 D
b0 T
b0 V
b111111 $
b111111 d
1-
#5639000
11
b1101 /
b1101 8
b101 ,
b101 7
#5640000
b1000110011 2
0-
#5645000
1Y
b1000 V
b10 T
0J
1E
1L
b1011000 $
b1011000 d
1-
#5649000
01
b10100100 /
b10100100 8
b10 ,
b10 7
#5650000
b1000110100 2
0-
#5655000
0E
b1000000000 D
0Y
b111111 $
b111111 d
1-
#5659000
1+
00
b1000101 /
b1000101 8
b110 ,
b110 7
#5660000
b1000110101 2
0-
#5665000
1N
b110000 $
b110000 d
1-
#5669000
0+
1.
11
b11000100 /
b11000100 8
b101 ,
b101 7
#5670000
b1000110110 2
0-
#5675000
1J
0N
b1011000 $
b1011000 d
1-
#5679000
1+
01
b1011011 /
b1011011 8
#5680000
b1000110111 2
0-
#5685000
0J
1N
1-
#5689000
1*
11
b11011011 /
b11011011 8
b110 ,
b110 7
#5690000
b1000111000 2
0-
#5695000
1J
1M
b110000 $
b110000 d
1-
#5699000
19
10
b111001 /
b111001 8
b101 ,
b101 7
#5700000
b1000111001 2
0-
#5705000
1K
1I
1E
1%
b1011000 $
b1011000 d
1-
#5709000
09
0*
00
b10101011 /
b10101011 8
b111 ,
b111 7
#5710000
b1000111010 2
0-
#5715000
0M
0'
0O
b10000000000 D
b0 $
b0 d
0%
1-
#5719000
0.
b10011001 /
b10011001 8
b0 ,
b0 7
#5720000
b1000111011 2
0-
#5725000
1'
1O
b100000000000 D
0I
0E
0L
b10101 $
b10101 d
1-
#5729000
0+
10
01
b1101100 /
b1101100 8
b100 ,
b100 7
#5730000
b1000111100 2
0-
#5735000
1L
1E
0N
b1100011 $
b1100011 d
1-
#5739000
11
b10101011 /
b10101011 8
#5740000
b1000111101 2
0-
#5745000
b1000000000000 D
0J
0E
1-
#5749000
19
1+
1.
b11110101 /
b11110101 8
#5750000
b1000111110 2
0-
#5755000
1N
1%
1-
#5759000
09
0+
0.
00
01
b11011001 /
b11011001 8
b101 ,
b101 7
#5760000
b1000111111 2
0-
#5765000
1J
0N
0%
b1011000 $
b1011000 d
1-
#5769000
1+
1*
11
b1000001 /
b1000001 8
b0 ,
b0 7
#5770000
b1001000000 2
0-
#5775000
0J
1N
1M
b10101 $
b10101 d
1-
#5779000
0+
0*
1.
01
b10110000 /
b10110000 8
b1 ,
b1 7
#5780000
b1001000001 2
0-
#5785000
1S
1J
1I
0N
0M
1E
b11000110 $
b11000110 d
1-
#5789000
1+
1*
0.
10
b1010001 /
b1010001 8
b10 ,
b10 7
#5790000
b1001000010 2
0-
#5795000
0E
0J
0I
1N
1M
0S
05
06
0C
14
1B
0'
0O
1F
b0 D
b111111 $
b111111 d
1-
#5799000
0+
00
b1110110 /
b1110110 8
b101 ,
b101 7
#5800000
b1001000011 2
0-
#5805000
b0 T
b0 V
1'
1O
0F
04
0B
1S
1J
1I
0N
1E
0L
b110000 ]
b1011000 $
b1011000 d
1-
#5809000
0*
11
b11011101 /
b11011101 8
b11 ,
b11 7
#5810000
b1001000100 2
0-
#5815000
1L
0J
0M
0S
1R
1Y
b1000 V
b10 T
1-
#5819000
1+
1.
01
b10010100 /
b10010100 8
b0 ,
b0 7
#5820000
b1001000101 2
0-
#5825000
0Y
b1000000000 D
15
16
1C
0R
0I
1N
0E
b10101 $
b10101 d
1-
#5829000
0+
11
b11010 /
b11010 8
b110 ,
b110 7
#5830000
b1001000110 2
0-
#5835000
1J
0N
b110000 $
b110000 d
1-
#5839000
1+
1*
0.
b11101101 /
b11101101 8
b100 ,
b100 7
#5840000
b1001000111 2
0-
#5845000
0J
1N
1M
b1100011 $
b1100011 d
1-
#5849000
19
1.
10
b11100000 /
b11100000 8
b111 ,
b111 7
#5850000
b1001001000 2
0-
#5855000
1E
1J
1I
1S
b0 $
b0 d
1%
1-
#5859000
09
0+
00
01
b100011 /
b100011 8
b10 ,
b10 7
#5860000
b1001001001 2
0-
#5865000
0'
0O
b10000000000 D
14
1B
05
06
0C
0S
0N
0%
b111111 $
b111111 d
1-
#5869000
0*
b11010101 /
b11010101 8
b110 ,
b110 7
#5870000
b1001001010 2
0-
#5875000
b110000 ]
0L
0J
0M
1R
04
0B
1'
1O
b0 D
b0 T
b0 V
b110000 $
b110000 d
1-
#5879000
0.
10
b11100100 /
b11100100 8
b1 ,
b1 7
#5880000
b1001001011 2
0-
#5885000
1Y
b1000 V
b10 T
15
16
1C
0R
0I
1L
b11000110 $
b11000110 d
1-
#5889000
1+
1*
1.
00
11
b1010111 /
b1010111 8
b111 ,
b111 7
#5890000
b1001001100 2
0-
#5895000
0E
1N
1M
b1000000000 D
0Y
b0 $
b0 d
1-
#5899000
0*
0.
b11100010 /
b11100010 8
b100 ,
b100 7
#5900000
b1001001101 2
0-
#5905000
1S
1J
1I
0M
1E
b1100011 $
b1100011 d
1-
#5909000
10
b100011 /
b100011 8
#5910000
b1001001110 2
0-
#5915000
0E
0I
0S
05
06
0C
14
1B
0'
0O
b10000000000 D
1-
#5919000
0+
1*
1.
00
b11010000 /
b11010000 8
b110 ,
b110 7
#5920000
b1001001111 2
0-
#5925000
b0 T
b0 V
1'
1O
b0 D
04
0B
0N
1M
0L
b110000 ]
b110000 $
b110000 d
1-
#5929000
1+
0*
01
b10001000 /
b10001000 8
b100 ,
b100 7
#5930000
b1001010000 2
0-
#5935000
1L
1E
0J
1I
1N
0M
1R
0K
1Y
b1000 V
b10 T
b100011 $
b100011 d
1-
#5939000
0+
11
b10001001 /
b10001001 8
b101 ,
b101 7
#5940000
b1001010001 2
0-
#5945000
0Y
b1000000000 D
15
16
1C
0R
1J
0I
0N
0E
b1011000 $
b1011000 d
1-
#5949000
1+
1*
0.
10
01
b100 ,
b100 7
#5950000
b1001010010 2
0-
#5955000
0J
1N
1M
b1100011 $
b1100011 d
1-
#5959000
11
b1001100 /
b1001100 8
b110 ,
b110 7
#5960000
b1001010011 2
0-
#5965000
1K
1S
1J
1I
1E
b110000 $
b110000 d
1-
#5969000
0+
0*
b1010100 /
b1010100 8
b1 ,
b1 7
#5970000
b1001010100 2
0-
#5975000
0N
0M
0S
05
06
0C
14
1B
0'
0O
b10000000000 D
b11000110 $
b11000110 d
1-
#5979000
1+
00
01
b1111011 /
b1111011 8
b11 ,
b11 7
#5980000
b1001010101 2
0-
#5985000
b0 T
b0 V
1'
1O
b0 D
04
0B
0J
0I
1N
0E
0L
b110000 ]
b1011000 $
b1011000 d
1-
#5989000
0+
1*
1.
11
b11111010 /
b11111010 8
b101 ,
b101 7
#5990000
b1001010110 2
0-
#5995000
1L
1E
1J
0N
1M
1Y
b1000 V
b10 T
1-
#5999000
0*
0.
10
b10101011 /
b10101011 8
b10 ,
b10 7
#6000000
b1001010111 2
0-
#6005000
0Y
b1000000000 D
0K
1R
0J
1I
0M
b111111 $
b111111 d
1-
#6009000
1.
00
01
b11100010 /
b11100010 8
b111 ,
b111 7
#6010000
b1001011000 2
0-
#6015000
0E
0I
0R
15
16
1C
0'
0O
b10000000000 D
b0 $
b0 d
1-
#6019000
1+
1*
b10010000 /
b10010000 8
b110 ,
b110 7
#6020000
b1001011001 2
0-
#6025000
1N
1M
0L
b110000 $
b110000 d
1-
#6029000
0*
0.
11
b10001011 /
b10001011 8
b10 ,
b10 7
#6030000
b1001011010 2
0-
#6035000
1E
1J
1I
0M
1S
1K
b111111 $
b111111 d
1-
#6039000
0+
1*
1.
01
b11000101 /
b11000101 8
b101 ,
b101 7
#6040000
b1001011011 2
0-
#6045000
1'
1O
b100000000000 D
14
1B
05
06
0C
0S
0I
0N
1M
b1011000 $
b1011000 d
1-
#6049000
0.
11
b10111000 /
b10111000 8
b111 ,
b111 7
#6050000
b1001011100 2
0-
#6055000
b110000 ]
1L
0J
1I
1R
04
0B
0K
b0 D
b0 T
b0 V
b0 $
b0 d
1-
#6059000
0*
1.
01
b11101011 /
b11101011 8
b10 ,
b10 7
#6060000
b1001011101 2
0-
#6065000
1Y
b1000 V
b10 T
15
16
1C
0R
0M
b111111 $
b111111 d
1-
#6069000
19
1+
10
11
b111110 /
b111110 8
b101 ,
b101 7
#6070000
b1001011110 2
0-
#6075000
0E
0I
1N
b1000000000 D
0Y
b1011000 $
b1011000 d
1%
1-
#6079000
09
0+
0.
00
01
b10010000 /
b10010000 8
#6080000
b1001011111 2
0-
#6085000
1J
0N
0%
1-
#6089000
1*
1.
10
b11100111 /
b11100111 8
#6090000
b1001100000 2
0-
#6095000
0J
1M
1%
1-
#6099000
19
1+
11
b110010 /
b110010 8
b0 ,
b0 7
#6100000
b1001100001 2
0-
#6105000
1I
1N
1E
b1100011000110010 `
0%
b10101 $
b10101 d
1-
#6109000
09
0+
0.
01
b111001 /
b111001 8
b110 ,
b110 7
#6110000
b1001100010 2
0-
#6115000
b1100011000110010 H
1J
0N
1S
0'
0O
b10000000000 D
b110000 $
b110000 d
1-
#6119000
1+
0*
b10000011 /
b10000011 8
b0 ,
b0 7
#6120000
b1001100011 2
0-
#6125000
1'
1O
b100000000000 D
14
1B
05
06
0C
0S
1R
0J
1N
0M
0L
b110010 $
b110010 d
1-
#6129000
0+
1.
b1111001 /
b1111001 8
b1 ,
b1 7
#6130000
b1001100100 2
0-
#6135000
b110000 ]
1L
1J
0I
0N
0R
15
16
1C
04
0B
b0 D
b0 T
b0 V
b11000110 $
b11000110 d
1%
1-
#6139000
00
b11100101 /
b11100101 8
b110 ,
b110 7
#6140000
b1001100101 2
0-
#6145000
1Y
b1000 V
b10 T
0J
0E
0%
b110000 $
b110000 d
1-
#6149000
1+
0.
10
11
b1110000 /
b1110000 8
b1 ,
b1 7
#6150000
b1001100110 2
0-
#6155000
1N
0Y
b11000110 $
b11000110 d
1-
#6159000
1.
01
b1010110 /
b1010110 8
#6160000
b1001100111 2
0-
#6165000
1J
1%
1-
#6169000
09
0+
0.
11
b10111110 /
b10111110 8
#6170000
b1001101000 2
0-
#6175000
0N
0%
1-
#6179000
01
b100100 /
b100100 8
b0 ,
b0 7
#6180000
b1001101001 2
0-
#6185000
0J
b110010 $
b110010 d
1-
#6189000
1+
1*
00
11
b111 /
b111 8
b101 ,
b101 7
#6190000
b1001101010 2
0-
#6195000
1N
1M
b1011000 $
b1011000 d
1-
#6199000
1.
01
b11100 /
b11100 8
b111 ,
b111 7
#6200000
b1001101011 2
0-
#6205000
1K
1S
1J
1I
1E
b0 $
b0 d
1-
#6209000
19
0+
10
11
b10110000 /
b10110000 8
b0 ,
b0 7
#6210000
b1001101100 2
0-
#6215000
b1100011010110000 `
0N
0S
05
06
0C
b1000000000 D
b110010 $
b110010 d
1%
1-
#6219000
09
0.
b10100101 /
b10100101 8
b1 ,
b1 7
#6220000
b1001101101 2
0-
#6225000
0'
0O
b10000000000 D
1R
0J
b1100011010110000 H
0%
b11000110 $
b11000110 d
1-
#6229000
1+
01
b1110100 /
b1110100 8
b101 ,
b101 7
#6230000
b1001101110 2
0-
#6235000
0L
1N
0R
15
16
1C
1'
1O
b100000000000 D
b1011000 $
b1011000 d
1-
#6239000
0+
0*
b1001011 /
b1001011 8
b0 ,
b0 7
#6240000
b1001101111 2
0-
#6245000
b1000000000000 D
1S
1J
0N
0M
1L
b10110000 $
b10110000 d
1-
#6249000
1.
b11111110 /
b11111110 8
b10 ,
b10 7
#6250000
b1001110000 2
0-
#6255000
0E
0J
0I
0S
05
06
0C
14
1B
0'
0O
1F
b0 D
b111111 $
b111111 d
1%
1-
#6259000
1+
1*
0.
00
b101001 /
b101001 8
#6260000
b1001110001 2
0-
#6265000
b0 T
b0 V
1'
1O
0F
04
0B
1N
1M
0L
b110000 ]
0%
1-
#6269000
b10110010 /
b10110010 8
b111 ,
b111 7
#6270000
b1001110010 2
0-
#6275000
1L
1E
1J
1I
1S
1Y
b1000 V
b10 T
b0 $
b0 d
1-
#6279000
0+
0*
10
11
b10110000 /
b10110000 8
b0 ,
b0 7
#6280000
b1001110011 2
0-
#6285000
0Y
b1000000000 D
0S
0N
0M
b10110000 $
b10110000 d
1-
#6289000
1*
1.
01
b101 /
b101 8
b111 ,
b111 7
#6290000
b1001110100 2
0-
#6295000
0E
0J
0I
1M
0'
0O
b10000000000 D
b0 $
b0 d
1%
1-
#6299000
0*
0.
00
b110000 /
b110000 8
b1 ,
b1 7
#6300000
b1001110101 2
0-
#6305000
0K
1I
0M
1E
0L
0%
b11000110 $
b11000110 d
1-
#6309000
1*
1.
10
b1111001 /
b1111001 8
#6310000
b1001110110 2
0-
#6315000
0I
1M
1'
1O
b100000000000 D
1%
1-
#6319000
19
1+
11
b11010111 /
b11010111 8
b100 ,
b100 7
#6320000
b1001110111 2
0-
#6325000
b1000000000000 D
1I
1N
1L
0%
b100011 $
b100011 d
1-
#6329000
09
0+
0*
0.
b1000100 /
b1000100 8
b111 ,
b111 7
#6330000
b1001111000 2
0-
#6335000
1J
0N
0M
1S
0'
0O
1F
b0 D
b0 $
b0 d
1-
#6339000
1*
1.
00
b1000000 /
b1000000 8
b1 ,
b1 7
#6340000
b1001111001 2
0-
#6345000
1Z
b1000000000 D
0F
0S
0J
0I
1M
0E
0L
b11000110 $
b11000110 d
1-
#6349000
19
1+
10
b11011010 /
b11011010 8
b10 ,
b10 7
#6350000
b1001111010 2
0-
#6355000
b11011010 ^
1E
1I
1N
b10110000 3
b10110000 [
b110 X
0Z
b111111 $
b111111 d
1%
1-
#6359000
09
0+
0.
00
01
b11111000 /
b11111000 8
b110 ,
b110 7
#6360000
b1001111011 2
0-
#6365000
1W
b10000000000 D
1S
1J
0N
0E
b1100011010101111 H
1#
0%
b110000 $
b110000 d
1-
#6369000
1+
1.
11
b1111110 /
b1111110 8
b100 ,
b100 7
#6370000
b1001111100 2
0-
#6375000
b1100011010101110 H
0J
1N
0S
1R
14
1B
b100011 $
b100011 d
1-
#6379000
0+
0.
b1110101 /
b1110101 8
b111 ,
b111 7
#6380000
b1001111101 2
0-
#6385000
b0 T
0W
b0 V
1'
1O
b0 D
04
0B
15
16
1C
1S
0R
1J
0N
b1100011010101101 H
b110000 ]
b0 $
b0 d
1-
#6389000
1+
10
b111001 /
b111001 8
b100 ,
b100 7
#6390000
b1001111110 2
0-
#6395000
1L
b1100011010101100 H
0J
1N
0S
1R
05
06
0C
1Y
b1000 V
b10 T
1W
b1100011 $
b1100011 d
1-
#6399000
19
0+
0*
1.
b11101011 /
b11101011 8
b11 ,
b11 7
#6400000
b1001111111 2
0-
#6405000
0Y
b111 X
b1011000 3
b1011000 [
15
16
1C
1S
0R
1J
0N
0M
b1100011010101011 H
b11101011 c
1%
b10110000 $
b10110000 d
1-
#6409000
09
1+
0.
00
01
b110101 /
b110101 8
b101 ,
b101 7
#6410000
b1010000000 2
0-
#6415000
b1100011010101010 H
0J
0I
1N
0S
05
06
0C
0W
b11101011 $
b11101011 d
0%
1-
#6419000
0+
1.
10
b10111000 /
b10111000 8
b111 ,
b111 7
#6420000
b1010000001 2
0-
#6425000
1J
0N
b1100011010101001 H
1%
b0 $
b0 d
1-
#6429000
09
1+
1*
0.
00
11
b11110000 /
b11110000 8
b101 ,
b101 7
#6430000
b1010000010 2
0-
#6435000
b1100011010101000 H
0J
1N
1M
b11101011 $
b11101011 d
0%
1-
#6439000
0+
0*
1.
b101000 /
b101000 8
b111 ,
b111 7
#6440000
b1010000011 2
0-
#6445000
1K
1S
1J
1I
0N
0M
b1100011010100111 H
b0 $
b0 d
1-
#6449000
1+
1*
0.
10
b10100101 /
b10100101 8
b1 ,
b1 7
#6450000
b1010000100 2
0-
#6455000
b1100011010100110 H
0J
0I
1N
1M
0S
b11000110 $
b11000110 d
1-
#6459000
00
b1001111 /
b1001111 8
b100 ,
b100 7
#6460000
b1010000101 2
0-
#6465000
1S
1J
1I
b1100011010100101 H
b100011 $
b100011 d
1-
#6469000
10
b10100011 /
b10100011 8
b101 ,
b101 7
#6470000
b1010000110 2
0-
#6475000
b1100011010100100 H
0S
b11101011 $
b11101011 d
1-
#6479000
00
01
b1100001 /
b1100001 8
b0 ,
b0 7
#6480000
b1010000111 2
0-
#6485000
b1100011010100011 H
b10110000 $
b10110000 d
1-
#6489000
19
1.
10
11
b11011001 /
b11011001 8
b100 ,
b100 7
#6490000
b1010001000 2
0-
#6495000
1<
1;
0=
1?
1>
b11011001 ]
b1100011010100010 H
b100011 $
b100011 d
1%
1-
#6499000
09
0+
0*
0.
b100000 /
b100000 8
b101 ,
b101 7
#6500000
b1010001001 2
0-
#6505000
0>
0N
0M
b1100011010100001 H
0_
0@
b11011000 ]
0%
b11101011 $
b11101011 d
1-
#6509000
1*
01
b10010001 /
b10010001 8
b11 ,
b11 7
#6510000
b1010001010 2
0-
#6515000
0#
b1100011010100000 H
0J
0I
1M
b1011000 $
b1011000 d
1-
#6519000
0*
1.
00
b10111011 /
b10111011 8
b111 ,
b111 7
#6520000
b1010001011 2
0-
#6525000
0K
1I
0M
b1100011010011111 H
b0 $
b0 d
1-
#6529000
1*
0.
b11110 /
b11110 8
b101 ,
b101 7
#6530000
b1010001100 2
0-
#6535000
b1100011010011110 H
0I
1M
b11101011 $
b11101011 d
1-
#6539000
1.
10
b1100100 /
b1100100 8
b0 ,
b0 7
#6540000
b1010001101 2
0-
#6545000
1I
b1100011010011101 H
1%
b10110000 $
b10110000 d
1-
#6549000
b11011111 /
b11011111 8
b1 ,
b1 7
#6550000
b1010001110 2
0-
#6555000
b1100011010011100 H
b11000110 $
b11000110 d
0%
1-
#6559000
1+
00
b110000 /
b110000 8
b111 ,
b111 7
#6560000
b1010001111 2
0-
#6565000
1N
b1100011010011011 H
b0 $
b0 d
1-
#6569000
19
0*
10
11
b1011001 /
b1011001 8
b11 ,
b11 7
#6570000
b1010010000 2
0-
#6575000
b1011001 c
b1100011010011010 H
1J
0M
1S
b1011000 $
b1011000 d
1%
1-
#6579000
b10110 /
b10110 8
b0 ,
b0 7
#6580000
b1010010001 2
0-
#6585000
0S
0I
b1100011010011001 H
b1100011000010110 `
0%
b10110000 $
b10110000 d
1-
#6589000
09
0+
0.
b111000 /
b111000 8
b100 ,
b100 7
#6590000
b1010010010 2
0-
#6595000
b1100011010011000 H
0N
b10 $
b10 d
1-
#6599000
1+
1.
01
b11101 /
b11101 8
b110 ,
b110 7
#6600000
b1010010011 2
0-
#6605000
0J
1N
b1100011010010111 H
1%
b11011000 $
b11011000 d
1-
#6609000
0+
1*
0.
b10001110 /
b10001110 8
b111 ,
b111 7
#6610000
b1010010100 2
0-
#6615000
b1100011010010110 H
1J
0N
1M
b0 $
b0 d
0%
1-
#6619000
0*
1.
b11100111 /
b11100111 8
b11 ,
b11 7
#6620000
b1010010101 2
0-
#6625000
1R
0J
1I
0M
b1100011010010101 H
1%
b1011000 $
b1011000 d
1-
#6629000
09
1+
0.
11
b10110000 /
b10110000 8
b1 ,
b1 7
#6630000
b1010010110 2
0-
#6635000
b1100011010010100 H
0I
1N
0R
15
16
1C
b11000110 $
b11000110 d
0%
1-
#6639000
0+
1.
00
01
b10001010 /
b10001010 8
b100 ,
b100 7
#6640000
b1010010111 2
0-
#6645000
1J
0N
b1100011010010011 H
b1000010 $
b1000010 d
1-
#6649000
11
b11010 /
b11010 8
b111 ,
b111 7
#6650000
b1010011000 2
0-
#6655000
b1100011010010010 H
0J
b0 $
b0 d
1-
#6659000
0.
b11111100 /
b11111100 8
#6660000
b1010011001 2
0-
#6665000
b1100011010010001 H
1-
#6669000
1.
10
01
b1010001 /
b1010001 8
b0 ,
b0 7
#6670000
b1010011010 2
0-
#6675000
b1100011010010000 H
b10110 $
b10110 d
1%
1-
#6679000
b110011 /
b110011 8
b101 ,
b101 7
#6680000
b1010011011 2
0-
#6685000
b1100011010001111 H
0%
b1011001 $
b1011001 d
1-
#6689000
09
1+
1*
0.
00
11
b11101010 /
b11101010 8
b11 ,
b11 7
#6690000
b1010011100 2
0-
#6695000
b1100011010001110 H
1N
1M
b1011000 $
b1011000 d
1-
#6699000
0+
0*
01
b111100 /
b111100 8
b101 ,
b101 7
#6700000
b1010011101 2
0-
#6705000
1K
1S
1J
1I
0N
0M
b1100011010001101 H
b1011001 $
b1011001 d
1-
#6709000
10
b111011 /
b111011 8
b1 ,
b1 7
#6710000
b1010011110 2
0-
#6715000
b1100011010001100 H
0J
0I
0S
05
06
0C
b11000110 $
b11000110 d
1-
#6719000
1*
1.
b11010010 /
b11010010 8
b11 ,
b11 7
#6720000
b1010011111 2
0-
#6725000
1M
b1100011010001011 H
1%
b1011000 $
b1011000 d
1-
#6729000
19
0*
11
b111100 /
b111100 8
b110 ,
b110 7
#6730000
b1010100000 2
0-
#6735000
b1100011010001010 H
1I
0M
0K
b11011000 $
b11011000 d
0%
1-
#6739000
09
1+
1*
01
b10000100 /
b10000100 8
b100 ,
b100 7
#6740000
b1010100001 2
0-
#6745000
0I
1N
1M
b1100011010001001 H
1%
b10 $
b10 d
1-
#6749000
0+
0*
00
b10110110 /
b10110110 8
b10 ,
b10 7
#6750000
b1010100010 2
0-
#6755000
b1100011010001000 H
1J
1I
0N
0M
1S
1K
b11011010 $
b11011010 d
0%
1-
#6759000
1+
1*
0.
11
b11000011 /
b11000011 8
#6760000
b1010100011 2
0-
#6765000
0S
0J
0I
1N
1M
b1100011010000111 H
1-
#6769000
0+
10
01
b100100 /
b100100 8
b111 ,
b111 7
#6770000
b1010100100 2
0-
#6775000
b1100011010000110 H
1J
1I
0N
1S
b0 $
b0 d
1-
#6779000
1+
0*
11
b1110011 /
b1110011 8
b10 ,
b10 7
#6780000
b1010100101 2
0-
#6785000
0S
1R
0J
1N
0M
b1100011010000101 H
b11011010 $
b11011010 d
1-
#6789000
0+
1.
00
b101111 /
b101111 8
b101 ,
b101 7
#6790000
b1010100110 2
0-
#6795000
b1100011010000100 H
1J
0I
0N
0R
15
16
1C
b1011001 $
b1011001 d
1-
#6799000
1+
10
01
b1110100 /
b1110100 8
#6800000
b1010100111 2
0-
#6805000
0J
1N
b1100011010000011 H
1%
1-
#6809000
09
0+
1*
0.
00
11
b1110111 /
b1110111 8
b100 ,
b100 7
#6810000
b1010101000 2
0-
#6815000
b1100011010000010 H
1J
0N
1M
b1000010 $
b1000010 d
0%
1-
#6819000
0*
b100110 /
b100110 8
b101 ,
b101 7
#6820000
b1010101001 2
0-
#6825000
0K
1R
0J
1I
0M
b1100011010000001 H
b1011001 $
b1011001 d
1-
#6829000
1.
10
01
b1111010 /
b1111010 8
b1 ,
b1 7
#6830000
b1010101010 2
0-
#6835000
b1100011010000000 H
0I
0R
b11000110 $
b11000110 d
1%
1-
#6839000
09
1+
1*
0.
00
11
b10111111 /
b10111111 8
b0 ,
b0 7
#6840000
b1010101011 2
0-
#6845000
1N
1M
b1100011001111111 H
0%
b10110 $
b10110 d
1-
#6849000
b111010 /
b111010 8
b10 ,
b10 7
#6850000
b1010101100 2
0-
#6855000
b1100011001111110 H
1J
1I
1S
1K
b11011010 $
b11011010 d
1-
#6859000
0*
1.
10
01
b10101101 /
b10101101 8
b111 ,
b111 7
#6860000
b1010101101 2
0-
#6865000
05
06
0C
0S
0M
b1100011001111101 H
1%
b0 $
b0 d
1-
#6869000
0+
0.
00
b1000100 /
b1000100 8
b1 ,
b1 7
#6870000
b1010101110 2
0-
#6875000
b1100011001111100 H
0I
0N
b11000110 $
b11000110 d
0%
1-
#6879000
1+
10
b10100001 /
b10100001 8
b100 ,
b100 7
#6880000
b1010101111 2
0-
#6885000
0J
1N
b1100011001111011 H
b10 $
b10 d
1-
#6889000
0+
1*
1.
b1010101 /
b1010101 8
b11 ,
b11 7
#6890000
b1010110000 2
0-
#6895000
b1100011001111010 H
1J
0N
1M
b1011000 $
b1011000 d
1%
1-
#6899000
19
11
b1101111 /
b1101111 8
b0 ,
b0 7
#6900000
b1010110001 2
0-
#6905000
0K
1R
0J
1I
b1100011001111001 H
b1100011001101111 `
0%
b10110 $
b10110 d
1-
#6909000
b100100 /
b100100 8
b11 ,
b11 7
#6910000
b1010110010 2
0-
#6915000
b100100 c
b1100011001111000 H
0R
15
16
1C
b1011000 $
b1011000 d
1%
1-
#6919000
09
1+
0.
00
b1101100 /
b1101100 8
b111 ,
b111 7
#6920000
b1010110011 2
0-
#6925000
1N
b1100011001110111 H
0%
b0 $
b0 d
1-
#6929000
0+
1.
b10011100 /
b10011100 8
b10 ,
b10 7
#6930000
b1010110100 2
0-
#6935000
b1100011001110110 H
1J
0N
1S
b11011010 $
b11011010 d
1-
#6939000
0.
10
01
b1011101 /
b1011101 8
b111 ,
b111 7
#6940000
b1010110101 2
0-
#6945000
05
06
0C
0S
1R
0J
b1100011001110101 H
b0 $
b0 d
1-
#6949000
00
b100101 /
b100101 8
b101 ,
b101 7
#6950000
b1010110110 2
0-
#6955000
b1100011001110100 H
0R
15
16
1C
b100100 $
b100100 d
1-
#6959000
1+
10
b11100110 /
b11100110 8
b0 ,
b0 7
#6960000
b1010110111 2
0-
#6965000
1N
b1100011001110011 H
b1101111 $
b1101111 d
1-
#6969000
0+
00
11
b11010110 /
b11010110 8
b10 ,
b10 7
#6970000
b1010111000 2
0-
#6975000
b1100011001110010 H
1J
0N
1S
b11011010 $
b11011010 d
1-
#6979000
1+
0*
1.
10
01
b101111 /
b101111 8
b110 ,
b110 7
#6980000
b1010111001 2
0-
#6985000
05
06
0C
0S
1R
0J
1N
0M
b1100011001110001 H
1%
b11011000 $
b11011000 d
1-
#6989000
0+
0.
b1000010 /
b1000010 8
b0 ,
b0 7
#6990000
b1010111010 2
0-
#6995000
b1100011001110000 H
1J
0I
0N
0R
15
16
1C
b1101111 $
b1101111 d
0%
1-
#6999000
1*
00
11
b1101101 /
b1101101 8
b110 ,
b110 7
#7000000
b1010111011 2
0-
#7005000
0J
1M
b1100011001101111 H
b11011000 $
b11011000 d
1-
#7009000
0*
1.
b10 /
b10 8
#7010000
b1010111100 2
0-
#7015000
b1100011001101110 H
1I
0M
1-
#7019000
1+
1*
b1101001 /
b1101001 8
b0 ,
b0 7
#7020000
b1010111101 2
0-
#7025000
0I
1N
1M
b1100011001101101 H
b1101111 $
b1101111 d
1-
#7029000
0+
0*
b10110001 /
b10110001 8
#7030000
b1010111110 2
0-
#7035000
b1100011001101100 H
1J
1I
0N
0M
1S
1K
1-
#7039000
0.
10
01
b10100101 /
b10100101 8
b100 ,
b100 7
#7040000
b1010111111 2
0-
#7045000
05
06
0C
0S
0J
0I
b1100011001101011 H
b1000010 $
b1000010 d
1-
#7049000
00
b1100011 /
b1100011 8
b1 ,
b1 7
#7050000
b1011000000 2
0-
#7055000
b1100011001101010 H
b11000110 $
b11000110 d
1-
#7059000
1.
b10001111 /
b10001111 8
b100 ,
b100 7
#7060000
b1011000001 2
0-
#7065000
b1100011001101001 H
b10 $
b10 d
1-
#7069000
1*
0.
10
11
b1100001 /
b1100001 8
b10 ,
b10 7
#7070000
b1011000010 2
0-
#7075000
b1100011001101000 H
1M
b11011010 $
b11011010 d
1-
#7079000
1+
1.
00
b10101011 /
b10101011 8
b11 ,
b11 7
#7080000
b1011000011 2
0-
#7085000
0K
1I
1N
b1100011001100111 H
b1011000 $
b1011000 d
1-
#7089000
19
0+
10
b10010011 /
b10010011 8
b100 ,
b100 7
#7090000
b1011000100 2
0-
#7095000
0;
0?
1>
b10010011 ]
b1100011001100110 H
1J
0N
1S
b10 $
b10 d
1%
1-
#7099000
b101000 /
b101000 8
b0 ,
b0 7
#7100000
b1011000101 2
0-
#7105000
0S
1R
0J
b1100011001100101 H
b1100011000101000 `
0%
b1101111 $
b1101111 d
1-
#7109000
09
0*
0.
01
b10100101 /
b10100101 8
b110 ,
b110 7
#7110000
b1011000110 2
0-
#7115000
0>
b10010000 ]
b1100011001100100 H
0M
0R
15
16
1C
b10010011 $
b10010011 d
1-
#7119000
1*
b1101110 /
b1101110 8
b100 ,
b100 7
#7120000
b1011000111 2
0-
#7125000
0I
1M
b1100011001100011 H
b1000010 $
b1000010 d
1-
#7129000
19
0*
1.
11
b110100 /
b110100 8
b0 ,
b0 7
#7130000
b1011001000 2
0-
#7135000
b1100011000110100 `
b1100011001100010 H
1I
0M
b101000 $
b101000 d
1%
1-
#7139000
09
1+
00
01
b11111111 /
b11111111 8
b11 ,
b11 7
#7140000
b1011001001 2
0-
#7145000
0I
1N
b1100011001100001 H
0%
b1011000 $
b1011000 d
1-
#7149000
1*
0.
11
b1011110 /
b1011110 8
#7150000
b1011001010 2
0-
#7155000
b1100011001100000 H
1J
1M
1-
#7159000
0+
0*
10
01
b11100 /
b11100 8
b0 ,
b0 7
#7160000
b1011001011 2
0-
#7165000
1K
1I
0N
0M
b1100011001011111 H
b110100 $
b110100 d
1-
#7169000
1*
1.
00
11
b1110100 /
b1110100 8
b10 ,
b10 7
#7170000
b1011001100 2
0-
#7175000
b1100011001011110 H
0J
0I
1M
b11011010 $
b11011010 d
1-
#7179000
b1000111 /
b1000111 8
b100 ,
b100 7
#7180000
b1011001101 2
0-
#7185000
0K
1I
b1100011001011101 H
b1000010 $
b1000010 d
1-
#7189000
1+
0*
01
b10011100 /
b10011100 8
b0 ,
b0 7
#7190000
b1011001110 2
0-
#7195000
b1100011001011100 H
1N
0M
b110100 $
b110100 d
1-
#7199000
0.
11
b111011 /
b111011 8
b10 ,
b10 7
#7200000
b1011001111 2
0-
#7205000
1J
0I
b1100011001011011 H
b11011010 $
b11011010 d
1-
#7209000
0+
1*
1.
b111 /
b111 8
b11 ,
b11 7
#7210000
b1011010000 2
0-
#7215000
b1100011001011010 H
0N
1M
b1011000 $
b1011000 d
1-
#7219000
19
0*
10
b1 ,
b1 7
#7220000
b1011010001 2
0-
#7225000
1R
0J
1I
0M
b1100011001011001 H
b11100110100 `
1%
b11000110 $
b11000110 d
1-
#7229000
b11010 /
b11010 8
b100 ,
b100 7
#7230000
b1011010010 2
0-
#7235000
0<
1?
b11010 ]
b1100011001011000 H
0I
0R
b1000010 $
b1000010 d
0%
1-
#7239000
09
1+
1*
00
01
b1110001 /
b1110001 8
b110 ,
b110 7
#7240000
b1011010011 2
0-
#7245000
1N
1M
b1100011001010111 H
b11000 ]
b11010 $
b11010 d
1-
#7249000
0.
b10110111 /
b10110111 8
b11 ,
b11 7
#7250000
b1011010100 2
0-
#7255000
b1100011001010110 H
1J
1I
1S
1K
b1011000 $
b1011000 d
1-
#7259000
10
11
b10000110 /
b10000110 8
b0 ,
b0 7
#7260000
b1011010101 2
0-
#7265000
05
06
0C
0S
b1100011001010101 H
b110100 $
b110100 d
1-
#7269000
0*
00
b1110110 /
b1110110 8
b100 ,
b100 7
#7270000
b1011010110 2
0-
#7275000
b1100011001010100 H
0M
b10 $
b10 d
1-
#7279000
0+
1.
01
b10000100 /
b10000100 8
b0 ,
b0 7
#7280000
b1011010111 2
0-
#7285000
0I
0N
b1100011001010011 H
b110100 $
b110100 d
1-
#7289000
1*
0.
10
b1000001 /
b1000001 8
b111 ,
b111 7
#7290000
b1011011000 2
0-
#7295000
b1100011001010010 H
0J
1M
b0 $
b0 d
1-
#7299000
0*
1.
00
b11111100 /
b11111100 8
b110 ,
b110 7
#7300000
b1011011001 2
0-
#7305000
0K
1I
0M
b1100011001010001 H
b11000 $
b11000 d
1-
#7309000
1*
0.
10
b10010110 /
b10010110 8
b10 ,
b10 7
#7310000
b1011011010 2
0-
#7315000
b1100011001010000 H
0I
1M
b11011010 $
b11011010 d
1-
#7319000
0*
1.
b10011001 /
b10011001 8
b1 ,
b1 7
#7320000
b1011011011 2
0-
#7325000
1I
0M
b1100011001001111 H
1%
b111 $
b111 d
1-
#7329000
1+
1*
0.
b10100010 /
b10100010 8
b11 ,
b11 7
#7330000
b1011011100 2
0-
#7335000
b1100011001001110 H
0I
1N
1M
b1011000 $
b1011000 d
0%
1-
#7339000
0*
1.
00
b1011111 /
b1011111 8
b1 ,
b1 7
#7340000
b1011011101 2
0-
#7345000
1K
1S
1J
1I
0M
b1100011001001101 H
b111 $
b111 d
1-
#7349000
11
b11111 /
b11111 8
b110 ,
b110 7
#7350000
b1011011110 2
0-
#7355000
b1100011001001100 H
0I
0S
b11000 $
b11000 d
1-
#7359000
0+
1*
0.
01
b111010 /
b111010 8
b11 ,
b11 7
#7360000
b1011011111 2
0-
#7365000
0N
1M
b1100011001001011 H
b1011000 $
b1011000 d
1-
#7369000
1+
10
11
b1101010 /
b1101010 8
#7370000
b1011100000 2
0-
#7375000
b1100011001001010 H
0J
1I
1N
1R
0K
1-
#7379000
0*
00
b10001001 /
b10001001 8
b100 ,
b100 7
#7380000
b1011100001 2
0-
#7385000
15
16
1C
1S
0R
1J
0M
b1100011001001001 H
b10 $
b10 d
1-
#7389000
1*
01
b1100010 /
b1100010 8
b11 ,
b11 7
#7390000
b1011100010 2
0-
#7395000
b1100011001001000 H
0I
1M
0S
05
06
0C
b1011000 $
b1011000 d
1-
#7399000
19
0+
1.
10
11
b101110 /
b101110 8
b10 ,
b10 7
#7400000
b1011100011 2
0-
#7405000
1K
1I
0N
b1100011001000111 H
b101110 ^
1%
b11011010 $
b11011010 d
1-
#7409000
09
1+
0*
00
01
b1100010 /
b1100010 8
b100 ,
b100 7
#7410000
b1011100100 2
0-
#7415000
1E
b11100110100 H
0J
1N
0M
1R
b10 $
b10 d
0%
1-
#7419000
1*
0.
10
11
b1111111 /
b1111111 8
b111 ,
b111 7
#7420000
b1011100101 2
0-
#7425000
b1000000000 D
15
16
1C
0R
1J
0I
1M
0E
b0 $
b0 d
1-
#7429000
0+
01
b10110000 /
b10110000 8
b11 ,
b11 7
#7430000
b1011100110 2
0-
#7435000
1E
1I
0N
b1011000 $
b1011000 d
1-
#7439000
1+
b10100100 /
b10100100 8
b0 ,
b0 7
#7440000
b1011100111 2
0-
#7445000
0'
0O
b10000000000 D
1R
0J
1N
b110100 $
b110100 d
1-
#7449000
0+
00
11
b110 /
b110 8
b101 ,
b101 7
#7450000
b1011101000 2
0-
#7455000
0L
1J
0N
1S
0R
1'
1O
b100000000000 D
b100100 $
b100100 d
1-
#7459000
19
1+
1.
10
b100111 /
b100111 8
b10 ,
b10 7
#7460000
b1011101001 2
0-
#7465000
b1000000000000 D
14
1B
05
06
0C
0S
1R
0J
1N
1L
b100111 ^
1%
b101110 $
b101110 d
1-
#7469000
09
0+
0*
0.
01
b1110010 /
b1110010 8
#7470000
b1011101010 2
0-
#7475000
b11000 ]
1_
1@
1J
0N
0M
1S
0R
15
16
1C
04
0B
b0 D
b0 T
b0 V
b100111 $
b100111 d
0%
1-
#7479000
19
1+
1*
1.
11
b10111111 /
b10111111 8
b111 ,
b111 7
#7480000
b1011101011 2
0-
#7485000
1Y
b100 V
b100 T
05
06
0C
0S
0J
0I
1N
1M
0E
1%
b0 $
b0 d
1-
#7489000
09
0*
00
01
b10111 /
b10111 8
b10 ,
b10 7
#7490000
b1011101100 2
0-
#7495000
1E
1J
1I
0M
1S
b100100 3
b100100 [
0Y
b100111 $
b100111 d
0%
1-
#7499000
19
1*
10
11
b101111 /
b101111 8
b101 ,
b101 7
#7500000
b1011101101 2
0-
#7505000
b10000000000000 D
0S
0I
1M
0E
1%
b100100 $
b100100 d
1-
#7509000
0+
0*
b11110111 /
b11110111 8
b110 ,
b110 7
#7510000
b1011101110 2
0-
#7515000
1E
1I
0N
0M
b11000 $
b11000 d
0%
1-
#7519000
09
1+
1*
0.
00
b10000 /
b10000 8
b1 ,
b1 7
#7520000
b1011101111 2
0-
#7525000
0&
0Q
0'
0O
b100000000000000 D
0J
0I
1N
1M
0E
b111 $
b111 d
1-
#7529000
0*
1.
10
01
b11011001 /
b11011001 8
b0 ,
b0 7
#7530000
b1011110000 2
0-
#7535000
0L
1E
1J
1I
0M
1S
b110100 $
b110100 d
1%
1-
#7539000
09
0.
11
b1101101 /
b1101101 8
b111 ,
b111 7
#7540000
b1011110001 2
0-
#7545000
1P
1'
1O
b1000000000000000 D
14
1B
0S
0I
0%
b0 $
b0 d
1-
#7549000
19
1.
b1010110 /
b1010110 8
b1 ,
b1 7
#7550000
b1011110010 2
0-
#7555000
b101011000110100 `
1L
04
0B
0P
1&
1Q
b0 D
b0 T
b0 V
b111 $
b111 d
1%
1-
#7559000
09
0+
0.
01
b11110101 /
b11110101 8
#7560000
b1011110011 2
0-
#7565000
1Y
b100 V
b100 T
0N
0E
0%
b1010110 $
b1010110 d
1-
#7569000
1+
1*
00
b111101 /
b111101 8
b100 ,
b100 7
#7570000
b1011110100 2
0-
#7575000
0J
1N
1M
0Y
b100011 $
b100011 d
1-
#7579000
0+
10
b10001110 /
b10001110 8
b10 ,
b10 7
#7580000
b1011110101 2
0-
#7585000
1S
1J
1I
0N
1E
b101011000110100 H
b100111 $
b100111 d
1-
#7589000
1.
00
b1011011 /
b1011011 8
b110 ,
b110 7
#7590000
b1011110110 2
0-
#7595000
0J
0S
1R
b10000000000000 D
b11000 $
b11000 d
1-
#7599000
1+
0*
0.
b1110100 /
b1110100 8
b101 ,
b101 7
#7600000
b1011110111 2
0-
#7605000
0&
0Q
0'
0O
b100000000000000 D
15
16
1C
0R
1N
0M
b100100 $
b100100 d
1-
#7609000
1*
1.
10
b1111111 /
b1111111 8
b111 ,
b111 7
#7610000
b1011111000 2
0-
#7615000
0L
0E
1J
0I
1M
1P
1'
1O
b1000000000000000 D
b0 $
b0 d
1%
1-
#7619000
00
b111110 /
b111110 8
b110 ,
b110 7
#7620000
b1011111001 2
0-
#7625000
1I
1E
1L
0%
b11000 $
b11000 d
1-
#7629000
0*
0.
10
11
b11001111 /
b11001111 8
b11 ,
b11 7
#7630000
b1011111010 2
0-
#7635000
0M
b10000000000000000 D
b100100 $
b100100 d
1-
#7639000
1.
00
01
b10011101 /
b10011101 8
b100 ,
b100 7
#7640000
b1011111011 2
0-
#7645000
0P
0'
0O
1F
b0 D
0I
0E
b1100011 $
b1100011 d
1-
#7649000
1*
0.
11
b1111111 /
b1111111 8
b11 ,
b11 7
#7650000
b1011111100 2
0-
#7655000
0L
1M
0F
1Z
b100100 $
b100100 d
1-
#7659000
19
0+
1.
10
b10110111 /
b10110111 8
b10 ,
b10 7
#7660000
b1011111101 2
0-
#7665000
0Z
b110 X
b1001001 3
b1001001 [
1I
0N
1E
b10110111 ^
1%
b100111 $
b100111 d
1-
#7669000
09
01
b100001 /
b100001 8
#7670000
b1011111110 2
0-
#7675000
0E
b101011000110011 H
0J
1R
b10000000000000 D
b10110111 $
b10110111 d
0%
1-
#7679000
19
11
b11100010 /
b11100010 8
b110 ,
b110 7
#7680000
b1011111111 2
0-
#7685000
0R
b101011000110010 H
1%
b11000 $
b11000 d
1-
#7689000
09
0*
0.
b1101001 /
b1101001 8
b11 ,
b11 7
#7690000
b1100000000 2
0-
#7695000
b101011000110001 H
0M
b1001001 $
b1001001 d
0%
1-
#7699000
b11011011 /
b11011011 8
b10 ,
b10 7
#7700000
b1100000001 2
0-
#7705000
0I
b101011000110000 H
b10110111 $
b10110111 d
1-
#7709000
1*
00
01
b10111111 /
b10111111 8
b0 ,
b0 7
#7710000
b1100000010 2
0-
#7715000
b101011000101111 H
1M
b110100 $
b110100 d
1-
#7719000
10
11
b10010100 /
b10010100 8
b1 ,
b1 7
#7720000
b1100000011 2
0-
#7725000
0K
1I
b101011000101110 H
b1010110 $
b1010110 d
1-
#7729000
1.
00
01
b11011101 /
b11011101 8
b101 ,
b101 7
#7730000
b1100000100 2
0-
#7735000
b101011000101101 H
b100100 $
b100100 d
1-
#7739000
19
0*
10
11
b11000000 /
b11000000 8
b111 ,
b111 7
#7740000
b1100000101 2
0-
#7745000
0M
b101011000101100 H
1%
b0 $
b0 d
1-
#7749000
09
1+
1*
01
b10010 /
b10010 8
b0 ,
b0 7
#7750000
b1100000110 2
0-
#7755000
b101011000101011 H
0I
1N
1M
b110100 $
b110100 d
0%
1-
#7759000
0+
0.
00
b11100011 /
b11100011 8
b110 ,
b110 7
#7760000
b1100000111 2
0-
#7765000
1K
1S
1J
1I
0N
b101011000101010 H
b11000 $
b11000 d
1-
#7769000
1+
0*
1.
b111101 /
b111101 8
#7770000
b1100001000 2
0-
#7775000
b101011000101001 H
0J
1N
0M
0S
1R
05
06
0C
14
1B
1-
#7779000
0+
11
b11011000 /
b11011000 8
#7780000
b1100001001 2
0-
#7785000
b0 T
b0 V
1&
1Q
1'
1O
b0 D
04
0B
15
16
1C
0R
1J
0I
0N
b101011000101000 H
b11000 ]
1-
#7789000
19
10
b10000100 /
b10000100 8
b10 ,
b10 7
#7790000
b1100001010 2
0-
#7795000
b10000100 ^
1L
b101011000100111 H
0J
1Y
b100 V
b100 T
b10110111 $
b10110111 d
1%
1-
#7799000
09
1*
01
b10001101 /
b10001101 8
#7800000
b1100001011 2
0-
#7805000
0Y
b111 X
b100100 3
b100100 [
1M
b101011000100110 H
0%
b10000100 $
b10000100 d
1-
#7809000
19
1+
0*
11
b1000010 /
b1000010 8
b110 ,
b110 7
#7810000
b1100001100 2
0-
#7815000
b101011000100101 H
1I
1N
0M
0K
b11000 $
b11000 d
1%
1-
#7819000
09
0+
01
b10011011 /
b10011011 8
b1 ,
b1 7
#7820000
b1100001101 2
0-
#7825000
1J
0I
0N
b101011000100100 H
0%
b1010110 $
b1010110 d
1-
#7829000
09
1+
00
11
b1111101 /
b1111101 8
b101 ,
b101 7
#7830000
b1100001110 2
0-
#7835000
b101011000100011 H
0J
1N
b100100 $
b100100 d
1-
#7839000
0+
1*
10
01
b10101101 /
b10101101 8
#7840000
b1100001111 2
0-
#7845000
1J
0N
1M
b101011000100010 H
1%
1-
#7849000
0*
b10010001 /
b10010001 8
#7850000
b1100010000 2
0-
#7855000
b101011000100001 H
0J
1I
0M
1R
0%
1-
#7859000
1*
00
b11100101 /
b11100101 8
b10 ,
b10 7
#7860000
b1100010001 2
0-
#7865000
0R
0I
1M
b101011000100000 H
b10000100 $
b10000100 d
1-
#7869000
19
1+
0*
10
11
b10101100 /
b10101100 8
b1 ,
b1 7
#7870000
b1100010010 2
0-
#7875000
b1010110000110100 `
b101011000011111 H
1I
1N
0M
b1010110 $
b1010110 d
1%
1-
#7879000
09
00
b10111011 /
b10111011 8
b101 ,
b101 7
#7880000
b1100010011 2
0-
#7885000
1J
0I
b101011000011110 H
0%
b100100 $
b100100 d
1-
#7889000
1*
10
01
b1100110 /
b1100110 8
b110 ,
b110 7
#7890000
b1100010100 2
0-
#7895000
b101011000011101 H
1M
b11000 $
b11000 d
1%
1-
#7899000
09
0+
00
11
b11011000 /
b11011000 8
b11 ,
b11 7
#7900000
b1100010101 2
0-
#7905000
1K
1I
0N
b101011000011100 H
0%
b100100 $
b100100 d
1-
#7909000
1+
0*
0.
10
b10100000 /
b10100000 8
b10 ,
b10 7
#7910000
b1100010110 2
0-
#7915000
b101011000011011 H
0J
1N
0M
1R
b10000100 $
b10000100 d
1-
#7919000
1*
1.
01
b1000010 /
b1000010 8
b111 ,
b111 7
#7920000
b1100010111 2
0-
#7925000
0R
1J
0I
1M
b101011000011010 H
1%
b0 $
b0 d
1-
#7929000
19
0*
11
b1000 /
b1000 8
b101 ,
b101 7
#7930000
b1100011000 2
0-
#7935000
b101011000011001 H
1I
0M
b100100 $
b100100 d
0%
1-
#7939000
09
0+
0.
00
b10001000 /
b10001000 8
#7940000
b1100011001 2
0-
#7945000
0I
0N
b101011000011000 H
1-
#7949000
1+
1*
1.
10
01
b101 /
b101 8
b100 ,
b100 7
#7950000
b1100011010 2
0-
#7955000
b101011000010111 H
0J
1N
1M
b1100011 $
b1100011 d
1%
1-
#7959000
0+
b1011011 /
b1011011 8
b0 ,
b0 7
#7960000
b1100011011 2
0-
#7965000
1S
1J
1I
0N
b101011000010110 H
0%
b110100 $
b110100 d
1-
#7969000
b100101 /
b100101 8
b110 ,
b110 7
#7970000
b1100011100 2
0-
#7975000
b101011000010101 H
0J
0S
1R
05
06
0C
b11000 $
b11000 d
1%
1-
#7979000
09
0.
00
11
b1000011 /
b1000011 8
#7980000
b1100011101 2
0-
#7985000
15
16
1C
0R
b101011000010100 H
0%
1-
#7989000
1+
0*
1.
10
01
b1101011 /
b1101011 8
b1 ,
b1 7
#7990000
b1100011110 2
0-
#7995000
b101011000010011 H
1N
0M
b10101100 $
b10101100 d
1%
1-
#7999000
09
0+
0.
00
11
b1100101 /
b1100101 8
b11 ,
b11 7
#8000000
b1100011111 2
0-
#8005000
1J
0I
0N
b101011000010010 H
0%
b100100 $
b100100 d
1-
#8009000
1+
1*
01
b11001111 /
b11001111 8
b10 ,
b10 7
#8010000
b1100100000 2
0-
#8015000
b101011000010001 H
0J
1N
1M
b10000100 $
b10000100 d
1-
#8019000
0+
10
b10101000 /
b10101000 8
#8020000
b1100100001 2
0-
#8025000
1S
1J
1I
0N
b101011000010000 H
1-
#8029000
1+
0*
1.
00
11
b10111 /
b10111 8
b110 ,
b110 7
#8030000
b1100100010 2
0-
#8035000
b101011000001111 H
0J
1N
0M
0S
1R
05
06
0C
b11000 $
b11000 d
1-
#8039000
b11010 /
b11010 8
b111 ,
b111 7
#8040000
b1100100011 2
0-
#8045000
15
16
1C
0R
1J
0I
b101011000001110 H
b0 $
b0 d
1-
#8049000
1*
0.
b101000 /
b101000 8
#8050000
b1100100100 2
0-
#8055000
b101011000001101 H
1M
1-
#8059000
1.
10
01
b1101010 /
b1101010 8
b0 ,
b0 7
#8060000
b1100100101 2
0-
#8065000
1I
b101011000001100 H
1%
b110100 $
b110100 d
1-
#8069000
19
11
b10100101 /
b10100101 8
b111 ,
b111 7
#8070000
b1100100110 2
0-
#8075000
b101011000001011 H
b0 $
b0 d
0%
1-
#8079000
09
0+
0.
b1110000 /
b1110000 8
b1 ,
b1 7
#8080000
b1100100111 2
0-
#8085000
0N
b101011000001010 H
b10101100 $
b10101100 d
1-
#8089000
1+
b1111100 /
b1111100 8
b11 ,
b11 7
#8090000
b1100101000 2
0-
#8095000
b101011000001001 H
0J
1N
1R
b100100 $
b100100 d
1-
#8099000
0+
0*
01
b11111111 /
b11111111 8
b10 ,
b10 7
#8100000
b1100101001 2
0-
#8105000
1S
0R
1J
0N
0M
b101011000001000 H
b10000100 $
b10000100 d
1-
#8109000
1+
11
b11111010 /
b11111010 8
b101 ,
b101 7
#8110000
b1100101010 2
0-
#8115000
b101011000000111 H
0J
0I
1N
0S
05
06
0C
b100100 $
b100100 d
1-
#8119000
0+
00
b1100001 /
b1100001 8
b10 ,
b10 7
#8120000
b1100101011 2
0-
#8125000
1J
0N
b101011000000110 H
b10000100 $
b10000100 d
1-
#8129000
1+
1*
1.
b11101110 /
b11101110 8
#8130000
b1100101100 2
0-
#8135000
b101011000000101 H
0J
1N
1M
1-
#8139000
0.
01
b11111010 /
b11111010 8
b110 ,
b110 7
#8140000
b1100101101 2
0-
#8145000
1S
1J
1I
b101011000000100 H
b11000 $
b11000 d
1-
#8149000
0*
10
b1101111 /
b1101111 8
b111 ,
b111 7
#8150000
b1100101110 2
0-
#8155000
b101011000000011 H
0M
0S
b0 $
b0 d
1-
#8159000
19
1*
1.
11
b10101 /
b10101 8
#8160000
b1100101111 2
0-
#8165000
0I
1M
b101011000000010 H
1%
1-
#8169000
09
0*
00
b1001000 /
b1001000 8
b100 ,
b100 7
#8170000
b1100110000 2
0-
#8175000
b101011000000001 H
1I
0M
b100011 $
b100011 d
0%
1-
#8179000
0+
b1101101 /
b1101101 8
#8180000
b1100110001 2
0-
#8185000
0I
0N
b101011000000000 H
1-
#8189000
19
1+
10
b10000101 /
b10000101 8
b110 ,
b110 7
#8190000
b1100110010 2
0-
#8195000
b101010111111111 H
0J
1N
b11000 $
b11000 d
1%
1-
#8199000
09
0.
b1111110 /
b1111110 8
#8200000
b1100110011 2
0-
#8205000
1J
b101010111111110 H
0%
1-
#8209000
0+
1.
00
b1000000 /
b1000000 8
b100 ,
b100 7
#8210000
b1100110100 2
0-
#8215000
b101010111111101 H
0N
b100011 $
b100011 d
1-
#8219000
1+
1*
10
01
b1 /
b1 8
b111 ,
b111 7
#8220000
b1100110101 2
0-
#8225000
0J
1N
1M
b101010111111100 H
1%
b0 $
b0 d
1-
#8229000
19
11
b101101 /
b101101 8
b0 ,
b0 7
#8230000
b1100110110 2
0-
#8235000
b1010110000101101 `
b101010111111011 H
1J
1I
1S
b110100 $
b110100 d
0%
1-
#8239000
09
0+
0*
01
b11101111 /
b11101111 8
b100 ,
b100 7
#8240000
b1100110111 2
0-
#8245000
0S
0N
0M
b101010111111010 H
1%
b100011 $
b100011 d
1-
#8249000
09
0.
11
b10101110 /
b10101110 8
b1 ,
b1 7
#8250000
b1100111000 2
0-
#8255000
b101010111111001 H
0J
0I
b10101100 $
b10101100 d
0%
1-
#8259000
1+
1*
00
b100110 /
b100110 8
b10 ,
b10 7
#8260000
b1100111001 2
0-
#8265000
1N
1M
b101010111111000 H
b10000100 $
b10000100 d
1-
#8269000
0+
10
b11101001 /
b11101001 8
#8270000
b1100111010 2
0-
#8275000
b101010111110111 H
1J
1I
0N
1S
1-
#8279000
1+
00
01
b10101011 /
b10101011 8
b0 ,
b0 7
#8280000
b1100111011 2
0-
#8285000
0S
1R
0J
1N
b101010111110110 H
b101101 $
b101101 d
1-
#8289000
1.
10
b11111011 /
b11111011 8
b100 ,
b100 7
#8290000
b1100111100 2
0-
#8295000
b101010111110101 H
1J
1S
0R
15
16
1C
b100011 $
b100011 d
1%
1-
#8299000
09
0*
00
11
b1110 /
b1110 8
b0 ,
b0 7
#8300000
b1100111101 2
0-
#8305000
05
06
0C
0S
0M
b101010111110100 H
0%
b101101 $
b101101 d
1-
#8309000
0.
10
01
b11001011 /
b11001011 8
#8310000
b1100111110 2
0-
#8315000
b101010111110011 H
0I
1-
#8319000
0+
11
b1 /
b1 8
#8320000
b1100111111 2
0-
#8325000
0N
b101010111110010 H
1-
#8329000
19
1*
1.
b1100101 /
b1100101 8
b110 ,
b110 7
#8330000
b1101000000 2
0-
#8335000
b101010111110001 H
0J
1M
b11000 $
b11000 d
1%
1-
#8339000
09
1+
0.
00
b11000111 /
b11000111 8
b11 ,
b11 7
#8340000
b1101000001 2
0-
#8345000
0K
1I
1N
b101010111110000 H
0%
b100100 $
b100100 d
1-
#8349000
1.
10
01
b10100011 /
b10100011 8
b1 ,
b1 7
#8350000
b1101000010 2
0-
#8355000
b101010111101111 H
1J
1S
b10101100 $
b10101100 d
1%
1-
#8359000
0+
0*
0.
b11110111 /
b11110111 8
b110 ,
b110 7
#8360000
b1101000011 2
0-
#8365000
0S
0N
0M
b101010111101110 H
0%
b11000 $
b11000 d
1-
#8369000
19
1+
1*
1.
11
b111011 /
b111011 8
#8370000
b1101000100 2
0-
#8375000
b101010111101101 H
0J
0I
1N
1M
1%
1-
#8379000
09
0+
00
01
b110111 /
b110111 8
b10 ,
b10 7
#8380000
b1101000101 2
0-
#8385000
1K
1S
1J
1I
0N
b101010111101100 H
0%
b10000100 $
b10000100 d
1-
#8389000
0*
0.
10
b1011011 /
b1011011 8
b101 ,
b101 7
#8390000
b1101000110 2
0-
#8395000
b101010111101011 H
0J
0M
0S
1R
b100100 $
b100100 d
1-
#8399000
1+
1*
1.
b1010 /
b1010 8
#8400000
b1101000111 2
0-
#8405000
15
16
1C
0R
0I
1N
1M
b101010111101010 H
1%
1-
#8409000
09
0*
0.
11
b11000011 /
b11000011 8
b110 ,
b110 7
#8410000
b1101001000 2
0-
#8415000
b101010111101001 H
1J
1I
0M
1S
b11000 $
b11000 d
0%
1-
#8419000
0+
1*
00
b1000100 /
b1000100 8
b10 ,
b10 7
#8420000
b1101001001 2
0-
#8425000
05
06
0C
0S
0I
0N
1M
b101010111101000 H
b10000100 $
b10000100 d
1-
#8429000
1+
0*
10
01
b11010000 /
b11010000 8
b101 ,
b101 7
#8430000
b1101001010 2
0-
#8435000
b101010111100111 H
0J
1I
1N
0M
1R
0K
b100100 $
b100100 d
1-
#8439000
1*
1.
00
b10001 /
b10001 8
b11 ,
b11 7
#8440000
b1101001011 2
0-
#8445000
15
16
1C
0R
1J
0I
1M
b101010111100110 H
1-
#8449000
0.
b11101100 /
b11101100 8
b10 ,
b10 7
#8450000
b1101001100 2
0-
#8455000
b101010111100101 H
1I
1K
b10000100 $
b10000100 d
1-
#8459000
11
b11110010 /
b11110010 8
b11 ,
b11 7
#8460000
b1101001101 2
0-
#8465000
b101010111100100 H
b100100 $
b100100 d
1-
#8469000
0+
0*
b100100 /
b100100 8
b101 ,
b101 7
#8470000
b1101001110 2
0-
#8475000
b101010111100011 H
0N
0M
1-
#8479000
1+
1*
1.
01
b11000011 /
b11000011 8
b1 ,
b1 7
#8480000
b1101001111 2
0-
#8485000
0J
0I
1N
1M
b101010111100010 H
b10101100 $
b10101100 d
1-
#8489000
19
0+
10
11
b1110100 /
b1110100 8
b0 ,
b0 7
#8490000
b1101010000 2
0-
#8495000
b1010110001110100 `
b101010111100001 H
1J
1I
0N
1S
b101101 $
b101101 d
1%
1-
#8499000
0*
b10111000 /
b10111000 8
b101 ,
b101 7
#8500000
b1101010001 2
0-
#8505000
05
06
0C
0S
1R
0J
0M
b101010111100000 H
0%
b100100 $
b100100 d
1-
#8509000
09
1+
1*
00
01
b11100111 /
b11100111 8
b0 ,
b0 7
#8510000
b1101010010 2
0-
#8515000
b101010111011111 H
0I
1N
1M
0R
15
16
1C
b1110100 $
b1110100 d
1-
#8519000
0+
0.
10
b11110001 /
b11110001 8
b1 ,
b1 7
#8520000
b1101010011 2
0-
#8525000
1S
1J
1I
0N
b101010111011110 H
b10101100 $
b10101100 d
1-
#8529000
19
1+
1.
11
b10110010 /
b10110010 8
b0 ,
b0 7
#8530000
b1101010100 2
0-
#8535000
b1010110010110010 `
b101010111011101 H
0J
1N
0S
1R
05
06
0C
b1110100 $
b1110100 d
1%
1-
#8539000
09
0*
00
b11011101 /
b11011101 8
#8540000
b1101010101 2
0-
#8545000
15
16
1C
1S
0R
1J
0M
b101010111011100 H
0%
b10110010 $
b10110010 d
1-
#8549000
1*
b0 /
b0 8
b111 ,
b111 7
#8550000
b1101010110 2
0-
#8555000
b101010111011011 H
0I
1M
0S
05
06
0C
b0 $
b0 d
1-
#8559000
0+
0.
10
01
b11110100 /
b11110100 8
b110 ,
b110 7
#8560000
b1101010111 2
0-
#8565000
1I
0N
b101010111011010 H
b11000 $
b11000 d
1-
#8569000
0*
b10011011 /
b10011011 8
b100 ,
b100 7
#8570000
b1101011000 2
0-
#8575000
b101010111011001 H
0J
0M
1R
b100011 $
b100011 d
1-
#8579000
1.
00
11
b11010 /
b11010 8
b110 ,
b110 7
#8580000
b1101011001 2
0-
#8585000
15
16
1C
0R
0I
b101010111011000 H
b11000 $
b11000 d
1-
#8589000
1+
0.
b11000110 /
b11000110 8
b11 ,
b11 7
#8590000
b1101011010 2
0-
#8595000
b101010111010111 H
1N
b100100 $
b100100 d
1-
#8599000
1*
1.
b1011110 /
b1011110 8
b0 ,
b0 7
#8600000
b1101011011 2
0-
#8605000
1J
1M
b101010111010110 H
b10110010 $
b10110010 d
1-
#8609000
0*
b111100 /
b111100 8
b101 ,
b101 7
#8610000
b1101011100 2
0-
#8615000
b101010111010101 H
1I
0M
b100100 $
b100100 d
1-
#8619000
0.
10
b1011010 /
b1011010 8
b1 ,
b1 7
#8620000
b1101011101 2
0-
#8625000
0I
b101010111010100 H
b10101100 $
b10101100 d
1-
#8629000
0+
1.
01
b100011 /
b100011 8
b110 ,
b110 7
#8630000
b1101011110 2
0-
#8635000
b101010111010011 H
0N
b11000 $
b11000 d
1%
1-
#8639000
09
1+
0.
11
b1101110 /
b1101110 8
b11 ,
b11 7
#8640000
b1101011111 2
0-
#8645000
0J
1N
b101010111010010 H
0%
b100100 $
b100100 d
1-
#8649000
0+
b1001010 /
b1001010 8
b101 ,
b101 7
#8650000
b1101100000 2
0-
#8655000
b101010111010001 H
1J
0N
1-
#8659000
19
1.
b11001011 /
b11001011 8
b1 ,
b1 7
#8660000
b1101100001 2
0-
#8665000
0J
b101010111010000 H
b1100101110110010 `
1%
b10101100 $
b10101100 d
1-
#8669000
09
1+
0.
01
b110001 /
b110001 8
b111 ,
b111 7
#8670000
b1101100010 2
0-
#8675000
b101010111001111 H
1N
b0 $
b0 d
0%
1-
#8679000
1*
b1011001 /
b1011001 8
b110 ,
b110 7
#8680000
b1101100011 2
0-
#8685000
1J
1M
b101010111001110 H
b11000 $
b11000 d
1-
#8689000
1.
00
11
b11101100 /
b11101100 8
b1 ,
b1 7
#8690000
b1101100100 2
0-
#8695000
b101010111001101 H
1I
b11001011 $
b11001011 d
1-
#8699000
0+
0*
01
b10101 /
b10101 8
b111 ,
b111 7
#8700000
b1101100101 2
0-
#8705000
0N
0M
b101010111001100 H
b0 $
b0 d
1-
#8709000
1*
10
b1000000 /
b1000000 8
b110 ,
b110 7
#8710000
b1101100110 2
0-
#8715000
b101010111001011 H
0J
0I
1M
b11000 $
b11000 d
1%
1-
#8719000
19
1+
0*
11
b11100110 /
b11100110 8
#8720000
b1101100111 2
0-
#8725000
0K
1I
1N
0M
b101010111001010 H
0%
1-
#8729000
09
0+
1*
00
b1100111 /
b1100111 8
#8730000
b1101101000 2
0-
#8735000
b101010111001001 H
1J
0I
0N
1M
1-
#8739000
0*
0.
01
b110 /
b110 8
b111 ,
b111 7
#8740000
b1101101001 2
0-
#8745000
1R
0J
1I
0M
b101010111001000 H
b0 $
b0 d
1-
#8749000
1*
10
b10011101 /
b10011101 8
b110 ,
b110 7
#8750000
b1101101010 2
0-
#8755000
b101010111000111 H
0I
1M
0R
b11000 $
b11000 d
1-
#8759000
19
1+
0*
1.
11
b1101001 /
b1101001 8
b111 ,
b111 7
#8760000
b1101101011 2
0-
#8765000
1I
1N
0M
b101010111000110 H
1%
b0 $
b0 d
1-
#8769000
09
1*
0.
00
01
b11100101 /
b11100101 8
b10 ,
b10 7
#8770000
b1101101100 2
0-
#8775000
b101010111000101 H
1J
0I
1M
b10000100 $
b10000100 d
0%
1-
#8779000
0*
1.
11
b1100000 /
b1100000 8
b101 ,
b101 7
#8780000
b1101101101 2
0-
#8785000
1K
1I
0M
b101010111000100 H
b100100 $
b100100 d
1-
#8789000
1*
0.
10
b1110 /
b1110 8
b1 ,
b1 7
#8790000
b1101101110 2
0-
#8795000
b101010111000011 H
0I
1M
b11001011 $
b11001011 d
1-
#8799000
b10101011 /
b10101011 8
b100 ,
b100 7
#8800000
b1101101111 2
0-
#8805000
1I
b101010111000010 H
b1100011 $
b1100011 d
1-
#8809000
00
01
b11100001 /
b11100001 8
b101 ,
b101 7
#8810000
b1101110000 2
0-
#8815000
b101010111000001 H
b100100 $
b100100 d
1-
#8819000
0+
10
b110101 /
b110101 8
b0 ,
b0 7
#8820000
b1101110001 2
0-
#8825000
0N
b101010111000000 H
b10110010 $
b10110010 d
1-
#8829000
0*
1.
b1101011 /
b1101011 8
b111 ,
b111 7
#8830000
b1101110010 2
0-
#8835000
b101010110111111 H
0J
0M
1R
b0 $
b0 d
1%
1-
#8839000
09
00
11
b10111101 /
b10111101 8
b10 ,
b10 7
#8840000
b1101110011 2
0-
#8845000
0R
0I
b101010110111110 H
0%
b10000100 $
b10000100 d
1-
#8849000
1*
0.
10
01
b1111011 /
b1111011 8
b100 ,
b100 7
#8850000
b1101110100 2
0-
#8855000
b101010110111101 H
1M
b1100011 $
b1100011 d
1-
#8859000
1.
b1111000 /
b1111000 8
b101 ,
b101 7
#8860000
b1101110101 2
0-
#8865000
0K
1I
b101010110111100 H
1%
b100100 $
b100100 d
1-
#8869000
19
1+
11
b101111 /
b101111 8
b111 ,
b111 7
#8870000
b1101110110 2
0-
#8875000
b101010110111011 H
1N
b0 $
b0 d
0%
1-
#8879000
0+
0*
b1000010 /
b1000010 8
b11 ,
b11 7
#8880000
b1101110111 2
0-
#8885000
1S
1J
0N
0M
b101010110111010 H
b1000010 c
1%
b100100 $
b100100 d
1-
#8889000
09
1+
1*
0.
00
01
b1010001 /
b1010001 8
b110 ,
b110 7
#8890000
b1101111000 2
0-
#8895000
b101010110111001 H
0J
0I
1N
1M
0S
05
06
0C
b11000 $
b11000 d
0%
1-
#8899000
0*
10
b100000 /
b100000 8
b111 ,
b111 7
#8900000
b1101111001 2
0-
#8905000
1K
1S
1J
1I
0M
b101010110111000 H
b0 $
b0 d
1-
#8909000
0+
1.
00
11
b1111101 /
b1111101 8
#8910000
b1101111010 2
0-
#8915000
b101010110110111 H
0I
0N
0S
1-
#8919000
1+
b111100 /
b111100 8
b1 ,
b1 7
#8920000
b1101111011 2
0-
#8925000
0J
1N
b101010110110110 H
b11001011 $
b11001011 d
1-
#8929000
0+
10
01
b11111101 /
b11111101 8
b10 ,
b10 7
#8930000
b1101111100 2
0-
#8935000
b101010110110101 H
1J
0N
b10000100 $
b10000100 d
1%
1-
#8939000
09
1+
0.
00
11
b10100001 /
b10100001 8
b100 ,
b100 7
#8940000
b1101111101 2
0-
#8945000
0J
1N
b101010110110100 H
0%
b100011 $
b100011 d
1-
#8949000
0+
01
b1110000 /
b1110000 8
b111 ,
b111 7
#8950000
b1101111110 2
0-
#8955000
b101010110110011 H
1J
0N
b0 $
b0 d
1-
#8959000
1+
10
b11011100 /
b11011100 8
b1 ,
b1 7
#8960000
b1101111111 2
0-
#8965000
0J
1N
b101010110110010 H
b11001011 $
b11001011 d
1-
#8969000
b11110111 /
b11110111 8
b0 ,
b0 7
#8970000
b1110000000 2
0-
#8975000
b101010110110001 H
1J
b10110010 $
b10110010 d
1-
#8979000
0+
1.
00
11
b11111011 /
b11111011 8
b11 ,
b11 7
#8980000
b1110000001 2
0-
#8985000
0N
b101010110110000 H
b100100 $
b100100 d
1-
#8989000
b101000 /
b101000 8
b100 ,
b100 7
#8990000
b1110000010 2
0-
#8995000
b101010110101111 H
0J
b100011 $
b100011 d
1-
#8999000
1*
10
01
b1101000 /
b1101000 8
b1 ,
b1 7
#9000000
b1110000011 2
0-
#9005000
1M
b101010110101110 H
1%
b11001011 $
b11001011 d
1-
#9009000
09
0*
0.
11
b11100011 /
b11100011 8
b110 ,
b110 7
#9010000
b1110000100 2
0-
#9015000
b101010110101101 H
1I
0M
0K
b11000 $
b11000 d
0%
1-
#9019000
1+
01
b101110 /
b101110 8
#9020000
b1110000101 2
0-
#9025000
0I
1N
b101010110101100 H
1-
#9029000
b1110100 /
b1110100 8
b100 ,
b100 7
#9030000
b1110000110 2
0-
#9035000
b101010110101011 H
1J
b100011 $
b100011 d
1-
#9039000
00
11
b10110001 /
b10110001 8
b111 ,
b111 7
#9040000
b1110000111 2
0-
#9045000
b101010110101010 H
b0 $
b0 d
1-
#9049000
0+
1*
b10110 /
b10110 8
b0 ,
b0 7
#9050000
b1110001000 2
0-
#9055000
b101010110101001 H
0N
1M
b10110010 $
b10110010 d
1-
#9059000
0*
01
b1011100 /
b1011100 8
b111 ,
b111 7
#9060000
b1110001001 2
0-
#9065000
1R
0J
1I
0M
b101010110101000 H
b0 $
b0 d
1-
#9069000
10
b10001100 /
b10001100 8
b1 ,
b1 7
#9070000
b1110001010 2
0-
#9075000
b101010110100111 H
0I
0R
15
16
1C
b11001011 $
b11001011 d
1-
#9079000
1+
1*
11
b101110 /
b101110 8
b11 ,
b11 7
#9080000
b1110001011 2
0-
#9085000
1N
1M
b101010110100110 H
b100100 $
b100100 d
1-
#9089000
1.
00
01
b1011010 /
b1011010 8
b111 ,
b111 7
#9090000
b1110001100 2
0-
#9095000
b101010110100101 H
1J
1I
1S
1K
b0 $
b0 d
1-
#9099000
0+
0*
0.
10
b1011100 /
b1011100 8
b100 ,
b100 7
#9100000
b1110001101 2
0-
#9105000
05
06
0C
0S
0N
0M
b101010110100100 H
b1100011 $
b1100011 d
1-
#9109000
1+
1*
1.
b10110101 /
b10110101 8
#9110000
b1110001110 2
0-
#9115000
b101010110100011 H
0J
0I
1N
1M
b100011 $
b100011 d
1%
1-
#9119000
09
0*
00
11
b111001 /
b111001 8
b11 ,
b11 7
#9120000
b1110001111 2
0-
#9125000
1S
1J
1I
0M
b101010110100010 H
0%
b100100 $
b100100 d
1-
#9129000
1*
0.
10
01
b10110001 /
b10110001 8
b101 ,
b101 7
#9130000
b1110010000 2
0-
#9135000
b101010110100001 H
0I
1M
0S
b1000010 $
b1000010 d
1-
#9139000
0*
00
b1001 /
b1001 8
#9140000
b1110010001 2
0-
#9145000
1I
0M
b101010110100000 H
1-
#9149000
0+
10
11
b1000110 /
b1000110 8
b100 ,
b100 7
#9150000
b1110010010 2
0-
#9155000
b101010110011111 H
0I
0N
b100011 $
b100011 d
1-
#9159000
1*
1.
00
01
b10000110 /
b10000110 8
b0 ,
b0 7
#9160000
b1110010011 2
0-
#9165000
0J
1M
b101010110011110 H
b10110010 $
b10110010 d
1-
#9169000
0*
0.
b110010 /
b110010 8
b1 ,
b1 7
#9170000
b1110010100 2
0-
#9175000
b101010110011101 H
1I
0M
0K
b11001011 $
b11001011 d
1-
#9179000
19
1+
1.
10
11
b10110 /
b10110 8
b10 ,
b10 7
#9180000
b1110010101 2
0-
#9185000
0I
1N
b101010110011100 H
b10110 ^
1%
b10000100 $
b10000100 d
1-
#9189000
09
0+
0.
b11101000 /
b11101000 8
b0 ,
b0 7
#9190000
b1110010110 2
0-
#9195000
1J
0N
b10110010 $
b10110010 d
0%
1-
#9199000
01
b1000100 /
b1000100 8
b11 ,
b11 7
#9200000
b1110010111 2
0-
#9205000
0J
b100100 $
b100100 d
1-
#9209000
1*
00
b10101010 /
b10101010 8
b10 ,
b10 7
#9210000
b1110011000 2
0-
#9215000
1M
b10110 $
b10110 d
1-
#9219000
1+
1.
b100 ,
b100 7
#9220000
b1110011001 2
0-
#9225000
1I
1N
1E
b1100101110110010 H
b100011 $
b100011 d
1-
#9229000
0+
0.
10
11
b10000111 /
b10000111 8
#9230000
b1110011010 2
0-
#9235000
1J
0N
1S
b10000000000000 D
1-
#9239000
19
1+
1.
b110 /
b110 8
b111 ,
b111 7
#9240000
b1110011011 2
0-
#9245000
0&
0Q
0'
0O
b100000000000000 D
14
1B
0S
1R
0J
1N
1%
b0 $
b0 d
1-
#9249000
0+
0*
b101100 /
b101100 8
b1 ,
b1 7
#9250000
b1110011100 2
0-
#9255000
b10110010110010 `
0L
1J
0N
0M
1S
0R
15
16
1C
04
0B
1&
1Q
1'
1O
b0 D
b0 T
b0 V
b11001011 $
b11001011 d
0%
1-
#9259000
09
1*
0.
01
b10010100 /
b10010100 8
b11 ,
b11 7
#9260000
b1110011101 2
0-
#9265000
1Y
b100 V
b100 T
05
06
0C
0S
0J
0I
1M
b10110010110010 H
1L
b100100 $
b100100 d
1-
#9269000
0*
00
b11001000 /
b11001000 8
b1 ,
b1 7
#9270000
b1110011110 2
0-
#9275000
1I
0M
b10000000000000 D
b1000010 3
b1000010 [
0Y
b101100 $
b101100 d
1-
#9279000
1*
11
b11110011 /
b11110011 8
b0 ,
b0 7
#9280000
b1110011111 2
0-
#9285000
0&
0Q
0'
0O
b100000000000000 D
0I
1M
0E
b10110010 $
b10110010 d
1-
#9289000
0*
10
01
b111010 /
b111010 8
b101 ,
b101 7
#9290000
b1110100000 2
0-
#9295000
0L
1E
1I
0M
b1000010 $
b1000010 d
1-
#9299000
1*
1.
00
11
b1011001 /
b1011001 8
b100 ,
b100 7
#9300000
b1110100001 2
0-
#9305000
1P
1'
1O
b1000000000000000 D
0I
1M
b100011 $
b100011 d
1-
#9309000
1+
01
b10001001 /
b10001001 8
#9310000
b1110100010 2
0-
#9315000
1L
1I
1N
b10000000000000000 D
1-
#9319000
19
0+
10
11
b1000010 /
b1000010 8
b110 ,
b110 7
#9320000
b1110100011 2
0-
#9325000
0P
0'
0O
1F
b0 D
1S
1J
0N
1%
b11000 $
b11000 d
1-
#9329000
09
1+
0*
01
b10100101 /
b10100101 8
b11 ,
b11 7
#9330000
b1110100100 2
0-
#9335000
0L
0J
1N
0M
0S
1R
b10000000000000 D
0F
1Z
b1000010 $
b1000010 d
0%
1-
#9339000
09
0+
0.
11
b11100000 /
b11100000 8
b111 ,
b111 7
#9340000
b1110100101 2
0-
#9345000
0Z
b110 X
b10000100 3
b10000100 [
b100000000000000 D
15
16
1C
0R
1J
0I
0N
b0 $
b0 d
1-
#9349000
1*
b110100 /
b110100 8
b11 ,
b11 7
#9350000
b1110100110 2
0-
#9355000
0J
1M
1P
1'
1O
b1000000000000000 D
1W
b10000100 $
b10000100 d
1-
#9359000
1.
00
b10010010 /
b10010010 8
b101 ,
b101 7
#9360000
b1110100111 2
0-
#9365000
1&
1Q
b10000000000000000 D
1I
1L
b1000010 $
b1000010 d
1-
#9369000
0*
0.
10
01
b11010101 /
b11010101 8
b0 ,
b0 7
#9370000
b1110101000 2
0-
#9375000
0M
14
1B
0P
0'
0O
1F
b0 D
b10110010 $
b10110010 d
1-
#9379000
1+
b10101 /
b10101 8
b100 ,
b100 7
#9380000
b1110101001 2
0-
#9385000
b0 T
0W
b0 V
1'
1O
0F
04
0B
0I
1N
0E
0L
b11000 ]
b1100011 $
b1100011 d
1-
#9389000
1.
00
11
b1100100 /
b1100100 8
b1 ,
b1 7
#9390000
b1110101010 2
0-
#9395000
1L
1E
1J
1Y
b100 V
b100 T
1W
b101100 $
b101100 d
1-
#9399000
0.
10
b11011 /
b11011 8
b101 ,
b101 7
#9400000
b1110101011 2
0-
#9405000
0Y
b111 X
b1000010 3
b1000010 [
b10000000000000 D
0E
b1000010 $
b1000010 d
1-
#9409000
0+
00
b10100011 /
b10100011 8
b11 ,
b11 7
#9410000
b1110101100 2
0-
#9415000
0N
0W
1-
#9419000
1+
1*
01
b110010 /
b110010 8
b100 ,
b100 7
#9420000
b1110101101 2
0-
#9425000
0J
1N
1M
b1100011 $
b1100011 d
1-
#9429000
19
0+
1.
10
11
b10111000 /
b10111000 8
b1 ,
b1 7
#9430000
b1110101110 2
0-
#9435000
b1011100010110010 `
1E
1J
1I
0N
1S
1K
b101100 $
b101100 d
1%
1-
#9439000
09
0.
00
b1010000 /
b1010000 8
b110 ,
b110 7
#9440000
b1110101111 2
0-
#9445000
0&
0Q
0'
0O
b100000000000000 D
14
1B
05
06
0C
0S
1R
0J
b1011100010110010 H
0%
b11000 $
b11000 d
1-
#9449000
1+
1.
b1100001 /
b1100001 8
b100 ,
b100 7
#9450000
b1110110000 2
0-
#9455000
b11000 ]
0L
1N
0R
15
16
1C
04
0B
1&
1Q
1'
1O
b0 D
b0 T
b0 V
b100011 $
b100011 d
1-
#9459000
10
01
b10000 /
b10000 8
b110 ,
b110 7
#9460000
b1110110001 2
0-
#9465000
1Y
b100 V
b100 T
1S
1J
1L
1%
b11000 $
b11000 d
1-
#9469000
09
0.
11
b1000010 /
b1000010 8
b0 ,
b0 7
#9470000
b1110110010 2
0-
#9475000
0S
05
06
0C
b10000000000000 D
0Y
b10110010 $
b10110010 d
0%
1-
#9479000
b11100110 /
b11100110 8
b110 ,
b110 7
#9480000
b1110110011 2
0-
#9485000
0&
0Q
0'
0O
b100000000000000 D
b11000 $
b11000 d
1-
#9489000
0*
00
01
b1000101 /
b1000101 8
b11 ,
b11 7
#9490000
b1110110100 2
0-
#9495000
0L
0M
1P
1'
1O
b1000000000000000 D
b1000010 $
b1000010 d
1-
#9499000
19
1.
10
11
b110011 /
b110011 8
b10 ,
b10 7
#9500000
b1110110101 2
0-
#9505000
b10000000000000000 D
0I
1L
b110011 ^
1%
b10110 $
b10110 d
1-
#9509000
09
0.
00
b1110010 /
b1110010 8
b1 ,
b1 7
#9510000
b1110110110 2
0-
#9515000
0E
0P
0'
0O
1F
b0 D
b10111000 $
b10111000 d
0%
1-
#9519000
1*
b11011011 /
b11011011 8
b111 ,
b111 7
#9520000
b1110110111 2
0-
#9525000
1Z
0F
1M
0L
b0 $
b0 d
1-
#9529000
0+
0*
1.
01
b11010111 /
b11010111 8
b0 ,
b0 7
#9530000
b1110111000 2
0-
#9535000
1E
1I
0N
0M
b10000101 3
b10000101 [
b110 X
0Z
b10110010 $
b10110010 d
1-
#9539000
1+
b11100011 /
b11100011 8
b110 ,
b110 7
#9540000
b1110111001 2
0-
#9545000
1W
b10000000000000 D
0J
0I
1N
b11000 $
b11000 d
1-
#9549000
1*
0.
11
b11110100 /
b11110100 8
b0 ,
b0 7
#9550000
b1110111010 2
0-
#9555000
1J
1M
1&
1Q
b100000000000000 D
b10110010 $
b10110010 d
1-
#9559000
0+
1.
01
b1110101 /
b1110101 8
b100 ,
b100 7
#9560000
b1110111011 2
0-
#9565000
1P
1'
1O
b1000000000000000 D
1I
0N
b100011 $
b100011 d
1-
#9569000
1+
0*
0.
11
b10001100 /
b10001100 8
#9570000
b1110111100 2
0-
#9575000
1L
0J
1N
0M
1R
14
1B
b10000000000000000 D
1-
#9579000
1.
01
b11111 /
b11111 8
b1 ,
b1 7
#9580000
b1110111101 2
0-
#9585000
b0 T
0W
b0 V
0P
b0 D
04
0B
15
16
1C
0R
1J
0I
0E
b11000 ]
b10111000 $
b10111000 d
1-
#9589000
1*
0.
b1010101 /
b1010101 8
b10 ,
b10 7
#9590000
b1110111110 2
0-
#9595000
1M
1Y
b100 V
b100 T
1W
b110011 $
b110011 d
1-
#9599000
b11010001 /
b11010001 8
b111 ,
b111 7
#9600000
b1110111111 2
0-
#9605000
0Y
b111 X
b1000010 3
b1000010 [
1I
1E
b0 $
b0 d
1-
#9609000
19
0*
1.
10
11
b111100 /
b111100 8
b11 ,
b11 7
#9610000
b1111000000 2
0-
#9615000
b111100 c
0M
b10000000000000 D
0W
b1000010 $
b1000010 d
1%
1-
#9619000
09
0+
0.
00
01
b10011110 /
b10011110 8
#9620000
b1111000001 2
0-
#9625000
0&
0Q
0'
0O
b100000000000000 D
0I
0N
0E
0%
1-
#9629000
1*
10
11
b11101001 /
b11101001 8
b100 ,
b100 7
#9630000
b1111000010 2
0-
#9635000
0L
0J
1M
b1100011 $
b1100011 d
1-
#9639000
19
1+
1.
b11111101 /
b11111101 8
b0 ,
b0 7
#9640000
b1111000011 2
0-
#9645000
0K
1I
1N
1E
b1011100011111101 `
1%
b10110010 $
b10110010 d
1-
#9649000
09
0+
0*
01
b10001011 /
b10001011 8
b110 ,
b110 7
#9650000
b1111000100 2
0-
#9655000
b1011100011111101 H
1J
0N
0M
1S
1P
1'
1O
b1000000000000000 D
b11000 $
b11000 d
0%
1-
#9659000
19
1+
11
b11000101 /
b11000101 8
b11 ,
b11 7
#9660000
b1111000101 2
0-
#9665000
b10000000000000000 D
14
1B
05
06
0C
0S
0J
0I
1N
1L
b11000101 c
1%
b1000010 $
b1000010 d
1-
#9669000
0+
b11010000 /
b11010000 8
b111 ,
b111 7
#9670000
b1111000110 2
0-
#9675000
0E
1J
0N
04
0B
0P
1&
1Q
b0 D
b0 T
b0 V
b0 $
b0 d
0%
1-
#9679000
09
1*
0.
b100101 /
b100101 8
b11 ,
b11 7
#9680000
b1111000111 2
0-
#9685000
1Y
b100 V
b100 T
0J
1M
b1000010 $
b1000010 d
1-
#9689000
1.
01
b11 /
b11 8
b100 ,
b100 7
#9690000
b1111001000 2
0-
#9695000
1E
1I
b11000101 3
b11000101 [
0Y
b100011 $
b100011 d
1%
1-
#9699000
19
1+
11
b10111000 /
b10111000 8
b10 ,
b10 7
#9700000
b1111001001 2
0-
#9705000
1W
b10000000000000 D
1N
b10111000 ^
0%
b110011 $
b110011 d
1-
#9709000
09
0+
0*
00
01
b10000001 /
b10000001 8
b1 ,
b1 7
#9710000
b1111001010 2
0-
#9715000
0E
b1011100011111100 H
1J
0N
0M
1S
0'
0O
b100000000000000 D
b10111000 $
b10111000 d
1-
#9719000
11
b11100111 /
b11100111 8
b110 ,
b110 7
#9720000
b1111001011 2
0-
#9725000
14
1B
0S
0J
0I
b1011100011111011 H
0L
b11000 $
b11000 d
1-
#9729000
19
10
b11110010 /
b11110010 8
b100 ,
b100 7
#9730000
b1111001100 2
0-
#9735000
1<
1;
1=
0?
b11110010 ]
b1011100011111010 H
04
0B
1'
1O
b0 D
b0 T
0W
b0 V
b100011 $
b100011 d
1%
1-
#9739000
b1101001 /
b1101001 8
b101 ,
b101 7
#9740000
b1111001101 2
0-
#9745000
1Y
b1 V
b1 T
1W
b1011100011111001 H
1L
0@
0%
b11000101 $
b11000101 d
1-
#9749000
09
0.
01
b11010001 /
b11010001 8
b0 ,
b0 7
#9750000
b1111001110 2
0-
#9755000
b11110000 ]
b1011100011111000 H
0Y
b11111101 $
b11111101 d
1-
#9759000
1*
00
11
b1001100 /
b1001100 8
b1 ,
b1 7
#9760000
b1111001111 2
0-
#9765000
1M
b1011100011110111 H
b10111000 $
b10111000 d
1-
#9769000
1+
1.
b11000101 /
b11000101 8
b101 ,
b101 7
#9770000
b1111010000 2
0-
#9775000
b1011100011110110 H
1I
1N
b11000101 $
b11000101 d
1-
#9779000
0+
b11100000 /
b11100000 8
b100 ,
b100 7
#9780000
b1111010001 2
0-
#9785000
1S
1J
0N
b1011100011110101 H
b11 $
b11 d
1-
#9789000
19
1+
10
b11000011 /
b11000011 8
b11 ,
b11 7
#9790000
b1111010010 2
0-
#9795000
b11000011 c
b1011100011110100 H
0J
1N
0S
1R
b11000101 $
b11000101 d
1%
1-
#9799000
09
0*
0.
00
b1110000 /
b1110000 8
b10 ,
b10 7
#9800000
b1111010011 2
0-
#9805000
15
16
1C
1S
0R
1J
0M
b1011100011110011 H
0%
b10111000 $
b10111000 d
1-
#9809000
10
01
b11111100 /
b11111100 8
#9810000
b1111010100 2
0-
#9815000
b1011100011110010 H
0I
0S
05
06
0C
1-
#9819000
11
b10000011 /
b10000011 8
#9820000
b1111010101 2
0-
#9825000
b1011100011110001 H
1-
#9829000
0+
1*
1.
00
01
b101011 /
b101011 8
#9830000
b1111010110 2
0-
#9835000
b1011100011110000 H
0N
1M
1-
#9839000
19
10
11
b1100000 /
b1100000 8
b110 ,
b110 7
#9840000
b1111010111 2
0-
#9845000
1R
0J
1I
b1011100011101111 H
1%
b11110000 $
b11110000 d
1-
#9849000
1+
b1100010 /
b1100010 8
b10 ,
b10 7
#9850000
b1111011000 2
0-
#9855000
b1100010 ^
b1011100011101110 H
1N
0R
15
16
1C
b10111000 $
b10111000 d
0%
1-
#9859000
09
0.
00
b10101111 /
b10101111 8
#9860000
b1111011001 2
0-
#9865000
1S
1J
1E
b1011100011111101 H
1#
b1100010 $
b1100010 d
1-
#9869000
1.
b1101111 /
b1101111 8
b11 ,
b11 7
#9870000
b1111011010 2
0-
#9875000
0S
05
06
0C
b1 D
b11000101 $
b11000101 d
1-
#9879000
01
b111000 /
b111000 8
b100 ,
b100 7
#9880000
b1111011011 2
0-
#9885000
b10 D
b11 $
b11 d
1-
#9889000
0+
0.
10
11
b10111011 /
b10111011 8
b10 ,
b10 7
#9890000
b1111011100 2
0-
#9895000
0N
b100 D
b1100010 $
b1100010 d
1-
#9899000
0*
1.
00
01
b1100010 /
b1100010 8
b111 ,
b111 7
#9900000
b1111011101 2
0-
#9905000
0&
0Q
b1000 D
1R
0J
0M
b0 $
b0 d
1-
#9909000
1+
10
b1011101 /
b1011101 8
#9910000
b1111011110 2
0-
#9915000
0E
0I
1N
0R
15
16
1C
b10000 D
1%
1-
#9919000
0+
1*
00
b10000 /
b10000 8
b10 ,
b10 7
#9920000
b1111011111 2
0-
#9925000
1J
0N
1M
0%
b1100010 $
b1100010 d
1-
#9929000
11
b1111100 /
b1111100 8
b1 ,
b1 7
#9930000
b1111100000 2
0-
#9935000
1E
0J
1I
1R
b10111000 $
b10111000 d
1-
#9939000
0*
b111100 /
b111100 8
b100 ,
b100 7
#9940000
b1111100001 2
0-
#9945000
0'
0O
1F
b0 D
0R
0M
b1000011 $
b1000011 d
1-
#9949000
1*
01
b1111010 /
b1111010 8
b0 ,
b0 7
#9950000
b1111100010 2
0-
#9955000
0L
0E
0I
1M
b1 D
0F
1Y
b1000 V
b10 T
b11111101 $
b11111101 d
1-
#9959000
1+
0.
b10101000 /
b10101000 8
b111 ,
b111 7
#9960000
b1111100011 2
0-
#9965000
0Y
b11000011 3
b11000011 [
1I
1N
1E
b0 $
b0 d
1-
#9969000
10
b11001001 /
b11001001 8
b100 ,
b100 7
#9970000
b1111100100 2
0-
#9975000
1J
1S
1&
1Q
b10 D
b1000011 $
b1000011 d
1-
#9979000
19
1.
11
b10101100 /
b10101100 8
b10 ,
b10 7
#9980000
b1111100101 2
0-
#9985000
1'
1O
b100 D
14
1B
05
06
0C
0S
b10101100 ^
1%
b1100010 $
b1100010 d
1-
#9989000
09
0*
0.
00
01
b10110011 /
b10110011 8
b100 ,
b100 7
#9990000
b1111100110 2
0-
#9995000
b11110000 ]
1@
0#
1L
0E
b1011100011111100 H
0M
04
0B
b0 D
b0 T
0W
b0 V
b11 $
b11 d
0%
1-
#9999000
0+
1.
10
b10000000 /
b10000000 8
b101 ,
b101 7
#10000000
b1111100111 2
0-
#10005000
1Y
b1 V
b1 T
1W
0I
0N
b1011100011111011 H
0@
1%
b11000011 $
b11000011 d
1-
#10009000
1+
0.
b1010101 /
b1010101 8
b1 ,
b1 7
#10010000
b1111101000 2
0-
#10015000
b1011100011111010 H
0J
1N
0Y
b10111000 $
b10111000 d
0%
1-
#10019000
1.
b10000100 /
b10000100 8
b11 ,
b11 7
#10020000
b1111101001 2
0-
#10025000
1J
b1011100011111001 H
1%
b11000011 $
b11000011 d
1-
#10029000
19
1*
11
b11011010 /
b11011010 8
b100 ,
b100 7
#10030000
b1111101010 2
0-
#10035000
0=
1?
b11011010 ]
b1011100011111000 H
1M
b11 $
b11 d
0%
1-
#10039000
09
0+
0*
00
01
b111101 /
b111101 8
#10040000
b1111101011 2
0-
#10045000
1K
1I
0N
0M
b1011100011110111 H
b11011000 ]
1-
#10049000
1*
11
b1001111 /
b1001111 8
b101 ,
b101 7
#10050000
b1111101100 2
0-
#10055000
b1011100011110110 H
0J
0I
1M
b11000011 $
b11000011 d
1-
#10059000
1+
0*
0.
b10111111 /
b10111111 8
b110 ,
b110 7
#10060000
b1111101101 2
0-
#10065000
0K
1I
1N
0M
b1011100011110101 H
b11011000 $
b11011000 d
1-
#10069000
1.
10
01
b11001111 /
b11001111 8
b11 ,
b11 7
#10070000
b1111101110 2
0-
#10075000
b1011100011110100 H
1J
0I
b11000011 $
b11000011 d
1%
1-
#10079000
19
0+
11
b1 /
b1 8
b100 ,
b100 7
#10080000
b1111101111 2
0-
#10085000
0<
0;
0:
0?
1>
0N
b1011100011110011 H
b1 ]
0%
b11 $
b11 d
1-
#10089000
09
01
b1000 /
b1000 8
b11 ,
b11 7
#10090000
b1111110000 2
0-
#10095000
0>
b0 ]
0_
0b
b1011100011110010 H
0J
b11000011 $
b11000011 d
1%
1-
#10099000
09
1*
0.
00
11
b11000101 /
b11000101 8
b0 ,
b0 7
#10100000
b1111110001 2
0-
#10105000
1M
b1011100011110001 H
0%
b11111101 $
b11111101 d
1-
#10109000
1+
b11000100 /
b11000100 8
b101 ,
b101 7
#10110000
b1111110010 2
0-
#10115000
b1011100011110000 H
1I
1N
b11000011 $
b11000011 d
1-
#10119000
b10101110 /
b10101110 8
b0 ,
b0 7
#10120000
b1111110011 2
0-
#10125000
1S
1J
b1011100011101111 H
b11111101 $
b11111101 d
1-
#10129000
0+
01
b1110100 /
b1110100 8
b10 ,
b10 7
#10130000
b1111110100 2
0-
#10135000
b1011100011101110 H
0N
0S
b10101100 $
b10101100 d
1-
#10139000
b11110010 /
b11110010 8
b110 ,
b110 7
#10140000
b1111110101 2
0-
#10145000
1R
0J
b1011100011101101 H
b0 $
b0 d
1-
#10149000
1+
10
b10001001 /
b10001001 8
b10 ,
b10 7
#10150000
b1111110110 2
0-
#10155000
b1011100011101100 H
1N
0R
15
16
1C
b10101100 $
b10101100 d
1-
#10159000
0+
0*
00
b10100101 /
b10100101 8
b0 ,
b0 7
#10160000
b1111110111 2
0-
#10165000
1S
1J
0N
0M
b1011100011101011 H
b11111101 $
b11111101 d
1-
#10169000
1+
1*
11
b101110 /
b101110 8
b111 ,
b111 7
#10170000
b1111111000 2
0-
#10175000
b1011100011101010 H
0J
0I
1N
1M
0S
05
06
0C
b0 $
b0 d
1-
#10179000
1.
01
b10101001 /
b10101001 8
b1 ,
b1 7
#10180000
b1111111001 2
0-
#10185000
1K
1S
1J
1I
b1011100011101001 H
b10111000 $
b10111000 d
1-
#10189000
19
10
11
b111001 /
b111001 8
b10 ,
b10 7
#10190000
b1111111010 2
0-
#10195000
b111001 ^
b1011100011101000 H
0S
b10101100 $
b10101100 d
1%
1-
#10199000
09
0*
00
01
b11111001 /
b11111001 8
b1 ,
b1 7
#10200000
b1111111011 2
0-
#10205000
0M
1E
b1011100011111101 H
0%
b10111000 $
b10111000 d
1-
#10209000
0+
1*
11
b101110 /
b101110 8
b11 ,
b11 7
#10210000
b1111111100 2
0-
#10215000
0E
0I
0N
1M
b1 D
b11000011 $
b11000011 d
1-
#10219000
0*
0.
10
b10111000 /
b10111000 8
b1 ,
b1 7
#10220000
b1111111101 2
0-
#10225000
0K
1R
0J
1I
0M
1E
b10111000 $
b10111000 d
1-
#10229000
1+
1.
00
01
b111011 /
b111011 8
b110 ,
b110 7
#10230000
b1111111110 2
0-
#10235000
0E
0I
1N
0R
15
16
1C
b10 D
b0 $
b0 d
1-
#10239000
0.
11
b10111101 /
b10111101 8
b0 ,
b0 7
#10240000
b1111111111 2
0-
#10245000
1J
b11111101 $
b11111101 d
1-
#10249000
0+
1*
01
b11010011 /
b11010011 8
b111 ,
b111 7
#10250000
b10000000000 2
0-
#10255000
0N
1M
b0 $
b0 d
1-
#10259000
0*
1.
11
b1011010 /
b1011010 8
b110 ,
b110 7
#10260000
b10000000001 2
0-
#10265000
1R
0J
1I
0M
1E
1-
#10269000
0.
10
b1 /
b1 8
b101 ,
b101 7
#10270000
b10000000010 2
0-
#10275000
0E
0I
0R
b100 D
b11000011 $
b11000011 d
1-
#10279000
1+
b1001010 /
b1001010 8
b11 ,
b11 7
#10280000
b10000000011 2
0-
#10285000
1N
1-
#10289000
0+
1*
1.
01
b1101010 /
b1101010 8
b110 ,
b110 7
#10290000
b10000000100 2
0-
#10295000
1J
0N
1M
b0 $
b0 d
1%
1-
#10299000
1+
b10011101 /
b10011101 8
b100 ,
b100 7
#10300000
b10000000101 2
0-
#10305000
1R
0J
1I
1N
1E
0%
b1000000 $
b1000000 d
1-
#10309000
09
0+
0*
0.
11
b1100000 /
b1100000 8
b101 ,
b101 7
#10310000
b10000000110 2
0-
#10315000
1J
0N
0M
1S
0R
0&
0Q
b1000 D
b11000011 $
b11000011 d
1-
#10319000
b110001 /
b110001 8
b111 ,
b111 7
#10320000
b10000000111 2
0-
#10325000
b10000 D
14
1B
05
06
0C
0S
0J
0I
0E
b0 $
b0 d
1-
#10329000
19
1+
1.
b11011001 /
b11011001 8
b100 ,
b100 7
#10330000
b10000001000 2
0-
#10335000
1_
1@
1N
04
0B
1&
1Q
b0 D
b0 T
0W
b0 V
1%
1-
#10339000
0+
b1110000 /
b1110000 8
#10340000
b10000001001 2
0-
#10345000
1W
1J
0N
0%
b100001 $
b100001 d
1-
#10349000
09
00
b11111100 /
b11111100 8
b11 ,
b11 7
#10350000
b10000001010 2
0-
#10355000
0J
b11000011 $
b11000011 d
1-
#10359000
1+
10
01
b11000010 /
b11000010 8
b101 ,
b101 7
#10360000
b10000001011 2
0-
#10365000
1N
1%
1-
#10369000
19
0+
11
b10011010 /
b10011010 8
b11 ,
b11 7
#10370000
b10000001100 2
0-
#10375000
b10011010 c
1J
0N
0%
1-
#10379000
1+
1*
b101010 /
b101010 8
#10380000
b10000001101 2
0-
#10385000
0J
1N
1M
b101010 c
1%
1-
#10389000
0+
0*
b10011010 /
b10011010 8
#10390000
b10000001110 2
0-
#10395000
b10011010 c
1E
1J
1I
0N
0M
1S
1K
0%
1-
#10399000
09
0.
01
b10111001 /
b10111001 8
b10 ,
b10 7
#10400000
b10000001111 2
0-
#10405000
0S
0J
0I
0E
b111001 $
b111001 d
1-
#10409000
11
b10101111 /
b10101111 8
b0 ,
b0 7
#10410000
b10000010000 2
0-
#10415000
b11111101 $
b11111101 d
1-
#10419000
1+
01
b11000101 /
b11000101 8
b100 ,
b100 7
#10420000
b10000010001 2
0-
#10425000
1N
b100001 $
b100001 d
1-
#10429000
1*
00
b11011001 /
b11011001 8
b0 ,
b0 7
#10430000
b10000010010 2
0-
#10435000
1J
1M
b11111101 $
b11111101 d
1-
#10439000
10
11
b100011 /
b100011 8
b100 ,
b100 7
#10440000
b10000010011 2
0-
#10445000
1I
1E
b100001 $
b100001 d
1-
#10449000
01
b10100110 /
b10100110 8
#10450000
b10000010100 2
0-
#10455000
1-
#10459000
0+
b10100101 /
b10100101 8
b11 ,
b11 7
#10460000
b10000010101 2
0-
#10465000
0N
b11000011 $
b11000011 d
1-
#10469000
0*
11
b11011 /
b11011 8
b0 ,
b0 7
#10470000
b10000010110 2
0-
#10475000
0J
0M
1R
b11111101 $
b11111101 d
1-
#10479000
1*
1.
00
01
b11110011 /
b11110011 8
b101 ,
b101 7
#10480000
b10000010111 2
0-
#10485000
15
16
1C
0R
0I
1M
0E
b10011010 $
b10011010 d
1-
#10489000
19
1+
0*
10
11
b1110100 /
b1110100 8
b10 ,
b10 7
#10490000
b10000011000 2
0-
#10495000
b1110100 ^
1E
1I
1N
0M
0K
b111001 $
b111001 d
1%
1-
#10499000
09
00
01
b100100 /
b100100 8
#10500000
b10000011001 2
0-
#10505000
1J
0I
0E
1#
0%
b1110100 $
b1110100 d
1-
#10509000
0.
10
b101011 /
b101011 8
b100 ,
b100 7
#10510000
b10000011010 2
0-
#10515000
b1100001 $
b1100001 d
1-
#10519000
19
1.
11
b1011001 /
b1011001 8
b110 ,
b110 7
#10520000
b10000011011 2
0-
#10525000
1%
b0 $
b0 d
1-
#10529000
09
0.
b110001 /
b110001 8
b0 ,
b0 7
#10530000
b10000011100 2
0-
#10535000
b11111101 $
b11111101 d
0%
1-
#10539000
0+
1*
1.
00
01
b10110011 /
b10110011 8
#10540000
b10000011101 2
0-
#10545000
0N
1M
1-
#10549000
1+
0.
b1100101 /
b1100101 8
b101 ,
b101 7
#10550000
b10000011110 2
0-
#10555000
1E
0J
1I
1N
1R
b10011010 $
b10011010 d
1-
#10559000
0*
1.
11
b1100001 /
b1100001 8
b110 ,
b110 7
#10560000
b10000011111 2
0-
#10565000
1S
0R
1J
0M
b0 $
b0 d
1-
#10569000
0+
0.
01
b1110000 /
b1110000 8
b11 ,
b11 7
#10570000
b10000100000 2
0-
#10575000
0E
0I
0N
0S
05
06
0C
b11000011 $
b11000011 d
1-
#10579000
19
1*
1.
10
11
b11011011 /
b11011011 8
b101 ,
b101 7
#10580000
b10000100001 2
0-
#10585000
0J
1M
1%
b10011010 $
b10011010 d
1-
#10589000
09
1+
0*
0.
00
b11011110 /
b11011110 8
b0 ,
b0 7
#10590000
b10000100010 2
0-
#10595000
1E
1I
1N
0M
b11111101 $
b11111101 d
0%
1-
#10599000
0+
1*
10
01
b11100001 /
b11100001 8
b101 ,
b101 7
#10600000
b10000100011 2
0-
#10605000
1J
0I
0N
1M
0E
b10011010 $
b10011010 d
1-
#10609000
1+
1.
b1010000 /
b1010000 8
b111 ,
b111 7
#10610000
b10000100100 2
0-
#10615000
1E
0J
1I
1N
1R
b0 $
b0 d
1%
1-
#10619000
0*
00
b11011000 /
b11011000 8
b10 ,
b10 7
#10620000
b10000100101 2
0-
#10625000
15
16
1C
1S
0R
1J
0M
0%
b1110100 $
b1110100 d
1-
#10629000
10
b1110001 /
b1110001 8
b101 ,
b101 7
#10630000
b10000100110 2
0-
#10635000
0E
0I
0S
05
06
0C
b10011010 $
b10011010 d
1%
1-
#10639000
09
0+
0.
11
b111110 /
b111110 8
#10640000
b10000100111 2
0-
#10645000
0N
0%
1-
#10649000
1+
1.
00
b11110100 /
b11110100 8
b1 ,
b1 7
#10650000
b10000101000 2
0-
#10655000
0J
1N
b10111000 $
b10111000 d
1-
#10659000
19
0+
1*
10
b101100 /
b101100 8
b111 ,
b111 7
#10660000
b10000101001 2
0-
#10665000
1J
0N
1M
1%
b0 $
b0 d
1-
#10669000
09
01
b1011 /
b1011 8
b10 ,
b10 7
#10670000
b10000101010 2
0-
#10675000
1E
0J
1I
1R
b1110100 $
b1110100 d
0%
1-
#10679000
09
1+
0.
00
11
b10010 /
b10010 8
b0 ,
b0 7
#10680000
b10000101011 2
0-
#10685000
15
16
1C
0R
1N
b11111101 $
b11111101 d
1-
#10689000
0+
1.
b10001110 /
b10001110 8
b1 ,
b1 7
#10690000
b10000101100 2
0-
#10695000
1J
0N
1S
b10111000 $
b10111000 d
1-
#10699000
0.
b11011000 /
b11011000 8
b100 ,
b100 7
#10700000
b10000101101 2
0-
#10705000
05
06
0C
0S
1R
0J
b1100001 $
b1100001 d
1-
#10709000
1+
10
b110100 /
b110100 8
b11 ,
b11 7
#10710000
b10000101110 2
0-
#10715000
1N
0R
15
16
1C
b11000011 $
b11000011 d
1-
#10719000
0+
0*
1.
00
01
b111000 /
b111000 8
b100 ,
b100 7
#10720000
b10000101111 2
0-
#10725000
1S
1J
0N
0M
b1100001 $
b1100001 d
1-
#10729000
1*
0.
b10010100 /
b10010100 8
b1 ,
b1 7
#10730000
b10000110000 2
0-
#10735000
0E
0J
0I
1M
0S
05
06
0C
b10111000 $
b10111000 d
1-
#10739000
1+
1.
b10011101 /
b10011101 8
b10 ,
b10 7
#10740000
b10000110001 2
0-
#10745000
1I
1N
1E
b1110100 $
b1110100 d
1-
#10749000
10
b101100 /
b101100 8
b100 ,
b100 7
#10750000
b10000110010 2
0-
#10755000
1J
1S
b100001 $
b100001 d
1%
1-
#10759000
09
00
11
b1001001 /
b1001001 8
b101 ,
b101 7
#10760000
b10000110011 2
0-
#10765000
0S
0%
b10011010 $
b10011010 d
1-
#10769000
0+
0.
10
01
b1011111 /
b1011111 8
b10 ,
b10 7
#10770000
b10000110100 2
0-
#10775000
0N
b1110100 $
b1110100 d
1-
#10779000
1+
1.
00
b11110111 /
b11110111 8
b100 ,
b100 7
#10780000
b10000110101 2
0-
#10785000
1R
0J
1N
b100001 $
b100001 d
1-
#10789000
0+
0.
10
b10000111 /
b10000111 8
b101 ,
b101 7
#10790000
b10000110110 2
0-
#10795000
1J
0N
1S
0R
15
16
1C
b10011010 $
b10011010 d
1-
#10799000
19
0*
1.
11
b1101 /
b1101 8
#10800000
b10000110111 2
0-
#10805000
05
06
0C
0S
1R
0J
0M
1%
1-
#10809000
09
1+
0.
00
01
b11000101 /
b11000101 8
b100 ,
b100 7
#10810000
b10000111000 2
0-
#10815000
0E
0I
1N
0R
15
16
1C
b100001 $
b100001 d
0%
1-
#10819000
0+
11
b101010 /
b101010 8
#10820000
b10000111001 2
0-
#10825000
1J
0N
b1100001 $
b1100001 d
1-
#10829000
19
1.
10
b10110111 /
b10110111 8
b0 ,
b0 7
#10830000
b10000111010 2
0-
#10835000
b1011100010110111 `
0J
b11111101 $
b11111101 d
1%
1-
#10839000
09
0.
00
01
b11101111 /
b11101111 8
b101 ,
b101 7
#10840000
b10000111011 2
0-
#10845000
0%
b10011010 $
b10011010 d
1-
#10849000
11
b11101001 /
b11101001 8
b1 ,
b1 7
#10850000
b10000111100 2
0-
#10855000
b10111000 $
b10111000 d
1-
#10859000
1+
01
b11110 /
b11110 8
b110 ,
b110 7
#10860000
b10000111101 2
0-
#10865000
1N
b0 $
b0 d
1-
#10869000
1*
1.
b1100101 /
b1100101 8
b0 ,
b0 7
#10870000
b10000111110 2
0-
#10875000
1J
1M
b10110111 $
b10110111 d
1-
#10879000
0+
0*
0.
11
b11111011 /
b11111011 8
b11 ,
b11 7
#10880000
b10000111111 2
0-
#10885000
1K
1I
0N
0M
1E
b1011100010110111 H
b11000011 $
b11000011 d
1-
#10889000
1+
1*
01
b11011011 /
b11011011 8
b101 ,
b101 7
#10890000
b10001000000 2
0-
#10895000
0E
0J
0I
1N
1M
b10011010 $
b10011010 d
1-
#10899000
0*
11
b1010111 /
b1010111 8
b110 ,
b110 7
#10900000
b10001000001 2
0-
#10905000
1S
1J
1I
0M
1E
b0 $
b0 d
1-
#10909000
1.
b1001 /
b1001 8
b101 ,
b101 7
#10910000
b10001000010 2
0-
#10915000
0E
0I
0S
05
06
0C
b10011010 $
b10011010 d
1-
#10919000
1*
b1100011 /
b1100011 8
b111 ,
b111 7
#10920000
b10001000011 2
0-
#10925000
1M
b0 $
b0 d
1-
#10929000
19
0+
10
b110110 /
b110110 8
#10930000
b10001000100 2
0-
#10935000
1E
1I
0N
1%
1-
#10939000
09
0*
0.
b11010110 /
b11010110 8
b101 ,
b101 7
#10940000
b10001000101 2
0-
#10945000
1R
0J
0M
0%
b10011010 $
b10011010 d
1-
#10949000
1*
00
01
b10010111 /
b10010111 8
b1 ,
b1 7
#10950000
b10001000110 2
0-
#10955000
0E
0I
1M
0R
15
16
1C
b10111000 $
b10111000 d
1-
#10959000
11
b100011 /
b100011 8
b10 ,
b10 7
#10960000
b10001000111 2
0-
#10965000
0K
1I
1E
b1110100 $
b1110100 d
1-
#10969000
0*
1.
10
01
b1100110 /
b1100110 8
b111 ,
b111 7
#10970000
b10001001000 2
0-
#10975000
0M
b0 $
b0 d
1%
1-
#10979000
09
1*
0.
11
b11110 /
b11110 8
#10980000
b10001001001 2
0-
#10985000
0I
1M
0E
0%
1-
#10989000
0*
00
b11000101 /
b11000101 8
b11 ,
b11 7
#10990000
b10001001010 2
0-
#10995000
1E
1I
0M
b11000011 $
b11000011 d
1-
#10999000
1*
10
01
b11000010 /
b11000010 8
b100 ,
b100 7
#11000000
b10001001011 2
0-
#11005000
0I
1M
0E
b1100001 $
b1100001 d
1-
#11009000
1.
00
11
b10111010 /
b10111010 8
#11010000
b10001001100 2
0-
#11015000
1E
1I
1-
#11019000
b101111 /
b101111 8
b111 ,
b111 7
#11020000
b10001001101 2
0-
#11025000
b0 $
b0 d
1-
#11029000
1+
b10110101 /
b10110101 8
b100 ,
b100 7
#11030000
b10001001110 2
0-
#11035000
1N
b1100001 $
b1100001 d
1-
#11039000
0*
10
01
b10111011 /
b10111011 8
b101 ,
b101 7
#11040000
b10001001111 2
0-
#11045000
1S
1J
0M
1%
b10011010 $
b10011010 d
1-
#11049000
09
0+
1*
00
11
b11101100 /
b11101100 8
b111 ,
b111 7
#11050000
b10001010000 2
0-
#11055000
0E
0I
0N
1M
0S
05
06
0C
b0 $
b0 d
0%
1-
#11059000
0*
10
01
b11000010 /
b11000010 8
b1 ,
b1 7
#11060000
b10001010001 2
0-
#11065000
1R
0J
1I
0M
1E
1%
b10111000 $
b10111000 d
1-
#11069000
1+
1*
0.
b10000010 /
b10000010 8
#11070000
b10001010010 2
0-
#11075000
0E
0I
1N
1M
0R
15
16
1C
0%
1-
#11079000
19
0*
1.
11
b10010011 /
b10010011 8
b110 ,
b110 7
#11080000
b10001010011 2
0-
#11085000
1K
1S
1J
1I
0M
1E
1%
b0 $
b0 d
1-
#11089000
09
0+
1*
00
01
b1000110 /
b1000110 8
b111 ,
b111 7
#11090000
b10001010100 2
0-
#11095000
0E
0I
0N
1M
0S
05
06
0C
0%
1-
#11099000
1+
0*
10
b1111101 /
b1111101 8
#11100000
b10001010101 2
0-
#11105000
0K
1R
0J
1I
1N
0M
1E
1%
1-
#11109000
09
00
11
b10001011 /
b10001011 8
b0 ,
b0 7
#11110000
b10001010110 2
0-
#11115000
0E
1J
0I
0R
15
16
1C
b10110111 $
b10110111 d
0%
1-
#11119000
b101011 /
b101011 8
b111 ,
b111 7
#11120000
b10001010111 2
0-
#11125000
b0 $
b0 d
1-
#11129000
1*
10
01
b1100 /
b1100 8
b101 ,
b101 7
#11130000
b10001011000 2
0-
#11135000
1M
b10011010 $
b10011010 d
1%
1-
#11139000
b10000000 /
b10000000 8
b111 ,
b111 7
#11140000
b10001011001 2
0-
#11145000
1K
1I
1E
0%
b0 $
b0 d
1-
#11149000
09
0*
00
11
b11100101 /
b11100101 8
b100 ,
b100 7
#11150000
b10001011010 2
0-
#11155000
0M
b1100001 $
b1100001 d
1-
#11159000
0+
1*
01
b1001100 /
b1001100 8
b10 ,
b10 7
#11160000
b10001011011 2
0-
#11165000
0I
0N
1M
0E
b1110100 $
b1110100 d
1-
#11169000
0*
0.
10
11
b1010100 /
b1010100 8
b101 ,
b101 7
#11170000
b10001011100 2
0-
#11175000
1E
0J
1I
0M
1R
0K
b10011010 $
b10011010 d
1-
#11179000
1*
01
b11111001 /
b11111001 8
b111 ,
b111 7
#11180000
b10001011101 2
0-
#11185000
0R
0I
1M
0E
b0 $
b0 d
1-
#11189000
0*
00
11
b11100010 /
b11100010 8
b110 ,
b110 7
#11190000
b10001011110 2
0-
#11195000
1E
1I
0M
1-
#11199000
b11 /
b11 8
b11 ,
b11 7
#11200000
b10001011111 2
0-
#11205000
0I
0E
b11000011 $
b11000011 d
1-
#11209000
1*
01
b11110100 /
b11110100 8
#11210000
b10001100000 2
0-
#11215000
1M
1-
#11219000
b100000 /
b100000 8
b0 ,
b0 7
#11220000
b10001100001 2
0-
#11225000
1I
1E
b10110111 $
b10110111 d
1-
#11229000
1+
10
b10001 /
b10001 8
b1 ,
b1 7
#11230000
b10001100010 2
0-
#11235000
1N
b10111000 $
b10111000 d
1-
#11239000
0+
0*
1.
00
11
b10111111 /
b10111111 8
#11240000
b10001100011 2
0-
#11245000
1S
1J
0N
0M
1-
#11249000
19
1*
10
b10101111 /
b10101111 8
b10 ,
b10 7
#11250000
b10001100100 2
0-
#11255000
b10101111 ^
0E
0J
0I
1M
0S
05
06
0C
b1110100 $
b1110100 d
1%
1-
#11259000
09
0*
00
01
b1000110 /
b1000110 8
b11 ,
b11 7
#11260000
b10001100101 2
0-
#11265000
1I
0M
b1011100010110110 H
0#
0%
b11000011 $
b11000011 d
1-
#11269000
0.
11
b10011110 /
b10011110 8
#11270000
b10001100110 2
0-
#11275000
b1011100010110101 H
0I
1-
#11279000
1*
1.
01
b11010110 /
b11010110 8
#11280000
b10001100111 2
0-
#11285000
1M
b1011100010110100 H
1-
#11289000
0*
0.
10
b1000011 /
b1000011 8
b10 ,
b10 7
#11290000
b10001101000 2
0-
#11295000
b1011100010110011 H
1I
0M
b10101111 $
b10101111 d
1-
#11299000
1+
1*
b1100101 /
b1100101 8
b1 ,
b1 7
#11300000
b10001101001 2
0-
#11305000
0I
1N
1M
b1011100010110010 H
b10111000 $
b10111000 d
1-
#11309000
0*
1.
00
11
b1111111 /
b1111111 8
b0 ,
b0 7
#11310000
b10001101010 2
0-
#11315000
b1011100010110001 H
1J
1I
0M
1S
1K
b10110111 $
b10110111 d
1-
#11319000
0+
1*
0.
10
01
b1011111 /
b1011111 8
b1 ,
b1 7
#11320000
b10001101011 2
0-
#11325000
0S
0I
0N
1M
b1011100010110000 H
b10111000 $
b10111000 d
1-
#11329000
0*
b10001000 /
b10001000 8
b111 ,
b111 7
#11330000
b10001101100 2
0-
#11335000
b1011100010101111 H
0J
1I
0M
1R
0K
b0 $
b0 d
1-
#11339000
1+
1*
11
b11001110 /
b11001110 8
b10 ,
b10 7
#11340000
b10001101101 2
0-
#11345000
15
16
1C
0R
0I
1N
1M
b1011100010101110 H
b10101111 $
b10101111 d
1-
#11349000
0+
00
01
b1001100 /
b1001100 8
b111 ,
b111 7
#11350000
b10001101110 2
0-
#11355000
b1011100010101101 H
1J
1I
0N
1S
1K
b0 $
b0 d
1-
#11359000
0*
b11110100 /
b11110100 8
b101 ,
b101 7
#11360000
b10001101111 2
0-
#11365000
05
06
0C
0S
1R
0J
0M
b1011100010101100 H
b10011010 $
b10011010 d
1-
#11369000
1+
1*
1.
b1000011 /
b1000011 8
b110 ,
b110 7
#11370000
b10001110000 2
0-
#11375000
b1011100010101011 H
0I
1N
1M
0R
15
16
1C
b0 $
b0 d
1-
#11379000
0.
b1100000 /
b1100000 8
b100 ,
b100 7
#11380000
b10001110001 2
0-
#11385000
1S
1J
1I
b1011100010101010 H
b1100001 $
b1100001 d
1-
#11389000
0*
10
11
b110110 /
b110110 8
b1 ,
b1 7
#11390000
b10001110010 2
0-
#11395000
b1011100010101001 H
0M
0S
05
06
0C
b10111000 $
b10111000 d
1-
#11399000
0+
1.
01
b1101100 /
b1101100 8
b101 ,
b101 7
#11400000
b10001110011 2
0-
#11405000
0I
0N
b1011100010101000 H
1%
b10011010 $
b10011010 d
1-
#11409000
b11011100 /
b11011100 8
b100 ,
b100 7
#11410000
b10001110100 2
0-
#11415000
b1011100010100111 H
0J
b100001 $
b100001 d
0%
1-
#11419000
1+
b10 /
b10 8
b0 ,
b0 7
#11420000
b10001110101 2
0-
#11425000
1N
b1011100010100110 H
1%
b10110111 $
b10110111 d
1-
#11429000
0+
00
b11111110 /
b11111110 8
b1 ,
b1 7
#11430000
b10001110110 2
0-
#11435000
b1011100010100101 H
1J
0N
b10111000 $
b10111000 d
0%
1-
#11439000
0.
b11111111 /
b11111111 8
b11 ,
b11 7
#11440000
b10001110111 2
0-
#11445000
0J
b1011100010100100 H
b11000011 $
b11000011 d
1-
#11449000
1.
11
b10001010 /
b10001010 8
b110 ,
b110 7
#11450000
b10001111000 2
0-
#11455000
b1011100010100011 H
b0 $
b0 d
1-
#11459000
0.
10
01
b10011111 /
b10011111 8
b1 ,
b1 7
#11460000
b10001111001 2
0-
#11465000
b1011100010100010 H
b10111000 $
b10111000 d
1-
#11469000
1*
1.
b1010111 /
b1010111 8
b111 ,
b111 7
#11470000
b10001111010 2
0-
#11475000
b1011100010100001 H
1M
b0 $
b0 d
1%
1-
#11479000
0*
0.
00
b11111010 /
b11111010 8
b0 ,
b0 7
#11480000
b10001111011 2
0-
#11485000
0K
1I
0M
b1011100010100000 H
0%
b10110111 $
b10110111 d
1-
#11489000
1+
b1000101 /
b1000101 8
b100 ,
b100 7
#11490000
b10001111100 2
0-
#11495000
b1011100010011111 H
0I
1N
b100001 $
b100001 d
1-
#11499000
19
1.
10
11
b10000000 /
b10000000 8
#11500000
b10001111101 2
0-
#11505000
1<
1J
b1011100010011110 H
b10000000 ]
1%
1-
#11509000
09
0+
1*
0.
01
b10010110 /
b10010110 8
b101 ,
b101 7
#11510000
b10001111110 2
0-
#11515000
0@
b1011100010011101 H
0N
1M
b10011010 $
b10011010 d
0%
1-
#11519000
1+
00
11
b1101000 /
b1101000 8
b110 ,
b110 7
#11520000
b10001111111 2
0-
#11525000
1R
0J
1I
1N
b1011100010011100 H
b10000000 $
b10000000 d
1-
#11529000
0+
0*
01
b11110010 /
b11110010 8
b100 ,
b100 7
#11530000
b10010000000 2
0-
#11535000
b1011100010011011 H
1J
0N
0M
1S
0R
15
16
1C
b1 $
b1 d
1-
#11539000
10
11
b111110 /
b111110 8
b111 ,
b111 7
#11540000
b10010000001 2
0-
#11545000
05
06
0C
0S
0J
0I
b1011100010011010 H
b0 $
b0 d
1-
#11549000
1*
b11100 /
b11100 8
b0 ,
b0 7
#11550000
b10010000010 2
0-
#11555000
b1011100010011001 H
1M
b10110111 $
b10110111 d
1-
#11559000
1+
b11011100 /
b11011100 8
b100 ,
b100 7
#11560000
b10010000011 2
0-
#11565000
1I
1N
b1011100010011000 H
b1 $
b1 d
1-
#11569000
0+
b100110 /
b100110 8
b1 ,
b1 7
#11570000
b10010000100 2
0-
#11575000
b1011100010010111 H
1J
0N
1S
b10111000 $
b10111000 d
1-
#11579000
1+
1.
00
b10001 /
b10001 8
b111 ,
b111 7
#11580000
b10010000101 2
0-
#11585000
0S
1R
0J
1N
b1011100010010110 H
b0 $
b0 d
1-
#11589000
0+
0.
01
b1101000 /
b1101000 8
b0 ,
b0 7
#11590000
b10010000110 2
0-
#11595000
b1011100010010101 H
1J
0N
1S
0R
15
16
1C
b10110111 $
b10110111 d
1-
#11599000
19
0*
1.
10
11
b11000110 /
b11000110 8
b10 ,
b10 7
#11600000
b10010000111 2
0-
#11605000
05
06
0C
0S
1R
0J
0M
b1011100010010100 H
b11000110 ^
1%
b10101111 $
b10101111 d
1-
#11609000
09
1*
0.
01
b11111001 /
b11111001 8
b110 ,
b110 7
#11610000
b10010001000 2
0-
#11615000
1#
b1011100010010011 H
0I
1M
0R
15
16
1C
b10000000 $
b10000000 d
0%
1-
#11619000
1+
11
b11011001 /
b11011001 8
b0 ,
b0 7
#11620000
b10010001001 2
0-
#11625000
1I
1N
b1011100010010010 H
b10110111 $
b10110111 d
1-
#11629000
0+
1.
00
01
b101000 /
b101000 8
b100 ,
b100 7
#11630000
b10010001010 2
0-
#11635000
b1011100010010001 H
1J
0N
1S
b1000001 $
b1000001 d
1-
#11639000
1+
0*
0.
11
b1101101 /
b1101101 8
#11640000
b10010001011 2
0-
#11645000
05
06
0C
0S
1R
0J
1N
0M
b1011100010010000 H
1-
#11649000
1*
1.
10
01
b110111 /
b110111 8
b111 ,
b111 7
#11650000
b10010001100 2
0-
#11655000
b1011100010001111 H
1J
0I
1M
0R
15
16
1C
b0 $
b0 d
1%
1-
#11659000
0*
b10001001 /
b10001001 8
b100 ,
b100 7
#11660000
b10010001101 2
0-
#11665000
1K
1I
0M
b1011100010001110 H
0%
b1000001 $
b1000001 d
1-
#11669000
0+
0.
00
b1000010 /
b1000010 8
b110 ,
b110 7
#11670000
b10010001110 2
0-
#11675000
b1011100010001101 H
0I
0N
b10000000 $
b10000000 d
1-
#11679000
1+
1*
10
b10000 /
b10000 8
b111 ,
b111 7
#11680000
b10010001111 2
0-
#11685000
0J
1N
1M
b1011100010001100 H
b0 $
b0 d
1-
#11689000
0+
0*
1.
00
11
b1111101 /
b1111101 8
b10 ,
b10 7
#11690000
b10010010000 2
0-
#11695000
b1011100010001011 H
1J
1I
0N
0M
1S
b11000110 $
b11000110 d
1-
#11699000
b1011110 /
b1011110 8
b100 ,
b100 7
#11700000
b10010010001 2
0-
#11705000
05
06
0C
0S
0J
0I
b1011100010001010 H
b1000001 $
b1000001 d
1-
#11709000
1+
1*
0.
10
b111010 /
b111010 8
b10 ,
b10 7
#11710000
b10010010010 2
0-
#11715000
b1011100010001001 H
1N
1M
b11000110 $
b11000110 d
1-
#11719000
0+
1.
01
b110101 /
b110101 8
b110 ,
b110 7
#11720000
b10010010011 2
0-
#11725000
1S
1J
1I
0N
b1011100010001000 H
1%
b10000000 $
b10000000 d
1-
#11729000
09
1+
0*
0.
00
11
b1110101 /
b1110101 8
b11 ,
b11 7
#11730000
b10010010100 2
0-
#11735000
b1011100010000111 H
0J
1N
0M
0S
1R
b11000011 $
b11000011 d
0%
1-
#11739000
0+
1*
1.
b10001010 /
b10001010 8
b10 ,
b10 7
#11740000
b10010010101 2
0-
#11745000
15
16
1C
0R
1J
0I
0N
1M
b1011100010000110 H
b11000110 $
b11000110 d
1-
#11749000
10
01
b11001101 /
b11001101 8
b110 ,
b110 7
#11750000
b10010010110 2
0-
#11755000
b1011100010000101 H
0J
1I
1R
0K
b10000000 $
b10000000 d
1%
1-
#11759000
1+
0.
00
b10110100 /
b10110100 8
b1 ,
b1 7
#11760000
b10010010111 2
0-
#11765000
0R
1N
b1011100010000100 H
0%
b10111000 $
b10111000 d
1-
#11769000
19
0+
0*
1.
10
11
b11011010 /
b11011010 8
#11770000
b10010011000 2
0-
#11775000
b1101101010110111 `
b1011100010000011 H
1J
0N
0M
1S
1%
1-
#11779000
09
1+
00
b10111011 /
b10111011 8
b10 ,
b10 7
#11780000
b10010011001 2
0-
#11785000
05
06
0C
0S
0J
0I
1N
b1011100010000010 H
0%
b11000110 $
b11000110 d
1-
#11789000
1*
10
01
b1000111 /
b1000111 8
b0 ,
b0 7
#11790000
b10010011010 2
0-
#11795000
b1011100010000001 H
1J
1M
b10110111 $
b10110111 d
1%
1-
#11799000
09
0+
0*
0.
11
b1110111 /
b1110111 8
b1 ,
b1 7
#11800000
b10010011011 2
0-
#11805000
1K
1I
0N
0M
b1011100010000000 H
0%
b11011010 $
b11011010 d
1-
#11809000
19
1+
1.
b1101001 /
b1101001 8
b111 ,
b111 7
#11810000
b10010011100 2
0-
#11815000
b1011100001111111 H
0J
0I
1N
b0 $
b0 d
1%
1-
#11819000
09
0+
1*
00
01
b100100 /
b100100 8
b0 ,
b0 7
#11820000
b10010011101 2
0-
#11825000
1J
0N
1M
b1011100001111110 H
0%
b10110111 $
b10110111 d
1-
#11829000
19
1+
0*
10
11
b1010110 /
b1010110 8
b1 ,
b1 7
#11830000
b10010011110 2
0-
#11835000
b101011010110111 `
b1011100001111101 H
0J
1I
1N
0M
1R
0K
b11011010 $
b11011010 d
1%
1-
#11839000
09
1*
0.
01
b10010010 /
b10010010 8
b0 ,
b0 7
#11840000
b10010011111 2
0-
#11845000
15
16
1C
0R
1J
0I
1M
b1011100001111100 H
0%
b10110111 $
b10110111 d
1-
#11849000
b1100110 /
b1100110 8
b1 ,
b1 7
#11850000
b10010100000 2
0-
#11855000
b1011100001111011 H
1I
1K
b1010110 $
b1010110 d
1-
#11859000
11
b1110010 /
b1110010 8
#11860000
b10010100001 2
0-
#11865000
b1011100001111010 H
1-
#11869000
0+
0*
1.
00
01
b11101100 /
b11101100 8
b110 ,
b110 7
#11870000
b10010100010 2
0-
#11875000
b1011100001111001 H
0N
0M
b10000000 $
b10000000 d
1-
#11879000
0.
10
b10011001 /
b10011001 8
b0 ,
b0 7
#11880000
b10010100011 2
0-
#11885000
0J
0I
b1011100001111000 H
b10110111 $
b10110111 d
1-
#11889000
1+
1*
00
b11011101 /
b11011101 8
#11890000
b10010100100 2
0-
#11895000
b1011100001110111 H
1N
1M
1-
#11899000
1.
b1010111 /
b1010111 8
b111 ,
b111 7
#11900000
b10010100101 2
0-
#11905000
1S
1J
1I
b1011100001110110 H
b0 $
b0 d
1-
#11909000
0*
0.
b11101111 /
b11101111 8
b10 ,
b10 7
#11910000
b10010100110 2
0-
#11915000
b1011100001110101 H
0M
0S
05
06
0C
b11000110 $
b11000110 d
1-
#11919000
0+
11
b11010111 /
b11010111 8
b101 ,
b101 7
#11920000
b10010100111 2
0-
#11925000
0I
0N
b1011100001110100 H
b10011010 $
b10011010 d
1-
#11929000
1+
1.
b1001110 /
b1001110 8
b10 ,
b10 7
#11930000
b10010101000 2
0-
#11935000
b1011100001110011 H
0J
1N
b11000110 $
b11000110 d
1-
#11939000
1*
0.
10
01
b1000 /
b1000 8
b110 ,
b110 7
#11940000
b10010101001 2
0-
#11945000
1J
1M
b1011100001110010 H
b10000000 $
b10000000 d
1-
#11949000
0+
0*
00
b1000011 /
b1000011 8
b11 ,
b11 7
#11950000
b10010101010 2
0-
#11955000
b1011100001110001 H
1I
0N
0M
b11000011 $
b11000011 d
1-
#11959000
1+
1*
1.
11
b1101000 /
b1101000 8
b101 ,
b101 7
#11960000
b10010101011 2
0-
#11965000
0J
0I
1N
1M
b1011100001110000 H
b10011010 $
b10011010 d
1-
#11969000
0+
0*
0.
10
01
b11100010 /
b11100010 8
b0 ,
b0 7
#11970000
b10010101100 2
0-
#11975000
b1011100001101111 H
1J
1I
0N
0M
1S
b10110111 $
b10110111 d
1-
#11979000
1+
1*
b1110000 /
b1110000 8
b10 ,
b10 7
#11980000
b10010101101 2
0-
#11985000
0S
0J
0I
1N
1M
b1011100001101110 H
b11000110 $
b11000110 d
1-
#11989000
0+
1.
00
b11111000 /
b11111000 8
#11990000
b10010101110 2
0-
#11995000
b1011100001101101 H
1J
1I
0N
1S
1-
#11999000
1+
0*
11
b10110001 /
b10110001 8
b101 ,
b101 7
#12000000
b10010101111 2
0-
#12005000
0S
1R
0J
1N
0M
b1011100001101100 H
b10011010 $
b10011010 d
1-
#12009000
1*
01
b11010101 /
b11010101 8
#12010000
b10010110000 2
0-
#12015000
b1011100001101011 H
1J
0I
1M
0R
15
16
1C
1-
#12019000
0+
0*
0.
11
b1010111 /
b1010111 8
b11 ,
b11 7
#12020000
b10010110001 2
0-
#12025000
1I
0N
0M
b1011100001101010 H
b11000011 $
b11000011 d
1-
#12029000
1+
01
b11010 /
b11010 8
b111 ,
b111 7
#12030000
b10010110010 2
0-
#12035000
b1011100001101001 H
0J
0I
1N
b0 $
b0 d
1-
#12039000
1*
b1001010 /
b1001010 8
b101 ,
b101 7
#12040000
b10010110011 2
0-
#12045000
1J
1M
b1011100001101000 H
b10011010 $
b10011010 d
1-
#12049000
0*
10
b1000001 /
b1000001 8
b111 ,
b111 7
#12050000
b10010110100 2
0-
#12055000
b1011100001100111 H
1I
0M
b0 $
b0 d
1-
#12059000
19
1*
1.
11
b1010011 /
b1010011 8
b11 ,
b11 7
#12060000
b10010110101 2
0-
#12065000
0I
1M
b1011100001100110 H
b1010011 c
1%
b11000011 $
b11000011 d
1-
#12069000
09
0+
0.
00
b0 /
b0 8
b0 ,
b0 7
#12070000
b10010110110 2
0-
#12075000
b1011100001100101 H
1I
0N
b10110111 $
b10110111 d
0%
1-
#12079000
01
b11101001 /
b11101001 8
b1 ,
b1 7
#12080000
b10010110111 2
0-
#12085000
1R
0J
b1011100001100100 H
b1010110 $
b1010110 d
1-
#12089000
0*
1.
11
b11101101 /
b11101101 8
b111 ,
b111 7
#12090000
b10010111000 2
0-
#12095000
b1011100001100011 H
0M
0R
b0 $
b0 d
1-
#12099000
1+
b10111111 /
b10111111 8
b1 ,
b1 7
#12100000
b10010111001 2
0-
#12105000
0I
1N
b1011100001100010 H
b1010110 $
b1010110 d
1-
#12109000
0+
1*
01
b10000101 /
b10000101 8
b101 ,
b101 7
#12110000
b10010111010 2
0-
#12115000
b1011100001100001 H
1J
0N
1M
b1010011 $
b1010011 d
1-
#12119000
1+
0*
0.
10
11
b111110 /
b111110 8
b111 ,
b111 7
#12120000
b10010111011 2
0-
#12125000
0K
1R
0J
1I
1N
0M
b1011100001100000 H
b0 $
b0 d
1-
#12129000
19
1*
1.
b1000110 /
b1000110 8
#12130000
b10010111100 2
0-
#12135000
b1011100001011111 H
1J
0I
1M
0R
1%
1-
#12139000
09
0*
0.
00
01
b10010000 /
b10010000 8
b101 ,
b101 7
#12140000
b10010111101 2
0-
#12145000
1K
1I
0M
b1011100001011110 H
0%
b1010011 $
b1010011 d
1-
#12149000
0+
1*
11
b1111 /
b1111 8
b0 ,
b0 7
#12150000
b10010111110 2
0-
#12155000
b1011100001011101 H
0I
0N
1M
b10110111 $
b10110111 d
1-
#12159000
0*
1.
10
01
b1100001 /
b1100001 8
#12160000
b10010111111 2
0-
#12165000
0K
1R
0J
1I
0M
b1011100001011100 H
1%
1-
#12169000
19
1+
1*
11
b110111 /
b110111 8
b111 ,
b111 7
#12170000
b10011000000 2
0-
#12175000
b1011100001011011 H
0I
1N
1M
0R
b0 $
b0 d
0%
1-
#12179000
09
01
b110110 /
b110110 8
b11 ,
b11 7
#12180000
b10011000001 2
0-
#12185000
1K
1S
1J
1I
b1011100001011010 H
1%
b11000011 $
b11000011 d
1-
#12189000
0.
00
b11010110 /
b11010110 8
b1 ,
b1 7
#12190000
b10011000010 2
0-
#12195000
b1011100001011001 H
0S
05
06
0C
b1010110 $
b1010110 d
0%
1-
#12199000
0+
0*
10
11
b11001011 /
b11001011 8
b111 ,
b111 7
#12200000
b10011000011 2
0-
#12205000
0N
0M
b1011100001011000 H
b0 $
b0 d
1-
#12209000
00
b11110000 /
b11110000 8
b101 ,
b101 7
#12210000
b10011000100 2
0-
#12215000
b1011100001010111 H
0J
0I
b1010011 $
b1010011 d
1-
#12219000
1*
01
b1101111 /
b1101111 8
b100 ,
b100 7
#12220000
b10011000101 2
0-
#12225000
1M
b1011100001010110 H
b1 $
b1 d
1-
#12229000
10
11
b1000101 /
b1000101 8
b110 ,
b110 7
#12230000
b10011000110 2
0-
#12235000
b1011100001010101 H
1I
0K
b10000000 $
b10000000 d
1-
#12239000
1+
0*
1.
00
b1101000 /
b1101000 8
#12240000
b10011000111 2
0-
#12245000
1N
0M
b1011100001010100 H
1-
#12249000
19
0+
10
b1100001 /
b1100001 8
b10 ,
b10 7
#12250000
b10011001000 2
0-
#12255000
b1100001 ^
b1011100001010011 H
1J
0I
0N
b11000110 $
b11000110 d
1%
1-
#12259000
09
1*
00
b111010 /
b111010 8
b111 ,
b111 7
#12260000
b10011001001 2
0-
#12265000
0J
1M
0%
b0 $
b0 d
1-
#12269000
0*
10
01
b11101111 /
b11101111 8
b101 ,
b101 7
#12270000
b10011001010 2
0-
#12275000
1E
b101011010110111 H
1I
0M
b1010011 $
b1010011 d
1%
1-
#12279000
09
0.
00
11
b11000110 /
b11000110 8
b10 ,
b10 7
#12280000
b10011001011 2
0-
#12285000
0I
0E
0%
b1100001 $
b1100001 d
1-
#12289000
1*
1.
10
01
b1111001 /
b1111001 8
b101 ,
b101 7
#12290000
b10011001100 2
0-
#12295000
1M
b1010011 $
b1010011 d
1%
1-
#12299000
0.
00
b11001001 /
b11001001 8
b100 ,
b100 7
#12300000
b10011001101 2
0-
#12305000
1I
1E
0%
b1 $
b1 d
1-
#12309000
1+
10
11
b11100101 /
b11100101 8
b110 ,
b110 7
#12310000
b10011001110 2
0-
#12315000
1N
b10000000 $
b10000000 d
1-
#12319000
00
01
b11110011 /
b11110011 8
b1 ,
b1 7
#12320000
b10011001111 2
0-
#12325000
1S
1J
b1010110 $
b1010110 d
1-
#12329000
0*
1.
10
b11011111 /
b11011111 8
b10 ,
b10 7
#12330000
b10011010000 2
0-
#12335000
0M
0S
b1100001 $
b1100001 d
1%
1-
#12339000
19
0+
11
b10100010 /
b10100010 8
b1 ,
b1 7
#12340000
b10011010001 2
0-
#12345000
0I
0N
0E
b1010001010110111 `
0%
b1010110 $
b1010110 d
1-
#12349000
09
1*
01
b11111001 /
b11111001 8
b0 ,
b0 7
#12350000
b10011010010 2
0-
#12355000
0J
1M
b10110111 $
b10110111 d
1%
1-
#12359000
09
0.
00
11
b11111101 /
b11111101 8
b1 ,
b1 7
#12360000
b10011010011 2
0-
#12365000
1I
1E
b1010001010110111 H
0%
b10100010 $
b10100010 d
1-
#12369000
10
b1000111 /
b1000111 8
#12370000
b10011010100 2
0-
#12375000
1-
#12379000
1+
0*
00
b11001110 /
b11001110 8
b101 ,
b101 7
#12380000
b10011010101 2
0-
#12385000
1N
0M
b1010011 $
b1010011 d
1-
#12389000
0+
b10110100 /
b10110100 8
b110 ,
b110 7
#12390000
b10011010110 2
0-
#12395000
0E
1J
0I
0N
b10000000 $
b10000000 d
1-
#12399000
10
01
b10111010 /
b10111010 8
b10 ,
b10 7
#12400000
b10011010111 2
0-
#12405000
0J
b1100001 $
b1100001 d
1-
#12409000
1.
b1100 /
b1100 8
b1 ,
b1 7
#12410000
b10011011000 2
0-
#12415000
b10100010 $
b10100010 d
1%
1-
#12419000
09
1+
1*
0.
00
11
b1001111 /
b1001111 8
b111 ,
b111 7
#12420000
b10011011001 2
0-
#12425000
1N
1M
0%
b0 $
b0 d
1-
#12429000
0+
1.
b1111011 /
b1111011 8
b100 ,
b100 7
#12430000
b10011011010 2
0-
#12435000
1E
1J
1I
0N
1S
1K
b1 $
b1 d
1-
#12439000
0.
01
b10111110 /
b10111110 8
b111 ,
b111 7
#12440000
b10011011011 2
0-
#12445000
0S
1R
0J
b0 $
b0 d
1-
#12449000
1+
1.
11
b111001 /
b111001 8
b1 ,
b1 7
#12450000
b10011011100 2
0-
#12455000
1N
0R
15
16
1C
b10100010 $
b10100010 d
1-
#12459000
0+
0.
01
b10100101 /
b10100101 8
b101 ,
b101 7
#12460000
b10011011101 2
0-
#12465000
1S
1J
0N
b1010011 $
b1010011 d
1-
#12469000
b11000101 /
b11000101 8
b0 ,
b0 7
#12470000
b10011011110 2
0-
#12475000
0J
0S
1R
05
06
0C
b10110111 $
b10110111 d
1-
#12479000
1.
10
b101100 /
b101100 8
b100 ,
b100 7
#12480000
b10011011111 2
0-
#12485000
15
16
1C
0R
1%
b1 $
b1 d
1-
#12489000
09
0.
11
b10100101 /
b10100101 8
b101 ,
b101 7
#12490000
b10011100000 2
0-
#12495000
b1010011 $
b1010011 d
0%
1-
#12499000
1+
0*
b10111011 /
b10111011 8
b10 ,
b10 7
#12500000
b10011100001 2
0-
#12505000
1N
0M
b1100001 $
b1100001 d
1-
#12509000
0+
1.
01
b11001010 /
b11001010 8
b110 ,
b110 7
#12510000
b10011100010 2
0-
#12515000
0E
1J
0I
0N
b10000000 $
b10000000 d
1%
1-
#12519000
09
1+
00
11
b1000010 /
b1000010 8
b1 ,
b1 7
#12520000
b10011100011 2
0-
#12525000
0J
1N
0%
b10100010 $
b10100010 d
1-
#12529000
19
1*
10
b1010001 /
b1010001 8
b111 ,
b111 7
#12530000
b10011100100 2
0-
#12535000
1J
1M
b0 $
b0 d
1%
1-
#12539000
09
0+
01
b11101001 /
b11101001 8
b0 ,
b0 7
#12540000
b10011100101 2
0-
#12545000
1I
0N
1E
0%
b10110111 $
b10110111 d
1-
#12549000
09
1+
00
11
b10010101 /
b10010101 8
b110 ,
b110 7
#12550000
b10011100110 2
0-
#12555000
0J
1N
1R
b10000000 $
b10000000 d
1-
#12559000
19
0*
10
b1001101 /
b1001101 8
b10 ,
b10 7
#12560000
b10011100111 2
0-
#12565000
1S
0R
1J
0M
b1001101 ^
1%
b1100001 $
b1100001 d
1-
#12569000
09
0+
0.
b10100110 /
b10100110 8
b100 ,
b100 7
#12570000
b10011101000 2
0-
#12575000
0E
0I
0N
0S
05
06
0C
b1000001 $
b1000001 d
0%
1-
#12579000
19
1*
1.
b1101110 /
b1101110 8
b110 ,
b110 7
#12580000
b10011101001 2
0-
#12585000
0J
1M
1%
b10000000 $
b10000000 d
1-
#12589000
09
0.
00
01
b11100000 /
b11100000 8
b111 ,
b111 7
#12590000
b10011101010 2
0-
#12595000
1E
1I
0K
b0 $
b0 d
0%
1-
#12599000
10
11
b11110011 /
b11110011 8
b11 ,
b11 7
#12600000
b10011101011 2
0-
#12605000
b11000011 $
b11000011 d
1-
#12609000
19
1.
b11000100 /
b11000100 8
b100 ,
b100 7
#12610000
b10011101100 2
0-
#12615000
b1 $
b1 d
1%
1-
#12619000
09
0.
00
b10001 /
b10001 8
b111 ,
b111 7
#12620000
b10011101101 2
0-
#12625000
0%
b0 $
b0 d
1-
#12629000
1+
1.
01
b10011010 /
b10011010 8
b10 ,
b10 7
#12630000
b10011101110 2
0-
#12635000
1N
b1001101 $
b1001101 d
1-
#12639000
0+
0.
10
11
b1101010 /
b1101010 8
b100 ,
b100 7
#12640000
b10011101111 2
0-
#12645000
1S
1J
0N
b1 $
b1 d
1-
#12649000
0*
1.
00
01
b10000111 /
b10000111 8
#12650000
b10011110000 2
0-
#12655000
0J
0M
0S
1R
1-
#12659000
1+
11
b1001011 /
b1001011 8
b0 ,
b0 7
#12660000
b10011110001 2
0-
#12665000
15
16
1C
0R
0I
1N
0E
b10110111 $
b10110111 d
1-
#12669000
1*
0.
10
b10010100 /
b10010100 8
b101 ,
b101 7
#12670000
b10011110010 2
0-
#12675000
1J
1M
b1010011 $
b1010011 d
1-
#12679000
0*
1.
01
b10011001 /
b10011001 8
b110 ,
b110 7
#12680000
b10011110011 2
0-
#12685000
1K
1I
0M
1E
1%
b10000000 $
b10000000 d
1-
#12689000
0+
0.
b1100101 /
b1100101 8
b100 ,
b100 7
#12690000
b10011110100 2
0-
#12695000
0E
0I
0N
b1000001 $
b1000001 d
0%
1-
#12699000
b10101010 /
b10101010 8
b111 ,
b111 7
#12700000
b10011110101 2
0-
#12705000
0J
b0 $
b0 d
1-
#12709000
1*
1.
00
11
b100001 /
b100001 8
b0 ,
b0 7
#12710000
b10011110110 2
0-
#12715000
1M
b10110111 $
b10110111 d
1-
#12719000
0*
b10110111 /
b10110111 8
b110 ,
b110 7
#12720000
b10011110111 2
0-
#12725000
0K
1I
0M
1E
b10000000 $
b10000000 d
1-
#12729000
1+
1*
0.
10
01
b11011010 /
b11011010 8
b111 ,
b111 7
#12730000
b10011111000 2
0-
#12735000
0E
0I
1N
1M
b0 $
b0 d
1-
#12739000
0+
0*
00
11
b11000100 /
b11000100 8
b1 ,
b1 7
#12740000
b10011111001 2
0-
#12745000
1K
1S
1J
1I
0N
0M
1E
b10100010 $
b10100010 d
1-
#12749000
1*
1.
01
b101011 /
b101011 8
b100 ,
b100 7
#12750000
b10011111010 2
0-
#12755000
0E
0J
0I
1M
0S
05
06
0C
b1000001 $
b1000001 d
1-
#12759000
0.
11
b1100001 /
b1100001 8
b10 ,
b10 7
#12760000
b10011111011 2
0-
#12765000
0K
1I
1E
b1001101 $
b1001101 d
1-
#12769000
1.
01
b1110101 /
b1110101 8
b0 ,
b0 7
#12770000
b10011111100 2
0-
#12775000
b10110111 $
b10110111 d
1-
#12779000
1+
0*
0.
b1111101 /
b1111101 8
b10 ,
b10 7
#12780000
b10011111101 2
0-
#12785000
1N
0M
b1001101 $
b1001101 d
1-
#12789000
0+
1.
11
b10010011 /
b10010011 8
b110 ,
b110 7
#12790000
b10011111110 2
0-
#12795000
0E
1J
0I
0N
b10000000 $
b10000000 d
1-
#12799000
1+
0.
b11000010 /
b11000010 8
b0 ,
b0 7
#12800000
b10011111111 2
0-
#12805000
0J
1N
b10110111 $
b10110111 d
1-
#12809000
1*
1.
b1001000 /
b1001000 8
b100 ,
b100 7
#12810000
b10100000000 2
0-
#12815000
1J
1M
b1 $
b1 d
1-
#12819000
0*
b11101001 /
b11101001 8
b11 ,
b11 7
#12820000
b10100000001 2
0-
#12825000
1K
1I
0M
1E
b11000011 $
b11000011 d
1-
#12829000
19
0+
1*
10
b1001111 /
b1001111 8
b111 ,
b111 7
#12830000
b10100000010 2
0-
#12835000
0E
0I
0N
1M
b0 $
b0 d
1%
1-
#12839000
09
0*
0.
00
01
b11000100 /
b11000100 8
#12840000
b10100000011 2
0-
#12845000
0K
1R
0J
1I
0M
1E
0%
1-
#12849000
1+
1*
10
11
b11001011 /
b11001011 8
b11 ,
b11 7
#12850000
b10100000100 2
0-
#12855000
0E
0I
1N
1M
0R
15
16
1C
b11000011 $
b11000011 d
1-
#12859000
19
0+
0*
1.
b10001111 /
b10001111 8
b1 ,
b1 7
#12860000
b10100000101 2
0-
#12865000
1K
1S
1J
1I
0N
0M
1E
b1000111110110111 `
1%
b10100010 $
b10100010 d
1-
#12869000
1*
b100001 /
b100001 8
b111 ,
b111 7
#12870000
b10100000110 2
0-
#12875000
0E
0J
0I
1M
0S
05
06
0C
b0 $
b0 d
0%
1-
#12879000
09
0*
0.
00
01
b11010100 /
b11010100 8
b100 ,
b100 7
#12880000
b10100000111 2
0-
#12885000
0K
1I
0M
1E
b1000111110110111 H
b1 $
b1 d
1-
#12889000
1*
1.
10
b11101011 /
b11101011 8
b11 ,
b11 7
#12890000
b10100001000 2
0-
#12895000
0E
0I
1M
b11000011 $
b11000011 d
1%
1-
#12899000
1+
0*
b1011010 /
b1011010 8
b111 ,
b111 7
#12900000
b10100001001 2
0-
#12905000
1I
1N
0M
1E
0%
b0 $
b0 d
1-
#12909000
09
0+
1*
0.
11
b1100100 /
b1100100 8
b1 ,
b1 7
#12910000
b10100001010 2
0-
#12915000
0E
1J
0I
0N
1M
b10001111 $
b10001111 d
1-
#12919000
1.
00
b1010011 /
b1010011 8
b101 ,
b101 7
#12920000
b10100001011 2
0-
#12925000
1R
0J
1I
1E
b1010011 $
b1010011 d
1-
#12929000
1+
0*
0.
10
b1100101 /
b1100101 8
b111 ,
b111 7
#12930000
b10100001100 2
0-
#12935000
1N
0M
0R
15
16
1C
b0 $
b0 d
1-
#12939000
19
1.
b11111110 /
b11111110 8
b1 ,
b1 7
#12940000
b10100001101 2
0-
#12945000
1J
0I
0E
b1111111010110111 `
1%
b10001111 $
b10001111 d
1-
#12949000
09
00
01
b11000000 /
b11000000 8
b0 ,
b0 7
#12950000
b10100001110 2
0-
#12955000
b10110111 $
b10110111 d
0%
1-
#12959000
0+
0.
10
11
b100010 /
b100010 8
b111 ,
b111 7
#12960000
b10100001111 2
0-
#12965000
0N
b0 $
b0 d
1-
#12969000
1+
1*
b10000 /
b10000 8
#12970000
b10100010000 2
0-
#12975000
0J
1N
1M
1-
#12979000
0+
0*
00
b10111 /
b10111 8
b1 ,
b1 7
#12980000
b10100010001 2
0-
#12985000
1K
1S
1J
1I
0N
0M
1E
b1111111010110111 H
b11111110 $
b11111110 d
1-
#12989000
19
1.
10
b111100 /
b111100 8
b110 ,
b110 7
#12990000
b10100010010 2
0-
#12995000
0E
0J
0I
0S
05
06
0C
b10000000 $
b10000000 d
1%
1-
#12999000
09
1+
0.
00
01
b1100000 /
b1100000 8
b0 ,
b0 7
#13000000
b10100010011 2
0-
#13005000
1N
0%
b10110111 $
b10110111 d
1-
#13009000
0+
1*
1.
11
b1010011 /
b1010011 8
b10 ,
b10 7
#13010000
b10100010100 2
0-
#13015000
1J
0N
1M
b1001101 $
b1001101 d
1-
#13019000
0.
b11001001 /
b11001001 8
b100 ,
b100 7
#13020000
b10100010101 2
0-
#13025000
0K
1R
0J
1I
1E
b1 $
b1 d
1-
#13029000
1+
1.
10
01
b10010011 /
b10010011 8
b110 ,
b110 7
#13030000
b10100010110 2
0-
#13035000
1N
0R
15
16
1C
b10000000 $
b10000000 d
1%
1-
#13039000
b11101001 /
b11101001 8
b10 ,
b10 7
#13040000
b10100010111 2
0-
#13045000
1S
1J
0%
b1001101 $
b1001101 d
1-
#13049000
0.
b1010001 /
b1010001 8
b11 ,
b11 7
#13050000
b10100011000 2
0-
#13055000
0S
05
06
0C
b11000011 $
b11000011 d
1-
#13059000
0+
11
b110011 /
b110011 8
b0 ,
b0 7
#13060000
b10100011001 2
0-
#13065000
0N
b10110111 $
b10110111 d
1-
#13069000
0*
00
b101101 /
b101101 8
b100 ,
b100 7
#13070000
b10100011010 2
0-
#13075000
0J
0M
1R
b1 $
b1 d
1-
#13079000
01
b10000110 /
b10000110 8
#13080000
b10100011011 2
0-
#13085000
15
16
1C
0R
0I
0E
1-
#13089000
1+
1*
10
b1000 /
b1000 8
b11 ,
b11 7
#13090000
b10100011100 2
0-
#13095000
1N
1M
b11000011 $
b11000011 d
1-
#13099000
00
11
b1101011 /
b1101011 8
b0 ,
b0 7
#13100000
b10100011101 2
0-
#13105000
1K
1S
1J
1I
1E
b10110111 $
b10110111 d
1-
#13109000
0+
0*
1.
b10110000 /
b10110000 8
b1 ,
b1 7
#13110000
b10100011110 2
0-
#13115000
0N
0M
0S
05
06
0C
b11111110 $
b11111110 d
1-
#13119000
1+
1*
01
b1101100 /
b1101100 8
b100 ,
b100 7
#13120000
b10100011111 2
0-
#13125000
0J
0I
1N
1M
0E
b1 $
b1 d
1-
#13129000
0+
0.
11
b1111 /
b1111 8
b10 ,
b10 7
#13130000
b10100100000 2
0-
#13135000
1E
1J
1I
0N
1S
b1001101 $
b1001101 d
1-
#13139000
1+
0*
1.
10
01
b1100010 /
b1100010 8
b100 ,
b100 7
#13140000
b10100100001 2
0-
#13145000
0S
1R
0J
1N
0M
1%
b1 $
b1 d
1-
#13149000
0.
b10000101 /
b10000101 8
b11 ,
b11 7
#13150000
b10100100010 2
0-
#13155000
0E
1J
0I
0R
15
16
1C
b11000011 $
b11000011 d
0%
1-
#13159000
0+
1.
00
b1111 /
b1111 8
b10 ,
b10 7
#13160000
b10100100011 2
0-
#13165000
0N
b1001101 $
b1001101 d
1-
#13169000
1*
10
b0 /
b0 8
b1 ,
b1 7
#13170000
b10100100100 2
0-
#13175000
0J
1M
b11111110 $
b11111110 d
1%
1-
#13179000
09
0.
00
11
b1011111 /
b1011111 8
b0 ,
b0 7
#13180000
b10100100101 2
0-
#13185000
0K
1I
1E
0%
b10110111 $
b10110111 d
1-
#13189000
10
01
b1000011 /
b1000011 8
b101 ,
b101 7
#13190000
b10100100110 2
0-
#13195000
b1010011 $
b1010011 d
1-
#13199000
1+
00
11
b11000011 /
b11000011 8
b1 ,
b1 7
#13200000
b10100100111 2
0-
#13205000
1N
b11111110 $
b11111110 d
1-
#13209000
0+
0*
1.
01
b1010111 /
b1010111 8
b110 ,
b110 7
#13210000
b10100101000 2
0-
#13215000
1J
0N
0M
1S
b10000000 $
b10000000 d
1-
#13219000
b1101110 /
b1101110 8
b101 ,
b101 7
#13220000
b10100101001 2
0-
#13225000
05
06
0C
0S
0J
0I
0E
b1010011 $
b1010011 d
1-
#13229000
1+
0.
10
11
b1100000 /
b1100000 8
b0 ,
b0 7
#13230000
b10100101010 2
0-
#13235000
1N
b10110111 $
b10110111 d
1-
#13239000
0+
01
b1000011 /
b1000011 8
b1 ,
b1 7
#13240000
b10100101011 2
0-
#13245000
1J
0N
b11111110 $
b11111110 d
1-
#13249000
b11010100 /
b11010100 8
b11 ,
b11 7
#13250000
b10100101100 2
0-
#13255000
0J
b11000011 $
b11000011 d
1-
#13259000
1+
1.
b1111111 /
b1111111 8
b10 ,
b10 7
#13260000
b10100101101 2
0-
#13265000
1N
1%
b1001101 $
b1001101 d
1-
#13269000
1*
00
b10110 /
b10110 8
#13270000
b10100101110 2
0-
#13275000
1J
1M
0%
1-
#13279000
0+
0.
11
b10011101 /
b10011101 8
b110 ,
b110 7
#13280000
b10100101111 2
0-
#13285000
1K
1I
0N
1E
b10000000 $
b10000000 d
1-
#13289000
19
1.
10
b11000 /
b11000 8
b101 ,
b101 7
#13290000
b10100110000 2
0-
#13295000
0J
1R
b1010011 $
b1010011 d
1%
1-
#13299000
09
1+
0*
0.
01
b10000011 /
b10000011 8
b110 ,
b110 7
#13300000
b10100110001 2
0-
#13305000
15
16
1C
0R
1N
0M
0%
b10000000 $
b10000000 d
1-
#13309000
11
b11011110 /
b11011110 8
b101 ,
b101 7
#13310000
b10100110010 2
0-
#13315000
0E
1J
0I
b1010011 $
b1010011 d
1-
#13319000
1*
1.
00
b10001101 /
b10001101 8
b100 ,
b100 7
#13320000
b10100110011 2
0-
#13325000
1M
b1000001 $
b1000001 d
1-
#13329000
10
01
b10100000 /
b10100000 8
#13330000
b10100110100 2
0-
#13335000
1E
1I
1%
1-
#13339000
19
0+
11
b1001001 /
b1001001 8
b0 ,
b0 7
#13340000
b10100110101 2
0-
#13345000
0N
b1111111001001001 `
0%
b10110111 $
b10110111 d
1-
#13349000
09
1+
0.
b1110001 /
b1110001 8
b110 ,
b110 7
#13350000
b10100110110 2
0-
#13355000
b1111111001001001 H
0J
1N
1R
b10000000 $
b10000000 d
1-
#13359000
0+
01
b11010100 /
b11010100 8
b111 ,
b111 7
#13360000
b10100110111 2
0-
#13365000
1S
0R
1J
0N
b0 $
b0 d
1-
#13369000
1+
00
b11000001 /
b11000001 8
#13370000
b10100111000 2
0-
#13375000
0J
1N
0S
1R
05
06
0C
1-
#13379000
0*
10
b1100110 /
b1100110 8
b10 ,
b10 7
#13380000
b10100111001 2
0-
#13385000
15
16
1C
1S
0R
1J
0M
b1001101 $
b1001101 d
1-
#13389000
1*
00
11
b10110011 /
b10110011 8
#13390000
b10100111010 2
0-
#13395000
0E
0I
1M
0S
05
06
0C
1-
#13399000
0+
01
b10000110 /
b10000110 8
b110 ,
b110 7
#13400000
b10100111011 2
0-
#13405000
1I
0N
1E
b10000000 $
b10000000 d
1-
#13409000
1.
10
b11010111 /
b11010111 8
b10 ,
b10 7
#13410000
b10100111100 2
0-
#13415000
0J
1R
b1001101 $
b1001101 d
1%
1-
#13419000
09
1+
0*
0.
00
11
b11111001 /
b11111001 8
b111 ,
b111 7
#13420000
b10100111101 2
0-
#13425000
15
16
1C
0R
1N
0M
0%
b0 $
b0 d
1-
#13429000
0+
1*
b1100110 /
b1100110 8
b100 ,
b100 7
#13430000
b10100111110 2
0-
#13435000
0E
1J
0I
0N
1M
b1000001 $
b1000001 d
1-
#13439000
19
1.
10
b11101000 /
b11101000 8
#13440000
b10100111111 2
0-
#13445000
0K
1R
0J
1I
1E
1%
1-
#13449000
09
1+
0*
00
b1000011 /
b1000011 8
b101 ,
b101 7
#13450000
b10101000000 2
0-
#13455000
1N
0M
0R
b1010011 $
b1010011 d
0%
1-
#13459000
10
01
b1111111 /
b1111111 8
b11 ,
b11 7
#13460000
b10101000001 2
0-
#13465000
1J
0I
0E
1%
b11000011 $
b11000011 d
1-
#13469000
1*
00
b100011 /
b100011 8
b101 ,
b101 7
#13470000
b10101000010 2
0-
#13475000
1M
b1010011 $
b1010011 d
0%
1-
#13479000
0+
11
b11011010 /
b11011010 8
b10 ,
b10 7
#13480000
b10101000011 2
0-
#13485000
1K
1I
0N
1E
b1001101 $
b1001101 d
1-
#13489000
1+
0.
01
b1101101 /
b1101101 8
b101 ,
b101 7
#13490000
b10101000100 2
0-
#13495000
0J
1N
1R
b1010011 $
b1010011 d
1-
#13499000
0*
b10010010 /
b10010010 8
b110 ,
b110 7
#13500000
b10101000101 2
0-
#13505000
1S
0R
1J
0M
b10000000 $
b10000000 d
1-
#13509000
19
1*
1.
10
11
b1101110 /
b1101110 8
b1 ,
b1 7
#13510000
b10101000110 2
0-
#13515000
b110111001001001 `
0E
0I
1M
0S
05
06
0C
b11111110 $
b11111110 d
1%
1-
#13519000
09
0*
0.
00
b1011000 /
b1011000 8
b11 ,
b11 7
#13520000
b10101000111 2
0-
#13525000
1I
0M
1E
b110111001001001 H
0%
b11000011 $
b11000011 d
1-
#13529000
0+
1*
1.
01
b1100111 /
b1100111 8
b10 ,
b10 7
#13530000
b10101001000 2
0-
#13535000
0E
0I
0N
1M
b1001101 $
b1001101 d
1-
#13539000
1+
10
b11010001 /
b11010001 8
b11 ,
b11 7
#13540000
b10101001001 2
0-
#13545000
0K
1R
0J
1I
1N
1E
1%
b11000011 $
b11000011 d
1-
#13549000
0*
0.
b1010010 /
b1010010 8
b101 ,
b101 7
#13550000
b10101001010 2
0-
#13555000
1J
0M
1S
0R
15
16
1C
b1010011 $
b1010011 d
0%
1-
#13559000
1*
11
b11000 /
b11000 8
b100 ,
b100 7
#13560000
b10101001011 2
0-
#13565000
05
06
0C
0S
0I
1M
0E
b1000001 $
b1000001 d
1-
#13569000
0+
0*
b1100010 /
b1100010 8
#13570000
b10101001100 2
0-
#13575000
1E
1I
0N
0M
1K
b1 $
b1 d
1-
#13579000
1+
1.
01
b10111010 /
b10111010 8
b111 ,
b111 7
#13580000
b10101001101 2
0-
#13585000
0J
0I
1N
0E
1%
b0 $
b0 d
1-
#13589000
0+
1*
0.
00
b1110101 /
b1110101 8
b1 ,
b1 7
#13590000
b10101001110 2
0-
#13595000
1J
0N
1M
b1101110 $
b1101110 d
0%
1-
#13599000
10
b11011000 /
b11011000 8
#13600000
b10101001111 2
0-
#13605000
0K
1R
0J
1I
1E
1-
#13609000
0*
1.
00
b10010000 /
b10010000 8
#13610000
b10101010000 2
0-
#13615000
0M
0R
15
16
1C
1-
#13619000
0.
11
b11000101 /
b11000101 8
b0 ,
b0 7
#13620000
b10101010001 2
0-
#13625000
0I
0E
b1001001 $
b1001001 d
1-
#13629000
1+
10
01
b11111100 /
b11111100 8
b10 ,
b10 7
#13630000
b10101010010 2
0-
#13635000
1N
b1001101 $
b1001101 d
1-
#13639000
1.
b1010011 /
b1010011 8
b111 ,
b111 7
#13640000
b10101010011 2
0-
#13645000
1J
1%
b0 $
b0 d
1-
#13649000
09
0+
1*
00
11
b10110001 /
b10110001 8
b110 ,
b110 7
#13650000
b10101010100 2
0-
#13655000
0N
1M
b10000000 $
b10000000 d
0%
1-
#13659000
1+
0.
01
b1111100 /
b1111100 8
b0 ,
b0 7
#13660000
b10101010101 2
0-
#13665000
1R
0J
1I
1N
1E
b1001001 $
b1001001 d
1-
#13669000
0*
11
b111011 /
b111011 8
#13670000
b10101010110 2
0-
#13675000
1J
0M
1S
0R
1-
#13679000
0+
1*
b1110000 /
b1110000 8
b110 ,
b110 7
#13680000
b10101010111 2
0-
#13685000
05
06
0C
0S
0I
0N
1M
0E
b10000000 $
b10000000 d
1-
#13689000
19
1+
1.
10
b11010110 /
b11010110 8
b10 ,
b10 7
#13690000
b10101011000 2
0-
#13695000
b11010110 ^
1E
0J
1I
1N
1R
b1001101 $
b1001101 d
1%
1-
#13699000
09
0+
0.
01
b11100000 /
b11100000 8
b111 ,
b111 7
#13700000
b10101011001 2
0-
#13705000
15
16
1C
1S
0R
1J
0N
0E
b110111001001000 H
0%
b0 $
b0 d
1-
#13709000
1+
00
11
b10000110 /
b10000110 8
b101 ,
b101 7
#13710000
b10101011010 2
0-
#13715000
b110111001000111 H
0J
1N
0S
1R
05
06
0C
b1010011 $
b1010011 d
1-
#13719000
0+
0*
1.
01
b10110010 /
b10110010 8
#13720000
b10101011011 2
0-
#13725000
15
16
1C
1S
0R
1J
0N
0M
b110111001000110 H
1-
#13729000
1+
1*
b10011111 /
b10011111 8
#13730000
b10101011100 2
0-
#13735000
b110111001000101 H
0J
0I
1N
1M
0S
05
06
0C
1-
#13739000
0*
b11101000 /
b11101000 8
b100 ,
b100 7
#13740000
b10101011101 2
0-
#13745000
1K
1S
1J
1I
0M
b110111001000100 H
b1 $
b1 d
1-
#13749000
0+
0.
10
b11010 /
b11010 8
b111 ,
b111 7
#13750000
b10101011110 2
0-
#13755000
b110111001000011 H
0I
0N
0S
b0 $
b0 d
1-
#13759000
1+
00
b1101111 /
b1101111 8
#13760000
b10101011111 2
0-
#13765000
0J
1N
b110111001000010 H
1-
#13769000
10
11
b10000011 /
b10000011 8
b101 ,
b101 7
#13770000
b10101100000 2
0-
#13775000
b110111001000001 H
1J
b1010011 $
b1010011 d
1-
#13779000
0+
1*
01
b1010001 /
b1010001 8
b100 ,
b100 7
#13780000
b10101100001 2
0-
#13785000
0N
1M
b110111001000000 H
b1 $
b1 d
1-
#13789000
1+
1.
00
11
b1111000 /
b1111000 8
b11 ,
b11 7
#13790000
b10101100010 2
0-
#13795000
b110111000111111 H
0J
1I
1N
1R
0K
b11000011 $
b11000011 d
1-
#13799000
0.
b11010100 /
b11010100 8
b1 ,
b1 7
#13800000
b10101100011 2
0-
#13805000
15
16
1C
1S
0R
1J
b110111000111110 H
b1101110 $
b1101110 d
1-
#13809000
0*
1.
b1100011 /
b1100011 8
b110 ,
b110 7
#13810000
b10101100100 2
0-
#13815000
b110111000111101 H
0M
0S
05
06
0C
b10000000 $
b10000000 d
1-
#13819000
19
10
b10011000 /
b10011000 8
b11 ,
b11 7
#13820000
b10101100101 2
0-
#13825000
0I
b110111000111100 H
b10011000 c
1%
b11000011 $
b11000011 d
1-
#13829000
09
0+
1*
0.
01
b101100 /
b101100 8
b10 ,
b10 7
#13830000
b10101100110 2
0-
#13835000
b110111000111011 H
0N
1M
b11010110 $
b11010110 d
0%
1-
#13839000
00
b1000111 /
b1000111 8
b111 ,
b111 7
#13840000
b10101100111 2
0-
#13845000
1R
0J
1I
b110111000111010 H
b0 $
b0 d
1-
#13849000
19
0*
1.
10
11
b11110001 /
b11110001 8
b11 ,
b11 7
#13850000
b10101101000 2
0-
#13855000
b11110001 c
b110111000111001 H
0M
0R
15
16
1C
b11000011 $
b11000011 d
1%
1-
#13859000
09
00
b1100010 /
b1100010 8
b101 ,
b101 7
#13860000
b10101101001 2
0-
#13865000
0I
b110111000111000 H
0%
b11110001 $
b11110001 d
1-
#13869000
19
1*
10
b1001111 /
b1001111 8
b11 ,
b11 7
#13870000
b10101101010 2
0-
#13875000
b1001111 c
b110111000110111 H
1M
b11000011 $
b11000011 d
1%
1-
#13879000
09
1+
0*
0.
00
01
b11101 /
b11101 8
b101 ,
b101 7
#13880000
b10101101011 2
0-
#13885000
1I
1N
0M
b110111000110110 H
0%
b1001111 $
b1001111 d
1-
#13889000
b111000 /
b111000 8
b111 ,
b111 7
#13890000
b10101101100 2
0-
#13895000
b110111000110101 H
1J
0I
b0 $
b0 d
1-
#13899000
0+
1*
1.
b1100 /
b1100 8
#13900000
b10101101101 2
0-
#13905000
0N
1M
b110111000110100 H
1-
#13909000
1+
0.
10
11
b11001101 /
b11001101 8
#13910000
b10101101110 2
0-
#13915000
b110111000110011 H
0J
1I
1N
1R
1-
#13919000
0+
01
b1000110 /
b1000110 8
b11 ,
b11 7
#13920000
b10101101111 2
0-
#13925000
1S
0R
1J
0N
b110111000110010 H
b11000011 $
b11000011 d
1-
#13929000
1+
0*
1.
b11000110 /
b11000110 8
b0 ,
b0 7
#13930000
b10101110000 2
0-
#13935000
b110111000110001 H
0J
1N
0M
0S
1R
05
06
0C
b1001001 $
b1001001 d
1%
1-
#13939000
b11001001 /
b11001001 8
#13940000
b10101110001 2
0-
#13945000
15
16
1C
0R
1J
0I
b110111000110000 H
0%
1-
#13949000
19
0+
11
b10110010 /
b10110010 8
b101 ,
b101 7
#13950000
b10101110010 2
0-
#13955000
b110111000101111 H
0N
b1001111 $
b1001111 d
1%
1-
#13959000
09
1+
0.
00
01
b11011011 /
b11011011 8
b110 ,
b110 7
#13960000
b10101110011 2
0-
#13965000
0J
1N
b110111000101110 H
0%
b10000000 $
b10000000 d
1-
#13969000
1*
11
b11000110 /
b11000110 8
b0 ,
b0 7
#13970000
b10101110100 2
0-
#13975000
b110111000101101 H
1J
1M
b1001001 $
b1001001 d
1-
#13979000
0*
10
01
b11101111 /
b11101111 8
#13980000
b10101110101 2
0-
#13985000
1K
1I
0M
b110111000101100 H
1-
#13989000
19
1*
1.
11
b10000101 /
b10000101 8
b101 ,
b101 7
#13990000
b10101110110 2
0-
#13995000
b110111000101011 H
0I
1M
b1001111 $
b1001111 d
1%
1-
#13999000
09
0+
0*
00
01
b101110 /
b101110 8
#14000000
b10101110111 2
0-
#14005000
1I
0N
0M
b110111000101010 H
0%
1-
#14009000
0.
10
b10010001 /
b10010001 8
b110 ,
b110 7
#14010000
b10101111000 2
0-
#14015000
b110111000101001 H
0J
0I
b10000000 $
b10000000 d
1-
#14019000
00
11
b11011101 /
b11011101 8
b111 ,
b111 7
#14020000
b10101111001 2
0-
#14025000
b110111000101000 H
b0 $
b0 d
1-
#14029000
1+
01
b1000 /
b1000 8
b11 ,
b11 7
#14030000
b10101111010 2
0-
#14035000
b110111000100111 H
1N
b11000011 $
b11000011 d
1-
#14039000
0+
1*
b1010010 /
b1010010 8
#14040000
b10101111011 2
0-
#14045000
1J
0N
1M
b110111000100110 H
1-
#14049000
0*
b11110011 /
b11110011 8
#14050000
b10101111100 2
0-
#14055000
b110111000100101 H
0J
1I
0M
1R
0K
1-
#14059000
1+
1.
b110011 /
b110011 8
b111 ,
b111 7
#14060000
b10101111101 2
0-
#14065000
0R
0I
1N
b110111000100100 H
b0 $
b0 d
1-
#14069000
0+
1*
b1001001 /
b1001001 8
#14070000
b10101111110 2
0-
#14075000
b110111000100011 H
1J
0N
1M
1-
#14079000
0*
0.
11
b10101111 /
b10101111 8
b10 ,
b10 7
#14080000
b10101111111 2
0-
#14085000
1R
0J
1I
0M
b110111000100010 H
b11010110 $
b11010110 d
1-
#14089000
01
b11001000 /
b11001000 8
#14090000
b10110000000 2
0-
#14095000
b110111000100001 H
0I
0R
1-
#14099000
1+
1*
1.
b10100001 /
b10100001 8
b101 ,
b101 7
#14100000
b10110000001 2
0-
#14105000
1N
1M
b110111000100000 H
b1001111 $
b1001111 d
1-
#14109000
10
b1101100 /
b1101100 8
b0 ,
b0 7
#14110000
b10110000010 2
0-
#14115000
b110111000011111 H
1J
1I
1S
1K
b1001001 $
b1001001 d
1%
1-
#14119000
0+
0*
b10100100 /
b10100100 8
#14120000
b10110000011 2
0-
#14125000
05
06
0C
0S
0N
0M
b110111000011110 H
0%
1-
#14129000
09
1+
0.
11
b1101 /
b1101 8
b1 ,
b1 7
#14130000
b10110000100 2
0-
#14135000
b110111000011101 H
0J
0I
1N
b1101110 $
b1101110 d
1-
#14139000
1.
00
01
b11001 /
b11001 8
b111 ,
b111 7
#14140000
b10110000101 2
0-
#14145000
1J
b110111000011100 H
b0 $
b0 d
1-
#14149000
19
0+
10
11
b11111 /
b11111 8
b0 ,
b0 7
#14150000
b10110000110 2
0-
#14155000
b110111000011111 `
b110111000011011 H
0N
b1001001 $
b1001001 d
1%
1-
#14159000
b10111111 /
b10111111 8
b1 ,
b1 7
#14160000
b10110000111 2
0-
#14165000
0J
b110111000011010 H
b1011111100011111 `
0%
b1101110 $
b1101110 d
1-
#14169000
09
0.
01
b100011 /
b100011 8
b111 ,
b111 7
#14170000
b10110001000 2
0-
#14175000
b110111000011001 H
b0 $
b0 d
1-
#14179000
1.
b10110111 /
b10110111 8
b110 ,
b110 7
#14180000
b10110001001 2
0-
#14185000
b110111000011000 H
1%
b10000000 $
b10000000 d
1-
#14189000
1*
0.
b100 /
b100 8
b101 ,
b101 7
#14190000
b10110001010 2
0-
#14195000
b110111000010111 H
1M
b1001111 $
b1001111 d
0%
1-
#14199000
1+
0*
11
b10011001 /
b10011001 8
b100 ,
b100 7
#14200000
b10110001011 2
0-
#14205000
0K
1I
1N
0M
b110111000010110 H
b1 $
b1 d
1-
#14209000
0+
b1010110 /
b1010110 8
b110 ,
b110 7
#14210000
b10110001100 2
0-
#14215000
b110111000010101 H
1J
0I
0N
b10000000 $
b10000000 d
1-
#14219000
b1101 /
b1101 8
b0 ,
b0 7
#14220000
b10110001101 2
0-
#14225000
0J
b110111000010100 H
b11111 $
b11111 d
1-
#14229000
1+
00
b100111 /
b100111 8
b101 ,
b101 7
#14230000
b10110001110 2
0-
#14235000
b110111000010011 H
1N
b1001111 $
b1001111 d
1-
#14239000
1*
1.
10
01
b11010011 /
b11010011 8
#14240000
b10110001111 2
0-
#14245000
1J
1M
b110111000010010 H
1%
1-
#14249000
09
0*
0.
00
11
b1011101 /
b1011101 8
b10 ,
b10 7
#14250000
b10110010000 2
0-
#14255000
b110111000010001 H
1I
0M
1K
b11010110 $
b11010110 d
0%
1-
#14259000
0+
1*
1.
01
b110101 /
b110101 8
b111 ,
b111 7
#14260000
b10110010001 2
0-
#14265000
0I
0N
1M
b110111000010000 H
b0 $
b0 d
1-
#14269000
0*
10
b10110100 /
b10110100 8
b0 ,
b0 7
#14270000
b10110010010 2
0-
#14275000
b110111000001111 H
0J
1I
0M
1R
0K
b11111 $
b11111 d
1%
1-
#14279000
1+
00
b1001001 /
b1001001 8
b110 ,
b110 7
#14280000
b10110010011 2
0-
#14285000
15
16
1C
0R
0I
1N
b110111000001110 H
0%
b10000000 $
b10000000 d
1-
#14289000
10
b11110110 /
b11110110 8
b101 ,
b101 7
#14290000
b10110010100 2
0-
#14295000
b110111000001101 H
1J
b1001111 $
b1001111 d
1%
1-
#14299000
0+
b1100110 /
b1100110 8
b100 ,
b100 7
#14300000
b10110010101 2
0-
#14305000
0N
b110111000001100 H
0%
b1000001 $
b1000001 d
1-
#14309000
1+
1*
0.
00
b11111111 /
b11111111 8
b11 ,
b11 7
#14310000
b10110010110 2
0-
#14315000
b110111000001011 H
0J
1N
1M
b11000011 $
b11000011 d
1-
#14319000
11
b11111001 /
b11111001 8
b100 ,
b100 7
#14320000
b10110010111 2
0-
#14325000
1K
1S
1J
1I
b110111000001010 H
b1000001 $
b1000001 d
1-
#14329000
0+
0*
10
01
b1001011 /
b1001011 8
b101 ,
b101 7
#14330000
b10110011000 2
0-
#14335000
b110111000001001 H
0N
0M
0S
05
06
0C
b1001111 $
b1001111 d
1-
#14339000
1*
00
b1001111 /
b1001111 8
b0 ,
b0 7
#14340000
b10110011001 2
0-
#14345000
0J
0I
1M
b110111000001000 H
b11111 $
b11111 d
1-
#14349000
10
b110010 /
b110010 8
b11 ,
b11 7
#14350000
b10110011010 2
0-
#14355000
b110111000000111 H
1I
0K
b11000011 $
b11000011 d
1-
#14359000
0*
11
b10100111 /
b10100111 8
#14360000
b10110011011 2
0-
#14365000
0M
b110111000000110 H
1-
#14369000
1*
1.
00
01
b1000010 /
b1000010 8
b111 ,
b111 7
#14370000
b10110011100 2
0-
#14375000
b110111000000101 H
0I
1M
b0 $
b0 d
1-
#14379000
1+
0*
0.
b1100 /
b1100 8
b11 ,
b11 7
#14380000
b10110011101 2
0-
#14385000
1I
1N
0M
b110111000000100 H
b11000011 $
b11000011 d
1-
#14389000
19
1*
1.
10
11
b10000110 /
b10000110 8
b1 ,
b1 7
#14390000
b10110011110 2
0-
#14395000
b1000011000011111 `
b110111000000011 H
1J
0I
1M
b10111111 $
b10111111 d
1%
1-
#14399000
09
0.
00
b11010001 /
b11010001 8
b100 ,
b100 7
#14400000
b10110011111 2
0-
#14405000
1K
1I
b110111000000010 H
0%
b1 $
b1 d
1-
#14409000
0+
1.
10
01
b1100000 /
b1100000 8
b10 ,
b10 7
#14410000
b10110100000 2
0-
#14415000
b110111000000001 H
0N
b11010110 $
b11010110 d
1%
1-
#14419000
1+
b11101111 /
b11101111 8
b11 ,
b11 7
#14420000
b10110100001 2
0-
#14425000
1R
0J
1N
b110111000000000 H
0%
b11000011 $
b11000011 d
1-
#14429000
09
0+
0*
0.
11
b1111110 /
b1111110 8
b1 ,
b1 7
#14430000
b10110100010 2
0-
#14435000
b110110111111111 H
1J
0N
0M
1S
0R
15
16
1C
b10000110 $
b10000110 d
1-
#14439000
19
1*
1.
b11100111 /
b11100111 8
b111 ,
b111 7
#14440000
b10110100011 2
0-
#14445000
05
06
0C
0S
0J
0I
1M
b110110111111110 H
1%
b0 $
b0 d
1-
#14449000
09
0*
0.
00
b1101110 /
b1101110 8
b110 ,
b110 7
#14450000
b10110100100 2
0-
#14455000
b110110111111101 H
1I
0M
0K
b10000000 $
b10000000 d
0%
1-
#14459000
19
1+
1.
10
b11110110 /
b11110110 8
b11 ,
b11 7
#14460000
b10110100101 2
0-
#14465000
0I
1N
b110110111111100 H
b11110110 c
1%
b11000011 $
b11000011 d
1-
#14469000
09
0+
1*
0.
00
b1 /
b1 8
b10 ,
b10 7
#14470000
b10110100110 2
0-
#14475000
b110110111111011 H
1J
0N
1M
b11010110 $
b11010110 d
0%
1-
#14479000
1+
0*
b1100101 /
b1100101 8
b100 ,
b100 7
#14480000
b10110100111 2
0-
#14485000
1R
0J
1I
1N
0M
b110110111111010 H
b1 $
b1 d
1-
#14489000
01
b10000011 /
b10000011 8
b10 ,
b10 7
#14490000
b10110101000 2
0-
#14495000
b110110111111001 H
1J
0I
0R
15
16
1C
b11010110 $
b11010110 d
1-
#14499000
1*
10
b100001 /
b100001 8
b1 ,
b1 7
#14500000
b10110101001 2
0-
#14505000
1M
b110110111111000 H
b10000110 $
b10000110 d
1-
#14509000
00
11
b10110111 /
b10110111 8
b110 ,
b110 7
#14510000
b10110101010 2
0-
#14515000
b110110111110111 H
1I
1K
b10000000 $
b10000000 d
1-
#14519000
0+
0*
1.
10
01
b11000110 /
b11000110 8
b111 ,
b111 7
#14520000
b10110101011 2
0-
#14525000
0N
0M
b110110111110110 H
1%
b0 $
b0 d
1-
#14529000
19
1+
11
b10010110 /
b10010110 8
#14530000
b10110101100 2
0-
#14535000
b110110111110101 H
0J
0I
1N
0%
1-
#14539000
b10001001 /
b10001001 8
b0 ,
b0 7
#14540000
b10110101101 2
0-
#14545000
1J
b110110111110100 H
b1000011010001001 `
1%
b11111 $
b11111 d
1-
#14549000
09
0+
01
b10100011 /
b10100011 8
b110 ,
b110 7
#14550000
b10110101110 2
0-
#14555000
b110110111110011 H
0N
b10000000 $
b10000000 d
0%
1-
#14559000
1+
1*
00
b11100010 /
b11100010 8
b10 ,
b10 7
#14560000
b10110101111 2
0-
#14565000
0J
1N
1M
b110110111110010 H
b11010110 $
b11010110 d
1-
#14569000
11
b1010000 /
b1010000 8
b101 ,
b101 7
#14570000
b10110110000 2
0-
#14575000
b110110111110001 H
1J
1I
1S
b11110110 $
b11110110 d
1-
#14579000
0+
10
01
b1100101 /
b1100101 8
b111 ,
b111 7
#14580000
b10110110001 2
0-
#14585000
05
06
0C
0S
0N
b110110111110000 H
1%
b0 $
b0 d
1-
#14589000
0*
0.
b1001100 /
b1001100 8
b1 ,
b1 7
#14590000
b10110110010 2
0-
#14595000
b110110111101111 H
0J
0M
1R
b10000110 $
b10000110 d
0%
1-
#14599000
1+
1*
00
11
b10110111 /
b10110111 8
b100 ,
b100 7
#14600000
b10110110011 2
0-
#14605000
15
16
1C
0R
0I
1N
1M
b110110111101110 H
b1 $
b1 d
1-
#14609000
0+
1.
10
01
b101111 /
b101111 8
b111 ,
b111 7
#14610000
b10110110100 2
0-
#14615000
b110110111101101 H
1J
1I
0N
1S
b0 $
b0 d
1%
1-
#14619000
19
1+
0*
11
b11011101 /
b11011101 8
b1 ,
b1 7
#14620000
b10110110101 2
0-
#14625000
05
06
0C
0S
1R
0J
1N
0M
b110110111101100 H
b1101110110001001 `
0%
b10000110 $
b10000110 d
1-
#14629000
09
0+
1*
00
b1101111 /
b1101111 8
b10 ,
b10 7
#14630000
b10110110110 2
0-
#14635000
b110110111101011 H
1J
0I
0N
1M
0R
15
16
1C
b11010110 $
b11010110 d
1-
#14639000
0*
0.
10
b110010 /
b110010 8
b100 ,
b100 7
#14640000
b10110110111 2
0-
#14645000
0K
1R
0J
1I
0M
b110110111101010 H
b1000001 $
b1000001 d
1-
#14649000
1+
00
b10110111 /
b10110111 8
b110 ,
b110 7
#14650000
b10110111000 2
0-
#14655000
b110110111101001 H
0I
1N
0R
b10000000 $
b10000000 d
1-
#14659000
0+
1*
10
b11100010 /
b11100010 8
b1 ,
b1 7
#14660000
b10110111001 2
0-
#14665000
1J
0N
1M
b110110111101000 H
b11011101 $
b11011101 d
1-
#14669000
1.
00
b10010101 /
b10010101 8
b100 ,
b100 7
#14670000
b10110111010 2
0-
#14675000
b110110111100111 H
0J
1I
1R
b1000001 $
b1000001 d
1-
#14679000
0*
01
b11101010 /
b11101010 8
b111 ,
b111 7
#14680000
b10110111011 2
0-
#14685000
0R
0M
b110110111100110 H
b0 $
b0 d
1-
#14689000
1+
1*
0.
10
11
b11010000 /
b11010000 8
b110 ,
b110 7
#14690000
b10110111100 2
0-
#14695000
b110110111100101 H
0I
1N
1M
b10000000 $
b10000000 d
1-
#14699000
0*
1.
00
b11011101 /
b11011101 8
b11 ,
b11 7
#14700000
b10110111101 2
0-
#14705000
1K
1S
1J
1I
0M
b110110111100100 H
b11000011 $
b11000011 d
1-
#14709000
0+
1*
b1111110 /
b1111110 8
b10 ,
b10 7
#14710000
b10110111110 2
0-
#14715000
b110110111100011 H
0I
0N
1M
0S
05
06
0C
b11010110 $
b11010110 d
1-
#14719000
1+
0*
0.
10
b1110100 /
b1110100 8
b1 ,
b1 7
#14720000
b10110111111 2
0-
#14725000
0K
1R
0J
1I
1N
0M
b110110111100010 H
b11011101 $
b11011101 d
1-
#14729000
0+
b11110100 /
b11110100 8
b100 ,
b100 7
#14730000
b10111000000 2
0-
#14735000
b110110111100001 H
1J
0I
0N
0R
15
16
1C
b1 $
b1 d
1-
#14739000
1*
1.
00
b1110110 /
b1110110 8
#14740000
b10111000001 2
0-
#14745000
0J
1M
b110110111100000 H
b1000001 $
b1000001 d
1-
#14749000
0*
0.
10
01
b11000110 /
b11000110 8
#14750000
b10111000010 2
0-
#14755000
b110110111011111 H
1I
0M
1-
#14759000
1.
00
b110100 /
b110100 8
b110 ,
b110 7
#14760000
b10111000011 2
0-
#14765000
0I
b110110111011110 H
b10000000 $
b10000000 d
1-
#14769000
1*
0.
11
b1100001 /
b1100001 8
b10 ,
b10 7
#14770000
b10111000100 2
0-
#14775000
b110110111011101 H
1M
b11010110 $
b11010110 d
1-
#14779000
1+
10
01
b1000101 /
b1000101 8
b110 ,
b110 7
#14780000
b10111000101 2
0-
#14785000
1I
1N
b110110111011100 H
b10000000 $
b10000000 d
1-
#14789000
0+
0*
00
11
b10100101 /
b10100101 8
b1 ,
b1 7
#14790000
b10111000110 2
0-
#14795000
b110110111011011 H
1J
0N
0M
1S
b11011101 $
b11011101 d
1-
#14799000
1+
1*
10
01
b1010110 /
b1010110 8
b101 ,
b101 7
#14800000
b10111000111 2
0-
#14805000
05
06
0C
0S
0J
0I
1N
1M
b110110111011010 H
b11110110 $
b11110110 d
1-
#14809000
0*
00
11
b11101101 /
b11101101 8
b10 ,
b10 7
#14810000
b10111001000 2
0-
#14815000
b110110111011001 H
1J
1I
0M
1S
1K
b11010110 $
b11010110 d
1-
#14819000
0+
1*
b10100110 /
b10100110 8
b1 ,
b1 7
#14820000
b10111001001 2
0-
#14825000
0S
0I
0N
1M
b110110111011000 H
b11011101 $
b11011101 d
1-
#14829000
1+
10
01
b1000101 /
b1000101 8
b111 ,
b111 7
#14830000
b10111001010 2
0-
#14835000
b110110111010111 H
0J
1I
1N
1R
0K
b0 $
b0 d
1-
#14839000
0*
1.
00
11
b11011010 /
b11011010 8
b101 ,
b101 7
#14840000
b10111001011 2
0-
#14845000
15
16
1C
1S
0R
1J
0M
b110110111010110 H
b11110110 $
b11110110 d
1-
#14849000
0+
b10101001 /
b10101001 8
#14850000
b10111001100 2
0-
#14855000
b110110111010101 H
0I
0N
0S
05
06
0C
1-
#14859000
1+
1*
0.
b10000111 /
b10000111 8
b110 ,
b110 7
#14860000
b10111001101 2
0-
#14865000
0J
1N
1M
b110110111010100 H
b10000000 $
b10000000 d
1-
#14869000
0+
0*
01
b1111001 /
b1111001 8
b10 ,
b10 7
#14870000
b10111001110 2
0-
#14875000
b110110111010011 H
1J
1I
0N
0M
1S
1K
b11010110 $
b11010110 d
1-
#14879000
1+
1*
1.
10
b1001110 /
b1001110 8
#14880000
b10111001111 2
0-
#14885000
0S
0J
0I
1N
1M
b110110111010010 H
1%
1-
#14889000
09
0*
0.
00
11
b11110101 /
b11110101 8
#14890000
b10111010000 2
0-
#14895000
b110110111010001 H
1J
1I
0M
1S
0%
1-
#14899000
0+
1*
10
01
b1101111 /
b1101111 8
#14900000
b10111010001 2
0-
#14905000
0S
0I
0N
1M
b110110111010000 H
1-
#14909000
1+
00
b1011110 /
b1011110 8
b100 ,
b100 7
#14910000
b10111010010 2
0-
#14915000
b110110111001111 H
0J
1I
1N
1R
0K
b1 $
b1 d
1-
#14919000
b111000 /
b111000 8
#14920000
b10111010011 2
0-
#14925000
15
16
1C
1S
0R
1J
b110110111001110 H
1-
#14929000
0*
1.
b111001 /
b111001 8
b0 ,
b0 7
#14930000
b10111010100 2
0-
#14935000
b110110111001101 H
0M
0S
05
06
0C
b10001001 $
b10001001 d
1-
#14939000
0.
10
11
b10001001 /
b10001001 8
b11 ,
b11 7
#14940000
b10111010101 2
0-
#14945000
0I
b110110111001100 H
b11000011 $
b11000011 d
1-
#14949000
0+
b10110010 /
b10110010 8
b10 ,
b10 7
#14950000
b10111010110 2
0-
#14955000
b110110111001011 H
0N
b11010110 $
b11010110 d
1-
#14959000
01
b100 ,
b100 7
#14960000
b10111010111 2
0-
#14965000
0J
b110110111001010 H
b1 $
b1 d
1-
#14969000
1*
b11011111 /
b11011111 8
#14970000
b10111011000 2
0-
#14975000
b110110111001001 H
1M
1-
#14979000
1+
00
b11111001 /
b11111001 8
b11 ,
b11 7
#14980000
b10111011001 2
0-
#14985000
1I
1N
b110110111001000 H
b11000011 $
b11000011 d
1-
#14989000
0+
10
11
b1011010 /
b1011010 8
b100 ,
b100 7
#14990000
b10111011010 2
0-
#14995000
b110110111000111 H
1J
0N
1S
b1 $
b1 d
1-
#14999000
0*
b1001011 /
b1001011 8
b10 ,
b10 7
#15000000
b10111011011 2
0-
#15005000
0S
1R
0J
0M
b110110111000110 H
b11010110 $
b11010110 d
1-
#15009000
1+
00
b10111001 /
b10111001 8
#15010000
b10111011100 2
0-
#15015000
b110110111000101 H
0I
1N
0R
15
16
1C
1-
#15019000
1*
1.
b1001000 /
b1001000 8
b0 ,
b0 7
#15020000
b10111011101 2
0-
#15025000
1J
1M
b110110111000100 H
b10001001 $
b10001001 d
1-
#15029000
0+
0.
01
b11110110 /
b11110110 8
b1 ,
b1 7
#15030000
b10111011110 2
0-
#15035000
b110110111000011 H
1I
0N
1K
b11011101 $
b11011101 d
1-
#15039000
1.
11
b10101111 /
b10101111 8
#15040000
b10111011111 2
0-
#15045000
1R
0J
b110110111000010 H
1-
#15049000
1+
b10000011 /
b10000011 8
b111 ,
b111 7
#15050000
b10111100000 2
0-
#15055000
b110110111000001 H
1N
0R
b0 $
b0 d
1-
#15059000
19
0+
10
b100110 /
b100110 8
b100 ,
b100 7
#15060000
b10111100001 2
0-
#15065000
0<
1=
1S
1J
0N
b110110111000000 H
b100110 ]
1%
b1000001 $
b1000001 d
1-
#15069000
09
0.
01
b11110001 /
b11110001 8
#15070000
b10111100010 2
0-
#15075000
b100000 ]
1b
b110110110111111 H
0J
0S
1R
05
06
0C
1Y
b1000 V
b10 T
0%
1-
#15079000
1+
0*
00
b11011 /
b11011 8
b0 ,
b0 7
#15080000
b10111100011 2
0-
#15085000
0Y
b11110110 3
b11110110 [
15
16
1C
0R
1N
0M
b110110110111110 H
b10001001 $
b10001001 d
1-
#15089000
19
1*
1.
10
11
b10011001 /
b10011001 8
b11 ,
b11 7
#15090000
b10111100100 2
0-
#15095000
b10011001 c
b110110110111101 H
1J
0I
1M
b11110110 $
b11110110 d
1%
1-
#15099000
09
0+
0.
00
01
b1010111 /
b1010111 8
b1 ,
b1 7
#15100000
b10111100101 2
0-
#15105000
1I
0N
b110110110111100 H
0%
b11011101 $
b11011101 d
1-
#15109000
1+
1.
b11110110 /
b11110110 8
#15110000
b10111100110 2
0-
#15115000
b110110110111011 H
0J
1N
1R
1-
#15119000
0+
0*
b101001 /
b101001 8
b110 ,
b110 7
#15120000
b10111100111 2
0-
#15125000
1S
0R
1J
0N
0M
b110110110111010 H
b100000 $
b100000 d
1-
#15129000
0.
10
b10011010 /
b10011010 8
b100 ,
b100 7
#15130000
b10111101000 2
0-
#15135000
b110110110111001 H
0J
0I
0S
05
06
0C
b1000011 $
b1000011 d
1-
#15139000
1*
11
b101 /
b101 8
b11 ,
b11 7
#15140000
b10111101001 2
0-
#15145000
1M
b110110110111000 H
b11110110 $
b11110110 d
1-
#15149000
1+
0*
1.
00
01
b100010 /
b100010 8
#15150000
b10111101010 2
0-
#15155000
b110110110110111 H
1I
1N
0M
0K
1-
#15159000
0+
0.
b10 /
b10 8
b100 ,
b100 7
#15160000
b10111101011 2
0-
#15165000
1J
0I
0N
b110110110110110 H
b11 $
b11 d
1-
#15169000
19
1+
1*
1.
10
11
b10110 /
b10110 8
b101 ,
b101 7
#15170000
b10111101100 2
0-
#15175000
b110110110110101 H
0J
1N
1M
b10011001 $
b10011001 d
1%
1-
#15179000
09
0+
0*
01
b1000101 /
b1000101 8
b0 ,
b0 7
#15180000
b10111101101 2
0-
#15185000
1K
1S
1J
1I
0N
0M
b110110110110100 H
0%
b10001001 $
b10001001 d
1-
#15189000
1+
1*
b11111001 /
b11111001 8
b11 ,
b11 7
#15190000
b10111101110 2
0-
#15195000
b110110110110011 H
0J
0I
1N
1M
0S
b11110110 $
b11110110 d
1%
1-
#15199000
09
0*
00
11
b1101100 /
b1101100 8
b0 ,
b0 7
#15200000
b10111101111 2
0-
#15205000
1S
1J
1I
0M
b110110110110010 H
0%
b10001001 $
b10001001 d
1-
#15209000
0+
1*
10
01
b11110101 /
b11110101 8
b101 ,
b101 7
#15210000
b10111110000 2
0-
#15215000
b110110110110001 H
0I
0N
1M
0S
b10011001 $
b10011001 d
1%
1-
#15219000
1+
0*
b11111 /
b11111 8
b111 ,
b111 7
#15220000
b10111110001 2
0-
#15225000
0K
1R
0J
1I
1N
0M
b110110110110000 H
0%
b0 $
b0 d
1-
#15229000
09
0+
0.
00
11
b1100101 /
b1100101 8
b110 ,
b110 7
#15230000
b10111110010 2
0-
#15235000
b110110110101111 H
1J
0I
0N
0R
15
16
1C
b100000 $
b100000 d
1-
#15239000
1+
1*
10
b11010110 /
b11010110 8
b11 ,
b11 7
#15240000
b10111110011 2
0-
#15245000
0J
1N
1M
b110110110101110 H
b11110110 $
b11110110 d
1-
#15249000
19
1.
b10110001 /
b10110001 8
b10 ,
b10 7
#15250000
b10111110100 2
0-
#15255000
b10110001 ^
b110110110101101 H
1J
1I
1S
1K
b11010110 $
b11010110 d
1%
1-
#15259000
09
0*
0.
b11010100 /
b11010100 8
b110 ,
b110 7
#15260000
b10111110101 2
0-
#15265000
05
06
0C
0S
0M
b110110110101100 H
0#
0%
b100000 $
b100000 d
1-
#15269000
1*
b11000000 /
b11000000 8
b10 ,
b10 7
#15270000
b10111110110 2
0-
#15275000
b110110110101011 H
0I
1M
b10110001 $
b10110001 d
1-
#15279000
0*
00
b11001010 /
b11001010 8
b100 ,
b100 7
#15280000
b10111110111 2
0-
#15285000
1I
0M
b110110110101010 H
b11 $
b11 d
1-
#15289000
0+
1.
10
01
b100011 /
b100011 8
b111 ,
b111 7
#15290000
b10111111000 2
0-
#15295000
b110110110101001 H
0I
0N
b0 $
b0 d
1%
1-
#15299000
19
11
b10101110 /
b10101110 8
b101 ,
b101 7
#15300000
b10111111001 2
0-
#15305000
0J
b110110110101000 H
0%
b10011001 $
b10011001 d
1-
#15309000
09
1+
0.
00
01
b1000011 /
b1000011 8
b1 ,
b1 7
#15310000
b10111111010 2
0-
#15315000
b110110110100111 H
1N
b11011101 $
b11011101 d
1-
#15319000
0+
1*
1.
11
b11110010 /
b11110010 8
b111 ,
b111 7
#15320000
b10111111011 2
0-
#15325000
1J
0N
1M
b110110110100110 H
b0 $
b0 d
1-
#15329000
1+
0*
0.
b11110011 /
b11110011 8
b10 ,
b10 7
#15330000
b10111111100 2
0-
#15335000
b110110110100101 H
0J
1I
1N
0M
1R
0K
b10110001 $
b10110001 d
1-
#15339000
1*
01
b100110 /
b100110 8
b110 ,
b110 7
#15340000
b10111111101 2
0-
#15345000
15
16
1C
0R
1J
0I
1M
b110110110100100 H
b100000 $
b100000 d
1-
#15349000
0*
10
b11001001 /
b11001001 8
b10 ,
b10 7
#15350000
b10111111110 2
0-
#15355000
b110110110100011 H
1I
0M
1K
b10110001 $
b10110001 d
1-
#15359000
1*
11
b10011 /
b10011 8
b0 ,
b0 7
#15360000
b10111111111 2
0-
#15365000
0I
1M
b110110110100010 H
b10001001 $
b10001001 d
1-
#15369000
0+
1.
00
01
b1100110 /
b1100110 8
b10 ,
b10 7
#15370000
b11000000000 2
0-
#15375000
b110110110100001 H
1I
0N
b10110001 $
b10110001 d
1-
#15379000
19
1+
10
11
b10101000 /
b10101000 8
b1 ,
b1 7
#15380000
b11000000001 2
0-
#15385000
1R
0J
1N
b110110110100000 H
b1010100010001001 `
1%
b11011101 $
b11011101 d
1-
#15389000
09
0+
0*
0.
01
b1001001 /
b1001001 8
b110 ,
b110 7
#15390000
b11000000010 2
0-
#15395000
b110110110011111 H
1J
0N
0M
1S
0R
b100000 $
b100000 d
0%
1-
#15399000
1.
00
b100001 /
b100001 8
b100 ,
b100 7
#15400000
b11000000011 2
0-
#15405000
05
06
0C
0S
0J
0I
b110110110011110 H
b1000011 $
b1000011 d
1-
#15409000
1+
1*
11
b10100000 /
b10100000 8
b111 ,
b111 7
#15410000
b11000000100 2
0-
#15415000
b110110110011101 H
1N
1M
b0 $
b0 d
1-
#15419000
b10110101 /
b10110101 8
b101 ,
b101 7
#15420000
b11000000101 2
0-
#15425000
1S
1J
1I
b110110110011100 H
b10011001 $
b10011001 d
1-
#15429000
19
0+
0*
10
b11110101 /
b11110101 8
b111 ,
b111 7
#15430000
b11000000110 2
0-
#15435000
b110110110011011 H
0N
0M
0S
b0 $
b0 d
1%
1-
#15439000
b11101011 /
b11101011 8
b101 ,
b101 7
#15440000
b11000000111 2
0-
#15445000
0J
0I
b110110110011010 H
0%
b10011001 $
b10011001 d
1-
#15449000
09
1*
0.
b10101 /
b10101 8
#15450000
b11000001000 2
0-
#15455000
b110110110011001 H
1M
1-
#15459000
1.
01
b10110101 /
b10110101 8
b0 ,
b0 7
#15460000
b11000001001 2
0-
#15465000
0K
1I
b110110110011000 H
1%
b10001001 $
b10001001 d
1-
#15469000
19
1+
0*
11
b1011101 /
b1011101 8
b101 ,
b101 7
#15470000
b11000001010 2
0-
#15475000
b110110110010111 H
1N
0M
b10011001 $
b10011001 d
0%
1-
#15479000
09
00
b1100001 /
b1100001 8
b100 ,
b100 7
#15480000
b11000001011 2
0-
#15485000
1J
0I
b110110110010110 H
b11 $
b11 d
1-
#15489000
0+
0.
10
b1000000 /
b1000000 8
b1 ,
b1 7
#15490000
b11000001100 2
0-
#15495000
b110110110010101 H
0N
b10101000 $
b10101000 d
1-
#15499000
1+
1.
00
01
b111001 /
b111001 8
b100 ,
b100 7
#15500000
b11000001101 2
0-
#15505000
0J
1N
b110110110010100 H
b11 $
b11 d
1-
#15509000
1*
0.
11
b10001101 /
b10001101 8
b10 ,
b10 7
#15510000
b11000001110 2
0-
#15515000
b110110110010011 H
1J
1M
b10110001 $
b10110001 d
1-
#15519000
0+
1.
01
b111 /
b111 8
b101 ,
b101 7
#15520000
b11000001111 2
0-
#15525000
1K
1I
0N
b110110110010010 H
b10011001 $
b10011001 d
1-
#15529000
1+
0*
0.
10
b1010110 /
b1010110 8
b1 ,
b1 7
#15530000
b11000010000 2
0-
#15535000
b110110110010001 H
0J
1N
0M
1R
b10101000 $
b10101000 d
1-
#15539000
0+
1*
00
b11111011 /
b11111011 8
b10 ,
b10 7
#15540000
b11000010001 2
0-
#15545000
15
16
1C
0R
1J
0I
0N
1M
b110110110010000 H
b10110001 $
b10110001 d
1-
#15549000
b1110101 /
b1110101 8
#15550000
b11000010010 2
0-
#15555000
b110110110001111 H
0J
1I
1R
0K
1-
#15559000
19
1+
1.
10
11
b10010011 /
b10010011 8
b110 ,
b110 7
#15560000
b11000010011 2
0-
#15565000
0R
1N
b110110110001110 H
1%
b100000 $
b100000 d
1-
#15569000
09
0+
0.
01
b10000 /
b10000 8
b111 ,
b111 7
#15570000
b11000010100 2
0-
#15575000
b110110110001101 H
1J
0N
1S
b0 $
b0 d
0%
1-
#15579000
11
b1100100 /
b1100100 8
#15580000
b11000010101 2
0-
#15585000
05
06
0C
0S
1R
0J
b110110110001100 H
1-
#15589000
1+
0*
1.
00
b10100111 /
b10100111 8
b10 ,
b10 7
#15590000
b11000010110 2
0-
#15595000
b110110110001011 H
1N
0M
0R
15
16
1C
b10110001 $
b10110001 d
1-
#15599000
0+
0.
10
b1000110 /
b1000110 8
b100 ,
b100 7
#15600000
b11000010111 2
0-
#15605000
1J
0I
0N
b110110110001010 H
b1000011 $
b1000011 d
1-
#15609000
1*
00
01
b111110 /
b111110 8
b1 ,
b1 7
#15610000
b11000011000 2
0-
#15615000
b110110110001001 H
0J
1M
b10101000 $
b10101000 d
1-
#15619000
10
11
b11010101 /
b11010101 8
b101 ,
b101 7
#15620000
b11000011001 2
0-
#15625000
1I
b110110110001000 H
b10011001 $
b10011001 d
1-
#15629000
1+
0*
1.
00
01
b10101010 /
b10101010 8
b11 ,
b11 7
#15630000
b11000011010 2
0-
#15635000
b110110110000111 H
1N
0M
b11110110 $
b11110110 d
1-
#15639000
0+
0.
11
b1 /
b1 8
b10 ,
b10 7
#15640000
b11000011011 2
0-
#15645000
1J
0I
0N
b110110110000110 H
b10110001 $
b10110001 d
1-
#15649000
10
01
b1001011 /
b1001011 8
b110 ,
b110 7
#15650000
b11000011100 2
0-
#15655000
b110110110000101 H
0J
b100000 $
b100000 d
1-
#15659000
19
1+
1.
11
b10001011 /
b10001011 8
#15660000
b11000011101 2
0-
#15665000
1N
b110110110000100 H
1%
1-
#15669000
09
0+
1*
00
01
b11101100 /
b11101100 8
b100 ,
b100 7
#15670000
b11000011110 2
0-
#15675000
b110110110000011 H
1J
0N
1M
b1000011 $
b1000011 d
0%
1-
#15679000
0.
10
11
b10100110 /
b10100110 8
#15680000
b11000011111 2
0-
#15685000
1R
0J
1I
b110110110000010 H
1-
#15689000
1+
1.
00
01
b1001100 /
b1001100 8
b101 ,
b101 7
#15690000
b11000100000 2
0-
#15695000
b110110110000001 H
1N
0R
b10011001 $
b10011001 d
1-
#15699000
0+
0*
0.
10
11
b1011110 /
b1011110 8
b1 ,
b1 7
#15700000
b11000100001 2
0-
#15705000
1S
1J
0N
0M
b110110110000000 H
b10101000 $
b10101000 d
1-
#15709000
1*
1.
00
01
b10101100 /
b10101100 8
b110 ,
b110 7
#15710000
b11000100010 2
0-
#15715000
b110110101111111 H
0J
0I
1M
0S
05
06
0C
b100000 $
b100000 d
1-
#15719000
1+
0*
0.
10
11
b11000101 /
b11000101 8
b11 ,
b11 7
#15720000
b11000100011 2
0-
#15725000
1I
1N
0M
b110110101111110 H
b11110110 $
b11110110 d
1-
#15729000
0+
1*
00
01
b11011001 /
b11011001 8
b100 ,
b100 7
#15730000
b11000100100 2
0-
#15735000
b110110101111101 H
1J
0I
0N
1M
b11 $
b11 d
1-
#15739000
0*
1.
10
b11110 /
b11110 8
b10 ,
b10 7
#15740000
b11000100101 2
0-
#15745000
1R
0J
1I
0M
b110110101111100 H
1%
b10110001 $
b10110001 d
1-
#15749000
09
00
11
b10111100 /
b10111100 8
b101 ,
b101 7
#15750000
b11000100110 2
0-
#15755000
b110110101111011 H
0I
0R
15
16
1C
b10011001 $
b10011001 d
0%
1-
#15759000
01
b100000 /
b100000 8
b100 ,
b100 7
#15760000
b11000100111 2
0-
#15765000
b110110101111010 H
b1000011 $
b1000011 d
1-
#15769000
1+
b1000101 /
b1000101 8
b10 ,
b10 7
#15770000
b11000101000 2
0-
#15775000
b110110101111001 H
1N
b10110001 $
b10110001 d
1-
#15779000
19
10
11
b11100101 /
b11100101 8
b101 ,
b101 7
#15780000
b11000101001 2
0-
#15785000
1J
b110110101111000 H
1%
b10011001 $
b10011001 d
1-
#15789000
09
0+
1*
00
b10011011 /
b10011011 8
b0 ,
b0 7
#15790000
b11000101010 2
0-
#15795000
b110110101110111 H
0N
1M
b10001001 $
b10001001 d
0%
1-
#15799000
01
b10101 /
b10101 8
b100 ,
b100 7
#15800000
b11000101011 2
0-
#15805000
1R
0J
1I
b110110101110110 H
b1000011 $
b1000011 d
1-
#15809000
0*
0.
10
b1011110 /
b1011110 8
b0 ,
b0 7
#15810000
b11000101100 2
0-
#15815000
b110110101110101 H
0M
0R
b10001001 $
b10001001 d
1-
#15819000
1.
00
b10001 /
b10001 8
b1 ,
b1 7
#15820000
b11000101101 2
0-
#15825000
0I
b110110101110100 H
b10101000 $
b10101000 d
1-
#15829000
1+
1*
11
b10110011 /
b10110011 8
b10 ,
b10 7
#15830000
b11000101110 2
0-
#15835000
b110110101110011 H
1N
1M
b10110001 $
b10110001 d
1-
#15839000
0.
b1100011 /
b1100011 8
b100 ,
b100 7
#15840000
b11000101111 2
0-
#15845000
1K
1S
1J
1I
b110110101110010 H
b1000011 $
b1000011 d
1-
#15849000
0*
1.
10
01
b1110011 /
b1110011 8
b0 ,
b0 7
#15850000
b11000110000 2
0-
#15855000
b110110101110001 H
0M
0S
05
06
0C
b10001001 $
b10001001 d
1%
1-
#15859000
09
1*
0.
00
11
b1000000 /
b1000000 8
b10 ,
b10 7
#15860000
b11000110001 2
0-
#15865000
0I
1M
b110110101110000 H
0%
b10110001 $
b10110001 d
1-
#15869000
0+
0*
1.
b111001 /
b111001 8
b0 ,
b0 7
#15870000
b11000110010 2
0-
#15875000
b110110101101111 H
1I
0N
0M
b10001001 $
b10001001 d
1-
#15879000
1+
10
01
b1101011 /
b1101011 8
b10 ,
b10 7
#15880000
b11000110011 2
0-
#15885000
0J
0I
1N
b110110101101110 H
1%
b10110001 $
b10110001 d
1-
#15889000
0.
00
b10100011 /
b10100011 8
#15890000
b11000110100 2
0-
#15895000
b110110101101101 H
1J
0%
1-
#15899000
0+
1*
1.
10
b10101 /
b10101 8
b1 ,
b1 7
#15900000
b11000110101 2
0-
#15905000
0N
1M
b110110101101100 H
1%
b10101000 $
b10101000 d
1-
#15909000
0.
b10001100 /
b10001100 8
#15910000
b11000110110 2
0-
#15915000
b110110101101011 H
0J
1I
1R
0K
0%
1-
#15919000
0*
00
b1100110 /
b1100110 8
b100 ,
b100 7
#15920000
b11000110111 2
0-
#15925000
15
16
1C
0R
0M
b110110101101010 H
b11 $
b11 d
1-
#15929000
10
11
b1000010 /
b1000010 8
b10 ,
b10 7
#15930000
b11000111000 2
0-
#15935000
b110110101101001 H
0I
b10110001 $
b10110001 d
1-
#15939000
19
1.
b11111001 /
b11111001 8
b100 ,
b100 7
#15940000
b11000111001 2
0-
#15945000
1<
1;
1:
1?
1>
b110110101101000 H
b11111001 ]
1%
b1000011 $
b1000011 d
1-
#15949000
09
1+
1*
00
b1111110 /
b1111110 8
b111 ,
b111 7
#15950000
b11000111010 2
0-
#15955000
0>
b11111000 ]
0_
b110110101100111 H
1N
1M
b0 $
b0 d
0%
1-
#15959000
0.
10
01
b10001111 /
b10001111 8
b100 ,
b100 7
#15960000
b11000111011 2
0-
#15965000
1K
1S
1J
1I
b110110101100110 H
b1000010 $
b1000010 d
1-
#15969000
0+
1.
00
b1100100 /
b1100100 8
b0 ,
b0 7
#15970000
b11000111100 2
0-
#15975000
b110110101100101 H
0N
0S
05
06
0C
b10001001 $
b10001001 d
1-
#15979000
1+
11
b11000000 /
b11000000 8
b11 ,
b11 7
#15980000
b11000111101 2
0-
#15985000
1R
0J
1N
b110110101100100 H
b11110110 $
b11110110 d
1-
#15989000
0*
0.
01
b1101100 /
b1101100 8
b100 ,
b100 7
#15990000
b11000111110 2
0-
#15995000
b110110101100011 H
1J
0M
1S
0R
15
16
1C
b10 $
b10 d
1-
#15999000
0+
10
11
b11101000 /
b11101000 8
#16000000
b11000111111 2
0-
#16005000
05
06
0C
0S
0I
0N
b110110101100010 H
b1000010 $
b1000010 d
1-
#16009000
00
b111101 /
b111101 8
b110 ,
b110 7
#16010000
b11001000000 2
0-
#16015000
b110110101100001 H
0J
b11111000 $
b11111000 d
1-
#16019000
1+
10
01
b1011111 /
b1011111 8
b1 ,
b1 7
#16020000
b11001000001 2
0-
#16025000
1N
b110110101100000 H
b10101000 $
b10101000 d
1-
#16029000
0+
1*
1.
b10010001 /
b10010001 8
b10 ,
b10 7
#16030000
b11001000010 2
0-
#16035000
b110110101011111 H
1J
0N
1M
b10110001 $
b10110001 d
1%
1-
#16039000
0.
b1111101 /
b1111101 8
b111 ,
b111 7
#16040000
b11001000011 2
0-
#16045000
0K
1R
0J
1I
b110110101011110 H
0%
b0 $
b0 d
1-
#16049000
19
0*
1.
11
b10000000 /
b10000000 8
b1 ,
b1 7
#16050000
b11001000100 2
0-
#16055000
b1000000010001001 `
b110110101011101 H
0M
0R
15
16
1C
b10101000 $
b10101000 d
1%
1-
#16059000
09
1+
1*
0.
00
01
b10001011 /
b10001011 8
b0 ,
b0 7
#16060000
b11001000101 2
0-
#16065000
0I
1N
1M
b110110101011100 H
0%
b10001001 $
b10001001 d
1-
#16069000
0+
0*
10
11
b1111111 /
b1111111 8
b111 ,
b111 7
#16070000
b11001000110 2
0-
#16075000
b110110101011011 H
1J
1I
0N
0M
1S
1K
b0 $
b0 d
1-
#16079000
1*
01
b11001000 /
b11001000 8
b0 ,
b0 7
#16080000
b11001000111 2
0-
#16085000
05
06
0C
0S
0J
0I
1M
b110110101011010 H
b10001001 $
b10001001 d
1-
#16089000
19
1.
11
b1100111 /
b1100111 8
b111 ,
b111 7
#16090000
b11001001000 2
0-
#16095000
b110110101011001 H
1I
0K
b0 $
b0 d
1%
1-
#16099000
09
1+
0*
0.
00
b1111101 /
b1111101 8
b101 ,
b101 7
#16100000
b11001001001 2
0-
#16105000
1N
0M
b110110101011000 H
0%
b10011001 $
b10011001 d
1-
#16109000
b11001 /
b11001 8
#16110000
b11001001010 2
0-
#16115000
b110110101010111 H
1J
0I
1-
#16119000
1*
1.
b110010 /
b110010 8
b1 ,
b1 7
#16120000
b11001001011 2
0-
#16125000
1M
b110110101010110 H
b10000000 $
b10000000 d
1-
#16129000
0*
b10000010 /
b10000010 8
b100 ,
b100 7
#16130000
b11001001100 2
0-
#16135000
b110110101010101 H
1I
0M
1K
b10 $
b10 d
1-
#16139000
1*
0.
b10110011 /
b10110011 8
b101 ,
b101 7
#16140000
b11001001101 2
0-
#16145000
0I
1M
b110110101010100 H
b10011001 $
b10011001 d
1-
#16149000
19
0*
1.
10
b101 /
b101 8
b100 ,
b100 7
#16150000
b11001001110 2
0-
#16155000
0<
0;
0=
0:
0?
1>
b101 ]
b110110101010011 H
1I
0M
b10 $
b10 d
1%
1-
#16159000
09
0.
00
b111010 /
b111010 8
b111 ,
b111 7
#16160000
b11001001111 2
0-
#16165000
0>
0I
b110110101010010 H
0b
b0 ]
0%
b0 $
b0 d
1-
#16169000
1*
1.
b0 /
b0 8
#16170000
b11001010000 2
0-
#16175000
b110110101010001 H
1M
1-
#16179000
0*
01
b11100011 /
b11100011 8
b10 ,
b10 7
#16180000
b11001010001 2
0-
#16185000
1I
0M
b110110101010000 H
b10110001 $
b10110001 d
1-
#16189000
11
b11110100 /
b11110100 8
b1 ,
b1 7
#16190000
b11001010010 2
0-
#16195000
b110110101001111 H
0I
b10000000 $
b10000000 d
1-
#16199000
1*
0.
10
b1010000 /
b1010000 8
b11 ,
b11 7
#16200000
b11001010011 2
0-
#16205000
1M
b110110101001110 H
b11110110 $
b11110110 d
1-
#16209000
0*
1.
01
b10010010 /
b10010010 8
b100 ,
b100 7
#16210000
b11001010100 2
0-
#16215000
b110110101001101 H
1I
0M
b0 $
b0 d
1%
1-
#16219000
09
0+
0.
00
11
b11111001 /
b11111001 8
b10 ,
b10 7
#16220000
b11001010101 2
0-
#16225000
0I
0N
b110110101001100 H
0%
b10110001 $
b10110001 d
1-
#16229000
1.
10
01
b10101111 /
b10101111 8
b111 ,
b111 7
#16230000
b11001010110 2
0-
#16235000
b110110101001011 H
0J
b0 $
b0 d
1%
1-
#16239000
09
1+
0.
11
b11100011 /
b11100011 8
b11 ,
b11 7
#16240000
b11001010111 2
0-
#16245000
1N
b110110101001010 H
0%
b11110110 $
b11110110 d
1-
#16249000
1*
1.
01
b10011001 /
b10011001 8
#16250000
b11001011000 2
0-
#16255000
b110110101001001 H
1J
1M
1%
1-
#16259000
19
11
b1011100 /
b1011100 8
b0 ,
b0 7
#16260000
b11001011001 2
0-
#16265000
1I
b110110101001000 H
b1000000001011100 `
0%
b10001001 $
b10001001 d
1-
#16269000
09
0+
00
b1001011 /
b1001011 8
b101 ,
b101 7
#16270000
b11001011010 2
0-
#16275000
b110110101000111 H
0N
b10011001 $
b10011001 d
1-
#16279000
0*
b10101110 /
b10101110 8
b1 ,
b1 7
#16280000
b11001011011 2
0-
#16285000
1R
0J
0M
b110110101000110 H
b10000000 $
b10000000 d
1-
#16289000
1+
0.
10
01
b10111101 /
b10111101 8
b101 ,
b101 7
#16290000
b11001011100 2
0-
#16295000
b110110101000101 H
0I
1N
0R
15
16
1C
b10011001 $
b10011001 d
1-
#16299000
0+
00
b1000111 /
b1000111 8
b111 ,
b111 7
#16300000
b11001011101 2
0-
#16305000
1J
0N
b110110101000100 H
b0 $
b0 d
1-
#16309000
10
b1101100 /
b1101100 8
b0 ,
b0 7
#16310000
b11001011110 2
0-
#16315000
b110110101000011 H
0J
b1011100 $
b1011100 d
1-
#16319000
00
b11010010 /
b11010010 8
b101 ,
b101 7
#16320000
b11001011111 2
0-
#16325000
b110110101000010 H
b10011001 $
b10011001 d
1-
#16329000
1*
10
b10011000 /
b10011000 8
#16330000
b11001100000 2
0-
#16335000
b110110101000001 H
1M
1-
#16339000
0*
00
b1111110 /
b1111110 8
#16340000
b11001100001 2
0-
#16345000
0K
1I
0M
b110110101000000 H
1-
#16349000
1*
1.
11
b1000 /
b1000 8
#16350000
b11001100010 2
0-
#16355000
b110110100111111 H
0I
1M
1-
#16359000
1+
0*
10
01
b10111001 /
b10111001 8
b111 ,
b111 7
#16360000
b11001100011 2
0-
#16365000
1I
1N
0M
b110110100111110 H
1%
b0 $
b0 d
1-
#16369000
0+
1*
00
b10100111 /
b10100111 8
b11 ,
b11 7
#16370000
b11001100100 2
0-
#16375000
b110110100111101 H
1J
0I
0N
1M
b11110110 $
b11110110 d
0%
1-
#16379000
0*
11
b101011 /
b101011 8
b111 ,
b111 7
#16380000
b11001100101 2
0-
#16385000
1R
0J
1I
0M
b110110100111100 H
b0 $
b0 d
1-
#16389000
1+
1*
0.
b10001000 /
b10001000 8
b1 ,
b1 7
#16390000
b11001100110 2
0-
#16395000
b110110100111011 H
0I
1N
1M
0R
b10000000 $
b10000000 d
1-
#16399000
01
b1010111 /
b1010111 8
b100 ,
b100 7
#16400000
b11001100111 2
0-
#16405000
1K
1S
1J
1I
b110110100111010 H
b1000000 $
b1000000 d
1-
#16409000
0*
b10011 /
b10011 8
b11 ,
b11 7
#16410000
b11001101000 2
0-
#16415000
b110110100111001 H
0M
0S
05
06
0C
b11110110 $
b11110110 d
1-
#16419000
0+
1*
11
b11011 /
b11011 8
#16420000
b11001101001 2
0-
#16425000
0I
0N
1M
b110110100111000 H
1-
#16429000
1+
10
01
b10101100 /
b10101100 8
b1 ,
b1 7
#16430000
b11001101010 2
0-
#16435000
b110110100110111 H
0J
1I
1N
1R
0K
b10000000 $
b10000000 d
1-
#16439000
0+
00
11
b11000100 /
b11000100 8
b100 ,
b100 7
#16440000
b11001101011 2
0-
#16445000
15
16
1C
1S
0R
1J
0N
b110110100110110 H
b0 $
b0 d
1-
#16449000
19
1+
1.
10
b10010101 /
b10010101 8
b1 ,
b1 7
#16450000
b11001101100 2
0-
#16455000
b1001010101011100 `
b110110100110101 H
0J
1N
0S
1R
05
06
0C
b10000000 $
b10000000 d
1%
1-
#16459000
09
0+
0*
0.
00
01
b111101 /
b111101 8
b101 ,
b101 7
#16460000
b11001101101 2
0-
#16465000
15
16
1C
1S
0R
1J
0N
0M
b110110100110100 H
0%
b10011001 $
b10011001 d
1-
#16469000
1.
10
b110010 /
b110010 8
b1 ,
b1 7
#16470000
b11001101110 2
0-
#16475000
b110110100110011 H
0J
0I
0S
05
06
0C
b10010101 $
b10010101 d
1%
1-
#16479000
09
1*
0.
00
11
b11000001 /
b11000001 8
b110 ,
b110 7
#16480000
b11001101111 2
0-
#16485000
1M
b110110100110010 H
0%
b0 $
b0 d
1-
#16489000
1+
10
01
b1000 /
b1000 8
b0 ,
b0 7
#16490000
b11001110000 2
0-
#16495000
b110110100110001 H
1I
1N
b1011100 $
b1011100 d
1-
#16499000
1.
00
b10010001 /
b10010001 8
b10 ,
b10 7
#16500000
b11001110001 2
0-
#16505000
1S
1J
b110110100110000 H
b10110001 $
b10110001 d
1-
#16509000
0.
10
11
b10000001 /
b10000001 8
b100 ,
b100 7
#16510000
b11001110010 2
0-
#16515000
b110110100101111 H
0S
b0 $
b0 d
1-
#16519000
00
b101101 /
b101101 8
b111 ,
b111 7
#16520000
b11001110011 2
0-
#16525000
b110110100101110 H
1-
#16529000
0*
1.
01
b11011011 /
b11011011 8
#16530000
b11001110100 2
0-
#16535000
b110110100101101 H
0M
1-
#16539000
0+
1*
0.
10
11
b1011110 /
b1011110 8
b101 ,
b101 7
#16540000
b11001110101 2
0-
#16545000
0I
0N
1M
b110110100101100 H
b10011001 $
b10011001 d
1-
#16549000
19
1+
0*
1.
b1100101 /
b1100101 8
b100 ,
b100 7
#16550000
b11001110110 2
0-
#16555000
1;
1=
1>
b1100101 ]
b110110100101011 H
0J
1I
1N
0M
1R
b0 $
b0 d
1%
1-
#16559000
09
0+
00
b11101111 /
b11101111 8
b1 ,
b1 7
#16560000
b11001110111 2
0-
#16565000
0>
15
16
1C
0R
1J
0I
0N
b110110100101010 H
1b
b1100000 ]
0%
b10010101 $
b10010101 d
1-
#16569000
1*
01
b100 /
b100 8
b110 ,
b110 7
#16570000
b11001111000 2
0-
#16575000
b110110100101001 H
0J
1M
b1100000 $
b1100000 d
1-
#16579000
1+
0.
11
b11111011 /
b11111011 8
b0 ,
b0 7
#16580000
b11001111001 2
0-
#16585000
1I
1N
b110110100101000 H
b1011100 $
b1011100 d
1-
#16589000
0+
1.
b110000 /
b110000 8
b10 ,
b10 7
#16590000
b11001111010 2
0-
#16595000
b110110100100111 H
1J
0N
1S
b10110001 $
b10110001 d
1-
#16599000
0*
0.
10
b1100101 /
b1100101 8
b11 ,
b11 7
#16600000
b11001111011 2
0-
#16605000
05
06
0C
0S
1R
0J
0M
b110110100100110 H
b11110110 $
b11110110 d
1-
#16609000
1*
1.
00
01
b10101001 /
b10101001 8
b111 ,
b111 7
#16610000
b11001111100 2
0-
#16615000
b110110100100101 H
0I
1M
0R
15
16
1C
b0 $
b0 d
1-
#16619000
1+
11
b11011010 /
b11011010 8
b100 ,
b100 7
#16620000
b11001111101 2
0-
#16625000
1I
1N
b110110100100100 H
b1000010 $
b1000010 d
1-
#16629000
0.
b101001 /
b101001 8
b101 ,
b101 7
#16630000
b11001111110 2
0-
#16635000
b110110100100011 H
1J
1S
b10011001 $
b10011001 d
1-
#16639000
b11010001 /
b11010001 8
#16640000
b11001111111 2
0-
#16645000
05
06
0C
0S
b110110100100010 H
1-
#16649000
01
b10111 /
b10111 8
b1 ,
b1 7
#16650000
b11010000000 2
0-
#16655000
b110110100100001 H
b10010101 $
b10010101 d
1-
#16659000
0+
0*
1.
10
b1000100 /
b1000100 8
b100 ,
b100 7
#16660000
b11010000001 2
0-
#16665000
0N
0M
b110110100100000 H
1%
b10 $
b10 d
1-
#16669000
09
0.
11
b10111001 /
b10111001 8
#16670000
b11010000010 2
0-
#16675000
b110110100011111 H
0J
0I
0%
1-
#16679000
00
01
b11011111 /
b11011111 8
b110 ,
b110 7
#16680000
b11010000011 2
0-
#16685000
b110110100011110 H
b1100000 $
b1100000 d
1-
#16689000
1*
1.
10
b111000 /
b111000 8
b0 ,
b0 7
#16690000
b11010000100 2
0-
#16695000
b110110100011101 H
1M
b1011100 $
b1011100 d
1%
1-
#16699000
09
0*
0.
00
11
b1100110 /
b1100110 8
b111 ,
b111 7
#16700000
b11010000101 2
0-
#16705000
1I
0M
b110110100011100 H
0%
b0 $
b0 d
1-
#16709000
1+
1*
1.
01
b110111 /
b110111 8
b110 ,
b110 7
#16710000
b11010000110 2
0-
#16715000
b110110100011011 H
0I
1N
1M
b1100000 $
b1100000 d
1-
#16719000
0*
10
b10111011 /
b10111011 8
b100 ,
b100 7
#16720000
b11010000111 2
0-
#16725000
1K
1S
1J
1I
0M
b110110100011010 H
1%
b10 $
b10 d
1-
#16729000
19
1*
11
b110100 /
b110100 8
b10 ,
b10 7
#16730000
b11010001000 2
0-
#16735000
b110100 ^
b110110100011001 H
0I
1M
0S
b10110001 $
b10110001 d
0%
1-
#16739000
09
0+
0*
00
01
b10111 /
b10111 8
#16740000
b11010001001 2
0-
#16745000
1I
0N
0M
1E
b1001010101011100 H
b110100 $
b110100 d
1-
#16749000
1+
1*
b11000010 /
b11000010 8
b100 ,
b100 7
#16750000
b11010001010 2
0-
#16755000
0E
0J
0I
1N
1M
b1000000000 D
b10 $
b10 d
1-
#16759000
0.
10
b11010001 /
b11010001 8
b10 ,
b10 7
#16760000
b11010001011 2
0-
#16765000
1S
1J
1I
1E
b110100 $
b110100 d
1-
#16769000
0+
00
11
b1010110 /
b1010110 8
b100 ,
b100 7
#16770000
b11010001100 2
0-
#16775000
0N
0S
14
1B
0'
0O
b10000000000 D
b10 $
b10 d
1-
#16779000
1+
0*
1.
01
b110 /
b110 8
b1 ,
b1 7
#16780000
b11010001101 2
0-
#16785000
b0 T
0W
b0 V
1'
1O
b0 D
04
0B
1R
0J
1N
0M
0L
1_
1@
b1100000 ]
b10010101 $
b10010101 d
1-
#16789000
1*
0.
11
b100 /
b100 8
b11 ,
b11 7
#16790000
b11010001110 2
0-
#16795000
1L
1J
0I
1M
0R
15
16
1C
1Y
b1000 V
b10 T
1W
b11110110 $
b11110110 d
1-
#16799000
0+
0*
1.
b10100011 /
b10100011 8
b100 ,
b100 7
#16800000
b11010001111 2
0-
#16805000
0Y
b10011001 3
b10011001 [
b1000000000 D
1I
0N
0M
b1100011 $
b1100011 d
1-
#16809000
1+
1*
0.
10
01
b11110000 /
b11110000 8
b110 ,
b110 7
#16810000
b11010010000 2
0-
#16815000
0E
0J
0I
1N
1M
0'
0O
b10000000000 D
b1100000 $
b1100000 d
1-
#16819000
0+
0*
00
11
b10101110 /
b10101110 8
b101 ,
b101 7
#16820000
b11010010001 2
0-
#16825000
1S
1J
1I
0N
0M
1E
0L
b10011001 $
b10011001 d
1-
#16829000
19
1*
1.
10
b1010100 /
b1010100 8
b11 ,
b11 7
#16830000
b11010010010 2
0-
#16835000
b1010100 c
0J
0I
1M
0S
05
06
0C
14
1B
1'
1O
b100000000000 D
1%
1-
#16839000
09
0.
b11100011 /
b11100011 8
b10 ,
b10 7
#16840000
b11010010011 2
0-
#16845000
b0 T
0W
b0 V
b0 D
0K
04
0B
1I
1L
b1100000 ]
0%
b110100 $
b110100 d
1-
#16849000
1+
00
01
b1010101 /
b1010101 8
b110 ,
b110 7
#16850000
b11010010100 2
0-
#16855000
1N
1Y
b1000 V
b10 T
1W
b1100000 $
b1100000 d
1-
#16859000
0*
11
b11001000 /
b11001000 8
b111 ,
b111 7
#16860000
b11010010101 2
0-
#16865000
0Y
b1010100 3
b1010100 [
b1000000000 D
1S
1J
0M
b0 $
b0 d
1-
#16869000
1*
10
b11110 /
b11110 8
#16870000
b11010010110 2
0-
#16875000
0E
0I
1M
0S
14
1B
0'
0O
b10000000000 D
0W
1-
#16879000
0+
1.
00
01
b110100 /
b110100 8
b110 ,
b110 7
#16880000
b11010010111 2
0-
#16885000
b0 T
b0 V
1'
1O
b0 D
1K
04
0B
1I
0N
1E
0L
b1100000 ]
b1100000 $
b1100000 d
1-
#16889000
1+
0.
10
11
b10011101 /
b10011101 8
b100 ,
b100 7
#16890000
b11010011000 2
0-
#16895000
1L
0J
1N
1R
1Y
b1000 V
b10 T
b100011 $
b100011 d
1-
#16899000
0*
00
01
b10000111 /
b10000111 8
b101 ,
b101 7
#16900000
b11010011001 2
0-
#16905000
0Y
b1000000000 D
15
16
1C
1S
0R
1J
0M
b1010100 $
b1010100 d
1-
#16909000
b11101000 /
b11101000 8
b110 ,
b110 7
#16910000
b11010011010 2
0-
#16915000
0E
0I
0S
05
06
0C
14
1B
0'
0O
b10000000000 D
b1100000 $
b1100000 d
1-
#16919000
0+
1*
1.
11
b10110110 /
b10110110 8
b101 ,
b101 7
#16920000
b11010011011 2
0-
#16925000
b0 T
b0 V
1'
1O
b0 D
04
0B
0N
1M
0L
b1100000 ]
b1010100 $
b1010100 d
1-
#16929000
1+
0.
b1010110 /
b1010110 8
b110 ,
b110 7
#16930000
b11010011100 2
0-
#16935000
1L
1E
0J
1I
1N
1R
0K
1Y
b1000 V
b10 T
b1100000 $
b1100000 d
1-
#16939000
19
1.
10
b1101100 /
b1101100 8
b101 ,
b101 7
#16940000
b11010011101 2
0-
#16945000
0Y
b1000000000 D
15
16
1C
1S
0R
1J
1%
b1010100 $
b1010100 d
1-
#16949000
09
0+
00
01
b11110111 /
b11110111 8
b0 ,
b0 7
#16950000
b11010011110 2
0-
#16955000
0N
0S
05
06
0C
14
1B
0'
0O
b10000000000 D
b1011100 $
b1011100 d
0%
1-
#16959000
b11001111 /
b11001111 8
b1 ,
b1 7
#16960000
b11010011111 2
0-
#16965000
b0 T
b0 V
1'
1O
b0 D
04
0B
1R
0J
0L
b1100000 ]
b10010101 $
b10010101 d
1-
#16969000
19
10
11
b11000111 /
b11000111 8
b0 ,
b0 7
#16970000
b11010100000 2
0-
#16975000
b1001010111000111 `
1L
0R
15
16
1C
1Y
b1000 V
b10 T
b1011100 $
b1011100 d
1%
1-
#16979000
09
1+
0*
00
01
b11110001 /
b11110001 8
b10 ,
b10 7
#16980000
b11010100001 2
0-
#16985000
0Y
b1000000000 D
1N
0M
b1001010111000111 H
0%
b110100 $
b110100 d
1-
#16989000
0+
1*
0.
10
11
b11100001 /
b11100001 8
b101 ,
b101 7
#16990000
b11010100010 2
0-
#16995000
0E
1J
0I
0N
1M
0'
0O
b10000000000 D
b1010100 $
b1010100 d
1-
#16999000
1+
0*
00
01
b1001100 /
b1001100 8
b11 ,
b11 7
#17000000
b11010100011 2
0-
#17005000
1R
0J
1I
1N
0M
1E
0L
1-
#17009000
0+
11
b11110111 /
b11110111 8
b111 ,
b111 7
#17010000
b11010100100 2
0-
#17015000
1J
0I
0N
0R
1'
1O
b100000000000 D
b0 $
b0 d
1-
#17019000
1+
10
b11011101 /
b11011101 8
b10 ,
b10 7
#17020000
b11010100101 2
0-
#17025000
b1000000000000 D
0J
1N
1L
b110100 $
b110100 d
1-
#17029000
0+
1*
00
b1010 /
b1010 8
#17030000
b11010100110 2
0-
#17035000
0E
1J
0N
1M
0'
0O
1F
b0 D
1-
#17039000
0*
10
01
b1011010 /
b1011010 8
b100 ,
b100 7
#17040000
b11010100111 2
0-
#17045000
1Z
0F
1R
0J
1I
0M
1E
0L
b1100011 $
b1100011 d
1-
#17049000
19
1.
11
b10010 /
b10010 8
b1 ,
b1 7
#17050000
b11010101000 2
0-
#17055000
b1001011000111 `
0I
0R
b1000000000 D
b10101000 3
b10101000 [
b110 X
0Z
b10010101 $
b10010101 d
1%
1-
#17059000
09
1*
0.
00
01
b1111111 /
b1111111 8
b110 ,
b110 7
#17060000
b11010101001 2
0-
#17065000
1W
b10000000000 D
1M
b1001011000111 H
0%
b1100000 $
b1100000 d
1-
#17069000
19
1.
10
11
b1100000 /
b1100000 8
b10 ,
b10 7
#17070000
b11010101010 2
0-
#17075000
b1100000 ^
1I
1'
1O
b100000000000 D
b110100 $
b110100 d
1%
1-
#17079000
09
1+
00
01
b1010100 /
b1010100 8
b11 ,
b11 7
#17080000
b11010101011 2
0-
#17085000
b1000000000000 D
1N
1L
1#
0%
b10101000 $
b10101000 d
1-
#17089000
0*
0.
10
11
b1100000 /
b1100000 8
b1 ,
b1 7
#17090000
b11010101100 2
0-
#17095000
1J
0M
1S
0'
0O
1F
b0 D
b10010 $
b10010 d
1-
#17099000
19
1*
1.
b10011011 /
b10011011 8
b0 ,
b0 7
#17100000
b11010101101 2
0-
#17105000
0W
1Z
b1000000000 D
0F
05
06
0C
0S
0I
1M
0E
0L
b1001010011011 `
1%
b11000111 $
b11000111 d
1-
#17109000
09
0+
0*
0.
01
b1011010 /
b1011010 8
b11 ,
b11 7
#17110000
b11010101110 2
0-
#17115000
1E
b1001010011011 H
1I
0N
0M
1K
b1010000 3
b1010000 [
b101 X
0Z
1W
b10101000 $
b10101000 d
0%
1-
#17119000
1+
1*
1.
00
11
b100 /
b100 8
b10 ,
b10 7
#17120000
b11010101111 2
0-
#17125000
0W
b10000000000 D
0J
0I
1N
1M
b1100000 $
b1100000 d
1-
#17129000
10
01
b1110100 /
b1110100 8
b100 ,
b100 7
#17130000
b11010110000 2
0-
#17135000
1J
1I
1S
1'
1O
b100000000000 D
b100011 $
b100011 d
1%
1-
#17139000
0+
00
b1011001 /
b1011001 8
b11 ,
b11 7
#17140000
b11010110001 2
0-
#17145000
b1000000000000 D
14
1B
0S
0N
1L
0%
b1010000 $
b1010000 d
1-
#17149000
1+
0*
10
b1111000 /
b1111000 8
b110 ,
b110 7
#17150000
b11010110010 2
0-
#17155000
b1100000 ]
0J
1N
0M
1R
04
0B
b0 D
b0 T
b0 V
b1100000 $
b1100000 d
1%
1-
#17159000
1*
b1001110 /
b1001110 8
b10 ,
b10 7
#17160000
b11010110011 2
0-
#17165000
1Y
b1000 V
b10 T
15
16
1C
0R
1J
0I
1M
0E
0%
1-
#17169000
0+
0*
0.
00
b10110000 /
b10110000 8
#17170000
b11010110100 2
0-
#17175000
1E
1I
0N
0M
b1010100 3
b1010100 [
b111 X
0Y
1-
#17179000
1+
1*
1.
b11110011 /
b11110011 8
b101 ,
b101 7
#17180000
b11010110101 2
0-
#17185000
b1000000000 D
0J
0I
1N
1M
0E
b1010100 $
b1010100 d
1-
#17189000
19
0+
0*
10
11
b1011110 /
b1011110 8
b111 ,
b111 7
#17190000
b11010110110 2
0-
#17195000
1E
1J
1I
0N
0M
1S
b0 $
b0 d
1%
1-
#17199000
09
1+
0.
00
b11010100 /
b11010100 8
b10 ,
b10 7
#17200000
b11010110111 2
0-
#17205000
0'
0O
b10000000000 D
14
1B
05
06
0C
0S
0J
0I
1N
0E
0%
b1100000 $
b1100000 d
1-
#17209000
19
1.
10
b11010111 /
b11010111 8
b101 ,
b101 7
#17210000
b11010111000 2
0-
#17215000
0L
1J
04
0B
1'
1O
b0 D
b0 T
b0 V
b1010100 $
b1010100 d
1%
1-
#17219000
09
1*
00
01
b1101101 /
b1101101 8
#17220000
b11010111001 2
0-
#17225000
1Y
b1000 V
b10 T
1M
1E
1L
0%
1-
#17229000
0+
0*
0.
10
b11000100 /
b11000100 8
b111 ,
b111 7
#17230000
b11010111010 2
0-
#17235000
1I
0N
0M
b1000000000 D
0Y
b0 $
b0 d
1-
#17239000
1+
11
b10011001 /
b10011001 8
b10 ,
b10 7
#17240000
b11010111011 2
0-
#17245000
0'
0O
b10000000000 D
0J
0I
1N
0E
b1100000 $
b1100000 d
1-
#17249000
1*
b11001001 /
b11001001 8
#17250000
b11010111100 2
0-
#17255000
0L
1J
1M
1-
#17259000
0*
01
b100110 /
b100110 8
b100 ,
b100 7
#17260000
b11010111101 2
0-
#17265000
1I
0M
1E
b100011 $
b100011 d
1-
#17269000
0+
1*
00
b1000011 /
b1000011 8
b0 ,
b0 7
#17270000
b11010111110 2
0-
#17275000
0I
0N
1M
1'
1O
b100000000000 D
b10011011 $
b10011011 d
1-
#17279000
1+
0*
1.
b101010 /
b101010 8
b1 ,
b1 7
#17280000
b11010111111 2
0-
#17285000
b1000000000000 D
0K
1R
0J
1I
1N
0M
1L
b10010 $
b10010 d
1-
#17289000
10
b10010 /
b10010 8
b10 ,
b10 7
#17290000
b11011000000 2
0-
#17295000
0E
1J
0I
0R
15
16
1C
0'
0O
1F
b0 D
b1100000 $
b1100000 d
1%
1-
#17299000
09
0+
1*
0.
11
b1111111 /
b1111111 8
b110 ,
b110 7
#17300000
b11011000001 2
0-
#17305000
1Z
0F
0N
1M
0L
0%
1-
#17309000
1+
0*
00
01
b1011010 /
b1011010 8
b11 ,
b11 7
#17310000
b11011000010 2
0-
#17315000
1E
0J
1I
1N
0M
1R
b10101000 3
b10101000 [
b110 X
0Z
b1010100 $
b1010100 d
1-
#17319000
0+
1*
10
11
b1011001 /
b1011001 8
b111 ,
b111 7
#17320000
b11011000011 2
0-
#17325000
1W
b1000000000 D
0R
1J
0I
0N
1M
b0 $
b0 d
1-
#17329000
0*
1.
00
01
b1111110 /
b1111110 8
b101 ,
b101 7
#17330000
b11011000100 2
0-
#17335000
0J
1I
0M
1R
b10000000000 D
b1010100 $
b1010100 d
1-
#17339000
1+
0.
b1101000 /
b1101000 8
b111 ,
b111 7
#17340000
b11011000101 2
0-
#17345000
1'
1O
b100000000000 D
0R
0I
1N
b0 $
b0 d
1-
#17349000
10
11
b10010000 /
b10010000 8
b1 ,
b1 7
#17350000
b11011000110 2
0-
#17355000
1L
1J
b1000000000000 D
b10010 $
b10010 d
1-
#17359000
0+
b10001 /
b10001 8
b0 ,
b0 7
#17360000
b11011000111 2
0-
#17365000
0'
0O
1F
b0 D
0N
0E
b10011011 $
b10011011 d
1-
#17369000
1.
00
b1001001 /
b1001001 8
b101 ,
b101 7
#17370000
b11011001000 2
0-
#17375000
0L
0J
0F
0W
1Z
b1010100 $
b1010100 d
1-
#17379000
19
1*
10
b11011 /
b11011 8
b11 ,
b11 7
#17380000
b11011001001 2
0-
#17385000
0Z
1W
b101 X
b1010000 3
b1010000 [
1M
1E
b11011 c
1%
b10101000 $
b10101000 d
1-
#17389000
09
1+
0*
0.
00
b100100 /
b100100 8
b101 ,
b101 7
#17390000
b11011001010 2
0-
#17395000
1I
1N
0M
b1000000000 D
0W
b11011 $
b11011 d
0%
1-
#17399000
0+
1*
10
01
b1000010 /
b1000010 8
b110 ,
b110 7
#17400000
b11011001011 2
0-
#17405000
b10000000000 D
1J
0I
0N
1M
b1100000 $
b1100000 d
1-
#17409000
1+
1.
00
b100010 /
b100010 8
b100 ,
b100 7
#17410000
b11011001100 2
0-
#17415000
0J
1I
1N
1R
1'
1O
b100000000000 D
b1100011 $
b1100011 d
1-
#17419000
0*
b11000010 /
b11000010 8
b110 ,
b110 7
#17420000
b11011001101 2
0-
#17425000
b1000000000000 D
1S
0R
1J
0M
1L
b1100000 $
b1100000 d
1-
#17429000
0+
1*
10
b101100 /
b101100 8
b100 ,
b100 7
#17430000
b11011001110 2
0-
#17435000
0E
0I
0N
1M
0S
05
06
0C
14
1B
0'
0O
1F
b0 D
b1100011 $
b1100011 d
1%
1-
#17439000
0*
0.
00
b1111111 /
b1111111 8
#17440000
b11011001111 2
0-
#17445000
b0 T
b0 V
1'
1O
0F
04
0B
1R
0J
1I
0M
1E
0L
b1100000 ]
0%
b100011 $
b100011 d
1-
#17449000
1.
10
b10100110 /
b10100110 8
b101 ,
b101 7
#17450000
b11011010000 2
0-
#17455000
1L
0I
0R
15
16
1C
1Y
b1000 V
b10 T
b11011 $
b11011 d
1%
1-
#17459000
09
1+
0.
11
b1100110 /
b1100110 8
#17460000
b11011010001 2
0-
#17465000
0Y
b111 X
b11011 3
b11011 [
b1000000000 D
1N
0E
0%
1-
#17469000
0+
00
01
b10010001 /
b10010001 8
b110 ,
b110 7
#17470000
b11011010010 2
0-
#17475000
1J
0N
b1100000 $
b1100000 d
1-
#17479000
1+
1*
1.
11
b1000000 /
b1000000 8
b10 ,
b10 7
#17480000
b11011010011 2
0-
#17485000
0J
1N
1M
1-
#17489000
10
01
b1110001 /
b1110001 8
b110 ,
b110 7
#17490000
b11011010100 2
0-
#17495000
1E
1J
1I
1S
1K
1%
1-
#17499000
09
0+
0.
11
b11010010 /
b11010010 8
b10 ,
b10 7
#17500000
b11011010101 2
0-
#17505000
0'
0O
b10000000000 D
14
1B
05
06
0C
0S
0N
0%
1-
#17509000
1+
00
01
b11000101 /
b11000101 8
b100 ,
b100 7
#17510000
b11011010110 2
0-
#17515000
b1100000 ]
0L
0J
1N
1R
04
0B
1'
1O
b0 D
b0 T
b0 V
b100011 $
b100011 d
1-
#17519000
0+
b1100111 /
b1100111 8
#17520000
b11011010111 2
0-
#17525000
1Y
b1000 V
b10 T
15
16
1C
1S
0R
1J
0N
1L
1-
#17529000
0*
10
11
b1111010 /
b1111010 8
#17530000
b11011011000 2
0-
#17535000
0J
0M
0S
1R
05
06
0C
b1000000000 D
0Y
b1100011 $
b1100011 d
1-
#17539000
01
b11001110 /
b11001110 8
b0 ,
b0 7
#17540000
b11011011001 2
0-
#17545000
0'
0O
b10000000000 D
15
16
1C
0R
0I
0E
b10011011 $
b10011011 d
1-
#17549000
1*
b10101100 /
b10101100 8
b100 ,
b100 7
#17550000
b11011011010 2
0-
#17555000
0L
1M
b1100011 $
b1100011 d
1-
#17559000
19
1.
11
b11111110 /
b11111110 8
b101 ,
b101 7
#17560000
b11011011011 2
0-
#17565000
0K
1I
1E
1%
b11011 $
b11011 d
1-
#17569000
09
1+
0*
0.
00
01
b11011101 /
b11011101 8
b11 ,
b11 7
#17570000
b11011011100 2
0-
#17575000
1N
0M
1'
1O
b100000000000 D
0%
1-
#17579000
0+
1.
11
b1101010 /
b1101010 8
#17580000
b11011011101 2
0-
#17585000
b1000000000000 D
1J
0I
0N
1L
1-
#17589000
1+
0.
01
b10010001 /
b10010001 8
b10 ,
b10 7
#17590000
b11011011110 2
0-
#17595000
0E
0J
1N
0'
0O
1F
b0 D
b1100000 $
b1100000 d
1-
#17599000
0+
1*
10
11
b10111010 /
b10111010 8
b0 ,
b0 7
#17600000
b11011011111 2
0-
#17605000
1Z
0F
1J
0N
1M
0L
b10011011 $
b10011011 d
1-
#17609000
b10110111 /
b10110111 8
b101 ,
b101 7
#17610000
b11011100000 2
0-
#17615000
1E
0J
1I
1R
b110110 3
b110110 [
b110 X
0Z
b11011 $
b11011 d
1-
#17619000
00
01
b10011110 /
b10011110 8
b100 ,
b100 7
#17620000
b11011100001 2
0-
#17625000
b1000000000 D
0R
b1100011 $
b1100011 d
1-
#17629000
b10010001 /
b10010001 8
b10 ,
b10 7
#17630000
b11011100010 2
0-
#17635000
b10000000000 D
b1100000 $
b1100000 d
1-
#17639000
1+
10
11
b1010011 /
b1010011 8
b100 ,
b100 7
#17640000
b11011100011 2
0-
#17645000
1'
1O
b100000000000 D
1N
b1100011 $
b1100011 d
1-
#17649000
00
b1000001 /
b1000001 8
b1 ,
b1 7
#17650000
b11011100100 2
0-
#17655000
1L
1J
1S
b1000000000000 D
b10010 $
b10010 d
1-
#17659000
0+
1.
01
b10110 /
b10110 8
b111 ,
b111 7
#17660000
b11011100101 2
0-
#17665000
0'
0O
1F
b0 D
14
1B
05
06
0C
0S
0N
b0 $
b0 d
1-
#17669000
0*
0.
10
b1110101 /
b1110101 8
b101 ,
b101 7
#17670000
b11011100110 2
0-
#17675000
b1100000 ]
0L
0J
0M
1R
04
0B
1'
1O
0F
b0 T
b0 V
b11011 $
b11011 d
1-
#17679000
1+
00
11
b110110 /
b110110 8
b11 ,
b11 7
#17680000
b11011100111 2
0-
#17685000
1Y
b1000 V
b10 T
15
16
1C
0R
0I
1N
1L
b110110 $
b110110 d
1-
#17689000
0+
1.
01
b11010000 /
b11010000 8
#17690000
b11011101000 2
0-
#17695000
0E
1J
0N
b1000000000 D
b11011 3
b11011 [
b111 X
0Y
1-
#17699000
0.
10
b1101001 /
b1101001 8
b10 ,
b10 7
#17700000
b11011101001 2
0-
#17705000
0J
b1100000 $
b1100000 d
1-
#17709000
1+
1*
11
b1000010 /
b1000010 8
b1 ,
b1 7
#17710000
b11011101010 2
0-
#17715000
1N
1M
b10010 $
b10010 d
1-
#17719000
00
01
b10001001 /
b10001001 8
b0 ,
b0 7
#17720000
b11011101011 2
0-
#17725000
1K
1S
1J
1I
1E
b10011011 $
b10011011 d
1-
#17729000
1.
b11100110 /
b11100110 8
#17730000
b11011101100 2
0-
#17735000
0S
05
06
0C
14
1B
0'
0O
b10000000000 D
1-
#17739000
0*
11
b1111010 /
b1111010 8
b10 ,
b10 7
#17740000
b11011101101 2
0-
#17745000
b0 T
b0 V
1'
1O
b0 D
04
0B
0M
0L
b1100000 ]
b1100000 $
b1100000 d
1-
#17749000
0+
1*
10
01
b10001100 /
b10001100 8
b110 ,
b110 7
#17750000
b11011101110 2
0-
#17755000
1L
0I
0N
1M
1Y
b1000 V
b10 T
1%
1-
#17759000
09
1+
0*
00
11
b101000 /
b101000 8
b1 ,
b1 7
#17760000
b11011101111 2
0-
#17765000
0Y
b1000000000 D
0K
1R
0J
1I
1N
0M
0%
b10010 $
b10010 d
1-
#17769000
01
b11110011 /
b11110011 8
b101 ,
b101 7
#17770000
b11011110000 2
0-
#17775000
0E
1J
0I
0R
15
16
1C
0'
0O
b10000000000 D
b11011 $
b11011 d
1-
#17779000
10
b1100010 /
b1100010 8
#17780000
b11011110001 2
0-
#17785000
0L
1%
1-
#17789000
09
1*
0.
11
b11011001 /
b11011001 8
b11 ,
b11 7
#17790000
b11011110010 2
0-
#17795000
1E
1M
0%
1-
#17799000
0+
00
01
b10000100 /
b10000100 8
b0 ,
b0 7
#17800000
b11011110011 2
0-
#17805000
1'
1O
b100000000000 D
1K
1I
0N
b10011011 $
b10011011 d
1-
#17809000
1+
0*
1.
11
b11110111 /
b11110111 8
b100 ,
b100 7
#17810000
b11011110100 2
0-
#17815000
1L
0J
1N
0M
1R
b1000000000000 D
b1100011 $
b1100011 d
1-
#17819000
0+
1*
0.
10
01
b10010001 /
b10010001 8
b10 ,
b10 7
#17820000
b11011110101 2
0-
#17825000
0'
0O
1F
b0 D
0R
1J
0I
0N
1M
0E
b1100000 $
b1100000 d
1-
#17829000
b1001 /
b1001 8
b111 ,
b111 7
#17830000
b11011110110 2
0-
#17835000
0L
1E
0J
1I
1R
0K
0F
1Z
b0 $
b0 d
1-
#17839000
0*
00
11
b0 /
b0 8
b101 ,
b101 7
#17840000
b11011110111 2
0-
#17845000
0Z
b110 X
b110110 3
b110110 [
b1000000000 D
0R
0M
b11011 $
b11011 d
1-
#17849000
1*
10
01
b10101001 /
b10101001 8
b0 ,
b0 7
#17850000
b11011111000 2
0-
#17855000
0I
1M
b10000000000 D
b10011011 $
b10011011 d
1-
#17859000
19
1.
11
b10000111 /
b10000111 8
b101 ,
b101 7
#17860000
b11011111001 2
0-
#17865000
1'
1O
b100000000000 D
1I
1%
b11011 $
b11011 d
1-
#17869000
09
1+
01
b100011 /
b100011 8
b10 ,
b10 7
#17870000
b11011111010 2
0-
#17875000
1L
1N
b1000000000000 D
b1100000 $
b1100000 d
0%
1-
#17879000
00
b11001111 /
b11001111 8
b1 ,
b1 7
#17880000
b11011111011 2
0-
#17885000
0'
0O
1F
b0 D
1S
1J
b10010 $
b10010 d
1-
#17889000
0.
11
b1001001 /
b1001001 8
b0 ,
b0 7
#17890000
b11011111100 2
0-
#17895000
0L
0S
05
06
0C
b1000000000 D
0F
1Z
b10011011 $
b10011011 d
1-
#17899000
0+
0*
b11010011 /
b11010011 8
b101 ,
b101 7
#17900000
b11011111101 2
0-
#17905000
0Z
b101 X
b1101100 3
b1101100 [
b10000000000 D
0N
0M
b11011 $
b11011 d
1-
#17909000
1+
b1111100 /
b1111100 8
b10 ,
b10 7
#17910000
b11011111110 2
0-
#17915000
0J
0I
1N
1'
1O
b100000000000 D
b1100000 $
b1100000 d
1-
#17919000
0+
10
b11001110 /
b11001110 8
b110 ,
b110 7
#17920000
b11011111111 2
0-
#17925000
b1000000000000 D
1J
0N
1L
1-
#17929000
1*
00
b10 ,
b10 7
#17930000
b11100000000 2
0-
#17935000
0E
0J
1M
0'
0O
1F
b0 D
1-
#17939000
1+
0*
1.
b10111000 /
b10111000 8
b1 ,
b1 7
#17940000
b11100000001 2
0-
#17945000
1Z
0F
1I
1N
0M
1E
0L
b10010 $
b10010 d
1-
#17949000
1*
10
01
b10001111 /
b10001111 8
b0 ,
b0 7
#17950000
b11100000010 2
0-
#17955000
1J
0I
1M
b1000000000 D
b11011000 3
b11011000 [
b100 X
0Z
b10011011 $
b10011011 d
1%
1-
#17959000
19
0+
0*
11
b10000001 /
b10000001 8
b10 ,
b10 7
#17960000
b11100000011 2
0-
#17965000
1W
b10000000000 D
1K
1I
0N
0M
b10000001 ^
0%
b1100000 $
b1100000 d
1-
#17969000
09
1+
0.
b10001001 /
b10001001 8
b0 ,
b0 7
#17970000
b11100000100 2
0-
#17975000
0#
0E
b1001010011010 H
0J
0I
1N
1'
1O
b100000000000 D
b10011011 $
b10011011 d
1-
#17979000
0+
1*
1.
00
b110001 /
b110001 8
b1 ,
b1 7
#17980000
b11100000101 2
0-
#17985000
1J
0N
1M
b1001010011001 H
1L
b10010 $
b10010 d
1-
#17989000
1+
0.
10
b1111011 /
b1111011 8
b11 ,
b11 7
#17990000
b11100000110 2
0-
#17995000
b1001010011000 H
0J
1I
1N
1R
0K
b11011000 $
b11011000 d
1-
#17999000
19
1.
b10010101 /
b10010101 8
b10 ,
b10 7
#18000000
b11100000111 2
0-
#18005000
15
16
1C
1S
0R
1J
b1001010010111 H
b10010101 ^
1%
b10000001 $
b10000001 d
1-
#18009000
09
0.
00
b11110101 /
b11110101 8
b1 ,
b1 7
#18010000
b11100001000 2
0-
#18015000
b1001010010110 H
0S
05
06
0C
14
1B
b10010 $
b10010 d
0%
1-
#18019000
0+
0*
10
b10100001 /
b10100001 8
b0 ,
b0 7
#18020000
b11100001001 2
0-
#18025000
b0 T
0W
b0 V
b0 D
04
0B
0N
0M
b1001010010101 H
b1100000 ]
b10011011 $
b10011011 d
1-
#18029000
00
b10001000 /
b10001000 8
b110 ,
b110 7
#18030000
b11100001010 2
0-
#18035000
b1001010010100 H
0J
0I
1Y
b1000 V
b10 T
1W
b1100000 $
b1100000 d
1-
#18039000
1+
1.
01
b1011 /
b1011 8
b10 ,
b10 7
#18040000
b11100001011 2
0-
#18045000
0Y
b111 X
b11011 3
b11011 [
1N
b1001010010011 H
b10010101 $
b10010101 d
1-
#18049000
1*
b11001101 /
b11001101 8
b11 ,
b11 7
#18050000
b11100001100 2
0-
#18055000
b1001010010010 H
1J
1M
0W
b11011 $
b11011 d
1-
#18059000
0*
11
b11111000 /
b11111000 8
b100 ,
b100 7
#18060000
b11100001101 2
0-
#18065000
1K
1I
0M
b1001010010001 H
b100011 $
b100011 d
1-
#18069000
0+
0.
b10100001 /
b10100001 8
b11 ,
b11 7
#18070000
b11100001110 2
0-
#18075000
b1001010010000 H
0I
0N
b11011 $
b11011 d
1-
#18079000
1+
10
01
b10001010 /
b10001010 8
b100 ,
b100 7
#18080000
b11100001111 2
0-
#18085000
0J
1N
b1001010001111 H
b100011 $
b100011 d
1-
#18089000
00
11
b100000 /
b100000 8
b110 ,
b110 7
#18090000
b11100010000 2
0-
#18095000
b1001010001110 H
1J
b1100000 $
b1100000 d
1-
#18099000
19
0+
1*
1.
10
b10010010 /
b10010010 8
b101 ,
b101 7
#18100000
b11100010001 2
0-
#18105000
0N
1M
b1001010001101 H
1%
b11011 $
b11011 d
1-
#18109000
09
0*
0.
b100101 /
b100101 8
#18110000
b11100010010 2
0-
#18115000
b1001010001100 H
0J
1I
0M
1R
0K
0%
1-
#18119000
1+
01
b11011100 /
b11011100 8
b0 ,
b0 7
#18120000
b11100010011 2
0-
#18125000
15
16
1C
0R
0I
1N
b1001010001011 H
b10011011 $
b10011011 d
1-
#18129000
0+
1.
00
b1111010 /
b1111010 8
b101 ,
b101 7
#18130000
b11100010100 2
0-
#18135000
b1001010001010 H
1J
0N
b11011 $
b11011 d
1-
#18139000
0.
10
b10010110 /
b10010110 8
b11 ,
b11 7
#18140000
b11100010101 2
0-
#18145000
0J
b1001010001001 H
1-
#18149000
19
1*
1.
11
b11111000 /
b11111000 8
b101 ,
b101 7
#18150000
b11100010110 2
0-
#18155000
b1001010001000 H
1M
1%
1-
#18159000
09
00
01
b101000 /
b101000 8
b100 ,
b100 7
#18160000
b11100010111 2
0-
#18165000
1I
b1001010000111 H
0%
b1100011 $
b1100011 d
1-
#18169000
1+
0*
0.
11
b11011101 /
b11011101 8
b10 ,
b10 7
#18170000
b11100011000 2
0-
#18175000
b1001010000110 H
1N
0M
b10010101 $
b10010101 d
1-
#18179000
10
01
b101010 /
b101010 8
b11 ,
b11 7
#18180000
b11100011001 2
0-
#18185000
1J
0I
b1001010000101 H
b11011 $
b11011 d
1-
#18189000
1*
1.
00
11
b1000001 /
b1000001 8
b1 ,
b1 7
#18190000
b11100011010 2
0-
#18195000
b1001010000100 H
1M
b10010 $
b10010 d
1-
#18199000
0+
0*
0.
01
b11101011 /
b11101011 8
b0 ,
b0 7
#18200000
b11100011011 2
0-
#18205000
1K
1I
0N
0M
b1001010000011 H
b10011011 $
b10011011 d
1-
#18209000
1.
10
b10011000 /
b10011000 8
b11 ,
b11 7
#18210000
b11100011100 2
0-
#18215000
b1001010000010 H
0J
0I
b11011 $
b11011 d
1%
1-
#18219000
1+
0.
00
b110010 /
b110010 8
#18220000
b11100011101 2
0-
#18225000
1N
b1001010000001 H
0%
1-
#18229000
0+
1*
1.
b10111011 /
b10111011 8
b0 ,
b0 7
#18230000
b11100011110 2
0-
#18235000
b1001010000000 H
1J
0N
1M
b10011011 $
b10011011 d
1-
#18239000
11
b101111 /
b101111 8
#18240000
b11100011111 2
0-
#18245000
0K
1R
0J
1I
b1001001111111 H
1-
#18249000
10
01
b11000110 /
b11000110 8
b110 ,
b110 7
#18250000
b11100100000 2
0-
#18255000
b1001001111110 H
0R
b1100000 $
b1100000 d
1%
1-
#18259000
09
1+
00
11
b11101101 /
b11101101 8
b11 ,
b11 7
#18260000
b11100100001 2
0-
#18265000
1N
b1001001111101 H
0%
b11011 $
b11011 d
1-
#18269000
0+
0*
01
b11110011 /
b11110011 8
b10 ,
b10 7
#18270000
b11100100010 2
0-
#18275000
b1001001111100 H
1J
0N
0M
1S
b10010101 $
b10010101 d
1-
#18279000
1*
10
b100010 /
b100010 8
#18280000
b11100100011 2
0-
#18285000
05
06
0C
0S
0J
0I
1M
b1001001111011 H
1%
1-
#18289000
19
1+
0*
11
b1111011 /
b1111011 8
#18290000
b11100100100 2
0-
#18295000
b1111011 ^
b1001001111010 H
1I
1N
0M
0%
1-
#18299000
09
1*
00
b110110 /
b110110 8
b111 ,
b111 7
#18300000
b11100100101 2
0-
#18305000
1J
0I
1M
1#
b0 $
b0 d
1-
#18309000
19
0*
10
b1111100 /
b1111100 8
b110 ,
b110 7
#18310000
b11100100110 2
0-
#18315000
1E
b1001010011011 H
1I
0M
1K
b1100000 $
b1100000 d
1%
1-
#18319000
09
00
01
b1110110 /
b1110110 8
b111 ,
b111 7
#18320000
b11100100111 2
0-
#18325000
b1000000000 D
0I
0E
0%
b0 $
b0 d
1-
#18329000
1*
10
b1011101 /
b1011101 8
b11 ,
b11 7
#18330000
b11100101000 2
0-
#18335000
1M
b11011 $
b11011 d
1%
1-
#18339000
0+
b10110010 /
b10110010 8
b0 ,
b0 7
#18340000
b11100101001 2
0-
#18345000
1I
0N
1E
0%
b10011011 $
b10011011 d
1-
#18349000
0*
b1011011 /
b1011011 8
b1 ,
b1 7
#18350000
b11100101010 2
0-
#18355000
0J
0M
1R
0'
0O
b10000000000 D
b10010 $
b10010 d
1%
1-
#18359000
00
b10100111 /
b10100111 8
#18360000
b11100101011 2
0-
#18365000
1'
1O
b100000000000 D
15
16
1C
0R
0I
0E
0L
0%
1-
#18369000
1*
0.
b11001111 /
b11001111 8
b111 ,
b111 7
#18370000
b11100101100 2
0-
#18375000
1L
1E
1M
b0 $
b0 d
1-
#18379000
1+
b10101011 /
b10101011 8
b0 ,
b0 7
#18380000
b11100101101 2
0-
#18385000
b1000000000000 D
0K
1I
1N
b10011011 $
b10011011 d
1-
#18389000
0+
0*
1.
11
b101 ,
b101 7
#18390000
b11100101110 2
0-
#18395000
1J
0N
0M
1S
0'
0O
1F
b0 D
b11011 $
b11011 d
1-
#18399000
1+
1*
0.
b10101001 /
b10101001 8
b0 ,
b0 7
#18400000
b11100101111 2
0-
#18405000
1Z
b1000000000 D
0F
05
06
0C
0S
0J
0I
1N
1M
0E
0L
b10011011 $
b10011011 d
1-
#18409000
10
b1000110 /
b1000110 8
b11 ,
b11 7
#18410000
b11100110000 2
0-
#18415000
1E
1J
1I
1S
1K
b110110 3
b110110 [
b110 X
0Z
b11011 $
b11011 d
1-
#18419000
01
b11110011 /
b11110011 8
b101 ,
b101 7
#18420000
b11100110001 2
0-
#18425000
b10000000000 D
14
1B
0S
1-
#18429000
19
0*
1.
11
b11011110 /
b11011110 8
b110 ,
b110 7
#18430000
b11100110010 2
0-
#18435000
0M
04
0B
1'
1O
b0 D
b0 T
b0 V
b1100000 $
b1100000 d
1%
1-
#18439000
09
0.
01
b11 /
b11 8
b111 ,
b111 7
#18440000
b11100110011 2
0-
#18445000
1Y
b1000 V
b10 T
0I
1L
0%
b0 $
b0 d
1-
#18449000
0+
1*
00
b1001 /
b1001 8
b11 ,
b11 7
#18450000
b11100110100 2
0-
#18455000
0E
0N
1M
b1000000000 D
b11011 3
b11011 [
b111 X
0Y
b110110 $
b110110 d
1-
#18459000
1+
0*
10
11
b1111011 /
b1111011 8
b0 ,
b0 7
#18460000
b11100110101 2
0-
#18465000
0K
1R
0J
1I
1N
0M
1E
b10011011 $
b10011011 d
1-
#18469000
0+
1.
00
01
b1111000 /
b1111000 8
b111 ,
b111 7
#18470000
b11100110110 2
0-
#18475000
0E
1J
0I
0N
0R
15
16
1C
0'
0O
b10000000000 D
b0 $
b0 d
1-
#18479000
1*
0.
b11100001 /
b11100001 8
b10 ,
b10 7
#18480000
b11100110111 2
0-
#18485000
0J
1M
0L
b1111011 $
b1111011 d
1-
#18489000
0*
11
b11101000 /
b11101000 8
b101 ,
b101 7
#18490000
b11100111000 2
0-
#18495000
1E
1I
0M
b11011 $
b11011 d
1-
#18499000
1*
1.
01
b11 /
b11 8
b10 ,
b10 7
#18500000
b11100111001 2
0-
#18505000
1'
1O
b100000000000 D
0I
1M
b1111011 $
b1111011 d
1-
#18509000
0.
10
11
b10111001 /
b10111001 8
b0 ,
b0 7
#18510000
b11100111010 2
0-
#18515000
1L
1I
b1000000000000 D
b10011011 $
b10011011 d
1-
#18519000
1+
0*
1.
01
b101011 /
b101011 8
b110 ,
b110 7
#18520000
b11100111011 2
0-
#18525000
0'
0O
1F
b0 D
1N
0M
1%
b1100000 $
b1100000 d
1-
#18529000
09
0+
0.
00
11
b110001 /
b110001 8
b10 ,
b10 7
#18530000
b11100111100 2
0-
#18535000
0L
0E
1J
0I
0N
b1000000000 D
0F
1Z
b1111011 $
b1111011 d
0%
1-
#18539000
1+
10
b10010010 /
b10010010 8
b1 ,
b1 7
#18540000
b11100111101 2
0-
#18545000
0Z
b110 X
b110110 3
b110110 [
0J
1N
1E
b10010 $
b10010 d
1-
#18549000
0+
1.
01
b10111 /
b10111 8
#18550000
b11100111110 2
0-
#18555000
1J
0N
b10000000000 D
1%
1-
#18559000
1+
1*
0.
00
b11011 /
b11011 8
b11 ,
b11 7
#18560000
b11100111111 2
0-
#18565000
1'
1O
b100000000000 D
0J
1N
1M
0%
b110110 $
b110110 d
1-
#18569000
0+
0*
1.
10
b1101000 /
b1101000 8
b1 ,
b1 7
#18570000
b11101000000 2
0-
#18575000
1L
1J
1I
0N
0M
1S
1K
b1000000000000 D
b10010 $
b10010 d
1%
1-
#18579000
0.
b11000 /
b11000 8
b111 ,
b111 7
#18580000
b11101000001 2
0-
#18585000
0'
0O
1F
b0 D
14
1B
05
06
0C
0S
0J
0I
0E
0%
b0 $
b0 d
1-
#18589000
1+
1*
1.
00
11
b11110100 /
b11110100 8
b11 ,
b11 7
#18590000
b11101000010 2
0-
#18595000
b1100000 ]
0L
1N
1M
04
0B
1'
1O
0F
b0 T
b0 V
b110110 $
b110110 d
1-
#18599000
0.
10
01
b1101100 /
b1101100 8
b100 ,
b100 7
#18600000
b11101000011 2
0-
#18605000
1Y
b1000 V
b10 T
1S
1J
1I
1E
1L
b100011 $
b100011 d
1-
#18609000
0*
1.
00
11
b10000 /
b10000 8
b11 ,
b11 7
#18610000
b11101000100 2
0-
#18615000
0M
0S
b1000000000 D
b11011 3
b11011 [
b111 X
0Y
b110110 $
b110110 d
1-
#18619000
0+
1*
0.
01
b11100000 /
b11100000 8
b0 ,
b0 7
#18620000
b11101000101 2
0-
#18625000
0'
0O
b10000000000 D
0I
0N
1M
0E
b10011011 $
b10011011 d
1-
#18629000
1+
0*
10
b1101011 /
b1101011 8
b10 ,
b10 7
#18630000
b11101000110 2
0-
#18635000
0L
1E
0J
1I
1N
0M
1R
0K
b1111011 $
b1111011 d
1-
#18639000
1*
00
b10010101 /
b10010101 8
b0 ,
b0 7
#18640000
b11101000111 2
0-
#18645000
1'
1O
b100000000000 D
15
16
1C
0R
1J
0I
1M
b10011011 $
b10011011 d
1-
#18649000
19
0+
1.
10
11
b110 /
b110 8
b111 ,
b111 7
#18650000
b11101001000 2
0-
#18655000
1L
1I
0N
1K
b1000000000000 D
b0 $
b0 d
1%
1-
#18659000
09
1+
0*
00
01
b1000010 /
b1000010 8
b101 ,
b101 7
#18660000
b11101001001 2
0-
#18665000
0'
0O
1F
b0 D
1R
0J
1N
0M
0%
b11011 $
b11011 d
1-
#18669000
0.
10
11
b10111001 /
b10111001 8
b11 ,
b11 7
#18670000
b11101001010 2
0-
#18675000
0L
0E
1J
0I
0R
b1000000000 D
0F
1Z
1-
#18679000
0+
1.
01
b110000 /
b110000 8
b101 ,
b101 7
#18680000
b11101001011 2
0-
#18685000
0Z
b110 X
b110111 3
b110111 [
0N
1E
1%
1-
#18689000
19
1*
11
b10111101 /
b10111101 8
b10 ,
b10 7
#18690000
b11101001100 2
0-
#18695000
b10111101 ^
0J
1M
b10000000000 D
b1111011 $
b1111011 d
0%
1-
#18699000
09
0*
0.
01
b111001 /
b111001 8
b110 ,
b110 7
#18700000
b11101001101 2
0-
#18705000
1'
1O
b100000000000 D
0K
1I
0M
0E
b1001010011010 H
0#
b1100000 $
b1100000 d
1-
#18709000
1+
b100 /
b100 8
b101 ,
b101 7
#18710000
b11101001110 2
0-
#18715000
1L
b1001010011001 H
0I
1N
b11011 $
b11011 d
1-
#18719000
1.
b1 /
b1 8
#18720000
b11101001111 2
0-
#18725000
1J
b1001010011000 H
1%
1-
#18729000
0+
1*
0.
00
b11011011 /
b11011011 8
b0 ,
b0 7
#18730000
b11101010000 2
0-
#18735000
b1001010010111 H
0N
1M
b10011011 $
b10011011 d
0%
1-
#18739000
0*
1.
11
b111011 /
b111011 8
b111 ,
b111 7
#18740000
b11101010001 2
0-
#18745000
1R
0J
1I
0M
b1001010010110 H
b0 $
b0 d
1-
#18749000
1+
0.
b1010 /
b1010 8
b110 ,
b110 7
#18750000
b11101010010 2
0-
#18755000
b1001010010101 H
0I
1N
0R
b1100000 $
b1100000 d
1-
#18759000
1*
10
01
b10101011 /
b10101011 8
b11 ,
b11 7
#18760000
b11101010011 2
0-
#18765000
1J
1M
b1001010010100 H
b110111 $
b110111 d
1-
#18769000
0+
1.
00
b10001001 /
b10001001 8
b10 ,
b10 7
#18770000
b11101010100 2
0-
#18775000
b1001010010011 H
1I
0N
1K
b10111101 $
b10111101 d
1-
#18779000
b10110 /
b10110 8
b110 ,
b110 7
#18780000
b11101010101 2
0-
#18785000
1R
0J
b1001010010010 H
b1100000 $
b1100000 d
1-
#18789000
1+
0.
11
b10001000 /
b10001000 8
b101 ,
b101 7
#18790000
b11101010110 2
0-
#18795000
b1001010010001 H
1N
0R
b11011 $
b11011 d
1-
#18799000
0*
1.
b10100100 /
b10100100 8
#18800000
b11101010111 2
0-
#18805000
1S
1J
0M
b1001010010000 H
1-
#18809000
19
10
b11110101 /
b11110101 8
b1 ,
b1 7
#18810000
b11101011000 2
0-
#18815000
b1111010110011011 `
b1001010001111 H
0I
0S
05
06
0C
14
1B
b10010 $
b10010 d
1%
1-
#18819000
0+
1*
b10011 /
b10011 8
#18820000
b11101011001 2
0-
#18825000
b0 T
b0 V
b0 D
04
0B
0N
1M
b1001010001110 H
b1001110011011 `
0%
b11110101 $
b11110101 d
1-
#18829000
09
1+
0.
00
01
b11010010 /
b11010010 8
b100 ,
b100 7
#18830000
b11101011010 2
0-
#18835000
b1001010001101 H
0J
1I
1N
1R
0K
1Y
b1000 V
b10 T
b100011 $
b100011 d
1-
#18839000
0+
0*
10
11
b1100000 /
b1100000 8
#18840000
b11101011011 2
0-
#18845000
0Y
b111 X
b11011 3
b11011 [
15
16
1C
1S
0R
1J
0N
0M
b1001010001100 H
1-
#18849000
1*
1.
01
b1001110 /
b1001110 8
b111 ,
b111 7
#18850000
b11101011100 2
0-
#18855000
b1001010001011 H
0J
0I
1M
0S
05
06
0C
b0 $
b0 d
1%
1-
#18859000
09
0.
00
11
b110101 /
b110101 8
b1 ,
b1 7
#18860000
b11101011101 2
0-
#18865000
1I
b1001010001010 H
0%
b10011 $
b10011 d
1-
#18869000
1+
0*
b1111000 /
b1111000 8
#18870000
b11101011110 2
0-
#18875000
b1001010001001 H
1N
0M
1-
#18879000
1*
1.
10
01
b1001011 /
b1001011 8
b110 ,
b110 7
#18880000
b11101011111 2
0-
#18885000
1J
0I
1M
b1001010001000 H
1%
b1100000 $
b1100000 d
1-
#18889000
09
0+
0*
0.
00
11
b11010011 /
b11010011 8
b10 ,
b10 7
#18890000
b11101100000 2
0-
#18895000
b1001010000111 H
1I
0N
0M
1K
b10111101 $
b10111101 d
0%
1-
#18899000
1+
1.
10
01
b11001000 /
b11001000 8
b11 ,
b11 7
#18900000
b11101100001 2
0-
#18905000
0J
0I
1N
b1001010000110 H
1%
b11011 $
b11011 d
1-
#18909000
0.
b1100001 /
b1100001 8
b0 ,
b0 7
#18910000
b11101100010 2
0-
#18915000
b1001010000101 H
1J
b10011011 $
b10011011 d
0%
1-
#18919000
1*
00
b10001101 /
b10001101 8
b10 ,
b10 7
#18920000
b11101100011 2
0-
#18925000
1M
b1001010000100 H
b10111101 $
b10111101 d
1-
#18929000
19
0+
0*
1.
10
11
b11011 /
b11011 8
b1 ,
b1 7
#18930000
b11101100100 2
0-
#18935000
b1101110011011 `
b1001010000011 H
1I
0N
0M
b10011 $
b10011 d
1%
1-
#18939000
09
1+
0.
00
b11110 /
b11110 8
b110 ,
b110 7
#18940000
b11101100101 2
0-
#18945000
0J
0I
1N
b1001010000010 H
0%
b1100000 $
b1100000 d
1-
#18949000
0+
1.
b1010010 /
b1010010 8
b1 ,
b1 7
#18950000
b11101100110 2
0-
#18955000
b1001010000001 H
1J
0N
b11011 $
b11011 d
1-
#18959000
1+
0.
10
01
b101000 /
b101000 8
b0 ,
b0 7
#18960000
b11101100111 2
0-
#18965000
0J
1N
b1001010000000 H
b10011011 $
b10011011 d
1-
#18969000
1*
11
b1000111 /
b1000111 8
b1 ,
b1 7
#18970000
b11101101000 2
0-
#18975000
b1001001111111 H
1J
1M
b11011 $
b11011 d
1-
#18979000
0*
1.
01
b10110010 /
b10110010 8
b11 ,
b11 7
#18980000
b11101101001 2
0-
#18985000
1I
0M
b1001001111110 H
1%
1-
#18989000
0.
00
b110111 /
b110111 8
b111 ,
b111 7
#18990000
b11101101010 2
0-
#18995000
b1001001111101 H
0I
b0 $
b0 d
0%
1-
#18999000
0+
b1110011 /
b1110011 8
b101 ,
b101 7
#19000000
b11101101011 2
0-
#19005000
0N
b1001001111100 H
b11011 $
b11011 d
1-
#19009000
1+
b111111 /
b111111 8
b110 ,
b110 7
#19010000
b11101101100 2
0-
#19015000
b1001001111011 H
0J
1N
b1100000 $
b1100000 d
1-
#19019000
1*
1.
11
b1111111 /
b1111111 8
b100 ,
b100 7
#19020000
b11101101101 2
0-
#19025000
1J
1M
b1001001111010 H
b100011 $
b100011 d
1-
#19029000
19
0+
0*
10
b11011 /
b11011 8
b101 ,
b101 7
#19030000
b11101101110 2
0-
#19035000
b1001001111001 H
1I
0N
0M
b11011 $
b11011 d
1%
1-
#19039000
09
1+
1*
00
01
b10000101 /
b10000101 8
#19040000
b11101101111 2
0-
#19045000
0J
0I
1N
1M
b1001001111000 H
0%
1-
#19049000
0+
b10101011 /
b10101011 8
b111 ,
b111 7
#19050000
b11101110000 2
0-
#19055000
b1001001110111 H
1J
1I
0N
1S
b0 $
b0 d
1-
#19059000
1+
0*
10
b11010110 /
b11010110 8
b100 ,
b100 7
#19060000
b11101110001 2
0-
#19065000
0S
1R
0J
1N
0M
b1001001110110 H
1%
b100011 $
b100011 d
1-
#19069000
09
0.
11
b1000010 /
b1000010 8
b110 ,
b110 7
#19070000
b11101110010 2
0-
#19075000
b1001001110101 H
1J
0I
0R
15
16
1C
b1100000 $
b1100000 d
0%
1-
#19079000
1*
00
b1111111 /
b1111111 8
b0 ,
b0 7
#19080000
b11101110011 2
0-
#19085000
1M
b1001001110100 H
b10011011 $
b10011011 d
1-
#19089000
0+
1.
10
01
b10111010 /
b10111010 8
b11 ,
b11 7
#19090000
b11101110100 2
0-
#19095000
b1001001110011 H
1I
0N
b11011 $
b11011 d
1%
1-
#19099000
19
1+
0*
11
b1110001 /
b1110001 8
b0 ,
b0 7
#19100000
b11101110101 2
0-
#19105000
1R
0J
1N
0M
b1001001110010 H
b1101101110001 `
0%
b10011011 $
b10011011 d
1-
#19109000
0+
1*
b111110 /
b111110 8
b110 ,
b110 7
#19110000
b11101110110 2
0-
#19115000
b1001001110001 H
1J
0I
0N
1M
0R
b1100000 $
b1100000 d
1%
1-
#19119000
1+
0*
b1100010 /
b1100010 8
#19120000
b11101110111 2
0-
#19125000
0K
1R
0J
1I
1N
0M
b1001001110000 H
0%
1-
#19129000
09
1*
0.
00
b10000100 /
b10000100 8
b111 ,
b111 7
#19130000
b11101111000 2
0-
#19135000
b1001001101111 H
1J
0I
1M
0R
b0 $
b0 d
1-
#19139000
19
0+
1.
10
b10111 /
b10111 8
b110 ,
b110 7
#19140000
b11101111001 2
0-
#19145000
1K
1I
0N
b1001001101110 H
1%
b1100000 $
b1100000 d
1-
#19149000
09
0*
0.
00
01
b1110000 /
b1110000 8
b101 ,
b101 7
#19150000
b11101111010 2
0-
#19155000
b1001001101101 H
0J
0M
1R
b11011 $
b11011 d
0%
1-
#19159000
1+
1*
11
b1010010 /
b1010010 8
b111 ,
b111 7
#19160000
b11101111011 2
0-
#19165000
0R
0I
1N
1M
b1001001101100 H
b0 $
b0 d
1-
#19169000
0+
0*
1.
b110 /
b110 8
b0 ,
b0 7
#19170000
b11101111100 2
0-
#19175000
b1001001101011 H
1J
1I
0N
0M
1S
b1110001 $
b1110001 d
1-
#19179000
1+
1*
b10010101 /
b10010101 8
b100 ,
b100 7
#19180000
b11101111101 2
0-
#19185000
05
06
0C
0S
0J
0I
1N
1M
b1001001101010 H
b1100011 $
b1100011 d
1-
#19189000
0.
b11010111 /
b11010111 8
b111 ,
b111 7
#19190000
b11101111110 2
0-
#19195000
b1001001101001 H
1J
1I
1S
b0 $
b0 d
1-
#19199000
0+
1.
10
01
b11101110 /
b11101110 8
#19200000
b11101111111 2
0-
#19205000
0S
0N
b1001001101000 H
1%
1-
#19209000
0*
b10000000 /
b10000000 8
b1 ,
b1 7
#19210000
b11110000000 2
0-
#19215000
b1001001100111 H
0J
0M
1R
b11011 $
b11011 d
0%
1-
#19219000
09
1+
1*
0.
00
11
b1000111 /
b1000111 8
b100 ,
b100 7
#19220000
b11110000001 2
0-
#19225000
15
16
1C
0R
0I
1N
1M
b1001001100110 H
b100011 $
b100011 d
1-
#19229000
19
0*
1.
10
b10100001 /
b10100001 8
b110 ,
b110 7
#19230000
b11110000010 2
0-
#19235000
b1001001100101 H
1J
1I
0M
1S
b1100000 $
b1100000 d
1%
1-
#19239000
09
1*
0.
00
b10101101 /
b10101101 8
b101 ,
b101 7
#19240000
b11110000011 2
0-
#19245000
05
06
0C
0S
0I
1M
b1001001100100 H
0%
b11011 $
b11011 d
1-
#19249000
0+
1.
b1001000 /
b1001000 8
b100 ,
b100 7
#19250000
b11110000100 2
0-
#19255000
b1001001100011 H
1I
0N
b100011 $
b100011 d
1-
#19259000
19
1+
0*
10
b11000 /
b11000 8
b111 ,
b111 7
#19260000
b11110000101 2
0-
#19265000
1R
0J
1N
0M
b1001001100010 H
1%
b0 $
b0 d
1-
#19269000
09
1*
0.
00
01
b1010011 /
b1010011 8
b1 ,
b1 7
#19270000
b11110000110 2
0-
#19275000
b1001001100001 H
1J
0I
1M
0R
15
16
1C
b11011 $
b11011 d
0%
1-
#19279000
11
b11011100 /
b11011100 8
b10 ,
b10 7
#19280000
b11110000111 2
0-
#19285000
1I
b1001001100000 H
b10111101 $
b10111101 d
1-
#19289000
0+
0*
01
b11001100 /
b11001100 8
b111 ,
b111 7
#19290000
b11110001000 2
0-
#19295000
b1001001011111 H
0N
0M
b0 $
b0 d
1-
#19299000
19
1*
1.
10
11
b11000 /
b11000 8
b101 ,
b101 7
#19300000
b11110001001 2
0-
#19305000
0J
0I
1M
b1001001011110 H
1%
b11011 $
b11011 d
1-
#19309000
0*
b1 /
b1 8
b0 ,
b0 7
#19310000
b11110001010 2
0-
#19315000
b1101100000001 `
b1001001011101 H
1I
0M
0K
b1110001 $
b1110001 d
0%
1-
#19319000
09
0.
00
b110101 /
b110101 8
b111 ,
b111 7
#19320000
b11110001011 2
0-
#19325000
0I
b1001001011100 H
b0 $
b0 d
1-
#19329000
10
b11011000 /
b11011000 8
b1 ,
b1 7
#19330000
b11110001100 2
0-
#19335000
b1001001011011 H
b11011 $
b11011 d
1-
#19339000
01
b10010101 /
b10010101 8
b111 ,
b111 7
#19340000
b11110001101 2
0-
#19345000
b1001001011010 H
b0 $
b0 d
1-
#19349000
1+
1*
1.
00
11
b1111000 /
b1111000 8
b110 ,
b110 7
#19350000
b11110001110 2
0-
#19355000
b1001001011001 H
1N
1M
b1100000 $
b1100000 d
1-
#19359000
0+
10
01
b10100000 /
b10100000 8
b11 ,
b11 7
#19360000
b11110001111 2
0-
#19365000
1K
1S
1J
1I
0N
b1001001011000 H
1%
b11011 $
b11011 d
1-
#19369000
09
1+
0.
11
b11011000 /
b11011000 8
b100 ,
b100 7
#19370000
b11110010000 2
0-
#19375000
b1001001010111 H
0J
1N
0S
1R
05
06
0C
b1100011 $
b1100011 d
0%
1-
#19379000
0+
1.
00
01
b11101010 /
b11101010 8
b110 ,
b110 7
#19380000
b11110010001 2
0-
#19385000
15
16
1C
1S
0R
1J
0N
b1001001010110 H
b1100000 $
b1100000 d
1-
#19389000
1+
10
b10111011 /
b10111011 8
b101 ,
b101 7
#19390000
b11110010010 2
0-
#19395000
b1001001010101 H
0J
1N
0S
1R
05
06
0C
b11011 $
b11011 d
1%
1-
#19399000
09
0+
0*
0.
11
b100010 /
b100010 8
b10 ,
b10 7
#19400000
b11110010011 2
0-
#19405000
15
16
1C
1S
0R
1J
0N
0M
b1001001010100 H
0%
b10111101 $
b10111101 d
1-
#19409000
1+
1*
01
b110011 /
b110011 8
b111 ,
b111 7
#19410000
b11110010100 2
0-
#19415000
b1001001010011 H
0J
0I
1N
1M
0S
05
06
0C
b0 $
b0 d
1-
#19419000
0+
11
b11010001 /
b11010001 8
b101 ,
b101 7
#19420000
b11110010101 2
0-
#19425000
1S
1J
1I
0N
b1001001010010 H
b11011 $
b11011 d
1-
#19429000
1+
00
b11001001 /
b11001001 8
b1 ,
b1 7
#19430000
b11110010110 2
0-
#19435000
b1001001010001 H
0J
1N
0S
1R
1-
#19439000
1.
b10000110 /
b10000110 8
b101 ,
b101 7
#19440000
b11110010111 2
0-
#19445000
15
16
1C
1S
0R
1J
b1001001010000 H
1-
#19449000
0*
0.
01
b1110000 /
b1110000 8
b0 ,
b0 7
#19450000
b11110011000 2
0-
#19455000
b1001001001111 H
0M
0S
05
06
0C
b1 $
b1 d
1-
#19459000
10
b10000010 /
b10000010 8
b11 ,
b11 7
#19460000
b11110011001 2
0-
#19465000
0I
b1001001001110 H
b11011 $
b11011 d
1-
#19469000
0+
1*
00
b1010 /
b1010 8
b1 ,
b1 7
#19470000
b11110011010 2
0-
#19475000
b1001001001101 H
0N
1M
1-
#19479000
0*
b11000011 /
b11000011 8
b0 ,
b0 7
#19480000
b11110011011 2
0-
#19485000
0K
1R
0J
1I
0M
b1001001001100 H
b1 $
b1 d
1-
#19489000
1+
1*
10
b1000110 /
b1000110 8
b111 ,
b111 7
#19490000
b11110011100 2
0-
#19495000
b1001001001011 H
0I
1N
1M
0R
15
16
1C
b0 $
b0 d
1-
#19499000
0+
1.
b1100011 /
b1100011 8
b101 ,
b101 7
#19500000
b11110011101 2
0-
#19505000
1K
1S
1J
1I
0N
b1001001001010 H
1%
b11011 $
b11011 d
1-
#19509000
09
1+
00
11
b1001010 /
b1001010 8
b0 ,
b0 7
#19510000
b11110011110 2
0-
#19515000
b1001001001001 H
0J
1N
0S
1R
05
06
0C
b1 $
b1 d
0%
1-
#19519000
0.
b10101011 /
b10101011 8
b10 ,
b10 7
#19520000
b11110011111 2
0-
#19525000
15
16
1C
1S
0R
1J
b1001001001000 H
b10111101 $
b10111101 d
1-
#19529000
0+
0*
1.
b111101 /
b111101 8
b11 ,
b11 7
#19530000
b11110100000 2
0-
#19535000
b1001001000111 H
0N
0M
0S
05
06
0C
b11011 $
b11011 d
1-
#19539000
1+
1*
b10010111 /
b10010111 8
b111 ,
b111 7
#19540000
b11110100001 2
0-
#19545000
0J
0I
1N
1M
b1001001000110 H
b0 $
b0 d
1-
#19549000
0*
01
b10110101 /
b10110101 8
b1 ,
b1 7
#19550000
b11110100010 2
0-
#19555000
b1001001000101 H
1J
1I
0M
1S
b11011 $
b11011 d
1-
#19559000
0.
b11101001 /
b11101001 8
b100 ,
b100 7
#19560000
b11110100011 2
0-
#19565000
0S
0I
b1001001000100 H
b100011 $
b100011 d
1-
#19569000
0+
1*
1.
11
b11001 /
b11001 8
b1 ,
b1 7
#19570000
b11110100100 2
0-
#19575000
b1001001000011 H
0N
1M
b11011 $
b11011 d
1-
#19579000
0.
01
b101110 /
b101110 8
b101 ,
b101 7
#19580000
b11110100101 2
0-
#19585000
0K
1R
0J
1I
b1001001000010 H
1-
#19589000
1+
0*
1.
b10101001 /
b10101001 8
b100 ,
b100 7
#19590000
b11110100110 2
0-
#19595000
b1001001000001 H
1N
0M
0R
15
16
1C
b100011 $
b100011 d
1-
#19599000
19
1*
10
11
b11011000 /
b11011000 8
b11 ,
b11 7
#19600000
b11110100111 2
0-
#19605000
1J
0I
1M
b1001001000000 H
b11011000 c
1%
b11011 $
b11011 d
1-
#19609000
09
0.
00
b10011011 /
b10011011 8
b101 ,
b101 7
#19610000
b11110101000 2
0-
#19615000
b1001000111111 H
1I
1K
b11011000 $
b11011000 d
0%
1-
#19619000
0+
0*
01
b1000010 /
b1000010 8
b110 ,
b110 7
#19620000
b11110101001 2
0-
#19625000
0N
0M
b1001000111110 H
b1100000 $
b1100000 d
1-
#19629000
1*
1.
11
b11011111 /
b11011111 8
b0 ,
b0 7
#19630000
b11110101010 2
0-
#19635000
b1001000111101 H
0J
0I
1M
b1 $
b1 d
1-
#19639000
0*
10
01
b110010 /
b110010 8
b10 ,
b10 7
#19640000
b11110101011 2
0-
#19645000
0K
1I
0M
b1001000111100 H
1%
b10111101 $
b10111101 d
1-
#19649000
19
11
b11011111 /
b11011111 8
b110 ,
b110 7
#19650000
b11110101100 2
0-
#19655000
b1001000111011 H
0I
b1100000 $
b1100000 d
0%
1-
#19659000
09
1+
1*
00
b11000111 /
b11000111 8
b111 ,
b111 7
#19660000
b11110101101 2
0-
#19665000
1N
1M
b1001000111010 H
b0 $
b0 d
1-
#19669000
01
b10111100 /
b10111100 8
b10 ,
b10 7
#19670000
b11110101110 2
0-
#19675000
b1001000111001 H
1J
1I
1S
1K
b10111101 $
b10111101 d
1-
#19679000
0+
0.
10
11
b110111 /
b110111 8
b0 ,
b0 7
#19680000
b11110101111 2
0-
#19685000
05
06
0C
0S
0N
b1001000111000 H
b1 $
b1 d
1-
#19689000
1+
1.
00
b11011111 /
b11011111 8
b10 ,
b10 7
#19690000
b11110110000 2
0-
#19695000
b1001000110111 H
0J
1N
1R
b10111101 $
b10111101 d
1-
#19699000
0+
0*
0.
b1010011 /
b1010011 8
b101 ,
b101 7
#19700000
b11110110001 2
0-
#19705000
15
16
1C
1S
0R
1J
0N
0M
b1001000110110 H
b11011000 $
b11011000 d
1-
#19709000
19
1+
1.
10
b111111 /
b111111 8
#19710000
b11110110010 2
0-
#19715000
b1001000110101 H
0J
0I
1N
0S
05
06
0C
1%
1-
#19719000
09
1*
0.
b101110 /
b101110 8
b111 ,
b111 7
#19720000
b11110110011 2
0-
#19725000
1J
1M
b1001000110100 H
0%
b0 $
b0 d
1-
#19729000
1.
00
b1100010 /
b1100010 8
b10 ,
b10 7
#19730000
b11110110100 2
0-
#19735000
b1001000110011 H
1I
b10111101 $
b10111101 d
1-
#19739000
0.
01
b10110011 /
b10110011 8
b110 ,
b110 7
#19740000
b11110110101 2
0-
#19745000
b1001000110010 H
b1100000 $
b1100000 d
1-
#19749000
0+
0*
b1101110 /
b1101110 8
b111 ,
b111 7
#19750000
b11110110110 2
0-
#19755000
b1001000110001 H
0N
0M
b0 $
b0 d
1-
#19759000
1+
10
11
b11110000 /
b11110000 8
b1 ,
b1 7
#19760000
b11110110111 2
0-
#19765000
0J
0I
1N
b1001000110000 H
b11011 $
b11011 d
1-
#19769000
0+
1*
1.
00
b11101011 /
b11101011 8
b101 ,
b101 7
#19770000
b11110111000 2
0-
#19775000
b1001000101111 H
1J
0N
1M
b11011000 $
b11011000 d
1-
#19779000
1+
0.
b1111110 /
b1111110 8
#19780000
b11110111001 2
0-
#19785000
0K
1R
0J
1I
1N
b1001000101110 H
1-
#19789000
0+
0*
10
01
b10110010 /
b10110010 8
b110 ,
b110 7
#19790000
b11110111010 2
0-
#19795000
b1001000101101 H
1J
0N
0M
1S
0R
15
16
1C
b1100000 $
b1100000 d
1-
#19799000
1+
00
b1101010 /
b1101010 8
b10 ,
b10 7
#19800000
b11110111011 2
0-
#19805000
05
06
0C
0S
0J
0I
1N
b1001000101100 H
b10111101 $
b10111101 d
1-
#19809000
0+
1*
10
b11010001 /
b11010001 8
b11 ,
b11 7
#19810000
b11110111100 2
0-
#19815000
b1001000101011 H
1J
0N
1M
b11011 $
b11011 d
1-
#19819000
1+
0*
00
11
b10001010 /
b10001010 8
b111 ,
b111 7
#19820000
b11110111101 2
0-
#19825000
1R
0J
1I
1N
0M
b1001000101010 H
b0 $
b0 d
1-
#19829000
0+
1*
1.
b11111101 /
b11111101 8
b10 ,
b10 7
#19830000
b11110111110 2
0-
#19835000
b1001000101001 H
1J
0I
0N
1M
0R
15
16
1C
b10111101 $
b10111101 d
1-
#19839000
10
01
b10100010 /
b10100010 8
b111 ,
b111 7
#19840000
b11110111111 2
0-
#19845000
1R
0J
1I
b1001000101000 H
1%
b0 $
b0 d
1-
#19849000
00
b110011 /
b110011 8
b1 ,
b1 7
#19850000
b11111000000 2
0-
#19855000
b1001000100111 H
0R
b11011 $
b11011 d
0%
1-
#19859000
10
b1101111 /
b1101111 8
#19860000
b11111000001 2
0-
#19865000
b1001000100110 H
1%
1-
#19869000
09
0*
0.
11
b110010 /
b110010 8
b110 ,
b110 7
#19870000
b11111000010 2
0-
#19875000
b1001000100101 H
0M
b1100000 $
b1100000 d
0%
1-
#19879000
1+
1*
1.
00
01
b1011001 /
b1011001 8
b10 ,
b10 7
#19880000
b11111000011 2
0-
#19885000
0I
1N
1M
b1001000100100 H
b10111101 $
b10111101 d
1-
#19889000
11
b11101000 /
b11101000 8
b110 ,
b110 7
#19890000
b11111000100 2
0-
#19895000
b1001000100011 H
1J
1I
1S
1K
b1100000 $
b1100000 d
1-
#19899000
0+
0*
0.
b11111000 /
b11111000 8
b0 ,
b0 7
#19900000
b11111000101 2
0-
#19905000
05
06
0C
0S
0N
0M
b1001000100010 H
b1 $
b1 d
1-
#19909000
1+
1.
b10100101 /
b10100101 8
b110 ,
b110 7
#19910000
b11111000110 2
0-
#19915000
b1001000100001 H
0J
0I
1N
b1100000 $
b1100000 d
1-
#19919000
0+
1*
0.
b10111000 /
b10111000 8
#19920000
b11111000111 2
0-
#19925000
1J
0N
1M
b1001000100000 H
1-
#19929000
0*
1.
01
b10100 /
b10100 8
b1 ,
b1 7
#19930000
b11111001000 2
0-
#19935000
b1001000011111 H
0J
1I
0M
1R
0K
b11011 $
b11011 d
1-
#19939000
1*
0.
11
b10111001 /
b10111001 8
b10 ,
b10 7
#19940000
b11111001001 2
0-
#19945000
15
16
1C
0R
0I
1M
b1001000011110 H
b10111101 $
b10111101 d
1-
#19949000
1+
0*
1.
10
01
b101100 /
b101100 8
#19950000
b11111001010 2
0-
#19955000
b1001000011101 H
1I
1N
0M
1%
1-
#19959000
19
1*
11
b11111 /
b11111 8
b101 ,
b101 7
#19960000
b11111001011 2
0-
#19965000
1J
0I
1M
b1001000011100 H
0%
b11011000 $
b11011000 d
1-
#19969000
09
0+
0*
0.
01
b10000101 /
b10000101 8
b1 ,
b1 7
#19970000
b11111001100 2
0-
#19975000
b1001000011011 H
1I
0N
0M
1K
b11011 $
b11011 d
1-
#19979000
11
b10011011 /
b10011011 8
b10 ,
b10 7
#19980000
b11111001101 2
0-
#19985000
0J
0I
b1001000011010 H
b10111101 $
b10111101 d
1-
#19989000
1+
b10011111 /
b10011111 8
b11 ,
b11 7
#19990000
b11111001110 2
0-
#19995000
b1001000011001 H
1N
b11011 $
b11011 d
1-
#19999000
0+
b10100100 /
b10100100 8
b110 ,
b110 7
#20000000
b11111001111 2
0-
#20005000
1J
0N
b1001000011000 H
b1100000 $
b1100000 d
1-
#20009000
19
1.
b10010011 /
b10010011 8
b100 ,
b100 7
#20010000
b11111010000 2
0-
