$date
	Thu Apr 24 10:10:40 2025
$end
$version
	Icarus Verilog
$end
$timescale
	1ps
$end
$scope module wb_conmaxT200_tb $end
$var wire 1 ! trigger $end
$var reg 1 " clk_i $end
$var reg 32 # m0_addr_i [31:0] $end
$var reg 1 $ rst_i $end
$var reg 32 % s0_data_i [31:0] $end
$var reg 32 & s10_data_i [31:0] $end
$var reg 32 ' s11_data_i [31:0] $end
$var reg 32 ( s12_data_i [31:0] $end
$var reg 32 ) s13_data_i [31:0] $end
$var reg 32 * s14_data_i [31:0] $end
$var reg 32 + s15_data_i [31:0] $end
$var reg 32 , s1_data_i [31:0] $end
$var reg 32 - s2_data_i [31:0] $end
$var reg 32 . s3_data_i [31:0] $end
$var reg 32 / s4_data_i [31:0] $end
$var reg 32 0 s5_data_i [31:0] $end
$var reg 32 1 s6_data_i [31:0] $end
$var reg 32 2 s7_data_i [31:0] $end
$var reg 32 3 s8_data_i [31:0] $end
$var reg 32 4 s9_data_i [31:0] $end
$var integer 32 5 i [31:0] $end
$scope module uut $end
$var wire 1 " clk_i $end
$var wire 32 6 m0_addr_i [31:0] $end
$var wire 32 7 m0_data_o [31:0] $end
$var wire 1 $ rst_i $end
$var wire 32 8 s0_data_i [31:0] $end
$var wire 32 9 s0_m0_data_o [31:0] $end
$var wire 32 : s10_data_i [31:0] $end
$var wire 32 ; s10_m0_data_o [31:0] $end
$var wire 32 < s11_data_i [31:0] $end
$var wire 32 = s11_m0_data_o [31:0] $end
$var wire 32 > s12_data_i [31:0] $end
$var wire 32 ? s12_m0_data_o [31:0] $end
$var wire 32 @ s13_data_i [31:0] $end
$var wire 32 A s13_m0_data_o [31:0] $end
$var wire 32 B s14_data_i [31:0] $end
$var wire 32 C s14_m0_data_o [31:0] $end
$var wire 32 D s15_data_i [31:0] $end
$var wire 32 E s15_m0_data_o [31:0] $end
$var wire 32 F s1_data_i [31:0] $end
$var wire 32 G s1_m0_data_o [31:0] $end
$var wire 32 H s2_data_i [31:0] $end
$var wire 32 I s2_m0_data_o [31:0] $end
$var wire 32 J s3_data_i [31:0] $end
$var wire 32 K s3_m0_data_o [31:0] $end
$var wire 32 L s4_data_i [31:0] $end
$var wire 32 M s4_m0_data_o [31:0] $end
$var wire 32 N s5_data_i [31:0] $end
$var wire 32 O s5_m0_data_o [31:0] $end
$var wire 32 P s6_data_i [31:0] $end
$var wire 32 Q s6_m0_data_o [31:0] $end
$var wire 32 R s7_data_i [31:0] $end
$var wire 32 S s7_m0_data_o [31:0] $end
$var wire 32 T s8_data_i [31:0] $end
$var wire 32 U s8_m0_data_o [31:0] $end
$var wire 32 V s9_data_i [31:0] $end
$var wire 32 W s9_m0_data_o [31:0] $end
$var reg 2 X Trojanstate [1:0] $end
$var reg 32 Y m0_wb_data_o [31:0] $end
$var reg 1 ! trigger $end
$upscope $end
$upscope $end
$enddefinitions $end
$comment Show the parameter values. $end
$dumpall
$end
#0
$dumpvars
b0 Y
bx X
b0 W
b0 V
b0 U
b0 T
b0 S
b0 R
b0 Q
b0 P
b0 O
b0 N
b0 M
b0 L
b0 K
b0 J
b0 I
b0 H
b0 G
b0 F
b0 E
b0 D
b0 C
b0 B
b0 A
b0 @
b0 ?
b0 >
b0 =
b0 <
b0 ;
b0 :
b0 9
b0 8
b0 7
b0 6
bx 5
b0 4
b0 3
b0 2
b0 1
b0 0
b0 /
b0 .
b0 -
b0 ,
b0 +
b0 *
b0 )
b0 (
b0 '
b0 &
b0 %
1$
b0 #
0"
0!
$end
#5000
b0 X
1"
#10000
b10000100100001001101011000001001 7
b10000100100001001101011000001001 Y
0"
b11100010111101111000010011000101 E
b11100010111101111000010011000101 +
b11100010111101111000010011000101 D
b11100011001101110010010011000110 C
b11100011001101110010010011000110 *
b11100011001101110010010011000110 B
b1111100111111011110100111111001 A
b1111100111111011110100111111001 )
b1111100111111011110100111111001 @
b1000110001011011111011110001100 ?
b1000110001011011111011110001100 (
b1000110001011011111011110001100 >
b1110110110101000101011111101101 =
b1110110110101000101011111101101 '
b1110110110101000101011111101101 <
b11110100011011100110100111101 ;
b11110100011011100110100111101 &
b11110100011011100110100111101 :
b111011001000111111000101110110 W
b111011001000111111000101110110 4
b111011001000111111000101110110 V
b110110101111100110100001101 U
b110110101111100110100001101 3
b110110101111100110100001101 T
b111100111110001100000001 S
b111100111110001100000001 2
b111100111110001100000001 R
b10001001001101110101001000010010 Q
b10001001001101110101001000010010 1
b10001001001101110101001000010010 P
b10110010110000101000010001100101 O
b10110010110000101000010001100101 0
b10110010110000101000010001100101 N
b1000110110111111001100110001101 M
b1000110110111111001100110001101 /
b1000110110111111001100110001101 L
b110101110010111101100001101 K
b110101110010111101100001101 .
b110101110010111101100001101 J
b10110001111100000101011001100011 I
b10110001111100000101011001100011 -
b10110001111100000101011001100011 H
b10000100100001001101011000001001 G
b10000100100001001101011000001001 ,
b10000100100001001101011000001001 F
b11000000100010010101111010000001 9
b11000000100010010101111010000001 %
b11000000100010010101111010000001 8
b10010000101010011010100100100 #
b10010000101010011010100100100 6
b0 5
0$
#15000
1"
#20000
b101011100111000011100001010 7
b101011100111000011100001010 Y
0"
b10000011001000010000100100000 E
b10000011001000010000100100000 +
b10000011001000010000100100000 D
b11000000001110110010001010000000 C
b11000000001110110010001010000000 *
b11000000001110110010001010000000 B
b101011100111000011100001010 A
b101011100111000011100001010 )
b101011100111000011100001010 @
b10110001111011110110001001100011 ?
b10110001111011110110001001100011 (
b10110001111011110110001001100011 >
b10110010101001110010011001100101 =
b10110010101001110010011001100101 '
b10110010101001110010011001100101 <
b10010110101010110101100000101101 ;
b10010110101010110101100000101101 &
b10010110101010110101100000101101 :
b11011110100011100010100010111101 W
b11011110100011100010100010111101 4
b11011110100011100010100010111101 V
b101110010110000100100101011100 U
b101110010110000100100101011100 3
b101110010110000100100101011100 T
b11100010110010100100111011000101 S
b11100010110010100100111011000101 2
b11100010110010100100111011000101 R
b11110100000000000111101011101000 Q
b11110100000000000111101011101000 1
b11110100000000000111101011101000 P
b11100111011101101001011011001110 O
b11100111011101101001011011001110 0
b11100111011101101001011011001110 N
b1111001001100000110100111110010 M
b1111001001100000110100111110010 /
b1111001001100000110100111110010 L
b1000111111011001101101110001111 K
b1000111111011001101101110001111 .
b1000111111011001101101110001111 J
b10001001001100101101011000010010 I
b10001001001100101101011000010010 -
b10001001001100101101011000010010 H
b10111011110100100111001001110111 G
b10111011110100100111001001110111 ,
b10111011110100100111001001110111 F
b1110010101011111111011111100101 9
b1110010101011111111011111100101 %
b1110010101011111111011111100101 8
b11010101000100111101001010101010 #
b11010101000100111101001010101010 6
b1 5
#25000
1"
#30000
b110101100111111101110101101011 7
b110101100111111101110101101011 Y
0"
b1111001011010001011110111110010 E
b1111001011010001011110111110010 +
b1111001011010001011110111110010 D
b10011110001100010100110000111100 C
b10011110001100010100110000111100 *
b10011110001100010100110000111100 B
b11100101011100110000101011001010 A
b11100101011100110000101011001010 )
b11100101011100110000101011001010 @
b101000010010110010100001010 ?
b101000010010110010100001010 (
b101000010010110010100001010 >
b10001100001000100100100100011 =
b10001100001000100100100100011 '
b10001100001000100100100100011 <
b11100111110001010111001011001111 ;
b11100111110001010111001011001111 &
b11100111110001010111001011001111 :
b1110111111111110100100011101 W
b1110111111111110100100011101 4
b1110111111111110100100011101 V
b11010111010101100011111010101110 U
b11010111010101100011111010101110 3
b11010111010101100011111010101110 T
b10000001000101110100101000000010 S
b10000001000101110100101000000010 2
b10000001000101110100101000000010 R
b11101010101001100010101011010101 Q
b11101010101001100010101011010101 1
b11101010101001100010101011010101 P
b110101100111111101110101101011 O
b110101100111111101110101101011 0
b110101100111111101110101101011 N
b10101001101001111101011001010011 M
b10101001101001111101011001010011 /
b10101001101001111101011001010011 L
b10000110101111000011100000001101 K
b10000110101111000011100000001101 .
b10000110101111000011100000001101 J
b10001001100000111011100000010011 I
b10001001100000111011100000010011 -
b10001001100000111011100000010011 H
b11001011001000000011111010010110 G
b11001011001000000011111010010110 ,
b11001011001000000011111010010110 F
b11001110110011001100110010011101 9
b11001110110011001100110010011101 %
b11001110110011001100110010011101 8
b1010101011110000100010110101010 #
b1010101011110000100010110101010 6
b10 5
#35000
1"
#40000
b1110101110001010000110111101011 7
b1110101110001010000110111101011 Y
0"
b11101000001100011001100111010 E
b11101000001100011001100111010 +
b11101000001100011001100111010 D
b10011101110011000110000000111011 C
b10011101110011000110000000111011 *
b10011101110011000110000000111011 B
b100111111100100101010101001111 A
b100111111100100101010101001111 )
b100111111100100101010101001111 @
b1000010111100100100000110000101 ?
b1000010111100100100000110000101 (
b1000010111100100100000110000101 >
b10111000100101111011111001110001 =
b10111000100101111011111001110001 '
b10111000100101111011111001110001 <
b10000101110101111001101000001011 ;
b10000101110101111001101000001011 &
b10000101110101111001101000001011 :
b10101000011111101110100101010 W
b10101000011111101110100101010 4
b10101000011111101110100101010 V
b11011110011101010000001010111100 U
b11011110011101010000001010111100 3
b11011110011101010000001010111100 T
b1010111000101010001001110101110 S
b1010111000101010001001110101110 2
b1010111000101010001001110101110 R
b1100011010010111111100111000110 Q
b1100011010010111111100111000110 1
b1100011010010111111100111000110 P
b1011011000000100110010110110110 O
b1011011000000100110010110110110 0
b1011011000000100110010110110110 N
b1110101110001010000110111101011 M
b1110101110001010000110111101011 /
b1110101110001010000110111101011 L
b11000100100010100001001010001001 K
b11000100100010100001001010001001 .
b11000100100010100001001010001001 J
b111100001000001111001101111000 I
b111100001000001111001101111000 -
b111100001000001111001101111000 H
b11101100010010110011010011011000 G
b11101100010010110011010011011000 ,
b11101100010010110011010011011000 F
b100000110001001011001101000001 9
b100000110001001011001101000001 %
b100000110001001011001101000001 8
b1000101001011100110000110001010 #
b1000101001011100110000110001010 6
b11 5
#45000
1"
#50000
b10101101110010111100000001011011 7
b10101101110010111100000001011011 Y
0"
b11101011111111101100000011010111 E
b11101011111111101100000011010111 +
b11101011111111101100000011010111 D
b11101000001000110011111011010000 C
b11101000001000110011111011010000 *
b11101000001000110011111011010000 B
b10100100101011100011001001001001 A
b10100100101011100011001001001001 )
b10100100101011100011001001001001 @
b1000100110111100011011110001001 ?
b1000100110111100011011110001001 (
b1000100110111100011011110001001 >
b10101101110010111100000001011011 =
b10101101110010111100000001011011 '
b10101101110010111100000001011011 <
b10101110011111011001010001011100 ;
b10101110011111011001010001011100 &
b10101110011111011001010001011100 :
b11001111110001000101011010011111 W
b11001111110001000101011010011111 4
b11001111110001000101011010011111 V
b11011011110011010110000010110111 U
b11011011110011010110000010110111 3
b11011011110011010110000010110111 T
b1111100011011011010100111111000 S
b1111100011011011010100111111000 2
b1111100011011011010100111111000 R
b1000111101110011010000110001111 Q
b1000111101110011010000110001111 1
b1000111101110011010000110001111 P
b1001111101000010101010110011111 O
b1001111101000010101010110011111 0
b1001111101000010101010110011111 N
b100110001101011111101101001100 M
b100110001101011111101101001100 /
b100110001101011111101101001100 L
b110001001000110000011101100010 K
b110001001000110000011101100010 .
b110001001000110000011101100010 J
b1101100100111000100101111011001 I
b1101100100111000100101111011001 -
b1101100100111000100101111011001 H
b1111000110110011001101111110001 G
b1111000110110011001101111110001 ,
b1111000110110011001101111110001 F
b1010101010100100101100010101 9
b1010101010100100101100010101 %
b1010101010100100101100010101 8
b10111111001000110011001001111110 #
b10111111001000110011001001111110 6
b100 5
#55000
1"
#60000
b1111110100101000111100011111 7
b1111110100101000111100011111 Y
0"
b100100100010110100101101001001 E
b100100100010110100101101001001 +
b100100100010110100101101001001 D
b101101110110100101100101011011 C
b101101110110100101100101011011 *
b101101110110100101100101011011 B
b10111100000101001000100001111000 A
b10111100000101001000100001111000 )
b10111100000101001000100001111000 @
b1000010110110010010111110000101 ?
b1000010110110010010111110000101 (
b1000010110110010010111110000101 >
b11101001111010111111011011010011 =
b11101001111010111111011011010011 '
b11101001111010111111011011010011 <
b1111110100101000111100011111 ;
b1111110100101000111100011111 &
b1111110100101000111100011111 :
b11100110110011110011100111001 W
b11100110110011110011100111001 4
b11100110110011110011100111001 V
b110110111001011000000101101101 U
b110110111001011000000101101101 3
b110110111001011000000101101101 T
b10111111000001010000000001111110 S
b10111111000001010000000001111110 2
b10111111000001010000000001111110 R
b1001000011001101101100010010 Q
b1001000011001101101100010010 1
b1001000011001101101100010010 P
b11110111100101110110100111101 O
b11110111100101110110100111101 0
b11110111100101110110100111101 N
b10111011100000100101101001110111 M
b10111011100000100101101001110111 /
b10111011100000100101101001110111 L
b1100100010101111110110111001000 K
b1100100010101111110110111001000 .
b1100100010101111110110111001000 J
b11100001001011001100111011000010 I
b11100001001011001100111011000010 -
b11100001001011001100111011000010 H
b110000111010111111100001100 G
b110000111010111111100001100 ,
b110000111010111111100001100 F
b1001011001000010010111110010110 9
b1001011001000010010111110010110 %
b1001011001000010010111110010110 8
b10101000110001111111110001010001 #
b10101000110001111111110001010001 6
b101 5
#65000
1"
#70000
b10010111100110011010100000101111 7
b10010111100110011010100000101111 Y
0"
b11110011000010010001101011100110 E
b11110011000010010001101011100110 +
b11110011000010010001101011100110 D
b11100101100110110011011011001011 C
b11100101100110110011011011001011 *
b11100101100110110011011011001011 B
b1111011111110001111110111110111 A
b1111011111110001111110111110111 )
b1111011111110001111110111110111 @
b100010001010010000110101000100 ?
b100010001010010000110101000100 (
b100010001010010000110101000100 >
b10101111110110000101011001011111 =
b10101111110110000101011001011111 '
b10101111110110000101011001011111 <
b11011001110100101001001010110011 ;
b11011001110100101001001010110011 &
b11011001110100101001001010110011 :
b10010111100110011010100000101111 W
b10010111100110011010100000101111 4
b10010111100110011010100000101111 V
b11010001100010111011010010100011 U
b11010001100010111011010010100011 3
b11010001100010111011010010100011 T
b111001100101100001011101110011 S
b111001100101100001011101110011 2
b111001100101100001011101110011 R
b10010011011111011011110000100110 Q
b10010011011111011011110000100110 1
b10010011011111011011110000100110 P
b1111101001101011001100111111010 O
b1111101001101011001100111111010 0
b1111101001101011001100111111010 N
b11001110001011111111001010011100 M
b11001110001011111111001010011100 /
b11001110001011111111001010011100 L
b11000111000110100000110010001110 K
b11000111000110100000110010001110 .
b11000111000110100000110010001110 J
b11000011001111110011100010000110 I
b11000011001111110011100010000110 -
b11000011001111110011100010000110 H
b101100000101010110001101011000 G
b101100000101010110001101011000 ,
b101100000101010110001101011000 F
b10101000011001010111100101010 9
b10101000011001010111100101010 %
b10101000011001010111100101010 8
b10011111111100101010111000111111 #
b10011111111100101010111000111111 6
b110 5
#75000
1"
#80000
b11101101010100110110110011011010 7
b11101101010100110110110011011010 Y
0"
b11100001111100010000001011000011 E
b11100001111100010000001011000011 +
b11100001111100010000001011000011 D
b11111110110111110111001011111101 C
b11111110110111110111001011111101 *
b11111110110111110111001011111101 B
b11001101010111101011110010011010 A
b11001101010111101011110010011010 )
b11001101010111101011110010011010 @
b1101110010111011010110111011100 ?
b1101110010111011010110111011100 (
b1101110010111011010110111011100 >
b111011011111100111100001110 =
b111011011111100111100001110 '
b111011011111100111100001110 <
b1010101111101101010110110101011 ;
b1010101111101101010110110101011 &
b1010101111101101010110110101011 :
b10101000010010000101100101010 W
b10101000010010000101100101010 4
b10101000010010000101100101010 V
b11101000011101000000110011010000 U
b11101000011101000000110011010000 3
b11101000011101000000110011010000 T
b100010001100011111111101000100 S
b100010001100011111111101000100 2
b100010001100011111111101000100 R
b111100111100010001100101111001 Q
b111100111100010001100101111001 1
b111100111100010001100101111001 P
b11101111101111101001010011011111 O
b11101111101111101001010011011111 0
b11101111101111101001010011011111 N
b11011010100010101110001010110101 M
b11011010100010101110001010110101 /
b11011010100010101110001010110101 L
b10110010100111111011011001100101 K
b10110010100111111011011001100101 .
b10110010100111111011011001100101 J
b11101101010100110110110011011010 I
b11101101010100110110110011011010 -
b11101101010100110110110011011010 H
b11110110100000101110001011101101 G
b11110110100000101110001011101101 ,
b11110110100000101110001011101101 F
b10100110011111100000100101001 9
b10100110011111100000100101001 %
b10100110011111100000100101001 8
b101101001010001101101101011010 #
b101101001010001101101101011010 6
b111 5
#85000
1"
#90000
b10000101001100010011010000001010 7
b10000101001100010011010000001010 Y
0"
b10111011010001011110001001110110 E
b10111011010001011110001001110110 +
b10111011010001011110001001110110 D
b10110110101001000010011001101101 C
b10110110101001000010011001101101 *
b10110110101001000010011001101101 B
b1101100101100001011011111011001 A
b1101100101100001011011111011001 )
b1101100101100001011011111011001 @
b10100110111111001101111001001101 ?
b10100110111111001101111001001101 (
b10100110111111001101111001001101 >
b1101101110010110110100111011011 =
b1101101110010110110100111011011 '
b1101101110010110110100111011011 <
b10101100101101111100101001011001 ;
b10101100101101111100101001011001 &
b10101100101101111100101001011001 :
b10000010001111110010110000000100 W
b10000010001111110010110000000100 4
b10000010001111110010110000000100 V
b1001001110001100101110110010011 U
b1001001110001100101110110010011 3
b1001001110001100101110110010011 T
b1001010011101001011111110010100 S
b1001010011101001011111110010100 2
b1001010011101001011111110010100 R
b11011100001010111100010010111000 Q
b11011100001010111100010010111000 1
b11011100001010111100010010111000 P
b111100110100011000011101111001 O
b111100110100011000011101111001 0
b111100110100011000011101111001 N
b10011100000011101000101000111000 M
b10011100000011101000101000111000 /
b10011100000011101000101000111000 L
b1011011011011111011100110110110 K
b1011011011011111011100110110110 .
b1011011011011111011100110110110 J
b10000101001100010011010000001010 I
b10000101001100010011010000001010 -
b10000101001100010011010000001010 H
b10110011110110010111011001100111 G
b10110011110110010111011001100111 ,
b10110011110110010111011001100111 F
b100111011110011110100101001110 9
b100111011110011110100101001110 %
b100111011110011110100101001110 8
b101011000011101110110101010110 #
b101011000011101110110101010110 6
b1000 5
#95000
1"
#100000
b11011010011011101011101010110100 7
b11011010011011101011101010110100 Y
0"
b10100100111100000011100101001 E
b10100100111100000011100101001 +
b10100100111100000011100101001 D
b11111110101001111010011011111101 C
b11111110101001111010011011111101 *
b11111110101001111010011011111101 B
b1110010000010100010100011100 A
b1110010000010100010100011100 )
b1110010000010100010100011100 @
b10000100011101111110010000001000 ?
b10000100011101111110010000001000 (
b10000100011101111110010000001000 >
b10010111010111001001110000101110 =
b10010111010111001001110000101110 '
b10010111010111001001110000101110 <
b11100011110001010011000011000111 ;
b11100011110001010011000011000111 &
b11100011110001010011000011000111 :
b10010110100100000000010000101101 W
b10010110100100000000010000101101 4
b10010110100100000000010000101101 V
b10100011111001101100100101000 U
b10100011111001101100100101000 3
b10100011111001101100100101000 T
b1000100000000011000110110001000 S
b1000100000000011000110110001000 2
b1000100000000011000110110001000 R
b11011010011011101011101010110100 Q
b11011010011011101011101010110100 1
b11011010011011101011101010110100 P
b110100100110000000011101101001 O
b110100100110000000011101101001 0
b110100100110000000011101101001 N
b1111011110100100110000111110111 M
b1111011110100100110000111110111 /
b1111011110100100110000111110111 L
b10011101001001101100000100 K
b10011101001001101100000100 .
b10011101001001101100000100 J
b10100011000001110001101001000110 I
b10100011000001110001101001000110 -
b10100011000001110001101001000110 H
b1001010100100110111000110010101 G
b1001010100100110111000110010101 ,
b1001010100100110111000110010101 F
b1011011000101110010110110110110 9
b1011011000101110010110110110110 %
b1011011000101110010110110110110 8
b1100101001110110100100111001010 #
b1100101001110110100100111001010 6
b1001 5
#105000
1"
#110000
b0 7
b0 Y
0"
b10011001001011001111100100110 E
b10011001001011001111100100110 +
b10011001001011001111100100110 D
b1100000001110010010000111000000 C
b1100000001110010010000111000000 *
b1100000001110010010000111000000 B
b1001011001001110011011110010110 A
b1001011001001110011011110010110 )
b1001011001001110011011110010110 @
b11011100001110110000100110111 ?
b11011100001110110000100110111 (
b11011100001110110000100110111 >
b11011100111100000000000010111001 =
b11011100111100000000000010111001 '
b11011100111100000000000010111001 <
b10001101001001001111011000011010 ;
b10001101001001001111011000011010 &
b10001101001001001111011000011010 :
b1101010100011100000010111010101 W
b1101010100011100000010111010101 4
b1101010100011100000010111010101 V
b1111101010001110111100111111010 U
b1111101010001110111100111111010 3
b1111101010001110111100111111010 T
b101111001110101011001101011110 S
b101111001110101011001101011110 2
b101111001110101011001101011110 R
b1011101011100011001100110111010 Q
b1011101011100011001100110111010 1
b1011101011100011001100110111010 P
b10111001111101010000010001110011 O
b10111001111101010000010001110011 0
b10111001111101010000010001110011 N
b10111000010101011100010001110000 M
b10111000010101011100010001110000 /
b10111000010101011100010001110000 L
b110011010011101010011101100110 K
b110011010011101010011101100110 .
b110011010011101010011101100110 J
b10011110101101111100011000111101 I
b10011110101101111100011000111101 -
b10011110101101111100011000111101 H
b11101101001101000000100011011010 G
b11101101001101000000100011011010 ,
b11101101001101000000100011011010 F
b0 9
b0 %
b0 8
b1110001101111001000000011100 #
b1110001101111001000000011100 6
b1010 5
#115000
1"
#120000
b110101010100111011100001101100 7
b110101010100111011100001101100 Y
0"
b10011010101101001000100000110101 E
b10011010101101001000100000110101 +
b10011010101101001000100000110101 D
b1111010100011000101100111110101 C
b1111010100011000101100111110101 *
b1111010100011000101100111110101 B
b10101000011000111001011001010000 A
b10101000011000111001011001010000 )
b10101000011000111001011001010000 @
b1000011011101111001000110000110 ?
b1000011011101111001000110000110 (
b1000011011101111001000110000110 >
b11010000111101010111100010100001 =
b11010000111101010111100010100001 '
b11010000111101010111100010100001 <
b1011100101000000100100010111 ;
b1011100101000000100100010111 &
b1011100101000000100100010111 :
b10110000101111001110111001100001 W
b10110000101111001110111001100001 4
b10110000101111001110111001100001 V
b11111101001010001110010011111010 U
b11111101001010001110010011111010 3
b11111101001010001110010011111010 T
b111100111011010010101101111001 S
b111100111011010010101101111001 2
b111100111011010010101101111001 R
b11100111110000111011011011001111 Q
b11100111110000111011011011001111 1
b11100111110000111011011011001111 P
b11101101100011011000000011011011 O
b11101101100011011000000011011011 0
b11101101100011011000000011011011 N
b111111010110101001101101111110 M
b111111010110101001101101111110 /
b111111010110101001101101111110 L
b111100000000111111111101111000 K
b111100000000111111111101111000 .
b111100000000111111111101111000 J
b1000011011000010101011110000110 I
b1000011011000010101011110000110 -
b1000011011000010101011110000110 H
b1101110010111110000111111011100 G
b1101110010111110000111111011100 ,
b1101110010111110000111111011100 F
b110101010100111011100001101100 9
b110101010100111011100001101100 %
b110101010100111011100001101100 8
b1011010001100001101010110110 #
b1011010001100001101010110110 6
b1011 5
#125000
b1 X
1"
#130000
b11101010101010101101100011111111 7
b11101010101010101101100011111111 Y
0"
b10101010110100001110100101010 E
b10101010110100001110100101010 +
b10101010110100001110100101010 D
b10101001011111011010100101010 C
b10101001011111011010100101010 *
b10101001011111011010100101010 B
b11001111110101101100000010011111 A
b11001111110101101100000010011111 )
b11001111110101101100000010011111 @
b11110011001101000110011011100110 ?
b11110011001101000110011011100110 (
b11110011001101000110011011100110 >
b111000010111011100100001110 =
b111000010111011100100001110 '
b111000010111011100100001110 <
b11010000110010101000110010100001 ;
b11010000110010101000110010100001 &
b11010000110010101000110010100001 :
b1010100100111101111110110101001 W
b1010100100111101111110110101001 4
b1010100100111101111110110101001 V
b11010100010010111000000010101000 U
b11010100010010111000000010101000 3
b11010100010010111000000010101000 T
b100111010110001101000101001110 S
b100111010110001101000101001110 2
b100111010110001101000101001110 R
b11000101010100000001011010001010 Q
b11000101010100000001011010001010 1
b11000101010100000001011010001010 P
b11110110001000101110011011101100 O
b11110110001000101110011011101100 0
b11110110001000101110011011101100 N
b10111001100011000100001001110011 M
b10111001100011000100001001110011 /
b10111001100011000100001001110011 L
b100101101100100111101101001011 K
b100101101100100111101101001011 .
b100101101100100111101101001011 J
b11001100000000011011010010011000 I
b11001100000000011011010010011000 -
b11001100000000011011010010011000 H
b11100010111001010111010011000101 G
b11100010111001010111010011000101 ,
b11100010111001010111010011000101 F
b11101010101010101101100011111111 9
b11101010101010101101100011111111 %
b11101010101010101101100011111111 8
b100100110101000101000101001 #
b100100110101000101000101001 6
b1100 5
#135000
b10 X
1"
#140000
b1010101010010111000010111000 7
b1010101010010111000010111000 Y
0"
b11000011001100111001000010000110 E
b11000011001100111001000010000110 +
b11000011001100111001000010000110 D
b111111101110110011101101111111 C
b111111101110110011101101111111 *
b111111101110110011101101111111 B
b11011010001001101001101010110100 A
b11011010001001101001101010110100 )
b11011010001001101001101010110100 @
b1001001001011111101001110010010 ?
b1001001001011111101001110010010 (
b1001001001011111101001110010010 >
b1011100100000101001010110111001 =
b1011100100000101001010110111001 '
b1011100100000101001010110111001 <
b1100010000101101010101111000100 ;
b1100010000101101010101111000100 &
b1100010000101101010101111000100 :
b1011101000001011001110110111010 W
b1011101000001011001110110111010 4
b1011101000001011001110110111010 V
b1011011000010111101110110110110 U
b1011011000010111101110110110110 3
b1011011000010111101110110110110 T
b11100011101101111010111011000111 S
b11100011101101111010111011000111 2
b11100011101101111010111011000111 R
b110101101000001100100101101011 Q
b110101101000001100100101101011 1
b110101101000001100100101101011 P
b1001111111110100000100010011 O
b1001111111110100000100010011 0
b1001111111110100000100010011 N
b1100101001000110100010111001010 M
b1100101001000110100010111001010 /
b1100101001000110100010111001010 L
b1100100011001001110001111001000 K
b1100100011001001110001111001000 .
b1100100011001001110001111001000 J
b10111100110011111010100001111001 I
b10111100110011111010100001111001 -
b10111100110011111010100001111001 H
b10011100011011011110011000111000 G
b10011100011011011110011000111000 ,
b10011100011011011110011000111000 F
b1010101010010111000010111000 9
b1010101010010111000010111000 %
b1010101010010111000010111000 8
b110101101011111010010001101 #
b110101101011111010010001101 6
b1101 5
#145000
1!
b11 X
1"
#150000
b11010000100101011010100010100001 7
b11010000100101011010100010100001 Y
0"
b11000111111010000101011010001111 E
b11000111111010000101011010001111 +
b11000111111010000101011010001111 D
b10111010101100010100100001110101 C
b10111010101100010100100001110101 *
b10111010101100010100100001110101 B
b11011011000001110010100110110 A
b11011011000001110010100110110 )
b11011011000001110010100110110 @
b1100100110010000011110111001001 ?
b1100100110010000011110111001001 (
b1100100110010000011110111001001 >
b11110111100000101001000011101111 =
b11110111100000101001000011101111 '
b11110111100000101001000011101111 <
b10000101111001010001111000001011 ;
b10000101111001010001111000001011 &
b10000101111001010001111000001011 :
b11111101100010110110101011111011 W
b11111101100010110110101011111011 4
b11111101100010110110101011111011 V
b1000111011001011010100110001110 U
b1000111011001011010100110001110 3
b1000111011001011010100110001110 T
b11010000100101011010100010100001 S
b11010000100101011010100010100001 2
b11010000100101011010100010100001 R
b1010100101010000111100110101001 Q
b1010100101010000111100110101001 1
b1010100101010000111100110101001 P
b1100101010000111100111111001010 O
b1100101010000111100111111001010 0
b1100101010000111100111111001010 N
b11110010010010011010010011100100 M
b11110010010010011010010011100100 /
b11110010010010011010010011100100 L
b1000010010011111100110110000100 K
b1000010010011111100110110000100 .
b1000010010011111100110110000100 J
b11011110110011100101111010111101 I
b11011110110011100101111010111101 -
b11011110110011100101111010111101 H
b11001010001010010000100110010 G
b11001010001010010000100110010 ,
b11001010001010010000100110010 F
b11111001001001111001010011110010 9
b11111001001001111001010011110010 %
b11111001001001111001010011110010 8
b1111101011011011111010111111010 #
b1111101011011011111010111111010 6
b1110 5
#155000
1"
#160000
b1001001001111100100010110010010 7
b1001001001111100100010110010010 Y
0"
b10011101101111110110010000111011 E
b10011101101111110110010000111011 +
b10011101101111110110010000111011 D
b10100000110000000010010001000001 C
b10100000110000000010010001000001 *
b10100000110000000010010001000001 B
b11000011011101100001110010000110 A
b11000011011101100001110010000110 )
b11000011011101100001110010000110 @
b1101000101011100001101111010001 ?
b1101000101011100001101111010001 (
b1101000101011100001101111010001 >
b1100000000111001110100011000 =
b1100000000111001110100011000 '
b1100000000111001110100011000 <
b1110110011110011111110111101100 ;
b1110110011110011111110111101100 &
b1110110011110011111110111101100 :
b110101100110000010100001101 W
b110101100110000010100001101 4
b110101100110000010100001101 V
b10001111000111001111011000011110 U
b10001111000111001111011000011110 3
b10001111000111001111011000011110 T
b11100001011010011011000011000010 S
b11100001011010011011000011000010 2
b11100001011010011011000011000010 R
b100101101101110101111101001011 Q
b100101101101110101111101001011 1
b100101101101110101111101001011 P
b10010110100001001110000000101101 O
b10010110100001001110000000101101 0
b10010110100001001110000000101101 N
b10100010001001101111100101000 M
b10100010001001101111100101000 /
b10100010001001101111100101000 L
b1001001001111100100010110010010 K
b1001001001111100100010110010010 .
b1001001001111100100010110010010 J
b1001101111100111000000110011011 I
b1001101111100111000000110011011 -
b1001101111100111000000110011011 H
b11010111001111111011010010101110 G
b11010111001111111011010010101110 ,
b11010111001111111011010010101110 F
b1000100011001011110011110001000 9
b1000100011001011110011110001000 %
b1000100011001011110011110001000 8
b110101110011011011111101101011 #
b110101110011011011111101101011 6
b1111 5
#165000
1"
#170000
b11101100010100001011010011011000 7
b11101100010100001011010011011000 Y
0"
b10011101101010101010100100111 E
b10011101101010101010100100111 +
b10011101101010101010100100111 D
b1100100000110111000010111001000 C
b1100100000110111000010111001000 *
b1100100000110111000010111001000 B
b1000000100100000101110110000001 A
b1000000100100000101110110000001 )
b1000000100100000101110110000001 @
b10101100010010000111100101011 ?
b10101100010010000111100101011 (
b10101100010010000111100101011 >
b11010000110001011101110010100001 =
b11010000110001011101110010100001 '
b11010000110001011101110010100001 <
b11110010100001111011011011100101 ;
b11110010100001111011011011100101 &
b11110010100001111011011011100101 :
b10011100100000010001001000111001 W
b10011100100000010001001000111001 4
b10011100100000010001001000111001 V
b11011100000000110100010010111000 U
b11011100000000110100010010111000 3
b11011100000000110100010010111000 T
b1001001111100100110100010010 S
b1001001111100100110100010010 2
b1001001111100100110100010010 R
b11101100010100001011010011011000 Q
b11101100010100001011010011011000 1
b11101100010100001011010011011000 P
b111001101011000000001101110011 O
b111001101011000000001101110011 0
b111001101011000000001101110011 N
b10000010011100111110001000000100 M
b10000010011100111110001000000100 /
b10000010011100111110001000000100 L
b11110001011001101111101011100010 K
b11110001011001101111101011100010 .
b11110001011001101111101011100010 J
b10101101101011000010001001011011 I
b10101101101011000010001001011011 -
b10101101101011000010001001011011 H
b10101011000110010110001001010110 G
b10101011000110010110001001010110 ,
b10101011000110010110001001010110 F
b101001111011111110100101010011 9
b101001111011111110100101010011 %
b101001111011111110100101010011 8
b1101100010001001111100111011000 #
b1101100010001001111100111011000 6
b10000 5
#175000
1"
#180000
b10001001000110011011010000010010 7
b10001001000110011011010000010010 Y
0"
b11010011101010001110010010100111 E
b11010011101010001110010010100111 +
b11010011101010001110010010100111 D
b1000010010010011111111110000100 C
b1000010010010011111111110000100 *
b1000010010010011111111110000100 B
b10010011110000010010001000100111 A
b10010011110000010010001000100111 )
b10010011110000010010001000100111 @
b1010110101101000000001110101101 ?
b1010110101101000000001110101101 (
b1010110101101000000001110101101 >
b1111010101100010001101111110101 =
b1111010101100010001101111110101 '
b1111010101100010001101111110101 <
b10101100010110010101100101011 ;
b10101100010110010101100101011 &
b10101100010110010101100101011 :
b11110110110000111000111011101101 W
b11110110110000111000111011101101 4
b11110110110000111000111011101101 V
b101010110000101101010101010101 U
b101010110000101101010101010101 3
b101010110000101101010101010101 T
b11011000101011001110001010110001 S
b11011000101011001110001010110001 2
b11011000101011001110001010110001 R
b11001011001000100111000010010110 Q
b11001011001000100111000010010110 1
b11001011001000100111000010010110 P
b10001001000110011011010000010010 O
b10001001000110011011010000010010 0
b10001001000110011011010000010010 N
b1010011011101001001100010100 M
b1010011011101001001100010100 /
b1010011011101001001100010100 L
b11001011010111001000000010010110 K
b11001011010111001000000010010110 .
b11001011010111001000000010010110 J
b101100001011010010001101011000 I
b101100001011010010001101011000 -
b101100001011010010001101011000 H
b10000010001000100011101000000100 G
b10000010001000100011101000000100 ,
b10000010001000100011101000000100 F
b10001111100011000110111000011111 9
b10001111100011000110111000011111 %
b10001111100011000110111000011111 8
b1010000110101011111100110100001 #
b1010000110101011111100110100001 6
b10001 5
#185000
1"
#190000
b1000011010001100000110110000110 7
b1000011010001100000110110000110 Y
0"
b1000011010001100000110110000110 E
b1000011010001100000110110000110 +
b1000011010001100000110110000110 D
b10110111110111111010101001101111 C
b10110111110111111010101001101111 *
b10110111110111111010101001101111 B
b10110100010101011111001001101000 A
b10110100010101011111001001101000 )
b10110100010101011111001001101000 @
b11111111010011110011110011111110 ?
b11111111010011110011110011111110 (
b11111111010011110011110011111110 >
b10111001010001100001010001110010 =
b10111001010001100001010001110010 '
b10111001010001100001010001110010 <
b10111110011101010100001001111100 ;
b10111110011101010100001001111100 &
b10111110011101010100001001111100 :
b1000001101000010000010110000011 W
b1000001101000010000010110000011 4
b1000001101000010000010110000011 V
b10100010111001100010000001000101 U
b10100010111001100010000001000101 3
b10100010111001100010000001000101 T
b1111101001010100100010111111010 S
b1111101001010100100010111111010 2
b1111101001010100100010111111010 R
b10101010001101101110100101010 Q
b10101010001101101110100101010 1
b10101010001101101110100101010 P
b11010000101111000101111010100001 O
b11010000101111000101111010100001 0
b11010000101111000101111010100001 N
b101000100000111011000101010001 M
b101000100000111011000101010001 /
b101000100000111011000101010001 L
b1100100101110100000111111001001 K
b1100100101110100000111111001001 .
b1100100101110100000111111001001 J
b1101101111001011011101111011011 I
b1101101111001011011101111011011 -
b1101101111001011011101111011011 H
b10100100110110100101011001001001 G
b10100100110110100101011001001001 ,
b10100100110110100101011001001001 F
b11011100111011111001000010111001 9
b11011100111011111001000010111001 %
b11011100111011111001000010111001 8
b11110011110101111010011011100111 #
b11110011110101111010011011100111 6
b10010 5
#195000
1"
#200000
b11100110111100111000100111001 7
b11100110111100111000100111001 Y
0"
b10100001100010111110111001000011 E
b10100001100010111110111001000011 +
b10100001100010111110111001000011 D
b1011111000101001110100010111 C
b1011111000101001110100010111 *
b1011111000101001110100010111 B
b11110000101100010100111011100001 A
b11110000101100010100111011100001 )
b11110000101100010100111011100001 @
b1010111011000011010100010101 ?
b1010111011000011010100010101 (
b1010111011000011010100010101 >
b110001001001001101001101100010 =
b110001001001001101001101100010 '
b110001001001001101001101100010 <
b10101001000011001001100101010 ;
b10101001000011001001100101010 &
b10101001000011001001100101010 :
b11110000111001000011100111100 W
b11110000111001000011100111100 4
b11110000111001000011100111100 V
b11011000011010100110101010110000 U
b11011000011010100110101010110000 3
b11011000011010100110101010110000 T
b11100110111100111000100111001 S
b11100110111100111000100111001 2
b11100110111100111000100111001 R
b111010011000100101111101110100 Q
b111010011000100101111101110100 1
b111010011000100101111101110100 P
b1100000001010000011000111000000 O
b1100000001010000011000111000000 0
b1100000001010000011000111000000 N
b11100010101111110001101011000101 M
b11100010101111110001101011000101 /
b11100010101111110001101011000101 L
b1111011000011011010100111110110 K
b1111011000011011010100111110110 .
b1111011000011011010100111110110 J
b10010100000010010111011000101000 I
b10010100000010010111011000101000 -
b10010100000010010111011000101000 H
b100000011101101001000101000000 G
b100000011101101001000101000000 ,
b100000011101101001000101000000 F
b11100011100011001011100111000 9
b11100011100011001011100111000 %
b11100011100011001011100111000 8
b1111000001000110010000111110000 #
b1111000001000110010000111110000 6
b10011 5
#205000
1"
#210000
b10110010110110111101100101100 7
b10110010110110111101100101100 Y
0"
b10010000001010100011101000100000 E
b10010000001010100011101000100000 +
b10010000001010100011101000100000 D
b101010101110001111011101010101 C
b101010101110001111011101010101 *
b101010101110001111011101010101 B
b10101110011110000101100001011100 A
b10101110011110000101100001011100 )
b10101110011110000101100001011100 @
b11001111000101001100111010011110 ?
b11001111000101001100111010011110 (
b11001111000101001100111010011110 >
b11111011110111111100001011110111 =
b11111011110111111100001011110111 '
b11111011110111111100001011110111 <
b1011011011000001110010110110110 ;
b1011011011000001110010110110110 &
b1011011011000001110010110110110 :
b10011101111000010111110000111011 W
b10011101111000010111110000111011 4
b10011101111000010111110000111011 V
b10111000101011011110011001110001 U
b10111000101011011110011001110001 3
b10111000101011011110011001110001 T
b110000010100101110100001100 S
b110000010100101110100001100 2
b110000010100101110100001100 R
b10110010110110111101100101100 Q
b10110010110110111101100101100 1
b10110010110110111101100101100 P
b11110101100010011100000111 O
b11110101100010011100000111 0
b11110101100010011100000111 N
b10101101011001111110001001011010 M
b10101101011001111110001001011010 /
b10101101011001111110001001011010 L
b11000110100111011010001010001101 K
b11000110100111011010001010001101 .
b11000110100111011010001010001101 J
b1100000111101101001110111000001 I
b1100000111101101001110111000001 -
b1100000111101101001110111000001 H
b10010100101111100101100100101 G
b10010100101111100101100100101 ,
b10010100101111100101100100101 F
b11000011001101100000010010000110 9
b11000011001101100000010010000110 %
b11000011001101100000010010000110 8
b1100100101101011110001111001001 #
b1100100101101011110001111001001 6
b10100 5
#215000
1"
#220000
b1011000111110010011110110110001 7
b1011000111110010011110110110001 Y
0"
b11001010100111001011110010010101 E
b11001010100111001011110010010101 +
b11001010100111001011110010010101 D
b100010000100011001111101000100 C
b100010000100011001111101000100 *
b100010000100011001111101000100 B
b1011000111110010011110110110001 A
b1011000111110010011110110110001 )
b1011000111110010011110110110001 @
b1110100100100100001100011101 ?
b1110100100100100001100011101 (
b1110100100100100001100011101 >
b1110001110000010010100111100011 =
b1110001110000010010100111100011 '
b1110001110000010010100111100011 <
b10000001110000111001101000000011 ;
b10000001110000111001101000000011 &
b10000001110000111001101000000011 :
b1000111111000100111001110001111 W
b1000111111000100111001110001111 4
b1000111111000100111001110001111 V
b10111101111000001101001001111011 U
b10111101111000001101001001111011 3
b10111101111000001101001001111011 T
b11111110111100000110010011111101 S
b11111110111100000110010011111101 2
b11111110111100000110010011111101 R
b11001111011000111101101010011110 Q
b11001111011000111101101010011110 1
b11001111011000111101101010011110 P
b10111100110011000100001001111001 O
b10111100110011000100001001111001 0
b10111100110011000100001001111001 N
b100101101100001001100101001011 M
b100101101100001001100101001011 /
b100101101100001001100101001011 L
b10000110110111001111000000001101 K
b10000110110111001111000000001101 .
b10000110110111001111000000001101 J
b1101110100010101111010111011101 I
b1101110100010101111010111011101 -
b1101110100010101111010111011101 H
b11011010001111011000110010110100 G
b11011010001111011000110010110100 ,
b11011010001111011000110010110100 F
b111001011000000000100101110010 9
b111001011000000000100101110010 %
b111001011000000000100101110010 8
b11010000000010110001001010100000 #
b11010000000010110001001010100000 6
b10101 5
#225000
1"
#230000
b1011101010010100100110110111010 7
b1011101010010100100110110111010 Y
0"
b1011101010010100100110110111010 E
b1011101010010100100110110111010 +
b1011101010010100100110110111010 D
b10110000010100100000001001100000 C
b10110000010100100000001001100000 *
b10110000010100100000001001100000 B
b111110011011110000111101111100 A
b111110011011110000111101111100 )
b111110011011110000111101111100 @
b11010101010110111011110010101010 ?
b11010101010110111011110010101010 (
b11010101010110111011110010101010 >
b1000010011110110101011110000100 =
b1000010011110110101011110000100 '
b1000010011110110101011110000100 <
b110101001011010110000101101010 ;
b110101001011010110000101101010 &
b110101001011010110000101101010 :
b1011111010101100000100010111 W
b1011111010101100000100010111 4
b1011111010101100000100010111 V
b1001000010010000111110110010000 U
b1001000010010000111110110010000 3
b1001000010010000111110110010000 T
b11000110001110101001001010001100 S
b11000110001110101001001010001100 2
b11000110001110101001001010001100 R
b100011011010101111110101000110 Q
b100011011010101111110101000110 1
b100011011010101111110101000110 P
b1000010000110011110011110000100 O
b1000010000110011110011110000100 0
b1000010000110011110011110000100 N
b10101001010111111100010001010010 M
b10101001010111111100010001010010 /
b10101001010111111100010001010010 L
b1000110110111001011011110001101 K
b1000110110111001011011110001101 .
b1000110110111001011011110001101 J
b1111100000111100101101111111000 I
b1111100000111100101101111111000 -
b1111100000111100101101111111000 H
b101001011110100001010101010010 G
b101001011110100001010101010010 ,
b101001011110100001010101010010 F
b11110110101000010111100011101101 9
b11110110101000010111100011101101 %
b11110110101000010111100011101101 8
b11110000000111010011010011100000 #
b11110000000111010011010011100000 6
b10110 5
#235000
1"
#240000
b11011010000001011000101010110100 7
b11011010000001011000101010110100 Y
0"
b1000110011111000100010110001100 E
b1000110011111000100010110001100 +
b1000110011111000100010110001100 D
b10010110001000100101000000101100 C
b10010110001000100101000000101100 *
b10010110001000100101000000101100 B
b1101000010100011110010111010000 A
b1101000010100011110010111010000 )
b1101000010100011110010111010000 @
b11011010000001011000101010110100 ?
b11011010000001011000101010110100 (
b11011010000001011000101010110100 >
b10011100101011110111101000111001 =
b10011100101011110111101000111001 '
b10011100101011110111101000111001 <
b1000011001111101001011110000110 ;
b1000011001111101001011110000110 &
b1000011001111101001011110000110 :
b100011100100000111010101000111 W
b100011100100000111010101000111 4
b100011100100000111010101000111 V
b10101110011010000011000001011100 U
b10101110011010000011000001011100 3
b10101110011010000011000001011100 T
b100101111100100000001101001011 S
b100101111100100000001101001011 2
b100101111100100000001101001011 R
b10011110110010011100000000111101 Q
b10011110110010011100000000111101 1
b10011110110010011100000000111101 P
b10001010011001001011000000010100 O
b10001010011001001011000000010100 0
b10001010011001001011000000010100 N
b10100100100011110111110001001001 M
b10100100100011110111110001001001 /
b10100100100011110111110001001001 L
b11010001000001010000010010100010 K
b11010001000001010000010010100010 .
b11010001000001010000010010100010 J
b11001000001011000001100110010 I
b11001000001011000001100110010 -
b11001000001011000001100110010 H
b10010010100000110001111000100101 G
b10010010100000110001111000100101 ,
b10010010100000110001111000100101 F
b11010011000111011111111010100110 9
b11010011000111011111111010100110 %
b11010011000111011111111010100110 8
b11000101101000010110000010001011 #
b11000101101000010110000010001011 6
b10111 5
#245000
1"
#250000
b10110101001000100100000001101010 7
b10110101001000100100000001101010 Y
0"
b1000001000100000011100110000010 E
b1000001000100000011100110000010 +
b1000001000100000011100110000010 D
b1011000001100010010010110110000 C
b1011000001100010010010110110000 *
b1011000001100010010010110110000 B
b1001110101000000100000110011101 A
b1001110101000000100000110011101 )
b1001110101000000100000110011101 @
b110011100000110110010101100111 ?
b110011100000110110010101100111 (
b110011100000110110010101100111 >
b11101010010110000001010011010100 =
b11101010010110000001010011010100 '
b11101010010110000001010011010100 <
b11101111100000110111001011011111 ;
b11101111100000110111001011011111 &
b11101111100000110111001011011111 :
b10011100101001110000010000111001 W
b10011100101001110000010000111001 4
b10011100101001110000010000111001 V
b1100100111000010110010111001001 U
b1100100111000010110010111001001 3
b1100100111000010110010111001001 T
b1010010000011101110111110100100 S
b1010010000011101110111110100100 2
b1010010000011101110111110100100 R
b10001111111100000010100100011 Q
b10001111111100000010100100011 1
b10001111111100000010100100011 P
b1110110001010010101101111101100 O
b1110110001010010101101111101100 0
b1110110001010010101101111101100 N
b111001111001001000000101110011 M
b111001111001001000000101110011 /
b111001111001001000000101110011 L
b10100101111001111001111001001011 K
b10100101111001111001111001001011 .
b10100101111001111001111001001011 J
b1110100011010101111111111101000 I
b1110100011010101111111111101000 -
b1110100011010101111111111101000 H
b1000100101011111100100010001 G
b1000100101011111100100010001 ,
b1000100101011111100100010001 F
b10110101001000100100000001101010 9
b10110101001000100100000001101010 %
b10110101001000100100000001101010 8
b11111010011011011100000111 #
b11111010011011011100000111 6
b11000 5
#255000
1"
#260000
b10001110000001010100110000011100 7
b10001110000001010100110000011100 Y
0"
b11101000001010111001011011010000 E
b11101000001010111001011011010000 +
b11101000001010111001011011010000 D
b101100100001001000100101011001 C
b101100100001001000100101011001 *
b101100100001001000100101011001 B
b10101001011111110000000001010010 A
b10101001011111110000000001010010 )
b10101001011111110000000001010010 @
b10001001011111110001110000010010 ?
b10001001011111110001110000010010 (
b10001001011111110001110000010010 >
b11100100011010111111100111001 =
b11100100011010111111100111001 '
b11100100011010111111100111001 <
b10010101101010011010100000101011 ;
b10010101101010011010100000101011 &
b10010101101010011010100000101011 :
b1000010001001101010100110000100 W
b1000010001001101010100110000100 4
b1000010001001101010100110000100 V
b11101001111111001110100111010 U
b11101001111111001110100111010 3
b11101001111111001110100111010 T
b10101110110101110010111001011101 S
b10101110110101110010111001011101 2
b10101110110101110010111001011101 R
b11100100011100011111100011001000 Q
b11100100011100011111100011001000 1
b11100100011100011111100011001000 P
b10010101010010111000001000101010 O
b10010101010010111000001000101010 0
b10010101010010111000001000101010 N
b1110001101101000110000111100011 M
b1110001101101000110000111100011 /
b1110001101101000110000111100011 L
b1001001101100010110111110010011 K
b1001001101100010110111110010011 .
b1001001101100010110111110010011 J
b10001110000001010100110000011100 I
b10001110000001010100110000011100 -
b10001110000001010100110000011100 H
b10000000000001011011100100000 G
b10000000000001011011100100000 ,
b10000000000001011011100100000 F
b11101100101110010001101011011001 9
b11101100101110010001101011011001 %
b11101100101110010001101011011001 8
b100100110100101011111101001001 #
b100100110100101011111101001001 6
b11001 5
#265000
1"
#270000
b1001000001110011110010110010000 7
b1001000001110011110010110010000 Y
0"
b100101001000110110010101001010 E
b100101001000110110010101001010 +
b100101001000110110010101001010 D
b111011100000111100110101110111 C
b111011100000111100110101110111 *
b111011100000111100110101110111 B
b10110100111110011010010001101001 A
b10110100111110011010010001101001 )
b10110100111110011010010001101001 @
b10101000111001001101100001010001 ?
b10101000111001001101100001010001 (
b10101000111001001101100001010001 >
b1001000001110011110010110010000 =
b1001000001110011110010110010000 '
b1001000001110011110010110010000 <
b1100111110101110011010111001111 ;
b1100111110101110011010111001111 &
b1100111110101110011010111001111 :
b1100010111111010100100111000101 W
b1100010111111010100100111000101 4
b1100010111111010100100111000101 V
b101100101010000001100101011001 U
b101100101010000001100101011001 3
b101100101010000001100101011001 T
b10000110010100110110001000001100 S
b10000110010100110110001000001100 2
b10000110010100110110001000001100 R
b10110100111010001101011001101001 Q
b10110100111010001101011001101001 1
b10110100111010001101011001101001 P
b10000111111001000100110000001111 O
b10000111111001000100110000001111 0
b10000111111001000100110000001111 N
b10000000011110010111110000000000 M
b10000000011110010111110000000000 /
b10000000011110010111110000000000 L
b1011101100001011101001110111011 K
b1011101100001011101001110111011 .
b1011101100001011101001110111011 J
b1010011010100100111011110100110 I
b1010011010100100111011110100110 -
b1010011010100100111011110100110 H
b1101101100010111000011111011011 G
b1101101100010111000011111011011 ,
b1101101100010111000011111011011 F
b1001011111101010010100110010111 9
b1001011111101010010100110010111 %
b1001011111101010010100110010111 8
b10110111010110011110101001101110 #
b10110111010110011110101001101110 6
b11010 5
#275000
1"
#280000
b1101101100000001000101111011011 7
b1101101100000001000101111011011 Y
0"
b11000000011101100100001010000000 E
b11000000011101100100001010000000 +
b11000000011101100100001010000000 D
b1101101100000001000101111011011 C
b1101101100000001000101111011011 *
b1101101100000001000101111011011 B
b111100100101111100000001 A
b111100100101111100000001 )
b111100100101111100000001 @
b1000101111000101000101110001011 ?
b1000101111000101000101110001011 (
b1000101111000101000101110001011 >
b1110100101000011010110111101001 =
b1110100101000011010110111101001 '
b1110100101000011010110111101001 <
b111011000010111001011101110110 ;
b111011000010111001011101110110 &
b111011000010111001011101110110 :
b11100001111000011100000111 W
b11100001111000011100000111 4
b11100001111000011100000111 V
b1101010000101011111010111010100 U
b1101010000101011111010111010100 3
b1101010000101011111010111010100 T
b1011010110101101100011110110101 S
b1011010110101101100011110110101 2
b1011010110101101100011110110101 R
b111011111011010101001101110111 Q
b111011111011010101001101110111 1
b111011111011010101001101110111 P
b10011000010011010101101000110000 O
b10011000010011010101101000110000 0
b10011000010011010101101000110000 N
b11000011011110001110111010000110 M
b11000011011110001110111010000110 /
b11000011011110001110111010000110 L
b11011011111001101111001010110111 K
b11011011111001101111001010110111 .
b11011011111001101111001010110111 J
b1011100011110001011000110111000 I
b1011100011110001011000110111000 -
b1011100011110001011000110111000 H
b11100010000011101001101011000100 G
b11100010000011101001101011000100 ,
b11100010000011101001101011000100 F
b1001101110111010100110110011011 9
b1001101110111010100110110011011 %
b1001101110111010100110110011011 8
b11101100001101110101100011011000 #
b11101100001101110101100011011000 6
b11011 5
#285000
1"
#290000
b1111100010000011010111111111000 7
b1111100010000011010111111111000 Y
0"
b110010001011110111110101100100 E
b110010001011110111110101100100 +
b110010001011110111110101100100 D
b10010100001000001110101000101000 C
b10010100001000001110101000101000 *
b10010100001000001110101000101000 B
b11110010100111000101111011100101 A
b11110010100111000101111011100101 )
b11110010100111000101111011100101 @
b110000010011100100110101100000 ?
b110000010011100100110101100000 (
b110000010011100100110101100000 >
b11110111011100100011111011101110 =
b11110111011100100011111011101110 '
b11110111011100100011111011101110 <
b11001010101101000111110010010101 ;
b11001010101101000111110010010101 &
b11001010101101000111110010010101 :
b1110000111011110011011111100001 W
b1110000111011110011011111100001 4
b1110000111011110011011111100001 V
b11110111100001010111011011101111 U
b11110111100001010111011011101111 3
b11110111100001010111011011101111 T
b10000011011101101010110000000110 S
b10000011011101101010110000000110 2
b10000011011101101010110000000110 R
b1111100010000011010111111111000 Q
b1111100010000011010111111111000 1
b1111100010000011010111111111000 P
b11110100110110000110111011101001 O
b11110100110110000110111011101001 0
b11110100110110000110111011101001 N
b1010111111110111011100110101111 M
b1010111111110111011100110101111 /
b1010111111110111011100110101111 L
b10110011000000101101101001100110 K
b10110011000000101101101001100110 .
b10110011000000101101101001100110 J
b11010111101100101110010010101111 I
b11010111101100101110010010101111 -
b11010111101100101110010010101111 H
b10011000001001111111101000110000 G
b10011000001001111111101000110000 ,
b10011000001001111111101000110000 F
b11100010111011001101101011000101 9
b11100010111011001101101011000101 %
b11100010111011001101101011000101 8
b1100001000111011001111111000010 #
b1100001000111011001111111000010 6
b11100 5
#295000
1"
#300000
b10111011101111000101001001110111 7
b10111011101111000101001001110111 Y
0"
b1110111111010111011000111101111 E
b1110111111010111011000111101111 +
b1110111111010111011000111101111 D
b11010100101101011110011010101001 C
b11010100101101011110011010101001 *
b11010100101101011110011010101001 B
b11110011001100100110100111100 A
b11110011001100100110100111100 )
b11110011001100100110100111100 @
b11110001011000011101110011100010 ?
b11110001011000011101110011100010 (
b11110001011000011101110011100010 >
b1000111001011101001010110001110 =
b1000111001011101001010110001110 '
b1000111001011101001010110001110 <
b10111110100110111011110001111101 ;
b10111110100110111011110001111101 &
b10111110100110111011110001111101 :
b11111000110111000100100011110001 W
b11111000110111000100100011110001 4
b11111000110111000100100011110001 V
b111100111111100001100001111 U
b111100111111100001100001111 3
b111100111111100001100001111 T
b11010101011110000000000010101010 S
b11010101011110000000000010101010 2
b11010101011110000000000010101010 R
b1111000011000100111000111110000 Q
b1111000011000100111000111110000 1
b1111000011000100111000111110000 P
b110100001101111101010101101000 O
b110100001101111101010101101000 0
b110100001101111101010101101000 N
b1101010100111111011100111010101 M
b1101010100111111011100111010101 /
b1101010100111111011100111010101 L
b1000000101010101111010110000001 K
b1000000101010101111010110000001 .
b1000000101010101111010110000001 J
b110111000101010001010101101110 I
b110111000101010001010101101110 -
b110111000101010001010101101110 H
b10111011101111000101001001110111 G
b10111011101111000101001001110111 ,
b10111011101111000101001001110111 F
b11110000111011101010111011100001 9
b11110000111011101010111011100001 %
b11110000111011101010111011100001 8
b10100101101000011011100101001 #
b10100101101000011011100101001 6
b11101 5
#305000
1"
#310000
b10111000111010100011101001110001 7
b10111000111010100011101001110001 Y
0"
b101100111011100101111101011001 E
b101100111011100101111101011001 +
b101100111011100101111101011001 D
b10111110110110100100010001111101 C
b10111110110110100100010001111101 *
b10111110110110100100010001111101 B
b10101000100111101110100101010 A
b10101000100111101110100101010 )
b10101000100111101110100101010 @
b11110010001101010110101011100100 ?
b11110010001101010110101011100100 (
b11110010001101010110101011100100 >
b110001011111000000011101100010 =
b110001011111000000011101100010 '
b110001011111000000011101100010 <
b10111000111010100011101001110001 ;
b10111000111010100011101001110001 &
b10111000111010100011101001110001 :
b10011101000100100000100000111010 W
b10011101000100100000100000111010 4
b10011101000100100000100000111010 V
b11001100100110000001000010011001 U
b11001100100110000001000010011001 3
b11001100100110000001000010011001 T
b11011011100110000011101010110111 S
b11011011100110000011101010110111 2
b11011011100110000011101010110111 R
b101000110001100010011101010001 Q
b101000110001100010011101010001 1
b101000110001100010011101010001 P
b110010110111000100000101100101 O
b110010110111000100000101100101 0
b110010110111000100000101100101 N
b1001110010000011010100010011 M
b1001110010000011010100010011 /
b1001110010000011010100010011 L
b1001100011100010110100010011 K
b1001100011100010110100010011 .
b1001100011100010110100010011 J
b1011100110100100000110110111001 I
b1011100110100100000110110111001 -
b1011100110100100000110110111001 H
b100101000000101001101101001010 G
b100101000000101001101101001010 ,
b100101000000101001101101001010 F
b11010111101000100011110010101111 9
b11010111101000100011110010101111 %
b11010111101000100011110010101111 8
b10101101111001111101000001011011 #
b10101101111001111101000001011011 6
b11110 5
#315000
1"
#320000
b10000011001001101101010000000110 7
b10000011001001101101010000000110 Y
0"
b10111100001111111000010001111000 E
b10111100001111111000010001111000 +
b10111100001111111000010001111000 D
b10010010100111010101100000100101 C
b10010010100111010101100000100101 *
b10010010100111010101100000100101 B
b10111101100001101111010001111011 A
b10111101100001101111010001111011 )
b10111101100001101111010001111011 @
b10101000011011000101111001010000 ?
b10101000011011000101111001010000 (
b10101000011011000101111001010000 >
b1101110001111010100011111011100 =
b1101110001111010100011111011100 '
b1101110001111010100011111011100 <
b10110101010101011101111001101010 ;
b10110101010101011101111001101010 &
b10110101010101011101111001101010 :
b1011110100110000011110110111101 W
b1011110100110000011110110111101 4
b1011110100110000011110110111101 V
b11010001010010000010000010100010 U
b11010001010010000010000010100010 3
b11010001010010000010000010100010 T
b10000011001001101101010000000110 S
b10000011001001101101010000000110 2
b10000011001001101101010000000110 R
b111000000100111001111101110000 Q
b111000000100111001111101110000 1
b111000000100111001111101110000 P
b11100110100101101110100011001101 O
b11100110100101101110100011001101 0
b11100110100101101110100011001101 N
b11101101101001110001110011011011 M
b11101101101001110001110011011011 /
b11101101101001110001110011011011 L
b1010111110000011101000110101111 K
b1010111110000011101000110101111 .
b1010111110000011101000110101111 J
b10100000101011101100110001000001 I
b10100000101011101100110001000001 -
b10100000101011101100110001000001 H
b11100100101010000000000011001001 G
b11100100101010000000000011001001 ,
b11100100101010000000000011001001 F
b1110110110111100110101111101101 9
b1110110110111100110101111101101 %
b1110110110111100110101111101101 8
b1110010110000111010001111100101 #
b1110010110000111010001111100101 6
b11111 5
#325000
1"
#330000
b110011100010000001100001100 7
b110011100010000001100001100 Y
0"
b110011011001111000100001100 E
b110011011001111000100001100 +
b110011011001111000100001100 D
b10111010111101001110001001110101 C
b10111010111101001110001001110101 *
b10111010111101001110001001110101 B
b1111010010011111011111111110100 A
b1111010010011111011111111110100 )
b1111010010011111011111111110100 @
b11011001101110001100000010110011 ?
b11011001101110001100000010110011 (
b11011001101110001100000010110011 >
b1011100101000100110111110111001 =
b1011100101000100110111110111001 '
b1011100101000100110111110111001 <
b10101100111011001101110001011001 ;
b10101100111011001101110001011001 &
b10101100111011001101110001011001 :
b1101010000110100110000111010100 W
b1101010000110100110000111010100 4
b1101010000110100110000111010100 V
b11100111000011111001100011001110 U
b11100111000011111001100011001110 3
b11100111000011111001100011001110 T
b110011100010000001100001100 S
b110011100010000001100001100 2
b110011100010000001100001100 R
b10111001100001111001010001110011 Q
b10111001100001111001010001110011 1
b10111001100001111001010001110011 P
b10000111000011001110111000001110 O
b10000111000011001110111000001110 0
b10000111000011001110111000001110 N
b11011101110100010100011010111011 M
b11011101110100010100011010111011 /
b11011101110100010100011010111011 L
b1100100010001100000010111001000 K
b1100100010001100000010111001000 .
b1100100010001100000010111001000 J
b111100101100111010101101111001 I
b111100101100111010101101111001 -
b111100101100111010101101111001 H
b10001110011001001101100100011 G
b10001110011001001101100100011 ,
b10001110011001001101100100011 F
b10101110001000111100111001011100 9
b10101110001000111100111001011100 %
b10101110001000111100111001011100 8
b1111011011110111000100111110110 #
b1111011011110111000100111110110 6
b100000 5
#335000
1"
#340000
b1110100011100110011000111101000 7
b1110100011100110011000111101000 Y
0"
b10010101010010000001100100101 E
b10010101010010000001100100101 +
b10010101010010000001100100101 D
b10100000000001011010011001000000 C
b10100000000001011010011001000000 *
b10100000000001011010011001000000 B
b111101100000101011110101111011 A
b111101100000101011110101111011 )
b111101100000101011110101111011 @
b10100110001000001001000001001100 ?
b10100110001000001001000001001100 (
b10100110001000001001000001001100 >
b1111010111101101010101111110101 =
b1111010111101101010101111110101 '
b1111010111101101010101111110101 <
b1001000010110010000100110010000 ;
b1001000010110010000100110010000 &
b1001000010110010000100110010000 :
b1110100011100110011000111101000 W
b1110100011100110011000111101000 4
b1110100011100110011000111101000 V
b11010111101101001000111010101111 U
b11010111101101001000111010101111 3
b11010111101101001000111010101111 T
b1000110111001110101001110001101 S
b1000110111001110101001110001101 2
b1000110111001110101001110001101 R
b10000100011111111011001000001000 Q
b10000100011111111011001000001000 1
b10000100011111111011001000001000 P
b1011100011110010101000110111000 O
b1011100011110010101000110111000 0
b1011100011110010101000110111000 N
b1001111110010100100000010 M
b1001111110010100100000010 /
b1001111110010100100000010 L
b100111000111000100001101001110 K
b100111000111000100001101001110 .
b100111000111000100001101001110 J
b10111110111111100100000101 I
b10111110111111100100000101 -
b10111110111111100100000101 H
b10001010111011001011111000010101 G
b10001010111011001011111000010101 ,
b10001010111011001011111000010101 F
b1011100101001001100000010 9
b1011100101001001100000010 %
b1011100101001001100000010 8
b10011100111111000111101000111001 #
b10011100111111000111101000111001 6
b100001 5
#345000
1"
#350000
b100110101111110011111101001101 7
b100110101111110011111101001101 Y
0"
b11011100010000110000100010111000 E
b11011100010000110000100010111000 +
b11011100010000110000100010111000 D
b1011110011000000110010110111100 C
b1011110011000000110010110111100 *
b1011110011000000110010110111100 B
b10110101010110001010011001101010 A
b10110101010110001010011001101010 )
b10110101010110001010011001101010 @
b11001010010010000001001010010100 ?
b11001010010010000001001010010100 (
b11001010010010000001001010010100 >
b10101110111010101100110001011101 =
b10101110111010101100110001011101 '
b10101110111010101100110001011101 <
b1111010100001111010111111110101 ;
b1111010100001111010111111110101 &
b1111010100001111010111111110101 :
b11111010111100110010111011110101 W
b11111010111100110010111011110101 4
b11111010111100110010111011110101 V
b100110101111110011111101001101 U
b100110101111110011111101001101 3
b100110101111110011111101001101 T
b11010000110011110110101010100001 S
b11010000110011110110101010100001 2
b11010000110011110110101010100001 R
b101000011101100110100101010000 Q
b101000011101100110100101010000 1
b101000011101100110100101010000 P
b1100000001001110010110111000000 O
b1100000001001110010110111000000 0
b1100000001001110010110111000000 N
b10011000011110110000100000110000 M
b10011000011110110000100000110000 /
b10011000011110110000100000110000 L
b1011110001001010101000110111100 K
b1011110001001010101000110111100 .
b1011110001001010101000110111100 J
b10010100110111101101100000101001 I
b10010100110111101101100000101001 -
b10010100110111101101100000101001 H
b10110110010111111100100101101 G
b10110110010111111100100101101 ,
b10110110010111111100100101101 F
b10111000011111000001000001110000 9
b10111000011111000001000001110000 %
b10111000011111000001000001110000 8
b10000110111010111011011000001101 #
b10000110111010111011011000001101 6
b100010 5
#355000
1"
#360000
b11001000001110001111010010010000 7
b11001000001110001111010010010000 Y
0"
b1011100100110010110011110111001 E
b1011100100110010110011110111001 +
b1011100100110010110011110111001 D
b1110010000111000010100011100 C
b1110010000111000010100011100 *
b1110010000111000010100011100 B
b101101000110011010010101011010 A
b101101000110011010010101011010 )
b101101000110011010010101011010 @
b11001000001110001111010010010000 ?
b11001000001110001111010010010000 (
b11001000001110001111010010010000 >
b10001111011000111110010000011110 =
b10001111011000111110010000011110 '
b10001111011000111110010000011110 <
b10110100010010010111011001101000 ;
b10110100010010010111011001101000 &
b10110100010010010111011001101000 :
b10010011011100101100111000100110 W
b10010011011100101100111000100110 4
b10010011011100101100111000100110 V
b10101100100100111110000001011001 U
b10101100100100111110000001011001 3
b10101100100100111110000001011001 T
b10110001100000000000101001100011 S
b10110001100000000000101001100011 2
b10110001100000000000101001100011 R
b100010110101011111000101000101 Q
b100010110101011111000101000101 1
b100010110101011111000101000101 P
b1011011110100111101101110110111 O
b1011011110100111101101110110111 0
b1011011110100111101101110110111 N
b10101010110110100111010001010101 M
b10101010110110100111010001010101 /
b10101010110110100111010001010101 L
b11001001110010111011110010010011 K
b11001001110010111011110010010011 .
b11001001110010111011110010010011 J
b10000011111110100110010000000111 I
b10000011111110100110010000000111 -
b10000011111110100110010000000111 H
b100011010000000000101101000110 G
b100011010000000000101101000110 ,
b100011010000000000101101000110 F
b11111101011110010000011011111010 9
b11111101011110010000011011111010 %
b11111101011110010000011011111010 8
b11001111001100001001110010011110 #
b11001111001100001001110010011110 6
b100011 5
#365000
1"
#370000
b1000101111100110010001110001011 7
b1000101111100110010001110001011 Y
0"
b101110001101100100001101011100 E
b101110001101100100001101011100 +
b101110001101100100001101011100 D
b1100010000001010110101111000100 C
b1100010000001010110101111000100 *
b1100010000001010110101111000100 B
b10101100011110000010110001011000 A
b10101100011110000010110001011000 )
b10101100011110000010110001011000 @
b11111001100010111100000011110011 ?
b11111001100010111100000011110011 (
b11111001100010111100000011110011 >
b10011111001110011000111000111110 =
b10011111001110011000111000111110 '
b10011111001110011000111000111110 <
b1010010101101010011001110100101 ;
b1010010101101010011001110100101 &
b1010010101101010011001110100101 :
b1100100101111000110100011001 W
b1100100101111000110100011001 4
b1100100101111000110100011001 V
b11010010011111110000101010100100 U
b11010010011111110000101010100100 3
b11010010011111110000101010100100 T
b1101110000111100001111111011100 S
b1101110000111100001111111011100 2
b1101110000111100001111111011100 R
b1111110001001001001000111111100 Q
b1111110001001001001000111111100 1
b1111110001001001001000111111100 P
b1000101111100110010001110001011 O
b1000101111100110010001110001011 0
b1000101111100110010001110001011 N
b1000110110101101010011110001101 M
b1000110110101101010011110001101 /
b1000110110101101010011110001101 L
b10100010110011001000100001000101 K
b10100010110011001000100001000101 .
b10100010110011001000100001000101 J
b1101100011010100110110111011000 I
b1101100011010100110110111011000 -
b1101100011010100110110111011000 H
b110111101110010110010101101111 G
b110111101110010110010101101111 ,
b110111101110010110010101101111 F
b1101000001001101101100111010000 9
b1101000001001101101100111010000 %
b1101000001001101101100111010000 8
b1010101100001100001111110101011 #
b1010101100001100001111110101011 6
b100100 5
#375000
1"
#380000
b11001101000111010101000010011010 7
b11001101000111010101000010011010 Y
0"
b1101111000010100101100011011 E
b1101111000010100101100011011 +
b1101111000010100101100011011 D
b110111100011000111001101101111 C
b110111100011000111001101101111 *
b110111100011000111001101101111 B
b1000100100000111010110110001001 A
b1000100100000111010110110001001 )
b1000100100000111010110110001001 @
b1111001001011000000001111110010 ?
b1111001001011000000001111110010 (
b1111001001011000000001111110010 >
b1111100001011011011100111111000 =
b1111100001011011011100111111000 '
b1111100001011011011100111111000 <
b1110101101011010111001111101011 ;
b1110101101011010111001111101011 &
b1110101101011010111001111101011 :
b1100001110110101111110111000011 W
b1100001110110101111110111000011 4
b1100001110110101111110111000011 V
b11110100111100000000111011101001 U
b11110100111100000000111011101001 3
b11110100111100000000111011101001 T
b110001100110110001100001100 S
b110001100110110001100001100 2
b110001100110110001100001100 R
b1011001001101001110100110110010 Q
b1011001001101001110100110110010 1
b1011001001101001110100110110010 P
b1100001110110111101010111000011 O
b1100001110110111101010111000011 0
b1100001110110111101010111000011 N
b1101000100100000001100011010 M
b1101000100100000001100011010 /
b1101000100100000001100011010 L
b1010101000101011101000110101010 K
b1010101000101011101000110101010 .
b1010101000101011101000110101010 J
b11100010111100000110011011000101 I
b11100010111100000110011011000101 -
b11100010111100000110011011000101 H
b1100000101100001100100011000 G
b1100000101100001100100011000 ,
b1100000101100001100100011000 F
b11001101000111010101000010011010 9
b11001101000111010101000010011010 %
b11001101000111010101000010011010 8
b11001110100100010100000110 #
b11001110100100010100000110 6
b100101 5
#385000
1"
#390000
b11110010010010111010111011100100 7
b11110010010010111010111011100100 Y
0"
b11010101011111111110110010101010 E
b11010101011111111110110010101010 +
b11010101011111111110110010101010 D
b10001011010000101110110000010110 C
b10001011010000101110110000010110 *
b10001011010000101110110000010110 B
b11110010010010111010111011100100 A
b11110010010010111010111011100100 )
b11110010010010111010111011100100 @
b10111100111000110010100001111001 ?
b10111100111000110010100001111001 (
b10111100111000110010100001111001 >
b11001011010100000001100110010 =
b11001011010100000001100110010 '
b11001011010100000001100110010 <
b11011001101101000101100110110 ;
b11011001101101000101100110110 &
b11011001101101000101100110110 :
b101011101001111010010101010111 W
b101011101001111010010101010111 4
b101011101001111010010101010111 V
b10000010001101000100001000000100 U
b10000010001101000100001000000100 3
b10000010001101000100001000000100 T
b1000001001011011111110110000010 S
b1000001001011011111110110000010 2
b1000001001011011111110110000010 R
b101110110101101101100101011101 Q
b101110110101101101100101011101 1
b101110110101101101100101011101 P
b11000000001110110011111010000000 O
b11000000001110110011111010000000 0
b11000000001110110011111010000000 N
b10001101100101001101001000011011 M
b10001101100101001101001000011011 /
b10001101100101001101001000011011 L
b1010101110111011000110110101011 K
b1010101110111011000110110101011 .
b1010101110111011000110110101011 J
b1100111111010000101011111001111 I
b1100111111010000101011111001111 -
b1100111111010000101011111001111 H
b10010010111110010001001000100101 G
b10010010111110010001001000100101 ,
b10010010111110010001001000100101 F
b110100010011011100000101101000 9
b110100010011011100000101101000 %
b110100010011011100000101101000 8
b11010110101000010010100010101101 #
b11010110101000010010100010101101 6
b100110 5
#395000
1"
#400000
b1011111011000101011100010111 7
b1011111011000101011100010111 Y
0"
b11101011000111010000001011010110 E
b11101011000111010000001011010110 +
b11101011000111010000001011010110 D
b11101001101101001001101011010011 C
b11101001101101001001101011010011 *
b11101001101101001001101011010011 B
b11011000010001100010101010110000 A
b11011000010001100010101010110000 )
b11011000010001100010101010110000 @
b11011111111101101111011010111111 ?
b11011111111101101111011010111111 (
b11011111111101101111011010111111 >
b11000111101100101110001010001111 =
b11000111101100101110001010001111 '
b11000111101100101110001010001111 <
b11000100111111010010111010001001 ;
b11000100111111010010111010001001 &
b11000100111111010010111010001001 :
b1011010100111010011101110110101 W
b1011010100111010011101110110101 4
b1011010100111010011101110110101 V
b1110101111110110010000111101011 U
b1110101111110110010000111101011 3
b1110101111110110010000111101011 T
b11100000111000000000010011000001 S
b11100000111000000000010011000001 2
b11100000111000000000010011000001 R
b1011111011000101011100010111 Q
b1011111011000101011100010111 1
b1011111011000101011100010111 P
b11101110011100000110100011011100 O
b11101110011100000110100011011100 0
b11101110011100000110100011011100 N
b1011110010101000010000110111100 M
b1011110010101000010000110111100 /
b1011110010101000010000110111100 L
b1111101111111101000111111111011 K
b1111101111111101000111111111011 .
b1111101111111101000111111111011 J
b10111000110000001100001001110001 I
b10111000110000001100001001110001 -
b10111000110000001100001001110001 H
b1000110011001010011011110001100 G
b1000110011001010011011110001100 ,
b1000110011001010011011110001100 F
b10010111010110011000100000101110 9
b10010111010110011000100000101110 %
b10010111010110011000100000101110 8
b1100000010100000110010111000000 #
b1100000010100000110010111000000 6
b100111 5
#405000
1"
#410000
b11011100100100000010100110111 7
b11011100100100000010100110111 Y
0"
b11111110101011011101110011111101 E
b11111110101011011101110011111101 +
b11111110101011011101110011111101 D
b11111111011100101001111011111110 C
b11111111011100101001111011111110 *
b11111111011100101001111011111110 B
b10000001111110100011011000000011 A
b10000001111110100011011000000011 )
b10000001111110100011011000000011 @
b11011100100100000010100110111 ?
b11011100100100000010100110111 (
b11011100100100000010100110111 >
b10110010110100010100101001100101 =
b10110010110100010100101001100101 '
b10110010110100010100101001100101 <
b10010101010000011101011000101010 ;
b10010101010000011101011000101010 &
b10010101010000011101011000101010 :
b11110110011100001000100011101100 W
b11110110011100001000100011101100 4
b11110110011100001000100011101100 V
b1001100000110001100011110011000 U
b1001100000110001100011110011000 3
b1001100000110001100011110011000 T
b1110001110101110101100011100 S
b1110001110101110101100011100 2
b1110001110101110101100011100 R
b10101111010100001100000101 Q
b10101111010100001100000101 1
b10101111010100001100000101 P
b1100110100001100001110111001101 O
b1100110100001100001110111001101 0
b1100110100001100001110111001101 N
b11111000110001110001010011110001 M
b11111000110001110001010011110001 /
b11111000110001110001010011110001 L
b10000111011000101000111000001110 K
b10000111011000101000111000001110 .
b10000111011000101000111000001110 J
b11101011100010000000010011010111 I
b11101011100010000000010011010111 -
b11101011100010000000010011010111 H
b111000111001101010011101110001 G
b111000111001101010011101110001 ,
b111000111001101010011101110001 F
b1101011000110111010100011010 9
b1101011000110111010100011010 %
b1101011000110111010100011010 8
b11000001010001001100110010000010 #
b11000001010001001100110010000010 6
b101000 5
#415000
1"
#420000
b1111001100111110000100111110011 7
b1111001100111110000100111110011 Y
0"
b10101000000000000010100101010 E
b10101000000000000010100101010 +
b10101000000000000010100101010 D
b10001010010001111011011000010100 C
b10001010010001111011011000010100 *
b10001010010001111011011000010100 B
b10000111110100000011011000001111 A
b10000111110100000011011000001111 )
b10000111110100000011011000001111 @
b1011110010111011111100010111 ?
b1011110010111011111100010111 (
b1011110010111011111100010111 >
b10110101100011010111110001101011 =
b10110101100011010111110001101011 '
b10110101100011010111110001101011 <
b1111101110111011010101111111011 ;
b1111101110111011010101111111011 &
b1111101110111011010101111111011 :
b1111001100111110000100111110011 W
b1111001100111110000100111110011 4
b1111001100111110000100111110011 V
b11011000011110000110100110110 U
b11011000011110000110100110110 3
b11011000011110000110100110110 T
b11111111001000000010111011111110 S
b11111111001000000010111011111110 2
b11111111001000000010111011111110 R
b11100010101110100000000011000101 Q
b11100010101110100000000011000101 1
b11100010101110100000000011000101 P
b10110100011010101111110001101000 O
b10110100011010101111110001101000 0
b10110100011010101111110001101000 N
b1001000101100100110100010010 M
b1001000101100100110100010010 /
b1001000101100100110100010010 L
b10000011011000011101110000000110 K
b10000011011000011101110000000110 .
b10000011011000011101110000000110 J
b1011000000010011000100110110000 I
b1011000000010011000100110110000 -
b1011000000010011000100110110000 H
b10111010011000000011100001110100 G
b10111010011000000011100001110100 ,
b10111010011000000011100001110100 F
b11110100001110100011010011101000 9
b11110100001110100011010011101000 %
b11110100001110100011010011101000 8
b10011111011110100000111000111110 #
b10011111011110100000111000111110 6
b101001 5
#425000
1"
#430000
b11011100001010101111100110111 7
b11011100001010101111100110111 Y
0"
b111001110101100101011101110011 E
b111001110101100101011101110011 +
b111001110101100101011101110011 D
b101100000011000101010101011000 C
b101100000011000101010101011000 *
b101100000011000101010101011000 B
b11011100001010101111100110111 A
b11011100001010101111100110111 )
b11011100001010101111100110111 @
b11110011101001100101100111100 ?
b11110011101001100101100111100 (
b11110011101001100101100111100 >
b10100011011001000011001001000110 =
b10100011011001000011001001000110 '
b10100011011001000011001001000110 <
b10110000010111111000111001100000 ;
b10110000010111111000111001100000 &
b10110000010111111000111001100000 :
b11100100110111110001011011001001 W
b11100100110111110001011011001001 4
b11100100110111110001011011001001 V
b11011100100110010111010010111001 U
b11011100100110010111010010111001 3
b11011100100110010111010010111001 T
b1000010111000111011110110000101 S
b1000010111000111011110110000101 2
b1000010111000111011110110000101 R
b11110000111010100111000011100001 Q
b11110000111010100111000011100001 1
b11110000111010100111000011100001 P
b1000110100010110110000110001101 O
b1000110100010110110000110001101 0
b1000110100010110110000110001101 N
b11111010010010000011001011110100 M
b11111010010010000011001011110100 /
b11111010010010000011001011110100 L
b10011101111110101100000100 K
b10011101111110101100000100 .
b10011101111110101100000100 J
b10110101100001111100001001101011 I
b10110101100001111100001001101011 -
b10110101100001111100001001101011 H
b11100101101011000001000011001011 G
b11100101101011000001000011001011 ,
b11100101101011000001000011001011 F
b11101010011101100010011011010100 9
b11101010011101100010011011010100 %
b11101010011101100010011011010100 8
b11010011011001100110111010100110 #
b11010011011001100110111010100110 6
b101010 5
#435000
1"
#440000
b1001100010110001000111110011000 7
b1001100010110001000111110011000 Y
0"
b10011000110101110011100000110001 E
b10011000110101110011100000110001 +
b10011000110101110011100000110001 D
b10110101101101001110100001101011 C
b10110101101101001110100001101011 *
b10110101101101001110100001101011 B
b10111000011101100000001001110000 A
b10111000011101100000001001110000 )
b10111000011101100000001001110000 @
b10110100110011101000100101101 ?
b10110100110011101000100101101 (
b10110100110011101000100101101 >
b11111101010111110101101011111010 =
b11111101010111110101101011111010 '
b11111101010111110101101011111010 <
b11000011101111101001001010000111 ;
b11000011101111101001001010000111 &
b11000011101111101001001010000111 :
b101111111011110011110101011111 W
b101111111011110011110101011111 4
b101111111011110011110101011111 V
b1001100010110001000111110011000 U
b1001100010110001000111110011000 3
b1001100010110001000111110011000 T
b101001110000000001111101010011 S
b101001110000000001111101010011 2
b101001110000000001111101010011 R
b11010000101110011001101010100001 Q
b11010000101110011001101010100001 1
b11010000101110011001101010100001 P
b1111100011011101001000111111000 O
b1111100011011101001000111111000 0
b1111100011011101001000111111000 N
b100001100000100000111101000011 M
b100001100000100000111101000011 /
b100001100000100000111101000011 L
b11100111110010100000000 K
b11100111110010100000000 .
b11100111110010100000000 J
b1101000010001011111010111010000 I
b1101000010001011111010111010000 -
b1101000010001011111010111010000 H
b11000001111111100001100110000 G
b11000001111111100001100110000 ,
b11000001111111100001100110000 F
b1101110011011010010001111011100 9
b1101110011011010010001111011100 %
b1101110011011010010001111011100 8
b10000111011110001101001000001110 #
b10000111011110001101001000001110 6
b101011 5
#445000
1"
#450000
b11100001111000111000011011000011 7
b11100001111000111000011011000011 Y
0"
b1010101100101101110101110101011 E
b1010101100101101110101110101011 +
b1010101100101101110101110101011 D
b10001110000000101101100100011 C
b10001110000000101101100100011 *
b10001110000000101101100100011 B
b10101111111011010010011001011111 A
b10101111111011010010011001011111 )
b10101111111011010010011001011111 @
b10011110101000000110100100111 ?
b10011110101000000110100100111 (
b10011110101000000110100100111 >
b10111100011110000001000001111000 =
b10111100011110000001000001111000 '
b10111100011110000001000001111000 <
b11101110010011101110011011011100 ;
b11101110010011101110011011011100 &
b11101110010011101110011011011100 :
b11110110100101011101111011101101 W
b11110110100101011101111011101101 4
b11110110100101011101111011101101 V
b11100001111000111000011011000011 U
b11100001111000111000011011000011 3
b11100001111000111000011011000011 T
b1001100011010001010100010011 S
b1001100011010001010100010011 2
b1001100011010001010100010011 R
b11000000011000100000001010000000 Q
b11000000011000100000001010000000 1
b11000000011000100000001010000000 P
b101010000110111010001101010100 O
b101010000110111010001101010100 0
b101010000110111010001101010100 N
b1001010011000111000110110010100 M
b1001010011000111000110110010100 /
b1001010011000111000110110010100 L
b100000001100010000011101000000 K
b100000001100010000011101000000 .
b100000001100010000011101000000 J
b1010110011010001001100010101 I
b1010110011010001001100010101 -
b1010110011010001001100010101 H
b110110110110110101100001101 G
b110110110110110101100001101 ,
b110110110110110101100001101 F
b110010100001101111100001100 9
b110010100001101111100001100 %
b110010100001101111100001100 8
b10001001001011111100000000010010 #
b10001001001011111100000000010010 6
b101100 5
#455000
1"
#460000
b1100100111100101011110111001001 7
b1100100111100101011110111001001 Y
0"
b10101000010110100110101001010000 E
b10101000010110100110101001010000 +
b10101000010110100110101001010000 D
b10101100000001011010000001011000 C
b10101100000001011010000001011000 *
b10101100000001011010000001011000 B
b11000001001000110011101010000010 A
b11000001001000110011101010000010 )
b11000001001000110011101010000010 @
b11100001010100001001100111000 ?
b11100001010100001001100111000 (
b11100001010100001001100111000 >
b10001101011111010111001000011010 =
b10001101011111010111001000011010 '
b10001101011111010111001000011010 <
b1011010110100110001110110110101 ;
b1011010110100110001110110110101 &
b1011010110100110001110110110101 :
b111010110000100110111101110101 W
b111010110000100110111101110101 4
b111010110000100110111101110101 V
b10000100011001010001010000001000 U
b10000100011001010001010000001000 3
b10000100011001010001010000001000 T
b1101101101000110110111111011011 S
b1101101101000110110111111011011 2
b1101101101000110110111111011011 R
b10010010011111111010010000100100 Q
b10010010011111111010010000100100 1
b10010010011111111010010000100100 P
b11100011100011100010001011000111 O
b11100011100011100010001011000111 0
b11100011100011100010001011000111 N
b1100111010101001101011111001110 M
b1100111010101001101011111001110 /
b1100111010101001101011111001110 L
b11000001010000000110001010000010 K
b11000001010000000110001010000010 .
b11000001010000000110001010000010 J
b11100011111010110100110011000111 I
b11100011111010110100110011000111 -
b11100011111010110100110011000111 H
b1100100111100101011110111001001 G
b1100100111100101011110111001001 ,
b1100100111100101011110111001001 F
b10001010100110100110100100010 9
b10001010100110100110100100010 %
b10001010100110100110100100010 8
b11100010000100001011100111000 #
b11100010000100001011100111000 6
b101101 5
#465000
1"
#470000
b1001101100111101110001110011011 7
b1001101100111101110001110011011 Y
0"
b1011000000101100101001110110000 E
b1011000000101100101001110110000 +
b1011000000101100101001110110000 D
b11010101000001101110100110101 C
b11010101000001101110100110101 *
b11010101000001101110100110101 B
b1001101100111101110001110011011 A
b1001101100111101110001110011011 )
b1001101100111101110001110011011 @
b1000001101011101101010110000011 ?
b1000001101011101101010110000011 (
b1000001101011101101010110000011 >
b101000110101101010100101010001 =
b101000110101101010100101010001 '
b101000110101101010100101010001 <
b11011010100010010011001010110101 ;
b11011010100010010011001010110101 &
b11011010100010010011001010110101 :
b1111100000111011111001111111000 W
b1111100000111011111001111111000 4
b1111100000111011111001111111000 V
b10011011111110001111001000110111 U
b10011011111110001111001000110111 3
b10011011111110001111001000110111 T
b100100011001110011100101001000 S
b100100011001110011100101001000 2
b100100011001110011100101001000 R
b11100100010101011111000011001000 Q
b11100100010101011111000011001000 1
b11100100010101011111000011001000 P
b10101101111100110100000001011011 O
b10101101111100110100000001011011 0
b10101101111100110100000001011011 N
b10101010000100111000000001010100 M
b10101010000100111000000001010100 /
b10101010000100111000000001010100 L
b11011100000011100100000110 K
b11011100000011100100000110 .
b11011100000011100100000110 J
b1110101001111000001011111101010 I
b1110101001111000001011111101010 -
b1110101001111000001011111101010 H
b110010110000111101111101100101 G
b110010110000111101111101100101 ,
b110010110000111101111101100101 F
b1010010010000111110001110100100 9
b1010010010000111110001110100100 %
b1010010010000111110001110100100 8
b11010001100010001001101010100011 #
b11010001100010001001101010100011 6
b101110 5
#475000
1"
#480000
b1101010101001001010000111010101 7
b1101010101001001010000111010101 Y
0"
b1101010101001001010000111010101 E
b1101010101001001010000111010101 +
b1101010101001001010000111010101 D
b101100010101110111100101011000 C
b101100010101110111100101011000 *
b101100010101110111100101011000 B
b1110100110111000110100111101001 A
b1110100110111000110100111101001 )
b1110100110111000110100111101001 @
b10100010001011011000100101000 ?
b10100010001011011000100101000 (
b10100010001011011000100101000 >
b11101001110100100010110011010011 =
b11101001110100100010110011010011 '
b11101001110100100010110011010011 <
b11101111000111011110101011011110 ;
b11101111000111011110101011011110 &
b11101111000111011110101011011110 :
b10000101110011100101000000001011 W
b10000101110011100101000000001011 4
b10000101110011100101000000001011 V
b10111100010111001011100101111 U
b10111100010111001011100101111 3
b10111100010111001011100101111 T
b101010111100010111001101010101 S
b101010111100010111001101010101 2
b101010111100010111001101010101 R
b10101100100101110100100001011001 Q
b10101100100101110100100001011001 1
b10101100100101110100100001011001 P
b110000111000100000111101100001 O
b110000111000100000111101100001 0
b110000111000100000111101100001 N
b10100011011010101110100001000110 M
b10100011011010101110100001000110 /
b10100011011010101110100001000110 L
b11101110100000010001100011011101 K
b11101110100000010001100011011101 .
b11101110100000010001100011011101 J
b10001100001110001100010000011000 I
b10001100001110001100010000011000 -
b10001100001110001100010000011000 H
b10011000010011011010011000110000 G
b10011000010011011010011000110000 ,
b10011000010011011010011000110000 F
b100111100011011011101101001111 9
b100111100011011011101101001111 %
b100111100011011011101101001111 8
b11111101110111111000001011111011 #
b11111101110111111000001011111011 6
b101111 5
#485000
1"
#490000
b1010000011010101110111110100000 7
b1010000011010101110111110100000 Y
0"
b110110000000010101100101101100 E
b110110000000010101100101101100 +
b110110000000010101100101101100 D
b1100011001100100011101111000110 C
b1100011001100100011101111000110 *
b1100011001100100011101111000110 B
b11111100011001110000101011111000 A
b11111100011001110000101011111000 )
b11111100011001110000101011111000 @
b10111010100101000001000001110101 ?
b10111010100101000001000001110101 (
b10111010100101000001000001110101 >
b100010100111010000101101000101 =
b100010100111010000101101000101 '
b100010100111010000101101000101 <
b10111011101111000011111001110111 ;
b10111011101111000011111001110111 &
b10111011101111000011111001110111 :
b100010111010101101101101000101 W
b100010111010101101101101000101 4
b100010111010101101101101000101 V
b1011111111000111100101110111111 U
b1011111111000111100101110111111 3
b1011111111000111100101110111111 T
b11000001000011110000010010000010 S
b11000001000011110000010010000010 2
b11000001000011110000010010000010 R
b1010000011010101110111110100000 Q
b1010000011010101110111110100000 1
b1010000011010101110111110100000 P
b11000001101100000100010010000011 O
b11000001101100000100010010000011 0
b11000001101100000100010010000011 N
b10000111111011101100100000001111 M
b10000111111011101100100000001111 /
b10000111111011101100100000001111 L
b1101011001010011001110111010110 K
b1101011001010011001110111010110 .
b1101011001010011001110111010110 J
b111111001001011110111101111110 I
b111111001001011110111101111110 -
b111111001001011110111101111110 H
b1010010001110010111110110100100 G
b1010010001110010111110110100100 ,
b1010010001110010111110110100100 F
b1101010001011000001001111010100 9
b1101010001011000001001111010100 %
b1101010001011000001001111010100 8
b1100001110110111110010111000011 #
b1100001110110111110010111000011 6
b110000 5
#495000
1"
#500000
b10100000001111111000100101000 7
b10100000001111111000100101000 Y
0"
b11111101111010110111110011111011 E
b11111101111010110111110011111011 +
b11111101111010110111110011111011 D
b11011101000100010001101010111010 C
b11011101000100010001101010111010 *
b11011101000100010001101010111010 B
b1101001111001110101000111010011 A
b1101001111001110101000111010011 )
b1101001111001110101000111010011 @
b1001101001000000000100110011010 ?
b1001101001000000000100110011010 (
b1001101001000000000100110011010 >
b1100001000011101101010111000010 =
b1100001000011101101010111000010 '
b1100001000011101101010111000010 <
b10100000001111111000100101000 ;
b10100000001111111000100101000 &
b10100000001111111000100101000 :
b1010101010111000000111110101010 W
b1010101010111000000111110101010 4
b1010101010111000000111110101010 V
b11000010111010000111010010000101 U
b11000010111010000111010010000101 3
b11000010111010000111010010000101 T
b11101111001000001001111011011110 S
b11101111001000001001111011011110 2
b11101111001000001001111011011110 R
b11011001010110110100000010110010 Q
b11011001010110110100000010110010 1
b11011001010110110100000010110010 P
b10110100111001000110011001101001 O
b10110100111001000110011001101001 0
b10110100111001000110011001101001 N
b10000111001011010010110000001110 M
b10000111001011010010110000001110 /
b10000111001011010010110000001110 L
b11010111111000110001111010101111 K
b11010111111000110001111010101111 .
b11010111111000110001111010101111 J
b11011110001100100101110010111100 I
b11011110001100100101110010111100 -
b11011110001100100101110010111100 H
b11001110000100001111111010011100 G
b11001110000100001111111010011100 ,
b11001110000100001111111010011100 F
b11000101111010110001100110001 9
b11000101111010110001100110001 %
b11000101111010110001100110001 8
b10101000010011100101100001010000 #
b10101000010011100101100001010000 6
b110001 5
#505000
1"
#510000
b10101000111000101110001001010001 7
b10101000111000101110001001010001 Y
0"
b10010001110101010111100100100 E
b10010001110101010111100100100 +
b10010001110101010111100100100 D
b1110011111110100111110111100111 C
b1110011111110100111110111100111 *
b1110011111110100111110111100111 B
b10100100110111100010100001001001 A
b10100100110111100010100001001001 )
b10100100110111100010100001001001 @
b10101000111000101110001001010001 ?
b10101000111000101110001001010001 (
b10101000111000101110001001010001 >
b101010000111010111001101010100 =
b101010000111010111001101010100 '
b101010000111010111001101010100 <
b10111111010100111011010001111110 ;
b10111111010100111011010001111110 &
b10111111010100111011010001111110 :
b101100101010010110001101011001 W
b101100101010010110001101011001 4
b101100101010010110001101011001 V
b11100000011000001001100011000000 U
b11100000011000001001100011000000 3
b11100000011000001001100011000000 T
b11001000100000011011110010010001 S
b11001000100000011011110010010001 2
b11001000100000011011110010010001 R
b11011111100110111101000010111111 Q
b11011111100110111101000010111111 1
b11011111100110111101000010111111 P
b10111101111000110100100001111011 O
b10111101111000110100100001111011 0
b10111101111000110100100001111011 N
b110000100111001101101101100001 M
b110000100111001101101101100001 /
b110000100111001101101101100001 L
b1001111010010010000000110011110 K
b1001111010010010000000110011110 .
b1001111010010010000000110011110 J
b111000111001100001001101110001 I
b111000111001100001001101110001 -
b111000111001100001001101110001 H
b11100110010010000010100011001100 G
b11100110010010000010100011001100 ,
b11100110010010000010100011001100 F
b1100001000100010100110111000010 9
b1100001000100010100110111000010 %
b1100001000100010100110111000010 8
b11000101110011110111001010001011 #
b11000101110011110111001010001011 6
b110010 5
#515000
1"
#520000
b11111000110110100001101011110001 7
b11111000110110100001101011110001 Y
0"
b101101010011011001101101011010 E
b101101010011011001101101011010 +
b101101010011011001101101011010 D
b111001100010100001100101110011 C
b111001100010100001100101110011 *
b111001100010100001100101110011 B
b11100001001100100101011011000010 A
b11100001001100100101011011000010 )
b11100001001100100101011011000010 @
b11111111110111000000100111111 ?
b11111111110111000000100111111 (
b11111111110111000000100111111 >
b11100010000000111111000011000100 =
b11100010000000111111000011000100 '
b11100010000000111111000011000100 <
b11010101101110100100100010101011 ;
b11010101101110100100100010101011 &
b11010101101110100100100010101011 :
b1111110001010011011001111111100 W
b1111110001010011011001111111100 4
b1111110001010011011001111111100 V
b10001001011001000110000000010010 U
b10001001011001000110000000010010 3
b10001001011001000110000000010010 T
b10001110001110000100000100 S
b10001110001110000100000100 2
b10001110001110000100000100 R
b11010111111000011010111010101111 Q
b11010111111000011010111010101111 1
b11010111111000011010111010101111 P
b1110011001011000101111111100110 O
b1110011001011000101111111100110 0
b1110011001011000101111111100110 N
b11111000110110100001101011110001 M
b11111000110110100001101011110001 /
b11111000110110100001101011110001 L
b10111011100100110100101001110111 K
b10111011100100110100101001110111 .
b10111011100100110100101001110111 J
b1001010111111101011111110010101 I
b1001010111111101011111110010101 -
b1001010111111101011111110010101 H
b1011100110111101010000110111001 G
b1011100110111101010000110111001 ,
b1011100110111101010000110111001 F
b10101101111011100000000001011011 9
b10101101111011100000000001011011 %
b10101101111011100000000001011011 8
b1000001101101011101010110000011 #
b1000001101101011101010110000011 6
b110011 5
#525000
1"
#530000
b10101010000010001010110001010100 7
b10101010000010001010110001010100 Y
0"
b10001001101101011101010000010011 E
b10001001101101011101010000010011 +
b10001001101101011101010000010011 D
b1000100111001111001101110001001 C
b1000100111001111001101110001001 *
b1000100111001111001101110001001 B
b10101010000010001010110001010100 A
b10101010000010001010110001010100 )
b10101010000010001010110001010100 @
b1011010000010100000111110110100 ?
b1011010000010100000111110110100 (
b1011010000010100000111110110100 >
b1010101101111000010011110101011 =
b1010101101111000010011110101011 '
b1010101101111000010011110101011 <
b1011110111010010111101110111101 ;
b1011110111010010111101110111101 &
b1011110111010010111101110111101 :
b1111001000100011000100111110010 W
b1111001000100011000100111110010 4
b1111001000100011000100111110010 V
b1000000101111100101100010000 U
b1000000101111100101100010000 3
b1000000101111100101100010000 T
b1001111110110111110110110011111 S
b1001111110110111110110110011111 2
b1001111110110111110110110011111 R
b11001100000100111110001010011000 Q
b11001100000100111110001010011000 1
b11001100000100111110001010011000 P
b11101111111100110100110011011111 O
b11101111111100110100110011011111 0
b11101111111100110100110011011111 N
b11110001011010010100100011100010 M
b11110001011010010100100011100010 /
b11110001011010010100100011100010 L
b1110001001100101011101111100010 K
b1110001001100101011101111100010 .
b1110001001100101011101111100010 J
b1011101100001101011011110111011 I
b1011101100001101011011110111011 -
b1011101100001101011011110111011 H
b111010000010010110101101110100 G
b111010000010010110101101110100 ,
b111010000010010110101101110100 F
b11111111011100111100101011111110 9
b11111111011100111100101011111110 %
b11111111011100111100101011111110 8
b11010000011001101110010010100000 #
b11010000011001101110010010100000 6
b110100 5
#535000
1"
#540000
b10101010111000001010001001010101 7
b10101010111000001010001001010101 Y
0"
b1111111110011111111001111111111 E
b1111111110011111111001111111111 +
b1111111110011111111001111111111 D
b11100110100111011101000011001101 C
b11100110100111011101000011001101 *
b11100110100111011101000011001101 B
b11111101010100101101100011111010 A
b11111101010100101101100011111010 )
b11111101010100101101100011111010 @
b10110100110000010110110001101001 ?
b10110100110000010110110001101001 (
b10110100110000010110110001101001 >
b10100000101110001010001001000001 =
b10100000101110001010001001000001 '
b10100000101110001010001001000001 <
b11110010001100110001011011100100 ;
b11110010001100110001011011100100 &
b11110010001100110001011011100100 :
b11100000111100101000000011000001 W
b11100000111100101000000011000001 4
b11100000111100101000000011000001 V
b11010011111111100011011010100111 U
b11010011111111100011011010100111 3
b11010011111111100011011010100111 T
b11111001011001001111111011110010 S
b11111001011001001111111011110010 2
b11111001011001001111111011110010 R
b11011110011100110000001010111100 Q
b11011110011100110000001010111100 1
b11011110011100110000001010111100 P
b10101010111000001010001001010101 O
b10101010111000001010001001010101 0
b10101010111000001010001001010101 N
b11010011000011001100100110100 M
b11010011000011001100100110100 /
b11010011000011001100100110100 L
b10111101010011000110100101111 K
b10111101010011000110100101111 .
b10111101010011000110100101111 J
b10011010101000000010010000110101 I
b10011010101000000010010000110101 -
b10011010101000000010010000110101 H
b11101111101100001111100111011 G
b11101111101100001111100111011 ,
b11101111101100001111100111011 F
b11010111001000000001100110101 9
b11010111001000000001100110101 %
b11010111001000000001100110101 8
b1010110000011001001000110101100 #
b1010110000011001001000110101100 6
b110101 5
#545000
1"
#550000
b11110100101000011101101011101001 7
b11110100101000011101101011101001 Y
0"
b101101101001111011100001011 E
b101101101001111011100001011 +
b101101101001111011100001011 D
b11110101101001001111001011101011 C
b11110101101001001111001011101011 *
b11110101101001001111001011101011 B
b11110100101000011101101011101001 A
b11110100101000011101101011101001 )
b11110100101000011101101011101001 @
b1111000111100101000100011110 ?
b1111000111100101000100011110 (
b1111000111100101000100011110 >
b111101011111110101101101111010 =
b111101011111110101101101111010 '
b111101011111110101101101111010 <
b10010101001101010001001000101010 ;
b10010101001101010001001000101010 &
b10010101001101010001001000101010 :
b1110110001100110101010111101100 W
b1110110001100110101010111101100 4
b1110110001100110101010111101100 V
b10010001001111100000001000100010 U
b10010001001111100000001000100010 3
b10010001001111100000001000100010 T
b11101101000110110101000011011010 S
b11101101000110110101000011011010 2
b11101101000110110101000011011010 R
b10010000000110000100111000100000 Q
b10010000000110000100111000100000 1
b10010000000110000100111000100000 P
b11111100010011001010010011111000 O
b11111100010011001010010011111000 0
b11111100010011001010010011111000 N
b1010111010011100001110110101110 M
b1010111010011100001110110101110 /
b1010111010011100001110110101110 L
b11011100101111000111100110111 K
b11011100101111000111100110111 .
b11011100101111000111100110111 J
b10001001000001000010111000010010 I
b10001001000001000010111000010010 -
b10001001000001000010111000010010 H
b10100101100101010101110001001011 G
b10100101100101010101110001001011 ,
b10100101100101010101110001001011 F
b11110100001000001000001011101000 9
b11110100001000001000001011101000 %
b11110100001000001000001011101000 8
b11011010110010011000011010110101 #
b11011010110010011000011010110101 6
b110110 5
#555000
1"
#560000
b1100110100110010000011111001101 7
b1100110100110010000011111001101 Y
0"
b1101011000100011111100011010 E
b1101011000100011111100011010 +
b1101011000100011111100011010 D
b1110110011000010101001111101100 C
b1110110011000010101001111101100 *
b1110110011000010101001111101100 B
b11111010001100101000110011110100 A
b11111010001100101000110011110100 )
b11111010001100101000110011110100 @
b11110010000001001110111011100100 ?
b11110010000001001110111011100100 (
b11110010000001001110111011100100 >
b1100110100110010000011111001101 =
b1100110100110010000011111001101 '
b1100110100110010000011111001101 <
b1101010110011010111001111010101 ;
b1101010110011010111001111010101 &
b1101010110011010111001111010101 :
b10100101001101100101110001001010 W
b10100101001101100101110001001010 4
b10100101001101100101110001001010 V
b1100111010011111101111111001110 U
b1100111010011111101111111001110 3
b1100111010011111101111111001110 T
b11110000101010110000000011100001 S
b11110000101010110000000011100001 2
b11110000101010110000000011100001 R
b11000001110000111101011010000011 Q
b11000001110000111101011010000011 1
b11000001110000111101011010000011 P
b11011111110001011110100110111 O
b11011111110001011110100110111 0
b11011111110001011110100110111 N
b1001010010111101001100010010 M
b1001010010111101001100010010 /
b1001010010111101001100010010 L
b11000101110010110101010010001011 K
b11000101110010110101010010001011 .
b11000101110010110101010010001011 J
b100010110000000011000101000101 I
b100010110000000011000101000101 -
b100010110000000011000101000101 H
b111110010100000010110101111100 G
b111110010100000010110101111100 ,
b111110010100000010110101111100 F
b10101111010001010101111001011110 9
b10101111010001010101111001011110 %
b10101111010001010101111001011110 8
b10110111000001001110001001101110 #
b10110111000001001110001001101110 6
b110111 5
#565000
1"
#570000
b11110011011000011100101011100110 7
b11110011011000011100101011100110 Y
0"
b11110011011000011100101011100110 E
b11110011011000011100101011100110 +
b11110011011000011100101011100110 D
b1011101101101111001011110111011 C
b1011101101101111001011110111011 *
b1011101101101111001011110111011 B
b110010010011001101100001100 A
b110010010011001101100001100 )
b110010010011001101100001100 @
b1001110111111100001100010011 ?
b1001110111111100001100010011 (
b1001110111111100001100010011 >
b1111101110010100000111111111011 =
b1111101110010100000111111111011 '
b1111101110010100000111111111011 <
b10011110100011111011100100111 ;
b10011110100011111011100100111 &
b10011110100011111011100100111 :
b1010101111101101011100110101011 W
b1010101111101101011100110101011 4
b1010101111101101011100110101011 V
b111100001100111000010101111000 U
b111100001100111000010101111000 3
b111100001100111000010101111000 T
b1111111110110111011001111111111 S
b1111111110110111011001111111111 2
b1111111110110111011001111111111 R
b11000111110110000111101010001111 Q
b11000111110110000111101010001111 1
b11000111110110000111101010001111 P
b11110110000100101100100011101100 O
b11110110000100101100100011101100 0
b11110110000100101100100011101100 N
b1101110100011010100010111011101 M
b1101110100011010100010111011101 /
b1101110100011010100010111011101 L
b101110000100111000110101011100 K
b101110000100111000110101011100 .
b101110000100111000110101011100 J
b10110100001110100011100101101 I
b10110100001110100011100101101 -
b10110100001110100011100101101 H
b1111001110001101000000111110011 G
b1111001110001101000000111110011 ,
b1111001110001101000000111110011 F
b11110110001001001000010011101100 9
b11110110001001001000010011101100 %
b11110110001001001000010011101100 8
b11110001101000110010111011100011 #
b11110001101000110010111011100011 6
b111000 5
#575000
1"
#580000
b11000111101101000011101010001111 7
b11000111101101000011101010001111 Y
0"
b11100100100000100100110011001001 E
b11100100100000100100110011001001 +
b11100100100000100100110011001001 D
b10110111111101000011000001101111 C
b10110111111101000011000001101111 *
b10110111111101000011000001101111 B
b10111110010000111110101001111100 A
b10111110010000111110101001111100 )
b10111110010000111110101001111100 @
b111101101010001100110101111011 ?
b111101101010001100110101111011 (
b111101101010001100110101111011 >
b1001010110100111001010110010101 =
b1001010110100111001010110010101 '
b1001010110100111001010110010101 <
b11000111101101000011101010001111 ;
b11000111101101000011101010001111 &
b11000111101101000011101010001111 :
b111010100110000010010101110101 W
b111010100110000010010101110101 4
b111010100110000010010101110101 V
b10111011000001100010100001110110 U
b10111011000001100010100001110110 3
b10111011000001100010100001110110 T
b110011011000111000100101100110 S
b110011011000111000100101100110 2
b110011011000111000100101100110 R
b11011110111010011101010010111101 Q
b11011110111010011101010010111101 1
b11011110111010011101010010111101 P
b10111001001010111000100101110 O
b10111001001010111000100101110 0
b10111001001010111000100101110 N
b10000100111000110010011000001001 M
b10000100111000110010011000001001 /
b10000100111000110010011000001001 L
b1001011000111001110100110010110 K
b1001011000111001110100110010110 .
b1001011000111001110100110010110 J
b10001100000001101101001000011000 I
b10001100000001101101001000011000 -
b10001100000001101101001000011000 H
b10000101011100001111011000001010 G
b10000101011100001111011000001010 ,
b10000101011100001111011000001010 F
b110101010101010111101101101010 9
b110101010101010111101101101010 %
b110101010101010111101101101010 8
b10100100110110000011101001001001 #
b10100100110110000011101001001001 6
b111001 5
#585000
1"
#590000
b1100100111110011011101111001001 7
b1100100111110011011101111001001 Y
0"
b1000010011110010111010110000100 E
b1000010011110010111010110000100 +
b1000010011110010111010110000100 D
b1100100111110011011101111001001 C
b1100100111110011011101111001001 *
b1100100111110011011101111001001 B
b11101111100011010110010011011111 A
b11101111100011010110010011011111 )
b11101111100011010110010011011111 @
b11100101000001100011101011001010 ?
b11100101000001100011101011001010 (
b11100101000001100011101011001010 >
b11011110011110110100000110 =
b11011110011110110100000110 '
b11011110011110110100000110 <
b11111100111101010000010011111001 ;
b11111100111101010000010011111001 &
b11111100111101010000010011111001 :
b11000000010001100111001010000000 W
b11000000010001100111001010000000 4
b11000000010001100111001010000000 V
b10011110101000110100000100 U
b10011110101000110100000100 3
b10011110101000110100000100 T
b10101000110001101100010001010001 S
b10101000110001101100010001010001 2
b10101000110001101100010001010001 R
b1000001101111010110011110000011 Q
b1000001101111010110011110000011 1
b1000001101111010110011110000011 P
b111000010011010100000101110000 O
b111000010011010100000101110000 0
b111000010011010100000101110000 N
b110101100001110001100001101 M
b110101100001110001100001101 /
b110101100001110001100001101 L
b1101111110011111111000111011111 K
b1101111110011111111000111011111 .
b1101111110011111111000111011111 J
b11010110101011101010100010101101 I
b11010110101011101010100010101101 -
b11010110101011101010100010101101 H
b1101101010010001010010111011010 G
b1101101010010001010010111011010 ,
b1101101010010001010010111011010 F
b1011010001101110110000110110100 9
b1011010001101110110000110110100 %
b1011010001101110110000110110100 8
b11100100110110000010000011001001 #
b11100100110110000010000011001001 6
b111010 5
#595000
1"
#600000
b1011011110101011000001110110111 7
b1011011110101011000001110110111 Y
0"
b101110110101100110101101011101 E
b101110110101100110101101011101 +
b101110110101100110101101011101 D
b11100011001001000111001011000110 C
b11100011001001000111001011000110 *
b11100011001001000111001011000110 B
b1011011110101011000001110110111 A
b1011011110101011000001110110111 )
b1011011110101011000001110110111 @
b100111001000000110001101001110 ?
b100111001000000110001101001110 (
b100111001000000110001101001110 >
b10111101111011000011100101111 =
b10111101111011000011100101111 '
b10111101111011000011100101111 <
b1001101011101111111100110011010 ;
b1001101011101111111100110011010 &
b1001101011101111111100110011010 :
b11101001111010110000111011010011 W
b11101001111010110000111011010011 4
b11101001111010110000111011010011 V
b1001000110000111011011110010001 U
b1001000110000111011011110010001 3
b1001000110000111011011110010001 T
b10000110110010000011001000001101 S
b10000110110010000011001000001101 2
b10000110110010000011001000001101 R
b110000110000111000111101100001 Q
b110000110000111000111101100001 1
b110000110000111000111101100001 P
b1101011111110000010001111010111 O
b1101011111110000010001111010111 0
b1101011111110000010001111010111 N
b100100110001111101100001001 M
b100100110001111101100001001 /
b100100110001111101100001001 L
b11010110010110011101000010101100 K
b11010110010110011101000010101100 .
b11010110010110011101000010101100 J
b1101111001101000010010111011110 I
b1101111001101000010010111011110 -
b1101111001101000010010111011110 H
b1000000010011000010100010000 G
b1000000010011000010100010000 ,
b1000000010011000010100010000 F
b1110100101111000000001111101001 9
b1110100101111000000001111101001 %
b1110100101111000000001111101001 8
b11011000010010011000100010110000 #
b11011000010010011000100010110000 6
b111011 5
#605000
1"
#610000
b11110100011011001010100011101000 7
b11110100011011001010100011101000 Y
0"
b1011101100000110110001110111011 E
b1011101100000110110001110111011 +
b1011101100000110110001110111011 D
b1101000110011010000100111010001 C
b1101000110011010000100111010001 *
b1101000110011010000100111010001 B
b11100110100001000001110011001101 A
b11100110100001000001110011001101 )
b11100110100001000001110011001101 @
b11110100011011001010100011101000 ?
b11110100011011001010100011101000 (
b11110100011011001010100011101000 >
b11111000011000000010111011110000 =
b11111000011000000010111011110000 '
b11111000011000000010111011110000 <
b11011111010001100111100110111 ;
b11011111010001100111100110111 &
b11011111010001100111100110111 :
b11010000000111011111000010100000 W
b11010000000111011111000010100000 4
b11010000000111011111000010100000 V
b11010101000111001011010010101010 U
b11010101000111001011010010101010 3
b11010101000111001011010010101010 T
b1100011001011110000011111000110 S
b1100011001011110000011111000110 2
b1100011001011110000011111000110 R
b11000110100100000001001010001101 Q
b11000110100100000001001010001101 1
b11000110100100000001001010001101 P
b10111010001111000001100101110 O
b10111010001111000001100101110 0
b10111010001111000001100101110 N
b1110100100010101011101111101001 M
b1110100100010101011101111101001 /
b1110100100010101011101111101001 L
b10110001001000000000000001100010 K
b10110001001000000000000001100010 .
b10110001001000000000000001100010 J
b11001101101111110011101010011011 I
b11001101101111110011101010011011 -
b11001101101111110011101010011011 H
b10100010001010101100011001000100 G
b10100010001010101100011001000100 ,
b10100010001010101100011001000100 F
b10111101101000111111100101111 9
b10111101101000111111100101111 %
b10111101101000111111100101111 8
b11001110000000111110110010011100 #
b11001110000000111110110010011100 6
b111100 5
#615000
1"
#620000
b11110000010111010110010011100000 7
b11110000010111010110010011100000 Y
0"
b10011100110101101100001000111001 E
b10011100110101101100001000111001 +
b10011100110101101100001000111001 D
b11110000010111010110010011100000 C
b11110000010111010110010011100000 *
b11110000010111010110010011100000 B
b1011100110111000110010110111001 A
b1011100110111000110010110111001 )
b1011100110111000110010110111001 @
b10100111000000110111010001001110 ?
b10100111000000110111010001001110 (
b10100111000000110111010001001110 >
b10111111110101100010101001111111 =
b10111111110101100010101001111111 '
b10111111110101100010101001111111 <
b111001101111111100011101110011 ;
b111001101111111100011101110011 &
b111001101111111100011101110011 :
b100110110001110001001101001101 W
b100110110001110001001101001101 4
b100110110001110001001101001101 V
b10101110101001101101010001011101 U
b10101110101001101101010001011101 3
b10101110101001101101010001011101 T
b11101011101100001111011011010111 S
b11101011101100001111011011010111 2
b11101011101100001111011011010111 R
b1100010010010110110001111000100 Q
b1100010010010110110001111000100 1
b1100010010010110110001111000100 P
b10010100101000010010111000101001 O
b10010100101000010010111000101001 0
b10010100101000010010111000101001 N
b10000011010111011010001000000110 M
b10000011010111011010001000000110 /
b10000011010111011010001000000110 L
b1001011101011000010111110010111 K
b1001011101011000010111110010111 .
b1001011101011000010111110010111 J
b11001111111101010101000010011111 I
b11001111111101010101000010011111 -
b11001111111101010101000010011111 H
b101100010000000010000101011000 G
b101100010000000010000101011000 ,
b101100010000000010000101011000 F
b111110100011101101010101111101 9
b111110100011101101010101111101 %
b111110100011101101010101111101 8
b11101111111101101001001011011111 #
b11101111111101101001001011011111 6
b111101 5
#625000
1"
#630000
b10000111100010101000100000001111 7
b10000111100010101000100000001111 Y
0"
b11100110010110011010100111001 E
b11100110010110011010100111001 +
b11100110010110011010100111001 D
b10111100000111000000111001111000 C
b10111100000111000000111001111000 *
b10111100000111000000111001111000 B
b1101100011101001111010111011000 A
b1101100011101001111010111011000 )
b1101100011101001111010111011000 @
b10011101011100110111101000111010 ?
b10011101011100110111101000111010 (
b10011101011100110111101000111010 >
b1101001110011010111011111010011 =
b1101001110011010111011111010011 '
b1101001110011010111011111010011 <
b100100111010010000011101001001 ;
b100100111010010000011101001001 &
b100100111010010000011101001001 :
b101110011100100010100101011100 W
b101110011100100010100101011100 4
b101110011100100010100101011100 V
b11001101010101110101001010011010 U
b11001101010101110101001010011010 3
b11001101010101110101001010011010 T
b101011000011011010010101010110 S
b101011000011011010010101010110 2
b101011000011011010010101010110 R
b110100100011101101010101101001 Q
b110100100011101101010101101001 1
b110100100011101101010101101001 P
b11001100110111100101100110011 O
b11001100110111100101100110011 0
b11001100110111100101100110011 N
b10000111100010101000100000001111 M
b10000111100010101000100000001111 /
b10000111100010101000100000001111 L
b10101110110100001111000001011101 K
b10101110110100001111000001011101 .
b10101110110100001111000001011101 J
b1111111010100110111110111111110 I
b1111111010100110111110111111110 -
b1111111010100110111110111111110 H
b1000111111010111110111110001111 G
b1000111111010111110111110001111 ,
b1000111111010111110111110001111 F
b11000111110111000001100110001 9
b11000111110111000001100110001 %
b11000111110111000001100110001 8
b1000000111110110100111110000001 #
b1000000111110110100111110000001 6
b111110 5
#635000
1"
#640000
b11010000001111000100000010100000 7
b11010000001111000100000010100000 Y
0"
b1100000010111011011101111000000 E
b1100000010111011011101111000000 +
b1100000010111011011101111000000 D
b1101100000110011000011111011000 C
b1101100000110011000011111011000 *
b1101100000110011000011111011000 B
b11101101010011010111100011011010 A
b11101101010011010111100011011010 )
b11101101010011010111100011011010 @
b11011010000111100000000 ?
b11011010000111100000000 (
b11011010000111100000000 >
b1101000110000010100111111010001 =
b1101000110000010100111111010001 '
b1101000110000010100111111010001 <
b1110110011010010010100011101 ;
b1110110011010010010100011101 &
b1110110011010010010100011101 :
b11010000001111000100000010100000 W
b11010000001111000100000010100000 4
b11010000001111000100000010100000 V
b10110110011010100101100001101100 U
b10110110011010100101100001101100 3
b10110110011010100101100001101100 T
b11110100010110001000111011101000 S
b11110100010110001000111011101000 2
b11110100010110001000111011101000 R
b1010110000011010101111110101100 Q
b1010110000011010101111110101100 1
b1010110000011010101111110101100 P
b10111010101000100000000 O
b10111010101000100000000 0
b10111010101000100000000 N
b1101011000110011111100011010 M
b1101011000110011111100011010 /
b1101011000110011111100011010 L
b11101001100110110001110011010011 K
b11101001100110110001110011010011 .
b11101001100110110001110011010011 J
b10010110001011000110100000101100 I
b10010110001011000110100000101100 -
b10010110001011000110100000101100 H
b10101011001101111010100001010110 G
b10101011001101111010100001010110 ,
b10101011001101111010100001010110 F
b10000100100101101101011000001001 9
b10000100100101101101011000001001 %
b10000100100101101101011000001001 8
b10010010110100000110000000100101 #
b10010010110100000110000000100101 6
b111111 5
#645000
1"
#650000
b10011000101101001101110000110001 7
b10011000101101001101110000110001 Y
0"
b10110010000101011000110001100100 E
b10110010000101011000110001100100 +
b10110010000101011000110001100100 D
b101001000100000000 C
b101001000100000000 *
b101001000100000000 B
b10011111110000010100001000111111 A
b10011111110000010100001000111111 )
b10011111110000010100001000111111 @
b1000001101100011111110110000011 ?
b1000001101100011111110110000011 (
b1000001101100011111110110000011 >
b1010011101010001011010110100111 =
b1010011101010001011010110100111 '
b1010011101010001011010110100111 <
b10011000101101001101110000110001 ;
b10011000101101001101110000110001 &
b10011000101101001101110000110001 :
b11000000101011011000000010000001 W
b11000000101011011000000010000001 4
b11000000101011011000000010000001 V
b100100001001101101011101001000 U
b100100001001101101011101001000 3
b100100001001101101011101001000 T
b1111110010110110101001111111100 S
b1111110010110110101001111111100 2
b1111110010110110101001111111100 R
b11000000010010011100011010000000 Q
b11000000010010011100011010000000 1
b11000000010010011100011010000000 P
b10111111001000010000011001111110 O
b10111111001000010000011001111110 0
b10111111001000010000011001111110 N
b1011001100000110110011110110011 M
b1011001100000110110011110110011 /
b1011001100000110110011110110011 L
b10100010101001001011111001000101 K
b10100010101001001011111001000101 .
b10100010101001001011111001000101 J
b10101000111000011110111001010001 I
b10101000111000011110111001010001 -
b10101000111000011110111001010001 H
b10101000101110110000110001010001 G
b10101000101110110000110001010001 ,
b10101000101110110000110001010001 F
b11101000110011111011000011010001 9
b11101000110011111011000011010001 %
b11101000110011111011000011010001 8
b10100110010010010000110001001100 #
b10100110010010010000110001001100 6
b1000000 5
#655000
1"
#660000
b1110100001010000001100111101000 7
b1110100001010000001100111101000 Y
0"
b10011101101110101001100100111 E
b10011101101110101001100100111 +
b10011101101110101001100100111 D
b11000001110011110101101010000011 C
b11000001110011110101101010000011 *
b11000001110011110101101010000011 B
b10010111110111011110001000101111 A
b10010111110111011110001000101111 )
b10010111110111011110001000101111 @
b10101111010111010110110001011110 ?
b10101111010111010110110001011110 (
b10101111010111010110110001011110 >
b10101100010100001001110001011000 =
b10101100010100001001110001011000 '
b10101100010100001001110001011000 <
b10110110010010101110011001101100 ;
b10110110010010101110011001101100 &
b10110110010010101110011001101100 :
b10010010111111010010100000100101 W
b10010010111111010010100000100101 4
b10010010111111010010100000100101 V
b10100100110110011000011001001001 U
b10100100110110011000011001001001 3
b10100100110110011000011001001001 T
b10101000101111111100100001010001 S
b10101000101111111100100001010001 2
b10101000101111111100100001010001 R
b101111101110000001101101011111 Q
b101111101110000001101101011111 1
b101111101110000001101101011111 P
b10000101011010011111101000001010 O
b10000101011010011111101000001010 0
b10000101011010011111101000001010 N
b100100100000111001101101001001 M
b100100100000111001101101001001 /
b100100100000111001101101001001 L
b1110100001010000001100111101000 K
b1110100001010000001100111101000 .
b1110100001010000001100111101000 J
b1001111001000110100110110011110 I
b1001111001000110100110110011110 -
b1001111001000110100110110011110 H
b1000111001011011111101110001110 G
b1000111001011011111101110001110 ,
b1000111001011011111101110001110 F
b1111000100001111101111111110001 9
b1111000100001111101111111110001 %
b1111000100001111101111111110001 8
b111111010100101001001101111110 #
b111111010100101001001101111110 6
b1000001 5
#665000
1"
#670000
b1111011110111100001010111110111 7
b1111011110111100001010111110111 Y
0"
b1100101110010000000001111001011 E
b1100101110010000000001111001011 +
b1100101110010000000001111001011 D
b10011000101101001110111000110001 C
b10011000101101001110111000110001 *
b10011000101101001110111000110001 B
b110100000010010111010101101000 A
b110100000010010111010101101000 )
b110100000010010111010101101000 @
b11100101110011101011000011001011 ?
b11100101110011101011000011001011 (
b11100101110011101011000011001011 >
b11001001010010010000001010010010 =
b11001001010010010000001010010010 '
b11001001010010010000001010010010 <
b1110001111100000101100111100011 ;
b1110001111100000101100111100011 &
b1110001111100000101100111100011 :
b1010001001101101010010110100010 W
b1010001001101101010010110100010 4
b1010001001101101010010110100010 V
b111001000010010010111101110010 U
b111001000010010010111101110010 3
b111001000010010010111101110010 T
b10001011011111000011100000010110 S
b10001011011111000011100000010110 2
b10001011011111000011100000010110 R
b1111011110111100001010111110111 Q
b1111011110111100001010111110111 1
b1111011110111100001010111110111 P
b10100000101100111010111001000001 O
b10100000101100111010111001000001 0
b10100000101100111010111001000001 N
b10110111101110000010101001101111 M
b10110111101110000010101001101111 /
b10110111101110000010101001101111 L
b100011001100000001101101000110 K
b100011001100000001101101000110 .
b100011001100000001101101000110 J
b11110001100100110011100111100 I
b11110001100100110011100111100 -
b11110001100100110011100111100 H
b11001001011000011110010010010010 G
b11001001011000011110010010010010 ,
b11001001011000011110010010010010 F
b11001010000011100100010010010100 9
b11001010000011100100010010010100 %
b11001010000011100100010010010100 8
b1101010010111011101101111010100 #
b1101010010111011101101111010100 6
b1000010 5
#675000
1"
#680000
b10100111110000010100000101 7
b10100111110000010100000101 Y
0"
b11000110100001111000101010001101 E
b11000110100001111000101010001101 +
b11000110100001111000101010001101 D
b10000101000100010101100000001010 C
b10000101000100010101100000001010 *
b10000101000100010101100000001010 B
b111110110000100110011101111101 A
b111110110000100110011101111101 )
b111110110000100110011101111101 @
b11011100000101101101100010111000 ?
b11011100000101101101100010111000 (
b11011100000101101101100010111000 >
b101111011100111111101101011110 =
b101111011100111111101101011110 '
b101111011100111111101101011110 <
b10100111110000010100000101 ;
b10100111110000010100000101 &
b10100111110000010100000101 :
b10011001000110000011000000110010 W
b10011001000110000011000000110010 4
b10011001000110000011000000110010 V
b1010110000011101110111110101100 U
b1010110000011101110111110101100 3
b1010110000011101110111110101100 T
b11011000000001111111001010110000 S
b11011000000001111111001010110000 2
b11011000000001111111001010110000 R
b10011111100000001001100000111111 Q
b10011111100000001001100000111111 1
b10011111100000001001100000111111 P
b11000001000110001011111010000010 O
b11000001000110001011111010000010 0
b11000001000110001011111010000010 N
b100010000010000110100001000 M
b100010000010000110100001000 /
b100010000010000110100001000 L
b11011010111100110101011010110101 K
b11011010111100110101011010110101 .
b11011010111100110101011010110101 J
b11100110111000011000011011001101 I
b11100110111000011000011011001101 -
b11100110111000011000011011001101 H
b101111010010010101001101011110 G
b101111010010010101001101011110 ,
b101111010010010101001101011110 F
b111000101000111000100101110001 9
b111000101000111000100101110001 %
b111000101000111000100101110001 8
b10101010110100011100100001010101 #
b10101010110100011100100001010101 6
b1000011 5
#685000
1"
#690000
b11000111010000111000100110001 7
b11000111010000111000100110001 Y
0"
b11100110111110111111010011001101 E
b11100110111110111111010011001101 +
b11100110111110111111010011001101 D
b1001101111111101000011110011011 C
b1001101111111101000011110011011 *
b1001101111111101000011110011011 B
b11000101010001001101100010001010 A
b11000101010001001101100010001010 )
b11000101010001001101100010001010 @
b100100000101101011100101001000 ?
b100100000101101011100101001000 (
b100100000101101011100101001000 >
b110010000010101000101101100100 =
b110010000010101000101101100100 '
b110010000010101000101101100100 <
b110010001011001100000101100100 ;
b110010001011001100000101100100 &
b110010001011001100000101100100 :
b111001110100111001100001110 W
b111001110100111001100001110 4
b111001110100111001100001110 V
b1011010000011110010011110110100 U
b1011010000011110010011110110100 3
b1011010000011110010011110110100 T
b101111001101101100010101011110 S
b101111001101101100010101011110 2
b101111001101101100010101011110 R
b11000111010000111000100110001 Q
b11000111010000111000100110001 1
b11000111010000111000100110001 P
b10110100100011010001100101101 O
b10110100100011010001100101101 0
b10110100100011010001100101101 N
b10001110001101100010100100011 M
b10001110001101100010100100011 /
b10001110001101100010100100011 L
b11010000100110011100100110100 K
b11010000100110011100100110100 .
b11010000100110011100100110100 J
b1110010100110100111111111100101 I
b1110010100110100111111111100101 -
b1110010100110100111111111100101 H
b11011010000100101101111010110100 G
b11011010000100101101111010110100 ,
b11011010000100101101111010110100 F
b11111000110100111101100011110001 9
b11111000110100111101100011110001 %
b11111000110100111101100011110001 8
b1100100111010110011100111001001 #
b1100100111010110011100111001001 6
b1000100 5
#695000
1"
#700000
b10000100101010001110100000001001 7
b10000100101010001110100000001001 Y
0"
b11111011100111111011100011110111 E
b11111011100111111011100011110111 +
b11111011100111111011100011110111 D
b1011000010110001011110110110000 C
b1011000010110001011110110110000 *
b1011000010110001011110110110000 B
b10110101110001011100000001101011 A
b10110101110001011100000001101011 )
b10110101110001011100000001101011 @
b10110110001011011000010001101100 ?
b10110110001011011000010001101100 (
b10110110001011011000010001101100 >
b10000100101010001110100000001001 =
b10000100101010001110100000001001 '
b10000100101010001110100000001001 <
b10000010101101111000011000000101 ;
b10000010101101111000011000000101 &
b10000010101101111000011000000101 :
b10011000110000000001100100110 W
b10011000110000000001100100110 4
b10011000110000000001100100110 V
b11001001101101100100110010010011 U
b11001001101101100100110010010011 3
b11001001101101100100110010010011 T
b10001110110111000011011000011101 S
b10001110110111000011011000011101 2
b10001110110111000011011000011101 R
b10101111110100010010011001011111 Q
b10101111110100010010011001011111 1
b10101111110100010010011001011111 P
b11110000010110011010110011100000 O
b11110000010110011010110011100000 0
b11110000010110011010110011100000 N
b11100001000110100101100011000010 M
b11100001000110100101100011000010 /
b11100001000110100101100011000010 L
b11101100111111110010010011011001 K
b11101100111111110010010011011001 .
b11101100111111110010010011011001 J
b1011110100111010010111110111101 I
b1011110100111010010111110111101 -
b1011110100111010010111110111101 H
b11110001111011001010001011100011 G
b11110001111011001010001011100011 ,
b11110001111011001010001011100011 F
b1010101111111110010001110101011 9
b1010101111111110010001110101011 %
b1010101111111110010001110101011 8
b10110101111110001111101001101011 #
b10110101111110001111101001101011 6
b1000101 5
#705000
1"
#710000
b1000011110000010001010110000111 7
b1000011110000010001010110000111 Y
0"
b10110101101000110110100101101 E
b10110101101000110110100101101 +
b10110101101000110110100101101 D
b101000011011110001001101010000 C
b101000011011110001001101010000 *
b101000011011110001001101010000 B
b10000011010001001001000000000110 A
b10000011010001001001000000000110 )
b10000011010001001001000000000110 @
b10100110001011000011010001001100 ?
b10100110001011000011010001001100 (
b10100110001011000011010001001100 >
b101010010101100101111101010100 =
b101010010101100101111101010100 '
b101010010101100101111101010100 <
b101010001011111111010101010100 ;
b101010001011111111010101010100 &
b101010001011111111010101010100 :
b11111101100001101000100111111 W
b11111101100001101000100111111 4
b11111101100001101000100111111 V
b1001111000101001100000110011110 U
b1001111000101001100000110011110 3
b1001111000101001100000110011110 T
b110011011011011001001101100110 S
b110011011011011001001101100110 2
b110011011011011001001101100110 R
b100011010001100110001101000110 Q
b100011010001100110001101000110 1
b100011010001100110001101000110 P
b1000011110000010001010110000111 O
b1000011110000010001010110000111 0
b1000011110000010001010110000111 N
b10001110110010101010001000011101 M
b10001110110010101010001000011101 /
b10001110110010101010001000011101 L
b1011010010001011011110110110100 K
b1011010010001011011110110110100 .
b1011010010001011011110110110100 J
b100111100110001110001101001111 I
b100111100110001110001101001111 -
b100111100110001110001101001111 H
b111011000100011111001101110110 G
b111011000100011111001101110110 ,
b111011000100011111001101110110 F
b10101011111010001100000001010111 9
b10101011111010001100000001010111 %
b10101011111010001100000001010111 8
b1010010101000010101000110100101 #
b1010010101000010101000110100101 6
b1000110 5
#715000
1"
#720000
b10010010110000100111000000100101 7
b10010010110000100111000000100101 Y
0"
b11010100110101111010100110101 E
b11010100110101111010100110101 +
b11010100110101111010100110101 D
b11100111101100110111010011001111 C
b11100111101100110111010011001111 *
b11100111101100110111010011001111 B
b11010100110011100000101010101001 A
b11010100110011100000101010101001 )
b11010100110011100000101010101001 @
b10010010110000100111000000100101 ?
b10010010110000100111000000100101 (
b10010010110000100111000000100101 >
b11101011010000001110011011010110 =
b11101011010000001110011011010110 '
b11101011010000001110011011010110 <
b11100111000010100110001011001110 ;
b11100111000010100110001011001110 &
b11100111000010100110001011001110 :
b11011100001000101101110010111000 W
b11011100001000101101110010111000 4
b11011100001000101101110010111000 V
b10001111010010010110011000011110 U
b10001111010010010110011000011110 3
b10001111010010010110011000011110 T
b10101010110000011111101001010101 S
b10101010110000011111101001010101 2
b10101010110000011111101001010101 R
b11010100011110110100001010101000 Q
b11010100011110110100001010101000 1
b11010100011110110100001010101000 P
b10000100110101001010101000001001 O
b10000100110101001010101000001001 0
b10000100110101001010101000001001 N
b11111101010011000111100111111 M
b11111101010011000111100111111 /
b11111101010011000111100111111 L
b1010000011010100101011110100000 K
b1010000011010100101011110100000 .
b1010000011010100101011110100000 J
b11110111111111101100101011101111 I
b11110111111111101100101011101111 -
b11110111111111101100101011101111 H
b1011100001010101111110110111000 G
b1011100001010101111110110111000 ,
b1011100001010101111110110111000 F
b110101011001001000001101101010 9
b110101011001001000001101101010 %
b110101011001001000001101101010 8
b11000011010011011101110010000110 #
b11000011010011011101110010000110 6
b1000111 5
#725000
1"
#730000
b10101101001001111100010001011010 7
b10101101001001111100010001011010 Y
0"
b1001011001011110000010110010110 E
b1001011001011110000010110010110 +
b1001011001011110000010110010110 D
b1000100000011110000100110001000 C
b1000100000011110000100110001000 *
b1000100000011110000100110001000 B
b10111001110110010110100001110011 A
b10111001110110010110100001110011 )
b10111001110110010110100001110011 @
b1000010111000111001110110000101 ?
b1000010111000111001110110000101 (
b1000010111000111001110110000101 >
b1000010100101010101110110000101 =
b1000010100101010101110110000101 '
b1000010100101010101110110000101 <
b1100100110100101101001111001001 ;
b1100100110100101101001111001001 &
b1100100110100101101001111001001 :
b1010100010101001001001110101000 W
b1010100010101001001001110101000 4
b1010100010101001001001110101000 V
b11001111101110001001111010011111 U
b11001111101110001001111010011111 3
b11001111101110001001111010011111 T
b10111100100101000100011001111001 S
b10111100100101000100011001111001 2
b10111100100101000100011001111001 R
b100010011111101011000101000100 Q
b100010011111101011000101000100 1
b100010011111101011000101000100 P
b10010011101110100110000000100111 O
b10010011101110100110000000100111 0
b10010011101110100110000000100111 N
b10010110011100001000100100101 M
b10010110011100001000100100101 /
b10010110011100001000100100101 L
b1110000111011011001011111100001 K
b1110000111011011001011111100001 .
b1110000111011011001011111100001 J
b10101101001001111100010001011010 I
b10101101001001111100010001011010 -
b10101101001001111100010001011010 H
b11111010111100001000010011110101 G
b11111010111100001000010011110101 ,
b11111010111100001000010011110101 F
b1011011000011000111001110110110 9
b1011011000011000111001110110110 %
b1011011000011000111001110110110 8
b100000010001111101110101000000 #
b100000010001111101110101000000 6
b1001000 5
#735000
1"
#740000
b11110110011100001111110011101100 7
b11110110011100001111110011101100 Y
0"
b10100101110110010111000001001011 E
b10100101110110010111000001001011 +
b10100101110110010111000001001011 D
b10110010010011001111011001100100 C
b10110010010011001111011001100100 *
b10110010010011001111011001100100 B
b1110001101010010001100111100011 A
b1110001101010010001100111100011 )
b1110001101010010001100111100011 @
b11100000001000010100100011000000 ?
b11100000001000010100100011000000 (
b11100000001000010100100011000000 >
b11001110100101101100101010011101 =
b11001110100101101100101010011101 '
b11001110100101101100101010011101 <
b1111010000000101010100011110 ;
b1111010000000101010100011110 &
b1111010000000101010100011110 :
b11110110011100001111110011101100 W
b11110110011100001111110011101100 4
b11110110011100001111110011101100 V
b101100111111111111000101011001 U
b101100111111111111000101011001 3
b101100111111111111000101011001 T
b10111111010000011111100101111 S
b10111111010000011111100101111 2
b10111111010000011111100101111 R
b100111011001000111010101001110 Q
b100111011001000111010101001110 1
b100111011001000111010101001110 P
b11011010011010011110001010110100 O
b11011010011010011110001010110100 0
b11011010011010011110001010110100 N
b1011110110001011110101110111101 M
b1011110110001011110101110111101 /
b1011110110001011110101110111101 L
b10001110001110011001000000011100 K
b10001110001110011001000000011100 .
b10001110001110011001000000011100 J
b10001101101100000010100000011011 I
b10001101101100000010100000011011 -
b10001101101100000010100000011011 H
b101000101100011111000101010001 G
b101000101100011111000101010001 ,
b101000101100011111000101010001 F
b11110100001011110110100111101 9
b11110100001011110110100111101 %
b11110100001011110110100111101 8
b10011010010101000100001000110100 #
b10011010010101000100001000110100 6
b1001001 5
#745000
1"
#750000
b1110011000101001000100011100 7
b1110011000101001000100011100 Y
0"
b111011000001111011110101110110 E
b111011000001111011110101110110 +
b111011000001111011110101110110 D
b10001111001100101111101000011110 C
b10001111001100101111101000011110 *
b10001111001100101111101000011110 B
b101110100101001011011101011101 A
b101110100101001011011101011101 )
b101110100101001011011101011101 @
b1100101001010000010010111001010 ?
b1100101001010000010010111001010 (
b1100101001010000010010111001010 >
b10111100010001100001010001111000 =
b10111100010001100001010001111000 '
b10111100010001100001010001111000 <
b1011101100011101001010110111011 ;
b1011101100011101001010110111011 &
b1011101100011101001010110111011 :
b1100110000001100101101111001100 W
b1100110000001100101101111001100 4
b1100110000001100101101111001100 V
b1110111011010100110000111101110 U
b1110111011010100110000111101110 3
b1110111011010100110000111101110 T
b101110100101110111100101011101 S
b101110100101110111100101011101 2
b101110100101110111100101011101 R
b10101011010001011101100101010 Q
b10101011010001011101100101010 1
b10101011010001011101100101010 P
b10100010011001110110100101000 O
b10100010011001110110100101000 0
b10100010011001110110100101000 N
b1110011000101001000100011100 M
b1110011000101001000100011100 /
b1110011000101001000100011100 L
b11011001111110001110000010110011 K
b11011001111110001110000010110011 .
b11011001111110001110000010110011 J
b10001001110111100010110000010011 I
b10001001110111100010110000010011 -
b10001001110111100010110000010011 H
b100100110101000100011101001001 G
b100100110101000100011101001001 ,
b100100110101000100011101001001 F
b1000010011101111101011110000100 9
b1000010011101111101011110000100 %
b1000010011101111101011110000100 8
b1001000111010011111111110010001 #
b1001000111010011111111110010001 6
b1001010 5
#755000
1"
#760000
b11001001011001100010110010010010 7
b11001001011001100010110010010010 Y
0"
b11011001001100101101100010110010 E
b11011001001100101101100010110010 +
b11011001001100101101100010110010 D
b1000000100010100010100110000001 C
b1000000100010100010100110000001 *
b1000000100010100010100110000001 B
b1011101101101111110000110111011 A
b1011101101101111110000110111011 )
b1011101101101111110000110111011 @
b10100101101110010100001001001011 ?
b10100101101110010100001001001011 (
b10100101101110010100001001001011 >
b1100000000010110010110111000000 =
b1100000000010110010110111000000 '
b1100000000010110010110111000000 <
b1101110110000101100101111011101 ;
b1101110110000101100101111011101 &
b1101110110000101100101111011101 :
b11001111001100011111110010011110 W
b11001111001100011111110010011110 4
b11001111001100011111110010011110 V
b11010100111010100110101010101001 U
b11010100111010100110101010101001 3
b11010100111010100110101010101001 T
b10100010110011100000000001000101 S
b10100010110011100000000001000101 2
b10100010110011100000000001000101 R
b11001001011001100010110010010010 Q
b11001001011001100010110010010010 1
b11001001011001100010110010010010 P
b11100110101100010001000011001101 O
b11100110101100010001000011001101 0
b11100110101100010001000011001101 N
b10111100101000001011001001111001 M
b10111100101000001011001001111001 /
b10111100101000001011001001111001 L
b10000001111011101100000100 K
b10000001111011101100000100 .
b10000001111011101100000100 J
b10000011011100100001100100000 I
b10000011011100100001100100000 -
b10000011011100100001100100000 H
b11011010010000101110010010110100 G
b11011010010000101110010010110100 ,
b11011010010000101110010010110100 F
b1101101111111001111000111011011 9
b1101101111111001111000111011011 %
b1101101111111001111000111011011 8
b1100101101010000111100111001011 #
b1100101101010000111100111001011 6
b1001011 5
#765000
1"
#770000
b11010000011101110000111010100000 7
b11010000011101110000111010100000 Y
0"
b11000000101001111110100010000001 E
b11000000101001111110100010000001 +
b11000000101001111110100010000001 D
b10101111110001011111001001011111 C
b10101111110001011111001001011111 *
b10101111110001011111001001011111 B
b11011111110111000011111010111111 A
b11011111110111000011111010111111 )
b11011111110111000011111010111111 @
b1111110011111110010000111111100 ?
b1111110011111110010000111111100 (
b1111110011111110010000111111100 >
b111010001011011001100101110100 =
b111010001011011001100101110100 '
b111010001011011001100101110100 <
b10011100100010011000100100111 ;
b10011100100010011000100100111 &
b10011100100010011000100100111 :
b10000110110100100110111000001101 W
b10000110110100100110111000001101 4
b10000110110100100110111000001101 V
b1101100101001111111111111011001 U
b1101100101001111111111111011001 3
b1101100101001111111111111011001 T
b111010101011111000011101110101 S
b111010101011111000011101110101 2
b111010101011111000011101110101 R
b111011010101101111100001110 Q
b111011010101101111100001110 1
b111011010101101111100001110 P
b11010000011101110000111010100000 O
b11010000011101110000111010100000 0
b11010000011101110000111010100000 N
b11010111111110000100010010101111 M
b11010111111110000100010010101111 /
b11010111111110000100010010101111 L
b1111110011100101100010111111100 K
b1111110011100101100010111111100 .
b1111110011100101100010111111100 J
b11110000101110000110000011100001 I
b11110000101110000110000011100001 -
b11110000101110000110000011100001 H
b100100000000010001000101001000 G
b100100000000010001000101001000 ,
b100100000000010001000101001000 F
b101101011101011100100001011 9
b101101011101011100100001011 %
b101101011101011100100001011 8
b1011001100011010010011110110011 #
b1011001100011010010011110110011 6
b1001100 5
#775000
1"
#780000
b110100010111111011111101101000 7
b110100010111111011111101101000 Y
0"
b11111011101111011011100111110 E
b11111011101111011011100111110 +
b11111011101111011011100111110 D
b10010101001100000011011000101010 C
b10010101001100000011011000101010 *
b10010101001100000011011000101010 B
b10110111110100001100101001101111 A
b10110111110100001100101001101111 )
b10110111110100001100101001101111 @
b10001010001010010000000000010100 ?
b10001010001010010000000000010100 (
b10001010001010010000000000010100 >
b110100010111111011111101101000 =
b110100010111111011111101101000 '
b110100010111111011111101101000 <
b1111011001001001011110111110110 ;
b1111011001001001011110111110110 &
b1111011001001001011110111110110 :
b10010000101110010011000000100001 W
b10010000101110010011000000100001 4
b10010000101110010011000000100001 V
b10110010011011111111111001100100 U
b10110010011011111111111001100100 3
b10110010011011111111111001100100 T
b1011000110101111001110110110001 S
b1011000110101111001110110110001 2
b1011000110101111001110110110001 R
b11110110110110001010111011101101 Q
b11110110110110001010111011101101 1
b11110110110110001010111011101101 P
b11110111110011111111011011101111 O
b11110111110011111111011011101111 0
b11110111110011111111011011101111 N
b101001100101010001101101010011 M
b101001100101010001101101010011 /
b101001100101010001101101010011 L
b11010011001101010101010010100110 K
b11010011001101010101010010100110 .
b11010011001101010101010010100110 J
b1100100101100010000100011001 I
b1100100101100010000100011001 -
b1100100101100010000100011001 H
b11111101100100111000000011111011 G
b11111101100100111000000011111011 ,
b11111101100100111000000011111011 F
b11111101010011000100100011111010 9
b11111101010011000100100011111010 %
b11111101010011000100100011111010 8
b10110100001010001010101001101000 #
b10110100001010001010101001101000 6
b1001101 5
#785000
1"
#790000
b10100101001110000000000001001010 7
b10100101001110000000000001001010 Y
0"
b10100101001110000000000001001010 E
b10100101001110000000000001001010 +
b10100101001110000000000001001010 D
b10000011001000101101111000000110 C
b10000011001000101101111000000110 *
b10000011001000101101111000000110 B
b10001110010010001000100100011 A
b10001110010010001000100100011 )
b10001110010010001000100100011 @
b1101011100000100101110111010111 ?
b1101011100000100101110111010111 (
b1101011100000100101110111010111 >
b1001011010110110111000110010110 =
b1001011010110110111000110010110 '
b1001011010110110111000110010110 <
b111111100001011100100001111 ;
b111111100001011100100001111 &
b111111100001011100100001111 :
b10010100100100011010101000101001 W
b10010100100100011010101000101001 4
b10010100100100011010101000101001 V
b111000010000100010110101110000 U
b111000010000100010110101110000 3
b111000010000100010110101110000 T
b1101110010101100111101111011100 S
b1101110010101100111101111011100 2
b1101110010101100111101111011100 R
b11001111101011100000000 Q
b11001111101011100000000 1
b11001111101011100000000 P
b11001101010001110001100110011 O
b11001101010001110001100110011 0
b11001101010001110001100110011 N
b1111010010011000100110111110100 M
b1111010010011000100110111110100 /
b1111010010011000100110111110100 L
b1111101010010110101001111111010 K
b1111101010010110101001111111010 .
b1111101010010110101001111111010 J
b11010000000111110100000010100000 I
b11010000000111110100000010100000 -
b11010000000111110100000010100000 H
b10011110100111011100101000111101 G
b10011110100111011100101000111101 ,
b10011110100111011100101000111101 F
b100011011110000001111101000110 9
b100011011110000001111101000110 %
b100011011110000001111101000110 8
b11111011101010101110111011110111 #
b11111011101010101110111011110111 6
b1001110 5
#795000
1"
#800000
b11100110111001001011100011001101 7
b11100110111001001011100011001101 Y
0"
b1111100100110011100111111111001 E
b1111100100110011100111111111001 +
b1111100100110011100111111111001 D
b1010110110011100111111110101101 C
b1010110110011100111111110101101 *
b1010110110011100111111110101101 B
b10001100011100010010001000011000 A
b10001100011100010010001000011000 )
b10001100011100010010001000011000 @
b11101001110101010111011011010011 ?
b11101001110101010111011011010011 (
b11101001110101010111011011010011 >
b11100000110010011010110011000001 =
b11100000110010011010110011000001 '
b11100000110010011010110011000001 <
b1111010000111101000101111110100 ;
b1111010000111101000101111110100 &
b1111010000111101000101111110100 :
b110111100010010000110101101111 W
b110111100010010000110101101111 4
b110111100010010000110101101111 V
b1111111001001110110011111111110 U
b1111111001001110110011111111110 3
b1111111001001110110011111111110 T
b10101010101010110010010001010101 S
b10101010101010110010010001010101 2
b10101010101010110010010001010101 R
b10110110000000001110001001101100 Q
b10110110000000001110001001101100 1
b10110110000000001110001001101100 P
b10001001101111111010110000010011 O
b10001001101111111010110000010011 0
b10001001101111111010110000010011 N
b10010100001000110010001000101000 M
b10010100001000110010001000101000 /
b10010100001000110010001000101000 L
b111000111011101101110101110001 K
b111000111011101101110101110001 .
b111000111011101101110101110001 J
b11100110111001001011100011001101 I
b11100110111001001011100011001101 -
b11100110111001001011100011001101 H
b1000100001011010000011110001000 G
b1000100001011010000011110001000 ,
b1000100001011010000011110001000 F
b100000110111001011111101000001 9
b100000110111001011111101000001 %
b100000110111001011111101000001 8
b100101000001010011100101001010 #
b100101000001010011100101001010 6
b1001111 5
#805000
1"
#810000
b10111000001100110001100001110000 7
b10111000001100110001100001110000 Y
0"
b1001111000011001000111110011110 E
b1001111000011001000111110011110 +
b1001111000011001000111110011110 D
b1001100010101001110000110011000 C
b1001100010101001110000110011000 *
b1001100010101001110000110011000 B
b11110100000010010110100011101000 A
b11110100000010010110100011101000 )
b11110100000010010110100011101000 @
b11001010011010011000001010010100 ?
b11001010011010011000001010010100 (
b11001010011010011000001010010100 >
b1111001011110000110100111110010 =
b1111001011110000110100111110010 '
b1111001011110000110100111110010 <
b10111001010101011011011001110010 ;
b10111001010101011011011001110010 &
b10111001010101011011011001110010 :
b1100111110111010101001111001111 W
b1100111110111010101001111001111 4
b1100111110111010101001111001111 V
b100111001111111011111101001110 U
b100111001111111011111101001110 3
b100111001111111011111101001110 T
b110000010110001110111101100000 S
b110000010110001110111101100000 2
b110000010110001110111101100000 R
b10111000001100110001100001110000 Q
b10111000001100110001100001110000 1
b10111000001100110001100001110000 P
b10110011101010100011011001100111 O
b10110011101010100011011001100111 0
b10110011101010100011011001100111 N
b1000101000001100010000110001010 M
b1000101000001100010000110001010 /
b1000101000001100010000110001010 L
b1101000000010100110111111010000 K
b1101000000010100110111111010000 .
b1101000000010100110111111010000 J
b1110001100001101010101111100011 I
b1110001100001101010101111100011 -
b1110001100001101010101111100011 H
b10100100011011000100100001001000 G
b10100100011011000100100001001000 ,
b10100100011011000100100001001000 F
b10010010100101011010101000100101 9
b10010010100101011010101000100101 %
b10010010100101011010101000100101 8
b1100100011001100000000111001000 #
b1100100011001100000000111001000 6
b1010000 5
#815000
1"
#820000
b11010000111010111100110010100001 7
b11010000111010111100110010100001 Y
0"
b10010000000100111000010000100000 E
b10010000000100111000010000100000 +
b10010000000100111000010000100000 D
b1011011000110110011100010110 C
b1011011000110110011100010110 *
b1011011000110110011100010110 B
b1001110000101010110111110011100 A
b1001110000101010110111110011100 )
b1001110000101010110111110011100 @
b10010111010000111011111000101110 ?
b10010111010000111011111000101110 (
b10010111010000111011111000101110 >
b11101110100110000000100111011 =
b11101110100110000000100111011 '
b11101110100110000000100111011 <
b11110101100101001110011011101011 ;
b11110101100101001110011011101011 &
b11110101100101001110011011101011 :
b10010100101010111111100100101 W
b10010100101010111111100100101 4
b10010100101010111111100100101 V
b10000110000101100010100100001 U
b10000110000101100010100100001 3
b10000110000101100010100100001 T
b11010000111010111100110010100001 S
b11010000111010111100110010100001 2
b11010000111010111100110010100001 R
b11001010010110010100000010010100 Q
b11001010010110010100000010010100 1
b11001010010110010100000010010100 P
b1010000110110010000100110100001 O
b1010000110110010000100110100001 0
b1010000110110010000100110100001 N
b1110000010011010111010111100000 M
b1110000010011010111010111100000 /
b1110000010011010111010111100000 L
b11100001000100010111100111000 K
b11100001000100010111100111000 .
b11100001000100010111100111000 J
b11010111111000011100011010101111 I
b11010111111000011100011010101111 -
b11010111111000011100011010101111 H
b11100101101000101011001011001011 G
b11100101101000101011001011001011 ,
b11100101101000101011001011001011 F
b11000110101011010000010010001101 9
b11000110101011010000010010001101 %
b11000110101011010000010010001101 8
b1111100010100000010101111111000 #
b1111100010100000010101111111000 6
b1010001 5
#825000
1"
#830000
b10011010010101101011110000110100 7
b10011010010101101011110000110100 Y
0"
b10111010010001100000001001110100 E
b10111010010001100000001001110100 +
b10111010010001100000001001110100 D
b10011010010101101011110000110100 C
b10011010010101101011110000110100 *
b10011010010101101011110000110100 B
b111000101111011000110101110001 A
b111000101111011000110101110001 )
b111000101111011000110101110001 @
b11000011011110100111100010000110 ?
b11000011011110100111100010000110 (
b11000011011110100111100010000110 >
b1000001100110000111111110000011 =
b1000001100110000111111110000011 '
b1000001100110000111111110000011 <
b101001001101001001100101010010 ;
b101001001101001001100101010010 &
b101001001101001001100101010010 :
b10011011110011011111001000110111 W
b10011011110011011111001000110111 4
b10011011110011011111001000110111 V
b1110101101110000000000111101011 U
b1110101101110000000000111101011 3
b1110101101110000000000111101011 T
b11001011101110011110001010010111 S
b11001011101110011110001010010111 2
b11001011101110011110001010010111 R
b110100001001000011011101101000 Q
b110100001001000011011101101000 1
b110100001001000011011101101000 P
b11001100000110110110000010011000 O
b11001100000110110110000010011000 0
b11001100000110110110000010011000 N
b1110100010110111111010111101000 M
b1110100010110111111010111101000 /
b1110100010110111111010111101000 L
b10000011101001011010000000000111 K
b10000011101001011010000000000111 .
b10000011101001011010000000000111 J
b10101110101101100100000101 I
b10101110101101100100000101 -
b10101110101101100100000101 H
b10010110111011000010101000101101 G
b10010110111011000010101000101101 ,
b10010110111011000010101000101101 F
b11001010100100011111100010010101 9
b11001010100100011111100010010101 %
b11001010100100011111100010010101 8
b11100001001100011110111011000010 #
b11100001001100011110111011000010 6
b1010010 5
#835000
1"
#840000
b1100101111000101111111111001011 7
b1100101111000101111111111001011 Y
0"
b10011110111001100011011000111101 E
b10011110111001100011011000111101 +
b10011110111001100011011000111101 D
b11111010111101000100001011110101 C
b11111010111101000100001011110101 *
b11111010111101000100001011110101 B
b10101010100001101000100101010 A
b10101010100001101000100101010 )
b10101010100001101000100101010 @
b11011001011011111110100110110 ?
b11011001011011111110100110110 (
b11011001011011111110100110110 >
b1100101111000101111111111001011 =
b1100101111000101111111111001011 '
b1100101111000101111111111001011 <
b10001010111000101010110000010101 ;
b10001010111000101010110000010101 &
b10001010111000101010110000010101 :
b11000000110101010100110010000001 W
b11000000110101010100110010000001 4
b11000000110101010100110010000001 V
b11100010100001101000100011000101 U
b11100010100001101000100011000101 3
b11100010100001101000100011000101 T
b11000111101011000100000010001111 S
b11000111101011000100000010001111 2
b11000111101011000100000010001111 R
b11111010011011011010111011110100 Q
b11111010011011011010111011110100 1
b11111010011011011010111011110100 P
b11000110001111111111101010001100 O
b11000110001111111111101010001100 0
b11000110001111111111101010001100 N
b1000001010100100100101110000010 M
b1000001010100100100101110000010 /
b1000001010100100100101110000010 L
b100010001110101101110101000100 K
b100010001110101101110101000100 .
b100010001110101101110101000100 J
b11000100001011011011100010001000 I
b11000100001011011011100010001000 -
b11000100001011011011100010001000 H
b1100110001101110001111111001100 G
b1100110001101110001111111001100 ,
b1100110001101110001111111001100 F
b11111001001011001001101011110010 9
b11111001001011001001101011110010 %
b11111001001011001001101011110010 8
b10111001011000110111100001110010 #
b10111001011000110111100001110010 6
b1010011 5
#845000
1"
#850000
b1001001101101001100000110010011 7
b1001001101101001100000110010011 Y
0"
b111011000110111010000101110110 E
b111011000110111010000101110110 +
b111011000110111010000101110110 D
b10101011101010010010111001010111 C
b10101011101010010010111001010111 *
b10101011101010010010111001010111 B
b11011111000001111011000010111110 A
b11011111000001111011000010111110 )
b11011111000001111011000010111110 @
b10011000111110001100000000110001 ?
b10011000111110001100000000110001 (
b10011000111110001100000000110001 >
b11001011100001111011101010010111 =
b11001011100001111011101010010111 '
b11001011100001111011101010010111 <
b1010110011011100000000110101100 ;
b1010110011011100000000110101100 &
b1010110011011100000000110101100 :
b1010001101111010100011110100011 W
b1010001101111010100011110100011 4
b1010001101111010100011110100011 V
b1011010101111000001110110110101 U
b1011010101111000001110110110101 3
b1011010101111000001110110110101 T
b10101000111000011010101001010001 S
b10101000111000011010101001010001 2
b10101000111000011010101001010001 R
b111001001000010011101101110010 Q
b111001001000010011101101110010 1
b111001001000010011101101110010 P
b10111001010010010010010001110010 O
b10111001010010010010010001110010 0
b10111001010010010010010001110010 N
b11100010010101100001110011000100 M
b11100010010101100001110011000100 /
b11100010010101100001110011000100 L
b11110010011100010000001011100100 K
b11110010011100010000001011100100 .
b11110010011100010000001011100100 J
b1001001101101001100000110010011 I
b1001001101101001100000110010011 -
b1001001101101001100000110010011 H
b11110111001000001011110011101110 G
b11110111001000001011110011101110 ,
b11110111001000001011110011101110 F
b10011101101111100000000000111011 9
b10011101101111100000000000111011 %
b10011101101111100000000000111011 8
b100011011001100001011101000110 #
b100011011001100001011101000110 6
b1010100 5
#855000
1"
#860000
b110110100001011111001101101101 7
b110110100001011111001101101101 Y
0"
b10110010001111001101100101100 E
b10110010001111001101100101100 +
b10110010001111001101100101100 D
b10010110100100000011010000101101 C
b10010110100100000011010000101101 *
b10010110100100000011010000101101 B
b1000011111110110110010110000111 A
b1000011111110110110010110000111 )
b1000011111110110110010110000111 @
b11100101000010110100100011001010 ?
b11100101000010110100100011001010 (
b11100101000010110100100011001010 >
b1001011000001011000101110010110 =
b1001011000001011000101110010110 '
b1001011000001011000101110010110 <
b1100111010111011100010111001110 ;
b1100111010111011100010111001110 &
b1100111010111011100010111001110 :
b1101111110100111111100011011 W
b1101111110100111111100011011 4
b1101111110100111111100011011 V
b1101011100000110100110111010111 U
b1101011100000110100110111010111 3
b1101011100000110100110111010111 T
b1111110101100000000101111111101 S
b1111110101100000000101111111101 2
b1111110101100000000101111111101 R
b1100110110000100101100111001101 Q
b1100110110000100101100111001101 1
b1100110110000100101100111001101 P
b110110100001011111001101101101 O
b110110100001011111001101101101 0
b110110100001011111001101101101 N
b10001111011101110100011000011110 M
b10001111011101110100011000011110 /
b10001111011101110100011000011110 L
b111001001111011001101101110010 K
b111001001111011001101101110010 .
b111001001111011001101101110010 J
b10010100101010101000010000101001 I
b10010100101010101000010000101001 -
b10010100101010101000010000101001 H
b10111001110010001010000001110011 G
b10111001110010001010000001110011 ,
b10111001110010001010000001110011 F
b10000000011110011010110000000000 9
b10000000011110011010110000000000 %
b10000000011110011010110000000000 8
b1011010001101101000000110110100 #
b1011010001101101000000110110100 6
b1010101 5
#865000
1"
#870000
b11111001111100011101010011110011 7
b11111001111100011101010011110011 Y
0"
b1100000000010010101000111000000 E
b1100000000010010101000111000000 +
b1100000000010010101000111000000 D
b10000110010110000101000000001100 C
b10000110010110000101000000001100 *
b10000110010110000101000000001100 B
b11101100110001101101010011011001 A
b11101100110001101101010011011001 )
b11101100110001101101010011011001 @
b11101111111010111101010011011111 ?
b11101111111010111101010011011111 (
b11101111111010111101010011011111 >
b1111110010010100000111111111100 =
b1111110010010100000111111111100 '
b1111110010010100000111111111100 <
b1001110111011100011001110011101 ;
b1001110111011100011001110011101 &
b1001110111011100011001110011101 :
b1000001000000110001100110000010 W
b1000001000000110001100110000010 4
b1000001000000110001100110000010 V
b1001101001001110111100110011010 U
b1001101001001110111100110011010 3
b1001101001001110111100110011010 T
b1010100010011111011111110101000 S
b1010100010011111011111110101000 2
b1010100010011111011111110101000 R
b110110001110000001001101101100 Q
b110110001110000001001101101100 1
b110110001110000001001101101100 P
b1011100110010111001001110111001 O
b1011100110010111001001110111001 0
b1011100110010111001001110111001 N
b1011000000010010110010110110000 M
b1011000000010010110010110110000 /
b1011000000010010110010110110000 L
b11110111000110001011100111101 K
b11110111000110001011100111101 .
b11110111000110001011100111101 J
b1000001100011010111001110000011 I
b1000001100011010111001110000011 -
b1000001100011010111001110000011 H
b11111001111100011101010011110011 G
b11111001111100011101010011110011 ,
b11111001111100011101010011110011 F
b10001001101010111110100100010 9
b10001001101010111110100100010 %
b10001001101010111110100100010 8
b10010111100111000100100100101 #
b10010111100111000100100100101 6
b1010110 5
#875000
1"
#880000
b10111110110011101111111001111101 7
b10111110110011101111111001111101 Y
0"
b10011111110101100010100000111111 E
b10011111110101100010100000111111 +
b10011111110101100010100000111111 D
b11000111111101100000001010001111 C
b11000111111101100000001010001111 *
b11000111111101100000001010001111 B
b1000100011111010001100010001 A
b1000100011111010001100010001 )
b1000100011111010001100010001 @
b10000101100000101000000000001011 ?
b10000101100000101000000000001011 (
b10000101100000101000000000001011 >
b1001011010010011000001110010110 =
b1001011010010011000001110010110 '
b1001011010010011000001110010110 <
b10111110110011101111111001111101 ;
b10111110110011101111111001111101 &
b10111110110011101111111001111101 :
b110101111010011011011101101011 W
b110101111010011011011101101011 4
b110101111010011011011101101011 V
b1111100010101011101100011111 U
b1111100010101011101100011111 3
b1111100010101011101100011111 T
b1100010100111110111100011000 S
b1100010100111110111100011000 2
b1100010100111110111100011000 R
b11011110111111011001110010111101 Q
b11011110111111011001110010111101 1
b11011110111111011001110010111101 P
b1111100100110110011011111111001 O
b1111100100110110011011111111001 0
b1111100100110110011011111111001 N
b11000100011000000101100010001000 M
b11000100011000000101100010001000 /
b11000100011000000101100010001000 L
b1010001100110101001010110100011 K
b1010001100110101001010110100011 .
b1010001100110101001010110100011 J
b11010100001101111001000010101000 I
b11010100001101111001000010101000 -
b11010100001101111001000010101000 H
b10100111100111001010100001001111 G
b10100111100111001010100001001111 ,
b10100111100111001010100001001111 F
b1000000111110011111000110000001 9
b1000000111110011111000110000001 %
b1000000111110011111000110000001 8
b10101110011110100101010001011100 #
b10101110011110100101010001011100 6
b1010111 5
#885000
1"
#890000
b10111101100000100011101001111011 7
b10111101100000100011101001111011 Y
0"
b10001110110110001000101000011101 E
b10001110110110001000101000011101 +
b10001110110110001000101000011101 D
b10010011010001111111100000100110 C
b10010011010001111111100000100110 *
b10010011010001111111100000100110 B
b1001101101001010001100010011 A
b1001101101001010001100010011 )
b1001101101001010001100010011 @
b10100110101001001001100101001 ?
b10100110101001001001100101001 (
b10100110101001001001100101001 >
b1101001010001100011100111010010 =
b1101001010001100011100111010010 '
b1101001010001100011100111010010 <
b11110101101000110110101011101011 ;
b11110101101000110110101011101011 &
b11110101101000110110101011101011 :
b1101011001010001101100011010 W
b1101011001010001101100011010 4
b1101011001010001101100011010 V
b1101110111011110001010111011101 U
b1101110111011110001010111011101 3
b1101110111011110001010111011101 T
b11110110001111010011100111101 S
b11110110001111010011100111101 2
b11110110001111010011100111101 R
b1101011100111101110000111010111 Q
b1101011100111101110000111010111 1
b1101011100111101110000111010111 P
b11100101001001111110011011001010 O
b11100101001001111110011011001010 0
b11100101001001111110011011001010 N
b10101110111000000111011001011101 M
b10101110111000000111011001011101 /
b10101110111000000111011001011101 L
b11111111101000111010101011111111 K
b11111111101000111010101011111111 .
b11111111101000111010101011111111 J
b11100010111010000111111011000101 I
b11100010111010000111111011000101 -
b11100010111010000111111011000101 H
b10010110110111111011011000101101 G
b10010110110111111011011000101101 ,
b10010110110111111011011000101101 F
b10111101100000100011101001111011 9
b10111101100000100011101001111011 %
b10111101100000100011101001111011 8
b101001101011101011100001010 #
b101001101011101011100001010 6
b1011000 5
#895000
1"
#900000
b10110101010000100100000101 7
b10110101010000100100000101 Y
0"
b11101111011000111000100111011 E
b11101111011000111000100111011 +
b11101111011000111000100111011 D
b10110101010000100100000101 C
b10110101010000100100000101 *
b10110101010000100100000101 B
b11000110100011101100010010001101 A
b11000110100011101100010010001101 )
b11000110100011101100010010001101 @
b11110011000000000010111011100110 ?
b11110011000000000010111011100110 (
b11110011000000000010111011100110 >
b10101100110011100001110001011001 =
b10101100110011100001110001011001 '
b10101100110011100001110001011001 <
b10010001010101001111110000100010 ;
b10010001010101001111110000100010 &
b10010001010101001111110000100010 :
b10000010010010001001000000000100 W
b10000010010010001001000000000100 4
b10000010010010001001000000000100 V
b11010011100101110110010010100111 U
b11010011100101110110010010100111 3
b11010011100101110110010010100111 T
b10110110101101010101000001101101 S
b10110110101101010101000001101101 2
b10110110101101010101000001101101 R
b1111111010011001110000111111110 Q
b1111111010011001110000111111110 1
b1111111010011001110000111111110 P
b10100010111001110100111001000101 O
b10100010111001110100111001000101 0
b10100010111001110100111001000101 N
b11110111001010011001101011101110 M
b11110111001010011001101011101110 /
b11110111001010011001101011101110 L
b11111011110011101101001011110111 K
b11111011110011101101001011110111 .
b11111011110011101101001011110111 J
b11001001011110001000100010010010 I
b11001001011110001000100010010010 -
b11001001011110001000100010010010 H
b11000111011000100010011010001110 G
b11000111011000100010011010001110 ,
b11000111011000100010011010001110 F
b1111001000001101000101111110010 9
b1111001000001101000101111110010 %
b1111001000001101000101111110010 8
b11101011000101010010100011010110 #
b11101011000101010010100011010110 6
b1011001 5
#905000
1"
#910000
b10000111101100110110100000001111 7
b10000111101100110110100000001111 Y
0"
b11011010001111000011001010110100 E
b11011010001111000011001010110100 +
b11011010001111000011001010110100 D
b111001010111110001011101110010 C
b111001010111110001011101110010 *
b111001010111110001011101110010 B
b10010010110111100101010000100101 A
b10010010110111100101010000100101 )
b10010010110111100101010000100101 @
b11110111001010011000110011101110 ?
b11110111001010011000110011101110 (
b11110111001010011000110011101110 >
b10000010100111010011100100000 =
b10000010100111010011100100000 '
b10000010100111010011100100000 <
b11001011111000110100001010010111 ;
b11001011111000110100001010010111 &
b11001011111000110100001010010111 :
b10111101100011100110100101111 W
b10111101100011100110100101111 4
b10111101100011100110100101111 V
b1101000010001111111000111010000 U
b1101000010001111111000111010000 3
b1101000010001111111000111010000 T
b101101101100001101100101011011 S
b101101101100001101100101011011 2
b101101101100001101100101011011 R
b10000111101100110110100000001111 Q
b10000111101100110110100000001111 1
b10000111101100110110100000001111 P
b110110011011010110011101101100 O
b110110011011010110011101101100 0
b110110011011010110011101101100 N
b11110001110011000011100011100011 M
b11110001110011000011100011100011 /
b11110001110011000011100011100011 L
b1100000111011011110100011000 K
b1100000111011011110100011000 .
b1100000111011011110100011000 J
b11010011111011010100110010100111 I
b11010011111011010100110010100111 -
b11010011111011010100110010100111 H
b1100101100000011111001111001011 G
b1100101100000011111001111001011 ,
b1100101100000011111001111001011 F
b10100110001101101000100001001100 9
b10100110001101101000100001001100 %
b10100110001101101000100001001100 8
b1100111100101110000100111001111 #
b1100111100101110000100111001111 6
b1011010 5
#915000
1"
#920000
b11010000001000101110100010100000 7
b11010000001000101110100010100000 Y
0"
b101010011010111000001101010100 E
b101010011010111000001101010100 +
b101010011010111000001101010100 D
b10000011011000010000101000000110 C
b10000011011000010000101000000110 *
b10000011011000010000101000000110 B
b10000110100001000001100000001101 A
b10000110100001000001100000001101 )
b10000110100001000001100000001101 @
b10101101011001110110110001011010 ?
b10101101011001110110110001011010 (
b10101101011001110110110001011010 >
b1010010010101110101000110100100 =
b1010010010101110101000110100100 '
b1010010010101110101000110100100 <
b1011100111010100000101110111001 ;
b1011100111010100000101110111001 &
b1011100111010100000101110111001 :
b11010111001110110000010010101110 W
b11010111001110110000010010101110 4
b11010111001110110000010010101110 V
b1100111000111111010100111001110 U
b1100111000111111010100111001110 3
b1100111000111111010100111001110 T
b11110010011100001000110011100100 S
b11110010011100001000110011100100 2
b11110010011100001000110011100100 R
b10011010101111000111100000110101 Q
b10011010101111000111100000110101 1
b10011010101111000111100000110101 P
b10001010001000000101110000010100 O
b10001010001000000101110000010100 0
b10001010001000000101110000010100 N
b1101110001111000011011111011100 M
b1101110001111000011011111011100 /
b1101110001111000011011111011100 L
b10001111101011001001111000011111 K
b10001111101011001001111000011111 .
b10001111101011001001111000011111 J
b110001110111110100101101100011 I
b110001110111110100101101100011 -
b110001110111110100101101100011 H
b1011001100000101110000110110011 G
b1011001100000101110000110110011 ,
b1011001100000101110000110110011 F
b11010000001000101110100010100000 9
b11010000001000101110100010100000 %
b11010000001000101110100010100000 8
b10010101001010011100000100 #
b10010101001010011100000100 6
b1011011 5
#925000
1"
#930000
b101000111010100001100101010001 7
b101000111010100001100101010001 Y
0"
b10111110011101110111101001111100 E
b10111110011101110111101001111100 +
b10111110011101110111101001111100 D
b101000111010100001100101010001 C
b101000111010100001100101010001 *
b101000111010100001100101010001 B
b1100001000110100000000 A
b1100001000110100000000 )
b1100001000110100000000 @
b100100001100100111010101001000 ?
b100100001100100111010101001000 (
b100100001100100111010101001000 >
b101101101000110100111101011011 =
b101101101000110100111101011011 '
b101101101000110100111101011011 <
b1100101000101110001000111001010 ;
b1100101000101110001000111001010 &
b1100101000101110001000111001010 :
b11110010101111100101101011100101 W
b11110010101111100101101011100101 4
b11110010101111100101101011100101 V
b1101101111000110001100011011 U
b1101101111000110001100011011 3
b1101101111000110001100011011 T
b1101011001000011001000111010110 S
b1101011001000011001000111010110 2
b1101011001000011001000111010110 R
b101111010100010110011101011110 Q
b101111010100010110011101011110 1
b101111010100010110011101011110 P
b10101100100001010100011001011001 O
b10101100100001010100011001011001 0
b10101100100001010100011001011001 N
b11111100110010101100000111 M
b11111100110010101100000111 /
b11111100110010101100000111 L
b10100101100011000101010001001011 K
b10100101100011000101010001001011 .
b10100101100011000101010001001011 J
b10011011101001111000000000110111 I
b10011011101001111000000000110111 -
b10011011101001111000000000110111 H
b111101000010010100010101111010 G
b111101000010010100010101111010 ,
b111101000010010100010101111010 F
b11010000100101101001000010100001 9
b11010000100101101001000010100001 %
b11010000100101101001000010100001 8
b11101110011111100110101011011100 #
b11101110011111100110101011011100 6
b1011100 5
#935000
1"
#940000
b1111000111101101010101111110001 7
b1111000111101101010101111110001 Y
0"
b11101100000101000100011011011000 E
b11101100000101000100011011011000 +
b11101100000101000100011011011000 D
b10000110101100010001010000001101 C
b10000110101100010001010000001101 *
b10000110101100010001010000001101 B
b10110011111111110110110001100111 A
b10110011111111110110110001100111 )
b10110011111111110110110001100111 @
b10001000100101011011101000010001 ?
b10001000100101011011101000010001 (
b10001000100101011011101000010001 >
b1110111000000010010111111101110 =
b1110111000000010010111111101110 '
b1110111000000010010111111101110 <
b10001011100001001111111000010111 ;
b10001011100001001111111000010111 &
b10001011100001001111111000010111 :
b1100001001111100110100011000 W
b1100001001111100110100011000 4
b1100001001111100110100011000 V
b10111010100010111001010001110101 U
b10111010100010111001010001110101 3
b10111010100010111001010001110101 T
b11111000000011100101111011110000 S
b11111000000011100101111011110000 2
b11111000000011100101111011110000 R
b10111111111110101000010001111111 Q
b10111111111110101000010001111111 1
b10111111111110101000010001111111 P
b11100001001110010111101011000010 O
b11100001001110010111101011000010 0
b11100001001110010111101011000010 N
b10110111100101100011111001101111 M
b10110111100101100011111001101111 /
b10110111100101100011111001101111 L
b1001000111000101101011110010001 K
b1001000111000101101011110010001 .
b1001000111000101101011110010001 J
b11011111111100001011110010111111 I
b11011111111100001011110010111111 -
b11011111111100001011110010111111 H
b1100100110111101111100011001 G
b1100100110111101111100011001 ,
b1100100110111101111100011001 F
b1111000111101101010101111110001 9
b1111000111101101010101111110001 %
b1111000111101101010101111110001 8
b1110111011110101110100011101 #
b1110111011110101110100011101 6
b1011101 5
#945000
1"
#950000
b11100010101011011000010011000101 7
b11100010101011011000010011000101 Y
0"
b100010010001111011100101000100 E
b100010010001111011100101000100 +
b100010010001111011100101000100 D
b10110001010011000100101001100010 C
b10110001010011000100101001100010 *
b10110001010011000100101001100010 B
b110100011100011101100001101 A
b110100011100011101100001101 )
b110100011100011101100001101 @
b11101100110100111101100111011 ?
b11101100110100111101100111011 (
b11101100110100111101100111011 >
b10011111001110111001011000111110 =
b10011111001110111001011000111110 '
b10011111001110111001011000111110 <
b10011001010001110100010000110010 ;
b10011001010001110100010000110010 &
b10011001010001110100010000110010 :
b1011101111110111100100010111 W
b1011101111110111100100010111 4
b1011101111110111100100010111 V
b1100100000010001000010111001000 U
b1100100000010001000010111001000 3
b1100100000010001000010111001000 T
b11011110011001011110100110111 S
b11011110011001011110100110111 2
b11011110011001011110100110111 R
b11011000100101111111010010110001 Q
b11011000100101111111010010110001 1
b11011000100101111111010010110001 P
b11100010101011011000010011000101 O
b11100010101011011000010011000101 0
b11100010101011011000010011000101 N
b1101110001101111100110111011100 M
b1101110001101111100110111011100 /
b1101110001101111100110111011100 L
b10000011001110100110001000000110 K
b10000011001110100110001000000110 .
b10000011001110100110001000000110 J
b101010011001100101111101010100 I
b101010011001100101111101010100 -
b101010011001100101111101010100 H
b11010101101111000111001010101011 G
b11010101101111000111001010101011 ,
b11010101101111000111001010101011 F
b10100001001010001011100001000010 9
b10100001001010001011100001000010 %
b10100001001010001011100001000010 8
b1010111110000100111110110101111 #
b1010111110000100111110110101111 6
b1011110 5
#955000
1"
#960000
b10100110001100011110110001001100 7
b10100110001100011110110001001100 Y
0"
b10110110010001111110000001101100 E
b10110110010001111110000001101100 +
b10110110010001111110000001101100 D
b10101000001000010110001001010000 C
b10101000001000010110001001010000 *
b10101000001000010110001001010000 B
b10001001100111100110101000010011 A
b10001001100111100110101000010011 )
b10001001100111100110101000010011 @
b10100110001100011110110001001100 ?
b10100110001100011110110001001100 (
b10100110001100011110110001001100 >
b1000011011010100100011110000110 =
b1000011011010100100011110000110 '
b1000011011010100100011110000110 <
b11000001100011010001110010000011 ;
b11000001100011010001110010000011 &
b11000001100011010001110010000011 :
b11001011000110111011011010010110 W
b11001011000110111011011010010110 4
b11001011000110111011011010010110 V
b11101111110001011100000011011111 U
b11101111110001011100000011011111 3
b11101111110001011100000011011111 T
b10111000111110000011100001110001 S
b10111000111110000011100001110001 2
b10111000111110000011100001110001 R
b10101100101111001101000001011001 Q
b10101100101111001101000001011001 1
b10101100101111001101000001011001 P
b11011100000000010011100110111 O
b11011100000000010011100110111 0
b11011100000000010011100110111 N
b1100000111111011001001111000001 M
b1100000111111011001001111000001 /
b1100000111111011001001111000001 L
b11010000000110110101100010100000 K
b11010000000110110101100010100000 .
b11010000000110110101100010100000 J
b11111001011111001011010011110010 I
b11111001011111001011010011110010 -
b11111001011111001011010011110010 H
b1100111101101001100000111001111 G
b1100111101101001100000111001111 ,
b1100111101101001100000111001111 F
b100100000000100111001101001000 9
b100100000000100111001101001000 %
b100100000000100111001101001000 8
b11001111101011010000111010011111 #
b11001111101011010000111010011111 6
b1011111 5
#965000
1"
#970000
b10100101110010101101010001001011 7
b10100101110010101101010001001011 Y
0"
b11010110000010010101101010101100 E
b11010110000010010101101010101100 +
b11010110000010010101101010101100 D
b1010110110000010111100010101 C
b1010110110000010111100010101 *
b1010110110000010111100010101 B
b11101111101010100111100011011111 A
b11101111101010100111100011011111 )
b11101111101010100111100011011111 @
b11110001110100011010011011100011 ?
b11110001110100011010011011100011 (
b11110001110100011010011011100011 >
b10100110011111110010101001001100 =
b10100110011111110010101001001100 '
b10100110011111110010101001001100 <
b1111110110111011100110111111101 ;
b1111110110111011100110111111101 &
b1111110110111011100110111111101 :
b10111101101010100111100101111 W
b10111101101010100111100101111 4
b10111101101010100111100101111 V
b11100010010101011000001011000100 U
b11100010010101011000001011000100 3
b11100010010101011000001011000100 T
b10100101110010101101010001001011 S
b10100101110010101101010001001011 2
b10100101110010101101010001001011 R
b1110110111101011110100111101101 Q
b1110110111101011110100111101101 1
b1110110111101011110100111101101 P
b11100010010101101101000011000100 O
b11100010010101101101000011000100 0
b11100010010101101101000011000100 N
b11000110101011011111010010001101 M
b11000110101011011111010010001101 /
b11000110101011011111010010001101 L
b1001011011011010101100010010 K
b1001011011011010101100010010 .
b1001011011011010101100010010 J
b10000100011100110010001000001000 I
b10000100011100110010001000001000 -
b10000100011100110010001000001000 H
b11010111001010000011000010101110 G
b11010111001010000011000010101110 ,
b11010111001010000011000010101110 F
b11101110001010000000100111011 9
b11101110001010000000100111011 %
b11101110001010000000100111011 8
b1111100100101011100000111111001 #
b1111100100101011100000111111001 6
b1100000 5
#975000
1"
#980000
b11101001110010000110000011010011 7
b11101001110010000110000011010011 Y
0"
b11011100110001110001010010111001 E
b11011100110001110001010010111001 +
b11011100110001110001010010111001 D
b10011011101100000011111000110111 C
b10011011101100000011111000110111 *
b10011011101100000011111000110111 B
b1010111111001111100100010101 A
b1010111111001111100100010101 )
b1010111111001111100100010101 @
b11100101111111011111101011001011 ?
b11100101111111011111101011001011 (
b11100101111111011111101011001011 >
b101000011011001111111101010000 =
b101000011011001111111101010000 '
b101000011011001111111101010000 <
b1010001000110001111010110100010 ;
b1010001000110001111010110100010 &
b1010001000110001111010110100010 :
b10010101001001000001000000101010 W
b10010101001001000001000000101010 4
b10010101001001000001000000101010 V
b100100100111110010111101001001 U
b100100100111110010111101001001 3
b100100100111110010111101001001 T
b10111010100010111010110001110101 S
b10111010100010111010110001110101 2
b10111010100010111010110001110101 R
b11111000110000011011001011110001 Q
b11111000110000011011001011110001 1
b11111000110000011011001011110001 P
b11001110000001001010100110011 O
b11001110000001001010100110011 0
b11001110000001001010100110011 N
b11000000010101011011110010000000 M
b11000000010101011011110010000000 /
b11000000010101011011110010000000 L
b11101001110010000110000011010011 K
b11101001110010000110000011010011 .
b11101001110010000110000011010011 J
b11011010000001100111100110110 I
b11011010000001100111100110110 -
b11011010000001100111100110110 H
b1111100100011100010011111111001 G
b1111100100011100010011111111001 ,
b1111100100011100010011111111001 F
b1011011110001111101100110110111 9
b1011011110001111101100110110111 %
b1011011110001111101100110110111 8
b110111010011100001110101101110 #
b110111010011100001110101101110 6
b1100001 5
#985000
1"
#990000
b101110011111010111100001011 7
b101110011111010111100001011 Y
0"
b101110011111010111100001011 E
b101110011111010111100001011 +
b101110011111010111100001011 D
b11100100011001101110011011001000 C
b11100100011001101110011011001000 *
b11100100011001101110011011001000 B
b11011101100111010111000010111011 A
b11011101100111010111000010111011 )
b11011101100111010111000010111011 @
b1101100000101010011111111011000 ?
b1101100000101010011111111011000 (
b1101100000101010011111111011000 >
b1110111101101110100100011101 =
b1110111101101110100100011101 '
b1110111101101110100100011101 <
b10011101101101110111010000111011 ;
b10011101101101110111010000111011 &
b10011101101101110111010000111011 :
b101000011000100100101101010000 W
b101000011000100100101101010000 4
b101000011000100100101101010000 V
b10100111001011000000111001001110 U
b10100111001011000000111001001110 3
b10100111001011000000111001001110 T
b1110101111101011011100111101011 S
b1110101111101011011100111101011 2
b1110101111101011011100111101011 R
b10100101000101010011001001001010 Q
b10100101000101010011001001001010 1
b10100101000101010011001001001010 P
b1000000010111010101111110000000 O
b1000000010111010101111110000000 0
b1000000010111010101111110000000 N
b11100110101110011110100111001 M
b11100110101110011110100111001 /
b11100110101110011110100111001 L
b10001001001101001001010000010010 K
b10001001001101001001010000010010 .
b10001001001101001001010000010010 J
b1110001101100110011100011100 I
b1110001101100110011100011100 -
b1110001101100110011100011100 H
b1110110011110011111111111101100 G
b1110110011110011111111111101100 ,
b1110110011110011111111111101100 F
b1101011110110110100100011010 9
b1101011110110110100100011010 %
b1101011110110110100100011010 8
b11111001101001101010111011110011 #
b11111001101001101010111011110011 6
b1100010 5
#995000
1"
#1000000
b1101000000011011101101111010000 7
b1101000000011011101101111010000 Y
0"
b11100000110010001001111011000001 E
b11100000110010001001111011000001 +
b11100000110010001001111011000001 D
b1101000000011011101101111010000 C
b1101000000011011101101111010000 *
b1101000000011011101101111010000 B
b1000010001001001001011110000100 A
b1000010001001001001011110000100 )
b1000010001001001001011110000100 @
b10000000101000111110110000000001 ?
b10000000101000111110110000000001 (
b10000000101000111110110000000001 >
b1001011010000000000000110010110 =
b1001011010000000000000110010110 '
b1001011010000000000000110010110 <
b110101001100000100001101101010 ;
b110101001100000100001101101010 &
b110101001100000100001101101010 :
b1100011101110000000010111000111 W
b1100011101110000000010111000111 4
b1100011101110000000010111000111 V
b10111011111100010110100101110 U
b10111011111100010110100101110 3
b10111011111100010110100101110 T
b100001101001001100101101000011 S
b100001101001001100101101000011 2
b100001101001001100101101000011 R
b1010100001000111110111110101000 Q
b1010100001000111110111110101000 1
b1010100001000111110111110101000 P
b11011001000010010001001010110010 O
b11011001000010010001001010110010 0
b11011001000010010001001010110010 N
b10010001000100001101010000100010 M
b10010001000100001101010000100010 /
b10010001000100001101010000100010 L
b11101011011110001110000011010110 K
b11101011011110001110000011010110 .
b11101011011110001110000011010110 J
b1101110001011100101100111011100 I
b1101110001011100101100111011100 -
b1101110001011100101100111011100 H
b10100111000111110000100001001110 G
b10100111000111110000100001001110 ,
b10100111000111110000100001001110 F
b11001011110111000011101010010111 9
b11001011110111000011101010010111 %
b11001011110111000011101010010111 8
b11100000000010011110010011000000 #
b11100000000010011110010011000000 6
b1100011 5
#1005000
1"
#1010000
0"
b1100100 5
