$date
	Thu Apr 10 20:35:18 2025
$end
$version
	Icarus Verilog
$end
$timescale
	1ps
$end
$scope module usb_phy_tb $end
$var wire 1 ! usb_rst $end
$var wire 1 " txoe $end
$var wire 1 # txdp $end
$var wire 1 $ txdn $end
$var wire 1 % TxReady_o $end
$var wire 1 & RxValid_o $end
$var wire 1 ' RxError_o $end
$var wire 1 ( RxActive_o $end
$var wire 2 ) LineState_o [1:0] $end
$var wire 8 * DataIn_o [7:0] $end
$var reg 8 + DataOut_i [7:0] $end
$var reg 1 , TxValid_i $end
$var reg 1 - clk $end
$var reg 1 . phy_tx_mode $end
$var reg 1 / rst $end
$var reg 1 0 rxd $end
$var reg 1 1 rxdn $end
$var reg 1 2 rxdp $end
$var integer 32 3 i [31:0] $end
$scope module uut $end
$var wire 8 4 DataIn_o [7:0] $end
$var wire 8 5 DataOut_i [7:0] $end
$var wire 1 ( RxActive_o $end
$var wire 1 ' RxError_o $end
$var wire 1 & RxValid_o $end
$var wire 1 % TxReady_o $end
$var wire 1 , TxValid_i $end
$var wire 1 - clk $end
$var wire 1 . phy_tx_mode $end
$var wire 1 / rst $end
$var wire 1 0 rxd $end
$var wire 1 1 rxdn $end
$var wire 1 2 rxdp $end
$var wire 1 $ txdn $end
$var wire 1 # txdp $end
$var wire 1 " txoe $end
$var wire 1 6 i_tx_phy_stuff $end
$var wire 2 7 LineState_o [1:0] $end
$var reg 3 8 i_rx_phy_bit_cnt [2:0] $end
$var reg 1 9 i_rx_phy_bit_stuff_err $end
$var reg 1 : i_rx_phy_byte_err $end
$var reg 2 ; i_rx_phy_dpll_next_state [1:0] $end
$var reg 2 < i_rx_phy_dpll_state [1:0] $end
$var reg 1 = i_rx_phy_fs_ce $end
$var reg 1 > i_rx_phy_fs_ce_d $end
$var reg 1 ? i_rx_phy_fs_ce_r1 $end
$var reg 1 @ i_rx_phy_fs_ce_r2 $end
$var reg 3 A i_rx_phy_fs_next_state [2:0] $end
$var reg 3 B i_rx_phy_fs_state [2:0] $end
$var reg 8 C i_rx_phy_hold_reg [7:0] $end
$var reg 3 D i_rx_phy_one_cnt [2:0] $end
$var reg 1 E i_rx_phy_rx_active $end
$var reg 1 F i_rx_phy_rx_en $end
$var reg 1 G i_rx_phy_rx_valid $end
$var reg 1 H i_rx_phy_rx_valid1 $end
$var reg 1 I i_rx_phy_rx_valid_r $end
$var reg 1 J i_rx_phy_rxd_r $end
$var reg 1 K i_rx_phy_rxd_s $end
$var reg 1 L i_rx_phy_rxd_s0 $end
$var reg 1 M i_rx_phy_rxd_s1 $end
$var reg 1 N i_rx_phy_rxdn_s $end
$var reg 1 O i_rx_phy_rxdn_s0 $end
$var reg 1 P i_rx_phy_rxdn_s1 $end
$var reg 1 Q i_rx_phy_rxdn_s_r $end
$var reg 1 R i_rx_phy_rxdp_s $end
$var reg 1 S i_rx_phy_rxdp_s0 $end
$var reg 1 T i_rx_phy_rxdp_s1 $end
$var reg 1 U i_rx_phy_rxdp_s_r $end
$var reg 1 V i_rx_phy_sd_nrzi $end
$var reg 1 W i_rx_phy_sd_r $end
$var reg 1 X i_rx_phy_se0_r $end
$var reg 1 Y i_rx_phy_se0_s $end
$var reg 1 Z i_rx_phy_shift_en $end
$var reg 1 [ i_rx_phy_sync_err $end
$var reg 1 \ i_rx_phy_sync_err_d $end
$var reg 1 ] i_rx_phy_synced_d $end
$var reg 1 ^ i_tx_phy_TxReady_o $end
$var reg 1 _ i_tx_phy_append_eop $end
$var reg 1 ` i_tx_phy_append_eop_sync1 $end
$var reg 1 a i_tx_phy_append_eop_sync2 $end
$var reg 1 b i_tx_phy_append_eop_sync3 $end
$var reg 1 c i_tx_phy_append_eop_sync4 $end
$var reg 3 d i_tx_phy_bit_cnt [2:0] $end
$var reg 1 e i_tx_phy_data_done $end
$var reg 8 f i_tx_phy_hold_reg [7:0] $end
$var reg 8 g i_tx_phy_hold_reg_d [7:0] $end
$var reg 1 h i_tx_phy_ld_data $end
$var reg 1 i i_tx_phy_ld_data_d $end
$var reg 1 j i_tx_phy_ld_eop_d $end
$var reg 1 k i_tx_phy_ld_sop_d $end
$var reg 3 l i_tx_phy_next_state [2:0] $end
$var reg 3 m i_tx_phy_one_cnt [2:0] $end
$var reg 1 n i_tx_phy_sd_bs_o $end
$var reg 1 o i_tx_phy_sd_nrzi_o $end
$var reg 1 p i_tx_phy_sd_raw_o $end
$var reg 1 q i_tx_phy_sft_done $end
$var reg 1 r i_tx_phy_sft_done_r $end
$var reg 3 s i_tx_phy_state [2:0] $end
$var reg 1 t i_tx_phy_tx_ip $end
$var reg 1 u i_tx_phy_tx_ip_sync $end
$var reg 1 v i_tx_phy_tx_ready_d $end
$var reg 1 w i_tx_phy_txdn $end
$var reg 1 x i_tx_phy_txdp $end
$var reg 1 y i_tx_phy_txoe $end
$var reg 1 z i_tx_phy_txoe_r1 $end
$var reg 1 { i_tx_phy_txoe_r2 $end
$var reg 5 | rst_cnt [4:0] $end
$var reg 1 ! usb_rst $end
$upscope $end
$upscope $end
$enddefinitions $end
$comment Show the parameter values. $end
$dumpall
$end
#0
$dumpvars
b0 |
0{
0z
1y
1x
0w
0v
0u
0t
b0 s
xr
xq
xp
1o
0n
b0 m
b0 l
0k
0j
0i
xh
bx g
bx f
0e
b0 d
0c
0b
0a
0`
0_
0^
0]
0\
x[
xZ
xY
xX
xW
0V
xU
xT
xS
xR
xQ
xP
xO
xN
xM
xL
xK
xJ
xI
0H
xG
xF
0E
b0 D
bx C
b0 B
b0 A
x@
x?
1>
x=
b1 <
b10 ;
x:
x9
b0 8
bx 7
06
b0 5
bx 4
bx 3
02
01
00
0/
0.
0-
0,
b0 +
bx *
bx )
0(
x'
x&
0%
0$
1#
1"
0!
$end
#5000
0'
1>
0h
0p
0q
1F
0[
0L
0S
0O
1?
09
0&
0G
0:
1-
#10000
b1 l
1k
0-
1,
b1101 +
b1101 5
11
12
10
b0 3
1/
#15000
0k
b11 ;
0>
1@
0Q
0P
1O
0U
b0 )
b0 7
0T
1S
0M
1L
b10000000 f
0r
1t
1e
b1 s
b10 <
1V
1-
#20000
0-
b1110110 +
b1110110 5
00
1.
b1 3
#25000
b0 ;
b10000000 g
0L
1M
1T
0R
b11 )
b11 7
1P
0N
0?
1=
b11 <
1-
#30000
0-
0,
b11000101 +
b11000101 5
01
b10 3
#35000
b1 ;
1X
0Z
0I
0@
1Y
1N
1Q
0O
1R
1U
0M
1u
0e
b0 <
b1 D
b1 8
1-
#40000
0-
b11110010 +
b11110010 5
11
02
10
b11 3
#45000
b10 ;
1>
1L
0K
0S
1O
b1 )
b1 7
0P
0Q
0Y
0=
0X
b0 8
b0 D
b1 <
1z
b1 d
1-
#50000
0-
1,
b101101 +
b101101 5
0.
b100 3
#55000
b11 ;
0>
1?
0J
0N
1P
0U
b10 )
b10 7
0T
1M
b10 <
1-
#60000
0-
b10101010 +
b10101010 5
01
00
1.
b101 3
#65000
b0 ;
0L
1K
0R
0O
1Q
1N
0?
1@
b11 <
1-
#70000
0-
b1101011 +
b1101011 5
11
12
10
0.
b110 3
#75000
b1 A
b1 ;
1=
0@
1J
0Q
b0 )
b0 7
0P
1O
1S
0M
1L
b0 <
1-
#80000
0-
0,
b100011 +
b100011 5
00
b111 3
#85000
b10 ;
1>
0L
1M
1T
b11 )
b11 7
1P
0N
0=
1W
b1 B
b1 <
0"
0y
1{
0o
b10 d
b1 |
1-
#90000
0-
b1000001 +
b1000001 5
01
02
b1000 3
#95000
b11 ;
0>
1X
1?
1N
1Q
0O
1R
1U
0S
0M
0F
b0 |
b10 <
1-
#100000
0-
b11000110 +
b11000110 5
12
10
b1001 3
#105000
b0 ;
1L
0K
1S
0T
0U
b0 )
b0 7
0P
0Q
0?
1@
0X
b11 <
1-
#110000
0-
1,
b10000101 +
b10000101 5
11
00
b1010 3
#115000
b1 ;
1=
0@
0J
0N
1O
0R
b1 )
b1 7
1T
1M
0L
b0 <
1-
#120000
0-
b11110001 +
b11110001 5
02
1.
b1011 3
#125000
b10 ;
1>
0M
0S
1U
1R
b11 )
b11 7
1P
1Y
0=
0W
1X
b1 <
1$
1w
0#
0x
1o
b11 d
1-
#130000
0-
b11111000 +
b11111000 5
12
0.
b1100 3
#135000
b11 ;
0>
0X
1?
1N
1Q
0U
b10 )
b10 7
0T
1S
b10 <
1-
#140000
0-
0,
b1001001 +
b1001001 5
1.
b1101 3
#145000
b0 ;
b11 )
b11 7
1T
0R
0?
1@
b11 <
1-
#150000
0-
b11000010 +
b11000010 5
01
02
10
b1110 3
#155000
b1 ;
1=
0@
0O
1R
1U
0S
1L
b0 <
1-
#160000
0-
1,
b1101101 +
b1101101 5
b1111 3
#165000
b10 ;
1>
1M
0T
0U
b0 )
b0 7
0P
0Q
0Y
0=
b1 <
0$
0w
1#
1x
0o
b100 d
1-
#170000
0-
b1011011 +
b1011011 5
12
b10000 3
#175000
b11 ;
0>
1?
0N
0R
1S
1K
b10 <
1-
#180000
0-
0,
b10001110 +
b10001110 5
02
00
b10001 3
#185000
b0 ;
0L
0S
b1 )
b1 7
1T
1J
0?
1@
1X
b11 <
1-
#190000
0-
1,
b101111 +
b101111 5
11
12
0.
b10010 3
#195000
b1 ;
1=
0@
1O
b0 )
b0 7
0T
1S
0M
b0 <
1-
#200000
0-
0,
b11100110 +
b11100110 5
1.
b10011 3
#205000
b10 ;
1>
0K
1T
b11 )
b11 7
1P
1Y
0=
1W
b1 <
1$
1w
0#
0x
1o
b101 d
b1 |
1-
#210000
0-
1,
b10110101 +
b10110101 5
02
10
b10100 3
#215000
b11 ;
0>
1?
0J
1N
1Q
1R
1U
0S
1L
b0 |
b10 <
1-
#220000
0-
0,
b10101011 +
b10101011 5
01
00
b10101 3
#225000
b0 ;
0L
1M
b10 )
b10 7
0T
0U
0O
0?
1@
0X
b11 <
1-
#230000
0-
b1010110 +
b1010110 5
11
12
0.
b10110 3
#235000
b1 ;
1=
0@
0Q
b0 )
b0 7
0P
1O
0R
1S
0M
b0 <
1-
#240000
0-
b1111001 +
b1111001 5
01
02
1.
b10111 3
#245000
b10 ;
1>
0S
1T
0O
b11 )
b11 7
1P
0N
0Y
0=
0W
b1 <
0$
0w
1#
1x
0o
b110 d
b1 |
1-
#250000
0-
1,
b11011011 +
b11011011 5
11
10
0.
b11000 3
#255000
b11 ;
0>
1X
1?
0P
1O
b0 )
b0 7
0T
1L
b0 |
b10 <
1-
#260000
0-
b10110110 +
b10110110 5
01
1.
b11001 3
#265000
b0 ;
1M
0O
b10 )
b10 7
1P
0?
1@
b11 <
1-
#270000
0-
0,
b10110100 +
b10110100 5
11
12
00
0.
b11010 3
#275000
b1 ;
1=
0@
b0 )
b0 7
0P
1O
1S
1K
0L
b0 <
1-
#280000
0-
b1000 +
b1000 5
01
10
b11011 3
#285000
b10 ;
1>
1L
0M
1T
0O
b11 )
b11 7
1P
1Y
1J
0=
1W
b1 <
0#
0x
1o
b111 d
b1 |
1-
#290000
0-
1,
b11011010 +
b11011010 5
02
1.
b11100 3
#295000
b10 l
1i
1v
b11 ;
0>
1?
b1 )
b1 7
0P
1R
1U
0S
1M
1q
1p
b0 |
b10 <
1-
#300000
1i
1v
b10 l
0-
0,
b1011110 +
b1011110 5
12
00
0.
b11101 3
#305000
b0 ;
0i
0v
1h
1r
0L
1S
b0 )
b0 7
0T
0U
0?
1@
0X
b11 <
b10 s
1-
#310000
0-
b10010110 +
b10010110 5
11
1.
b11110 3
#315000
b1 ;
1=
0@
1O
0R
b1 )
b1 7
1T
0M
b10010110 f
0h
b0 <
1-
#320000
0-
b10000110 +
b10000110 5
01
0.
b11111 3
#325000
b10 ;
1>
b10010110 g
0K
1U
1R
0O
b11 )
b11 7
1P
0=
1X
b1 <
1#
1x
0o
1n
b1 m
b0 d
1-
#330000
0-
1,
b11111010 +
b11111010 5
11
10
b100000 3
#335000
b11 ;
0>
0X
1?
0J
b1 )
b1 7
0P
1O
1L
0q
0p
b10 <
1-
#340000
0-
b11110101 +
b11110101 5
01
02
1.
b100001 3
#345000
b0 ;
0r
1M
0S
0O
b11 )
b11 7
1P
0?
1@
b11 <
1-
#350000
0-
b1001011 +
b1001011 5
12
b100010 3
#355000
b1 ;
1=
0@
0P
0U
b0 )
b0 7
0T
1S
1K
b0 <
1-
#360000
0-
b10101001 +
b10101001 5
02
00
0.
b100011 3
#365000
b10 ;
1>
0L
0S
b1 )
b1 7
1T
0R
0Y
1J
0=
b1 <
0#
0x
0n
b0 m
b1 d
b1 |
1-
#370000
0-
b101010 +
b101010 5
12
b100100 3
#375000
b11 ;
0>
1X
1?
b0 )
b0 7
0T
1S
0M
1p
b0 |
b10 <
1-
#380000
0-
b11001010 +
b11001010 5
b100101 3
#385000
b0 ;
0K
b1 )
b1 7
1T
0?
1@
b11 <
1-
#390000
0-
b11000100 +
b11000100 5
02
10
1.
b100110 3
#395000
b0 A
1\
b1 ;
1=
0@
0J
1R
1U
0S
1L
b0 <
1-
#400000
0-
0,
b11111010 +
b11111010 5
12
00
0.
b100111 3
#405000
1'
0\
b10 ;
1>
1[
0L
1M
1S
b0 )
b0 7
0T
0U
0=
0W
0X
b0 B
b1 <
1o
1n
b1 m
b10 d
1-
#410000
0-
1,
b11001010 +
b11001010 5
02
10
b101000 3
#415000
0'
b11 ;
0>
1?
0R
b1 )
b1 7
1T
0S
0M
1L
0[
b10 <
1-
#420000
0-
b11101111 +
b11101111 5
11
12
00
1.
b101001 3
#425000
b0 ;
0L
1M
1S
b0 )
b0 7
0T
1O
0?
1@
1X
b11 <
1-
#430000
0-
0,
b10001000 +
b10001000 5
10
0.
b101010 3
#435000
b1 ;
1=
0@
1P
b11 )
b11 7
1T
0M
1L
b0 <
1-
#440000
0-
b1001011 +
b1001011 5
02
00
1.
b101011 3
#445000
b10 ;
1>
0L
1M
0S
1U
1R
1Q
1N
1Y
0=
b1 <
1#
1x
b10 m
b11 d
1-
#450000
0-
b11010001 +
b11010001 5
01
10
0.
b101100 3
#455000
b11 ;
0>
0X
1?
0O
0U
b10 )
b10 7
0T
0M
1L
0p
b10 <
1-
#460000
0-
1,
b1010110 +
b1010110 5
11
1.
b101101 3
#465000
b0 ;
1M
0R
1O
b0 )
b0 7
0P
0Q
0?
1@
b11 <
1-
#470000
0-
0,
b10010 +
b10010 5
01
12
00
0.
b101110 3
#475000
b1 ;
1=
0@
0N
b10 )
b10 7
1P
0O
1S
1K
0L
b0 <
1-
#480000
0-
b10000001 +
b10000001 5
11
10
1.
b101111 3
#485000
b10 ;
1>
1L
0M
1T
1O
b1 )
b1 7
0P
1J
0=
1W
1X
b1 <
0n
b0 m
b100 d
1-
#490000
0-
b1011000 +
b1011000 5
01
b110000 3
#495000
b11 ;
0>
1?
b11 )
b11 7
1P
0O
1R
1U
1M
1p
b10 <
1-
#500000
0-
1,
b1010101 +
b1010101 5
11
02
00
0.
b110001 3
#505000
b0 ;
0L
0S
1O
b1 )
b1 7
0P
0?
1@
0X
b11 <
1-
#510000
0-
b10000100 +
b10000100 5
12
10
1.
b110010 3
#515000
b1 ;
1=
0@
1P
0U
b10 )
b10 7
0T
1S
0M
1L
b0 <
1-
#520000
0-
b11001001 +
b11001001 5
b110011 3
#525000
b10 ;
1>
1M
b11 )
b11 7
1T
0R
1Q
1N
0Y
0=
b1 <
0o
1n
b1 m
b101 d
1-
#530000
0-
0,
b10000011 +
b10000011 5
02
00
b110100 3
#535000
b11 ;
0>
1?
1R
1U
0S
0L
0p
b10 <
1-
#540000
0-
b10000110 +
b10000110 5
0.
b110101 3
#545000
b0 ;
0M
b10 )
b10 7
0T
0U
0?
1@
b11 <
1-
#550000
0-
b11000101 +
b11000101 5
01
b110110 3
#555000
b1 ;
1=
0@
0O
0R
0K
b0 <
1-
#560000
0-
b101010 +
b101010 5
10
b110111 3
#565000
b10 ;
1>
1L
b0 )
b0 7
0P
0Q
0J
0=
0W
b1 <
0#
0x
0n
b0 m
b110 d
1-
#570000
0-
b11001001 +
b11001001 5
11
12
1.
b111000 3
#575000
b11 ;
0>
1?
0N
1O
1S
1M
b10 <
1-
#580000
0-
b111 +
b111 5
01
b111001 3
#585000
b0 ;
1K
1T
0O
b11 )
b11 7
1P
0?
1@
1X
b11 <
1-
#590000
0-
b11110111 +
b11110111 5
0.
b111010 3
#595000
b1 ;
1=
0@
1J
b1 )
b1 7
0P
1R
1U
b0 <
1-
#600000
0-
b1110010 +
b1110010 5
02
b111011 3
#605000
b10 ;
1>
0S
0=
1W
0X
b1 <
1o
b111 d
1-
#610000
0-
1,
b10011110 +
b10011110 5
11
12
1.
b111100 3
#615000
b11 l
1j
b11 ;
0>
1?
1O
0U
b0 )
b0 7
0T
1S
1q
1p
b10 <
1-
#620000
0-
b11101 +
b11101 5
b111101 3
#625000
b0 ;
0j
1r
1T
0R
b11 )
b11 7
1P
0?
1@
b11 <
b11 s
1_
1-
#630000
0-
0,
b1010010 +
b1010010 5
02
0.
b111110 3
#635000
b1 ;
1X
1=
0@
1N
1Q
1R
1U
0S
b0 <
1-
#640000
0-
b10001100 +
b10001100 5
01
00
1.
b111111 3
#645000
b10 ;
1>
0L
b10 )
b10 7
0T
0U
0O
0=
0X
b1 <
1#
1x
1`
0o
1n
b1 m
b0 d
1-
#650000
0-
b1111100 +
b1111100 5
b1000000 3
#655000
b11 ;
0>
1?
0Q
b0 )
b0 7
0P
0R
0M
0q
0p
b10 <
1-
#660000
0-
b110010 +
b110010 5
11
10
0.
b1000001 3
#665000
b0 ;
0r
1L
0K
1O
0N
0?
1@
b11 <
1-
#670000
0-
1,
b1011100 +
b1011100 5
12
00
1.
b1000010 3
#675000
b1 ;
1X
1=
0@
0J
b10 )
b10 7
1P
1S
1M
0L
b0 <
1-
#680000
0-
0,
b101100 +
b101100 5
01
02
10
0.
b1000011 3
#685000
b10 ;
1>
1L
0M
0S
b11 )
b11 7
1T
0O
1Q
1N
1Y
0=
0W
b1 <
0#
0x
1a
0n
b0 m
b1 d
1-
#690000
0-
1,
b1001011 +
b1001011 5
12
00
1.
b1000100 3
#695000
b11 ;
0>
0X
1?
0Q
0P
b0 )
b0 7
0T
1S
1M
0L
1p
0_
b10 <
1-
#700000
0-
b111001 +
b111001 5
11
02
10
0.
b1000101 3
#705000
b0 ;
1L
0M
0S
b1 )
b1 7
1T
1O
0N
0?
1@
b11 <
1-
#710000
0-
b10000010 +
b10000010 5
01
12
b1000110 3
#715000
b1 ;
1X
1=
0@
1P
0O
b10 )
b10 7
0T
1S
1M
b0 <
1-
#720000
0-
0,
b11100011 +
b11100011 5
11
02
00
1.
b1000111 3
#725000
b10 ;
1>
b100 l
0L
1K
0S
1T
1O
b1 )
b1 7
0P
0=
b1 <
1$
1w
1b
0`
1o
1n
b1 m
b10 d
1-
#730000
b100 l
0-
1,
b101011 +
b101011 5
01
10
0.
b1001000 3
#735000
b11 ;
0>
1?
1J
1P
0O
b10 )
b10 7
0T
0M
1L
0t
b100 s
b10 <
1-
#740000
0-
b1101110 +
b1101110 5
12
00
b1001001 3
#745000
b0 ;
0L
1M
1S
b0 )
b0 7
0P
0?
1@
b11 <
1e
1-
#750000
0-
b1111 +
b1111 5
1.
b1001010 3
#755000
b1 ;
1=
0@
b1 )
b1 7
1T
0M
b0 <
1-
#760000
0-
b10010000 +
b10010000 5
11
10
0.
b1001011 3
#765000
b10 ;
1>
1L
0K
1U
1R
1O
0=
1W
b1 <
1#
1x
1c
0a
b10 m
b11 d
0u
1-
#770000
0-
0,
b10011011 +
b10011011 5
01
02
1.
b1001100 3
#775000
b11 ;
0>
0X
1?
0J
b11 )
b11 7
1P
0O
0S
1M
0p
0e
b0 d
b0 m
b10 <
1-
#780000
0-
1,
b1110111 +
b1110111 5
0.
b1001101 3
#785000
b0 ;
1K
0T
0U
b0 )
b0 7
0P
0?
1@
b11 <
1e
1-
#790000
0-
b10001011 +
b10001011 5
11
b1001110 3
#795000
b1 ;
1=
0@
1J
1O
0R
b0 <
1-
#800000
0-
b110000 +
b110000 5
00
1.
b1001111 3
#805000
b10 ;
1>
0L
b10 )
b10 7
1P
0=
1X
b1 <
0$
0w
0#
0x
0z
0b
0n
b1 |
1-
#810000
0-
b110 +
b110 5
01
12
10
0.
b1010000 3
#815000
b11 ;
0>
1?
1N
1Q
0O
1S
0M
1L
b0 |
b10 <
1-
#820000
0-
0,
b11100101 +
b11100101 5
02
1.
b1010001 3
#825000
b0 ;
1M
0S
1T
b1 )
b1 7
0P
0Q
0?
1@
0X
b11 <
0e
1-
#830000
0-
1,
b1101110 +
b1101110 5
11
12
0.
b1010010 3
#835000
b101 l
b1 ;
1=
0@
0N
1O
b0 )
b0 7
0T
1S
1e
b0 <
1-
#840000
0-
b1111 +
b1111 5
01
02
00
1.
b1010011 3
#845000
b10 ;
1>
0L
0S
1T
0O
b11 )
b11 7
1P
0=
1X
b1 <
b101 s
1#
1x
0{
0c
b1 |
1-
#850000
0-
b10101001 +
b10101001 5
b1010100 3
#855000
b11 ;
0>
1?
0P
b0 )
b0 7
0T
0M
b0 |
b10 <
1-
#860000
0-
b10011 +
b10011 5
11
10
b1010101 3
#865000
b0 ;
1L
0K
1O
0?
1@
b11 <
1-
#870000
0-
b111010 +
b111010 5
12
b1010110 3
#875000
b0 l
b1 ;
1=
0@
0J
b10 )
b10 7
1P
1S
1M
b0 <
1-
#880000
0-
b1011001 +
b1011001 5
02
00
0.
b1010111 3
#885000
b10 ;
1>
b1 l
1k
0L
1K
0S
b11 )
b11 7
1T
1Q
1N
0=
0W
b1 <
b0 s
1"
1y
1-
#890000
0-
b11011011 +
b11011011 5
12
10
1.
b1011000 3
#895000
0k
b11 ;
0>
0X
1?
1J
b10 )
b10 7
0T
1S
0M
1L
1F
b10000000 f
1t
b1 s
b10 <
1-
#900000
0-
0,
b1101010 +
b1101010 5
02
00
0.
b1011001 3
#905000
b0 ;
b10000000 g
0L
1M
0S
b11 )
b11 7
1T
0?
1@
b11 <
0e
1-
#910000
0-
b11110110 +
b11110110 5
01
12
10
b1011010 3
#915000
b1 ;
1=
0@
0O
b10 )
b10 7
0T
1S
0M
1L
b0 <
1-
#920000
0-
1,
b1110 +
b1110 5
11
02
1.
b1011011 3
#925000
b10 ;
1>
1M
0S
1T
1O
b1 )
b1 7
0P
0Q
0Y
0=
1W
b1 <
1u
1-
#930000
0-
b10111001 +
b10111001 5
00
0.
b1011100 3
#935000
b11 ;
0>
1?
0N
1P
b10 )
b10 7
0T
0L
b10 <
1-
#940000
0-
b10 +
b10 5
10
b1011101 3
#945000
b0 ;
1L
0M
1Q
1N
0?
1@
1X
b11 <
1-
#950000
0-
b1000 +
b1000 5
01
00
1.
b1011110 3
#955000
b1 A
b1 ;
0X
1=
0@
0O
1M
0L
b0 <
1-
#960000
0-
b1001100 +
b1001100 5
11
b1011111 3
#965000
b10 ;
1>
0M
1O
b0 )
b0 7
0P
0Q
0=
b1 B
b1 <
1z
b1 d
1-
#970000
0-
b101101 +
b101101 5
01
12
10
0.
b1100000 3
#975000
b0 ;
0>
1?
0N
b10 )
b10 7
1P
0O
1S
0K
1L
b10 <
1-
#980000
0-
b10100001 +
b10100001 5
02
00
b1100001 3
#985000
b1 ;
0L
1M
0S
1T
b1 )
b1 7
0P
0J
0?
1@
1X
b0 <
1-
#990000
0-
0,
b1101010 +
b1101010 5
12
10
1.
b1100010 3
#995000
b10 ;
1>
1=
0@
b0 )
b0 7
0T
1S
0M
1L
b1 <
1-
#1000000
0-
1,
b111 +
b111 5
02
00
0.
b1100011 3
#1005000
b11 ;
0>
0L
1M
0S
b1 )
b1 7
1T
1Y
1?
0=
0W
b10 <
0"
0y
1{
0o
b10 d
b1 |
1-
#1010000
0-
0,
b1011001 +
b1011001 5
11
12
10
1.
b1100100 3
#1015000
b0 ;
1@
0?
1O
b0 )
b0 7
0T
1S
0M
1L
0F
b0 |
b11 <
1-
#1020000
0-
1,
b11100 +
b11100 5
01
02
00
0.
b1100101 3
#1025000
b1 ;
0L
1M
0S
1T
0O
b11 )
b11 7
1P
0@
1=
b0 <
1-
#1030000
0-
b1000101 +
b1000101 5
12
1.
b1100110 3
#1035000
b10 ;
1>
0=
0P
b0 )
b0 7
0T
1S
0M
b11 d
1o
0#
0x
1$
1w
b1 <
1-
#1040000
0-
b11001 +
b11001 5
02
b1100111 3
#1045000
b11 ;
0>
0S
b1 )
b1 7
1T
1?
b10 <
1-
#1050000
0-
0,
b1011100 +
b1011100 5
10
0.
b1101000 3
#1055000
b0 ;
1@
0?
b0 )
b0 7
0T
1L
b11 <
1-
#1060000
0-
1,
b11010 +
b11010 5
12
00
b1101001 3
#1065000
b1 ;
0L
1M
1S
0@
1=
b0 <
1-
#1070000
0-
0,
b11101011 +
b11101011 5
11
b1101010 3
#1075000
b10 ;
1>
0=
1O
b1 )
b1 7
1T
0M
b1 |
b100 d
0o
1#
1x
0$
0w
b1 <
1-
#1080000
0-
b10101101 +
b10101101 5
10
b1101011 3
#1085000
b11 ;
0>
1L
1U
1R
b11 )
b11 7
1P
1?
b10 <
b0 |
1-
#1090000
0-
1,
b10000000 +
b10000000 5
1.
b1101100 3
#1095000
b0 ;
0X
1@
0?
1N
1Q
1M
b11 <
1-
#1100000
0-
b110010 +
b110010 5
01
00
0.
b1101101 3
#1105000
b1 ;
0L
1K
0O
0@
1=
b0 <
1-
#1110000
0-
0,
b101110 +
b101110 5
02
b1101110 3
#1115000
b10 ;
1>
1W
0=
1J
0Y
0Q
b1 )
b1 7
0P
0S
0M
b101 d
1o
0#
0x
b1 <
1-
#1120000
0-
1,
b10111 +
b10111 5
10
1.
b1101111 3
#1125000
b11 ;
0>
1L
0K
b0 )
b0 7
0T
0U
0N
1?
b10 <
1-
#1130000
0-
0,
b10111111 +
b10111111 5
11
12
b1110000 3
#1135000
b0 ;
1@
0?
0J
1O
0R
1S
1M
b11 <
1-
#1140000
0-
1,
b1110001 +
b1110001 5
01
02
00
b1110001 3
#1145000
b1 ;
0L
1K
0S
1T
0O
b11 )
b11 7
1P
0@
1=
1X
b0 <
1-
#1150000
0-
0,
b11100 +
b11100 5
11
12
10
0.
b1110010 3
#1155000
b10 ;
1>
0=
1J
1Y
0P
1O
b0 )
b0 7
0T
1S
0M
1L
b110 d
0o
1#
1x
b1 <
1-
#1160000
0-
b11 +
b11 5
00
b1110011 3
#1165000
b11 ;
0>
0L
1M
1T
b11 )
b11 7
1P
1?
b10 <
1-
#1170000
0-
b10110000 +
b10110000 5
01
02
1.
b1110100 3
#1175000
b0 ;
1@
0?
1N
1Q
0O
1R
1U
0S
0M
b11 <
1-
#1180000
0-
1,
b110110 +
b110110 5
12
0.
b1110101 3
#1185000
b1 ;
0K
1S
0T
0U
b0 )
b0 7
0P
0Q
0@
1=
0X
b0 <
1-
#1190000
0-
0,
b10100 +
b10100 5
11
10
1.
b1110110 3
#1195000
b10 ;
1>
0W
0=
0J
0Y
0N
1O
0R
b1 )
b1 7
1T
1L
b1 |
b111 d
1o
0#
0x
1$
1w
b1 <
1-
#1200000
0-
b100 +
b100 5
00
0.
b1110111 3
#1205000
b10 l
1i
1v
b11 ;
0>
1p
1q
0L
1M
1U
1R
b11 )
b11 7
1P
1?
1X
b10 <
b0 |
1-
#1210000
0-
b11001001 +
b11001001 5
10
1.
b1111000 3
#1215000
0i
0v
b0 ;
0X
1@
0?
1N
1Q
0M
1L
1r
1h
b10 s
b11 <
1-
#1220000
0-
b1110011 +
b1110011 5
01
00
0.
b1111001 3
#1225000
b0 A
1\
b1 ;
0h
b1110011 f
0L
1M
0O
0@
1=
b0 <
1-
#1230000
0-
b1000011 +
b1000011 5
02
b1111010 3
#1235000
1'
b10 ;
1>
0\
0=
0Q
b1 )
b1 7
0P
0S
0M
1[
b1110011 g
b0 d
b1 m
1n
0o
1#
1x
0$
0w
b1 <
b0 B
1-
#1240000
0-
b10000111 +
b10000111 5
11
10
1.
b1111011 3
#1245000
0'
b11 ;
0>
0q
0[
1L
b0 )
b0 7
0T
0U
1O
0N
1?
b10 <
1-
#1250000
0-
b10010 +
b10010 5
12
00
b1111100 3
#1255000
b0 ;
1@
0?
b10 )
b10 7
1P
0R
1S
1M
0L
0r
b11 <
1-
#1260000
0-
b1010100 +
b1010100 5
01
02
10
b1111101 3
#1265000
b1 ;
1L
0M
0S
b11 )
b11 7
1T
0O
1Q
1N
0@
1=
1X
b0 <
1-
#1270000
0-
1,
b1111000 +
b1111000 5
12
b1111110 3
#1275000
b10 ;
1>
0X
0=
0Q
0P
b0 )
b0 7
0T
1S
1M
b1 d
b10 m
0#
0x
1$
1w
b1 <
1-
#1280000
0-
b100010 +
b100010 5
b1111111 3
#1285000
b11 ;
0>
1K
b1 )
b1 7
1T
0N
1?
b10 <
1-
#1290000
0-
b100100 +
b100100 5
11
02
00
b10000000 3
#1295000
b0 ;
1X
1@
0?
1J
1O
1R
1U
0S
0L
b11 <
1-
#1300000
0-
0,
b111000 +
b111000 5
01
12
10
0.
b10000001 3
#1305000
b1 ;
1L
0M
1S
0T
0U
0O
b10 )
b10 7
1P
0@
1=
0X
b0 <
1-
#1310000
0-
b1100101 +
b1100101 5
00
b10000010 3
#1315000
b10 ;
1>
1W
0=
0P
0R
b1 )
b1 7
1T
1M
0L
b10 d
b11 m
0$
0w
b1 <
1-
#1320000
0-
1,
b1001000 +
b1001000 5
b10000011 3
#1325000
b11 ;
0>
0p
0M
1U
1R
1?
1X
b10 <
1-
#1330000
0-
b10011011 +
b10011011 5
11
10
b10000100 3
#1335000
b0 ;
0X
1@
0?
1O
0K
1L
b11 <
1-
#1340000
0-
b11000 +
b11000 5
01
b10000101 3
#1345000
b1 ;
1M
0O
b11 )
b11 7
1P
0J
0@
1=
b0 <
1-
#1350000
0-
b101111 +
b101111 5
11
b10000110 3
#1355000
b10 ;
1>
0W
0=
b1 )
b1 7
0P
1O
1K
b11 d
b0 m
0n
b1 <
1-
#1360000
0-
b1011000 +
b1011000 5
02
b10000111 3
#1365000
b11 ;
0>
0S
b11 )
b11 7
1P
1J
1?
b10 <
1-
#1370000
0-
b11010110 +
b11010110 5
01
00
1.
b10001000 3
#1375000
b0 ;
1@
0?
1N
1Q
0O
0U
b10 )
b10 7
0T
0L
b11 <
1-
#1380000
0-
b1000101 +
b1000101 5
11
b10001001 3
#1385000
b1 ;
0M
0R
1O
b0 )
b0 7
0P
0Q
0@
1=
b0 <
1-
#1390000
0-
0,
b1101100 +
b1101100 5
01
10
b10001010 3
#1395000
b10 ;
1>
1W
0=
0N
b10 )
b10 7
1P
0O
0K
1L
b1 |
b100 d
1o
1$
1w
b1 <
1-
#1400000
0-
1,
b1110 +
b1110 5
11
00
b10001011 3
#1405000
b11 ;
0>
1p
0L
1M
1O
b0 )
b0 7
0P
0J
1?
1X
b10 <
b0 |
1-
#1410000
0-
0,
b101000 +
b101000 5
01
12
0.
b10001100 3
#1415000
b0 ;
1@
0?
b10 )
b10 7
1P
0O
1S
0M
b11 <
1-
#1420000
0-
b10001011 +
b10001011 5
11
02
10
b10001101 3
#1425000
b1 ;
1L
0S
1T
1O
b1 )
b1 7
0P
0@
1=
b0 <
1-
#1430000
0-
1,
b1111011 +
b1111011 5
b10001110 3
#1435000
b10 ;
1>
0W
0=
1Y
1P
b10 )
b10 7
0T
1M
b101 d
b1 m
1n
0o
1#
1x
0$
0w
b1 <
1-
#1440000
0-
b1010100 +
b1010100 5
01
12
00
1.
b10001111 3
#1445000
b11 ;
0>
0L
1K
1S
0O
1Q
1N
1?
b10 <
1-
#1450000
0-
b1011011 +
b1011011 5
11
02
10
b10010000 3
#1455000
b0 ;
0X
1@
0?
1J
0Q
0P
1O
b1 )
b1 7
1T
0S
0M
1L
b11 <
1-
#1460000
0-
0,
b10101111 +
b10101111 5
01
12
b10010001 3
#1465000
b1 ;
1M
1S
0T
0O
b10 )
b10 7
1P
0N
0@
1=
b0 <
1-
#1470000
0-
b111111 +
b111111 5
00
0.
b10010010 3
#1475000
b10 ;
1>
1X
1W
0=
0P
b1 )
b1 7
1T
0L
b110 d
b10 m
0#
0x
b1 <
1-
#1480000
0-
1,
b1110100 +
b1110100 5
02
1.
b10010011 3
#1485000
b11 ;
0>
0M
0S
1U
1R
1?
b10 <
1-
#1490000
0-
0,
b10011111 +
b10011111 5
12
0.
b10010100 3
#1495000
b0 ;
0X
1@
0?
0U
b0 )
b0 7
0T
1S
0K
b11 <
1-
#1500000
0-
1,
b1010100 +
b1010100 5
10
b10010101 3
#1505000
b1 ;
1L
b1 )
b1 7
1T
0R
0J
0@
1=
b0 <
1-
#1510000
0-
b110101 +
b110101 5
11
00
1.
b10010110 3
#1515000
b10 ;
1>
1X
0W
0=
1O
1R
1U
1M
0L
b111 d
b11 m
1$
1w
b1 <
1-
#1520000
0-
b10100111 +
b10100111 5
01
02
10
0.
b10010111 3
#1525000
b11 l
1j
b11 ;
0>
0p
1q
1L
0M
0S
0O
b11 )
b11 7
1P
1?
0X
b10 <
1-
#1530000
0-
b11001101 +
b11001101 5
12
b10011000 3
#1535000
0j
b0 ;
1@
0?
0P
0U
b0 )
b0 7
0T
1S
1M
1r
1_
b11 s
b11 <
1-
#1540000
0-
0,
b110111 +
b110111 5
00
1.
b10011001 3
#1545000
b1 ;
0L
1K
b1 )
b1 7
1T
0R
0@
1=
b0 <
1-
#1550000
0-
b11101100 +
b11101100 5
02
0.
b10011010 3
#1555000
b10 ;
1>
1X
1W
0=
1J
1R
1U
0S
0M
b0 d
b0 m
0n
1`
0$
0w
b1 <
1-
#1560000
0-
b1011 +
b1011 5
11
12
b10011011 3
#1565000
b11 ;
0>
1p
0q
0K
1S
b0 )
b0 7
0T
0U
1O
1?
0X
b10 <
1-
#1570000
0-
1,
b10010 +
b10010 5
b10011100 3
#1575000
b0 ;
1@
0?
0J
1P
0R
b11 )
b11 7
1T
0r
b11 <
1-
#1580000
0-
b11010101 +
b11010101 5
01
02
10
1.
b10011101 3
#1585000
b1 ;
1L
0S
1U
1R
0O
1Q
1N
0@
1=
1X
b0 <
1-
#1590000
0-
0,
b11100011 +
b11100011 5
00
0.
b10011110 3
#1595000
b10 ;
1>
0X
0W
0=
0Y
0Q
0P
0U
b0 )
b0 7
0T
1M
0L
b1 d
b1 m
1n
1o
1a
b1 <
1-
#1600000
0-
1,
b11101100 +
b11101100 5
11
10
1.
b10011111 3
#1605000
b11 ;
0>
1L
0M
0R
1O
0N
1?
b10 <
0_
1-
#1610000
0-
b11111011 +
b11111011 5
12
00
b10100000 3
#1615000
b0 ;
1X
1@
0?
b10 )
b10 7
1P
1S
1M
0L
b11 <
1-
#1620000
0-
0,
b1101010 +
b1101010 5
02
10
0.
b10100001 3
#1625000
b1 ;
1L
0M
0S
b11 )
b11 7
1T
1Q
1N
0@
1=
b0 <
1-
#1630000
0-
b10111101 +
b10111101 5
01
12
00
b10100010 3
#1635000
b100 l
b10 ;
1>
0X
0=
0O
b10 )
b10 7
0T
1S
1M
0L
b10 d
b10 m
0`
1b
1#
1x
b1 <
1-
#1640000
0-
b1111011 +
b1111011 5
11
10
b10100011 3
#1645000
b11 ;
0>
0p
1L
0M
1T
1O
b1 )
b1 7
0P
0Q
1?
b10 <
b100 s
0t
1-
#1650000
0-
1,
b11011010 +
b11011010 5
01
1.
b10100100 3
#1655000
b0 ;
1@
0?
0N
b11 )
b11 7
1P
0O
1R
1U
1M
1e
b11 <
1-
#1660000
0-
0,
b1010001 +
b1010001 5
11
02
b10100101 3
#1665000
b1 ;
1K
0S
1O
b1 )
b1 7
0P
0@
1=
b0 <
0e
1-
#1670000
0-
1,
b11011111 +
b11011111 5
01
0.
b10100110 3
#1675000
b10 ;
1>
1W
0=
1J
1P
0O
0U
b10 )
b10 7
0T
0u
1e
b11 d
b0 m
0n
0a
1c
1$
1w
b1 <
1-
#1680000
0-
0,
b11011110 +
b11011110 5
12
00
b10100111 3
#1685000
b11 ;
0>
0L
1S
0R
b0 )
b0 7
0P
1?
b10 <
b0 d
0e
1-
#1690000
0-
1,
b10010001 +
b10010001 5
11
10
1.
b10101000 3
#1695000
b0 ;
1X
1@
0?
1O
b1 )
b1 7
1T
0M
1L
1e
b11 <
1-
#1700000
0-
b11000110 +
b11000110 5
02
0.
b10101001 3
#1705000
b1 ;
1M
0S
1U
1R
b11 )
b11 7
1P
0@
1=
b0 <
1-
#1710000
0-
b1100010 +
b1100010 5
b10101010 3
#1715000
b10 ;
1>
0X
0=
1N
1Q
0U
b10 )
b10 7
0T
0b
0z
b1 <
1-
#1720000
0-
b10100000 +
b10100000 5
01
b10101011 3
#1725000
b11 ;
0>
0R
0O
1?
b10 <
1-
#1730000
0-
b10111011 +
b10111011 5
11
12
00
b10101100 3
#1735000
b0 ;
1@
0?
0Q
b0 )
b0 7
0P
1O
1S
0L
b11 <
1-
#1740000
0-
b110 +
b110 5
1.
b10101101 3
#1745000
b101 l
b1 ;
0M
1T
b11 )
b11 7
1P
0N
0@
1=
b0 <
1-
#1750000
0-
b1110011 +
b1110011 5
10
0.
b10101110 3
#1755000
b10 ;
1>
1X
0=
1Y
1N
1Q
1R
1U
0K
1L
0c
0{
0$
0w
b101 s
b1 <
1-
#1760000
0-
b10000001 +
b10000001 5
02
b10101111 3
#1765000
b11 ;
0>
1M
0S
0J
1?
0X
b10 <
1-
#1770000
0-
b110011 +
b110011 5
12
00
1.
b10110000 3
#1775000
b0 ;
1@
0?
0U
b10 )
b10 7
0T
1S
1K
0L
b11 <
1-
#1780000
0-
0,
b11010011 +
b11010011 5
02
0.
b10110001 3
#1785000
b1 ;
b0 l
0M
0S
b11 )
b11 7
1T
0R
1J
0@
1=
b0 <
0e
1-
#1790000
0-
b1001 +
b1001 5
12
b10110010 3
#1795000
b10 ;
1>
0=
0Y
b10 )
b10 7
0T
1S
0K
1"
1y
b0 s
b1 <
1-
#1800000
0-
b10101100 +
b10101100 5
01
02
10
b10110011 3
#1805000
b11 ;
0>
1F
1L
0S
b11 )
b11 7
1T
0O
0J
1?
b10 <
1-
#1810000
0-
b0 +
b0 5
11
12
00
b10110100 3
#1815000
b0 ;
1@
0?
0Q
0P
1O
b0 )
b0 7
0T
1S
1M
0L
b11 <
1-
#1820000
b1 l
1k
0-
1,
b1010001 +
b1010001 5
02
b10110101 3
#1825000
b1 ;
0k
b10000000 f
0M
0S
1T
b11 )
b11 7
1P
0N
0@
1=
b0 <
b1 s
1e
1t
1-
#1830000
0-
0,
b11111100 +
b11111100 5
01
10
1.
b10110110 3
#1835000
b10 ;
1>
1X
0W
0=
1Y
1N
1Q
0O
b10 )
b10 7
0T
1L
b10000000 g
1u
0e
b1 <
1-
#1840000
0-
b111111 +
b111111 5
11
12
b10110111 3
#1845000
b11 ;
0>
1M
1S
1O
b0 )
b0 7
0P
0Q
1?
0X
b10 <
1-
#1850000
0-
b10011110 +
b10011110 5
01
00
0.
b10111000 3
#1855000
b0 ;
1@
0?
0N
1P
0O
b11 )
b11 7
1T
1K
0L
b11 <
1-
#1860000
0-
1,
b1001001 +
b1001001 5
11
1.
b10111001 3
#1865000
b1 ;
0M
1U
1R
1O
b1 )
b1 7
0P
1J
0@
1=
1X
b0 <
1-
#1870000
0-
b10000011 +
b10000011 5
02
0.
b10111010 3
#1875000
b11 ;
1>
0X
1W
0=
0Y
b11 )
b11 7
1P
0S
0K
b1 d
1z
b1 <
1-
#1880000
0-
b1000110 +
b1000110 5
01
b10111011 3
#1885000
b0 ;
0>
b10 )
b10 7
0T
0U
0O
1Q
1N
0J
1?
b11 <
1-
#1890000
0-
b10100010 +
b10100010 5
10
1.
b10111100 3
#1895000
b1 ;
1@
0?
0Q
b0 )
b0 7
0P
0R
1L
b0 <
1-
#1900000
0-
b11001011 +
b11001011 5
11
0.
b10111101 3
#1905000
b10 ;
1>
1M
1O
0N
0@
1=
b1 <
1-
#1910000
0-
0,
b1000 +
b1000 5
12
00
1.
b10111110 3
#1915000
b0 ;
0>
1X
0W
0=
1?
1Y
b10 )
b10 7
1P
1S
1K
0L
b1 |
b10 d
0o
1{
0"
0y
b10 <
1-
#1920000
0-
b101 +
b101 5
01
02
b10111111 3
#1925000
b1 ;
0F
0M
0S
b11 )
b11 7
1T
0O
1Q
1N
1J
0?
1@
b0 <
b0 |
1-
#1930000
0-
1,
b11001001 +
b11001001 5
11
10
0.
b11000000 3
#1935000
b10 ;
1>
0X
1=
0@
0Q
0P
1O
b0 )
b0 7
0T
0K
1L
b1 <
1-
#1940000
0-
b101101 +
b101101 5
b11000001 3
#1945000
b11 ;
0>
1M
b10 )
b10 7
1P
0N
0Y
0J
1?
0=
b10 <
0#
0x
1o
b11 d
b1 |
1-
#1950000
0-
0,
b1100100 +
b1100100 5
01
00
b11000010 3
#1955000
b0 ;
1X
1@
0?
1N
1Q
0O
1K
0L
b0 |
b11 <
1-
#1960000
0-
1,
b10101011 +
b10101011 5
11
12
10
b11000011 3
#1965000
b1 ;
1L
0M
1S
1O
b0 )
b0 7
0P
0Q
1J
0@
1=
0X
b0 <
1-
#1970000
0-
b1011111 +
b1011111 5
01
02
1.
b11000100 3
#1975000
b10 ;
1>
1W
0=
0N
1P
0O
b11 )
b11 7
1T
0S
1M
b1 |
b100 d
0o
1#
1x
b1 <
1-
#1980000
0-
b1101100 +
b1101100 5
11
12
00
b11000101 3
#1985000
b11 ;
0>
0L
1S
0T
1O
b0 )
b0 7
0P
1?
1X
b10 <
b0 |
1-
#1990000
0-
b1110110 +
b1110110 5
10
0.
b11000110 3
#1995000
b0 ;
1@
0?
1P
b11 )
b11 7
1T
0M
1L
b11 <
1-
#2000000
0-
0,
b1100110 +
b1100110 5
01
b11000111 3
#2005000
b1 ;
1M
1U
1R
0O
1Q
1N
0@
1=
b0 <
1-
#2010000
0-
b110 +
b110 5
02
00
1.
b11001000 3
#2015000
b10 ;
1>
0X
0=
0Q
b1 )
b1 7
0P
0S
0L
b101 d
1o
0#
0x
1$
1w
b1 <
1-
#2020000
0-
b11101111 +
b11101111 5
b11001001 3
#2025000
b11 ;
0>
0M
b0 )
b0 7
0T
0U
0N
1?
b10 <
1-
#2030000
0-
b11110 +
b11110 5
11
10
b11001010 3
#2035000
b0 ;
1@
0?
1O
0R
0K
1L
b11 <
1-
#2040000
0-
1,
b11001111 +
b11001111 5
12
00
0.
b11001011 3
#2045000
b1 ;
0L
1M
1S
b10 )
b10 7
1P
0J
0@
1=
1X
b0 <
1-
#2050000
0-
b11100001 +
b11100001 5
01
b11001100 3
#2055000
b10 ;
1>
0W
0=
1Y
1N
1Q
0O
b11 )
b11 7
1T
0M
b110 d
0o
1#
1x
0$
0w
b1 <
1-
#2060000
0-
b10101000 +
b10101000 5
11
1.
b11001101 3
#2065000
b11 ;
0>
1U
1R
1O
b1 )
b1 7
0P
0Q
1?
0X
b10 <
1-
#2070000
0-
0,
b10010110 +
b10010110 5
01
10
b11001110 3
#2075000
b0 ;
1@
0?
0N
b11 )
b11 7
1P
0O
1L
b11 <
1-
#2080000
0-
b10111101 +
b10111101 5
b11001111 3
#2085000
b1 ;
1M
b1 )
b1 7
0P
0@
1=
b0 <
1-
#2090000
0-
1,
b11110 +
b11110 5
0.
b11010000 3
#2095000
b10 ;
1>
0=
0Y
1K
b111 d
1o
0#
0x
b1 <
1-
#2100000
0-
0,
b10010001 +
b10010001 5
11
02
b11010001 3
#2105000
b10 l
1i
1v
b11 ;
0>
1p
1q
0S
1O
1J
1?
b10 <
1-
#2110000
0-
b101000 +
b101000 5
01
12
1.
b11010010 3
#2115000
0i
0v
b0 ;
1@
0?
1P
0O
0U
b10 )
b10 7
0T
1S
1r
1h
b10 s
b11 <
1-
#2120000
0-
b1111000 +
b1111000 5
11
02
00
b11010011 3
#2125000
b1 ;
0h
b1111000 f
0L
0S
1T
0R
1O
b1 )
b1 7
0P
0@
1=
b0 <
1-
#2130000
0-
b11011011 +
b11011011 5
b11010100 3
#2135000
b10 ;
1>
1X
1W
0=
1Y
1P
b10 )
b10 7
0T
0M
b1111000 g
b0 d
b1 m
1n
0o
1#
1x
b1 <
1-
#2140000
0-
1,
b10010010 +
b10010010 5
12
0.
b11010101 3
#2145000
b11 ;
0>
0p
0q
0K
1S
1Q
1N
1?
b10 <
1-
#2150000
0-
b1001011 +
b1001011 5
01
1.
b11010110 3
#2155000
b0 ;
0X
1@
0?
0J
0O
b11 )
b11 7
1T
0r
b11 <
1-
#2160000
0-
b1001000 +
b1001000 5
11
b11010111 3
#2165000
b1 ;
1U
1R
1O
b1 )
b1 7
0P
0Q
0@
1=
b0 <
1-
#2170000
0-
b1110101 +
b1110101 5
01
02
10
0.
b11011000 3
#2175000
b10 ;
1>
0W
0=
0Y
0N
b11 )
b11 7
1P
0O
0S
1L
b1 d
b0 m
0n
0#
0x
b1 <
1-
#2180000
0-
b10111111 +
b10111111 5
1.
b11011001 3
#2185000
b11 ;
0>
1M
0T
0U
b0 )
b0 7
0P
1?
b10 <
1-
#2190000
0-
0,
b11001 +
b11001 5
11
00
b11011010 3
#2195000
b0 ;
1@
0?
1O
0R
1K
0L
b11 <
1-
#2200000
0-
1,
b1100100 +
b1100100 5
12
10
b11011011 3
#2205000
b1 ;
1L
0M
1S
b10 )
b10 7
1P
1J
0@
1=
1X
b0 <
1-
#2210000
0-
0,
b101010 +
b101010 5
02
00
0.
b11011100 3
#2215000
b10 ;
1>
1W
0=
1Y
1N
1Q
b11 )
b11 7
1T
0S
1M
0L
b10 d
1o
b1 <
1-
#2220000
0-
b11111010 +
b11111010 5
01
12
1.
b11011101 3
#2225000
b11 ;
0>
0M
1S
b10 )
b10 7
0T
0O
1?
0X
b10 <
1-
#2230000
0-
1,
b101001 +
b101001 5
02
b11011110 3
#2235000
b0 ;
1@
0?
0Q
0P
b1 )
b1 7
1T
0S
0K
b11 <
1-
#2240000
0-
0,
b1001010 +
b1001010 5
12
10
0.
b11011111 3
#2245000
b1 ;
1L
1S
b0 )
b0 7
0T
0N
0J
0@
1=
b0 <
1-
#2250000
0-
1,
b101000 +
b101000 5
11
00
1.
b11100000 3
#2255000
b10 ;
1>
1X
0W
0=
1O
b1 )
b1 7
1T
1M
0L
b1 |
b11 d
0o
1#
1x
b1 <
1-
#2260000
0-
b11110100 +
b11110100 5
02
10
0.
b11100001 3
#2265000
b11 ;
0>
1p
1L
0M
0S
1U
1R
b11 )
b11 7
1P
1?
b10 <
b0 |
1-
#2270000
0-
b11001000 +
b11001000 5
12
00
1.
b11100010 3
#2275000
b0 ;
0X
1@
0?
1N
1Q
0U
b10 )
b10 7
0T
1S
1M
0L
b11 <
1-
#2280000
0-
0,
b1100111 +
b1100111 5
01
02
10
0.
b11100011 3
#2285000
b1 ;
1L
0M
0S
b11 )
b11 7
1T
0R
0O
0@
1=
b0 <
1-
#2290000
0-
b11110010 +
b11110010 5
12
00
b11100100 3
#2295000
b10 ;
1>
0=
0Y
0Q
0P
b0 )
b0 7
0T
1S
1M
0L
b100 d
b1 m
1n
1o
0#
0x
b1 <
1-
#2300000
0-
1,
b10001101 +
b10001101 5
02
b11100101 3
#2305000
b11 ;
0>
0M
0S
b1 )
b1 7
1T
0N
1?
b10 <
1-
#2310000
0-
b10010100 +
b10010100 5
11
1.
b11100110 3
#2315000
b0 ;
1X
1@
0?
1O
b0 )
b0 7
0T
b11 <
1-
#2320000
0-
0,
b101110 +
b101110 5
12
10
b11100111 3
#2325000
b1 ;
1L
1S
b10 )
b10 7
1P
0@
1=
b0 <
1-
#2330000
0-
1,
b101101 +
b101101 5
02
00
0.
b11101000 3
#2335000
b10 ;
1>
0=
1Y
1N
1Q
b11 )
b11 7
1T
0S
1M
0L
b101 d
b10 m
1#
1x
b1 <
1-
#2340000
0-
b10010111 +
b10010111 5
01
1.
b11101001 3
#2345000
b11 ;
0>
0M
b10 )
b10 7
0T
0O
1?
0X
b10 <
1-
#2350000
0-
0,
b1110001 +
b1110001 5
12
b11101010 3
#2355000
b0 ;
1@
0?
0Q
b0 )
b0 7
0P
1S
b11 <
1-
#2360000
0-
b10001000 +
b10001000 5
02
0.
b11101011 3
#2365000
b1 ;
0S
b1 )
b1 7
1T
0N
0@
1=
b0 <
1-
#2370000
0-
1,
b11000101 +
b11000101 5
11
b11101100 3
#2375000
b10 ;
1>
1X
0=
1O
b0 )
b0 7
0T
b110 d
b11 m
b1 <
1-
#2380000
0-
b11110101 +
b11110101 5
01
10
1.
b11101101 3
#2385000
b11 ;
0>
1L
0O
b10 )
b10 7
1P
1?
b10 <
1-
#2390000
0-
0,
b11100100 +
b11100100 5
11
0.
b11101110 3
#2395000
b0 ;
1@
0?
b0 )
b0 7
0P
1O
1M
b11 <
1-
#2400000
0-
b10100011 +
b10100011 5
12
00
b11101111 3
#2405000
b1 ;
0L
1K
1S
b10 )
b10 7
1P
0@
1=
b0 <
1-
#2410000
0-
b1110110 +
b1110110 5
02
10
1.
b11110000 3
#2415000
b10 ;
1>
1W
0=
1J
1N
1Q
b11 )
b11 7
1T
0S
0M
1L
b111 d
b100 m
b1 <
1-
#2420000
0-
1,
b11110 +
b11110 5
01
12
0.
b11110001 3
#2425000
b11 l
1j
b11 ;
0>
0p
1q
1M
1S
b10 )
b10 7
0T
0O
1?
0X
b10 <
1-
#2430000
1j
b11 l
0-
0,
b11001110 +
b11001110 5
11
1.
b11110010 3
#2435000
0j
b0 ;
1@
0?
0Q
0P
1O
b1 )
b1 7
1T
1r
1_
b11 s
b11 <
1-
#2440000
0-
b100101 +
b100101 5
01
0.
b11110011 3
#2445000
b1 ;
1U
1R
0O
b11 )
b11 7
1P
0N
0@
1=
b0 <
1-
#2450000
0-
b10111001 +
b10111001 5
1.
b11110100 3
#2455000
b10 ;
1>
0=
0Y
b1 )
b1 7
0P
b0 d
b0 m
0n
1`
b1 <
1-
#2460000
0-
1,
b11111100 +
b11111100 5
11
02
00
0.
b11110101 3
#2465000
b11 ;
0>
0q
0L
0S
1O
1?
b10 <
1-
#2470000
0-
b10000001 +
b10000001 5
01
1.
b11110110 3
#2475000
b0 ;
1@
0?
1P
0O
0U
b10 )
b10 7
0T
0M
0r
b11 <
1-
#2480000
0-
0,
b10111101 +
b10111101 5
11
10
0.
b11110111 3
#2485000
b1 ;
1L
0K
0R
1O
b0 )
b0 7
0P
0@
1=
b0 <
1-
#2490000
0-
1,
b1011 +
b1011 5
01
12
1.
b11111000 3
#2495000
b10 ;
1>
1X
0W
0=
0J
1Y
b10 )
b10 7
1P
0O
1S
1M
b1 |
b1 d
0o
1a
b1 <
1-
#2500000
0-
b101101 +
b101101 5
11
02
b11111001 3
#2505000
b11 ;
0>
1K
0S
1T
1O
b1 )
b1 7
0P
1?
b10 <
0_
b0 |
1-
#2510000
0-
b111101 +
b111101 5
b11111010 3
#2515000
b0 ;
1@
0?
1J
1P
b10 )
b10 7
0T
b11 <
1-
#2520000
0-
0,
b10011 +
b10011 5
0.
b11111011 3
#2525000
b1 ;
1Q
1N
0@
1=
b0 <
1-
#2530000
0-
1,
b10010010 +
b10010010 5
01
00
1.
b11111100 3
#2535000
b100 l
b10 ;
1>
0X
1W
0=
0Y
0O
0L
b10 d
1o
0`
1b
0#
0x
1$
1w
b1 <
1-
#2540000
b100 l
0-
0,
b10100111 +
b10100111 5
11
10
0.
b11111101 3
#2545000
b11 ;
0>
1L
0M
1O
b0 )
b0 7
0P
0Q
1?
b10 <
b100 s
0t
1-
#2550000
0-
1,
b101 +
b101 5
b11111110 3
#2555000
b0 ;
1@
0?
0N
b10 )
b10 7
1P
1M
1e
b11 <
1-
#2560000
0-
b11000 +
b11000 5
12
00
1.
b11111111 3
#2565000
b1 ;
0L
1S
1Q
1N
0@
1=
1X
b0 <
1-
#2570000
0-
b101111 +
b101111 5
01
10
0.
b100000000 3
#2575000
b10 ;
1>
0X
0=
0O
b11 )
b11 7
1T
0M
1L
0u
b11 d
0o
0a
1c
1#
1x
b1 <
1-
#2580000
0-
0,
b10110100 +
b10110100 5
00
b100000001 3
#2585000
b11 ;
0>
0L
1M
1U
1R
b1 )
b1 7
0P
0Q
1?
b10 <
1o
b0 d
0e
1-
#2590000
0-
b11011100 +
b11011100 5
11
10
b100000010 3
#2595000
b0 ;
1@
0?
0N
1O
0M
1L
b11 <
1-
#2600000
0-
b10111001 +
b10111001 5
01
02
00
1.
b100000011 3
#2605000
b1 ;
0L
1M
0S
0O
b11 )
b11 7
1P
0@
1=
b0 <
1-
#2610000
0-
1,
b11011100 +
b11011100 5
10
0.
b100000100 3
#2615000
b10 ;
1>
0=
0P
0U
b0 )
b0 7
0T
0M
1L
1e
0b
0z
b1 <
1-
#2620000
0-
0,
b1011001 +
b1011001 5
11
12
b100000101 3
#2625000
b11 ;
0>
1M
1S
0R
1O
1?
b10 <
0e
1-
#2630000
0-
b1011011 +
b1011011 5
01
b100000110 3
#2635000
b0 ;
1X
1@
0?
1P
0O
b11 )
b11 7
1T
b11 <
1-
#2640000
0-
1,
b11110001 +
b11110001 5
11
02
b100000111 3
#2645000
b1 ;
b101 l
0S
1U
1R
1O
b1 )
b1 7
0P
0@
1=
b0 <
1e
1-
#2650000
b101 l
0-
0,
b1111111 +
b1111111 5
01
12
1.
b100001000 3
#2655000
b10 ;
1>
0X
0=
1P
0O
0U
b10 )
b10 7
0T
1S
0e
0c
0{
0$
0w
b101 s
b1 <
1-
#2660000
0-
1,
b10001 +
b10001 5
00
b100001001 3
#2665000
b11 ;
0>
0L
1T
0R
b1 )
b1 7
0P
1?
b10 <
1e
1-
#2670000
0-
0,
b10101011 +
b10101011 5
b100001010 3
#2675000
b0 ;
1X
1@
0?
1R
1U
0M
0e
b11 <
1-
#2680000
0-
b110111 +
b110111 5
11
0.
b100001011 3
#2685000
b0 l
b1 ;
0K
1O
0@
1=
0X
b0 <
1-
#2690000
0-
b1101 +
b1101 5
02
1.
b100001100 3
#2695000
b10 ;
1>
0W
0=
0J
b11 )
b11 7
1P
0S
1"
1y
b0 s
b1 <
1-
#2700000
0-
b11110010 +
b11110010 5
10
0.
b100001101 3
#2705000
b11 ;
0>
1F
1L
b10 )
b10 7
0T
0U
1Q
1N
1?
b10 <
1-
#2710000
0-
b11011111 +
b11011111 5
12
1.
b100001110 3
#2715000
b0 ;
1@
0?
0R
1S
1M
b11 <
1-
#2720000
0-
b1010000 +
b1010000 5
02
00
b100001111 3
#2725000
b1 A
0L
1K
0S
b11 )
b11 7
1T
0@
1=
b0 <
1-
#2730000
b1 l
1k
0-
1,
b10010 +
b10010 5
01
10
b100010000 3
#2735000
b1 ;
0k
1W
0=
1J
0O
b10 )
b10 7
0T
0M
1L
b10000000 f
1t
1e
b1 s
b1 B
1-
#2740000
0-
b101111 +
b101111 5
12
0.
b100010001 3
#2745000
b10 ;
1>
b10000000 g
1M
1S
b0 )
b0 7
0P
0Q
b1 <
1-
#2750000
0-
0,
b10101100 +
b10101100 5
11
b100010010 3
#2755000
b11 ;
0>
1?
0N
1O
b1 )
b1 7
1T
0e
b10 <
1-
#2760000
0-
1,
b10000000 +
b10000000 5
02
1.
b100010011 3
#2765000
b0 ;
0S
1U
1R
b11 )
b11 7
1P
0?
1@
1X
b11 <
1-
#2770000
0-
0,
b10100010 +
b10100010 5
01
12
b100010100 3
#2775000
b0 A
1\
b1 ;
0X
1=
0@
1N
1Q
0O
0U
b10 )
b10 7
0T
1S
b0 <
1-
#2780000
0-
b11110011 +
b11110011 5
11
b100010101 3
#2785000
1'
0\
b10 ;
1>
1[
1T
0R
1O
b1 )
b1 7
0P
0Q
0=
b0 B
b1 <
1u
1-
#2790000
0-
b10000000 +
b10000000 5
02
00
0.
b100010110 3
#2795000
0'
b11 ;
0>
1?
0N
b11 )
b11 7
1P
1R
1U
0S
0L
0[
b10 <
1-
#2800000
0-
b11101 +
b11101 5
1.
b100010111 3
#2805000
b0 ;
0M
b10 )
b10 7
0T
0U
1Q
1N
0?
1@
b11 <
1-
#2810000
0-
b10010111 +
b10010111 5
01
12
b100011000 3
#2815000
b1 A
1=
0@
0O
0R
1S
0K
b0 <
1-
#2820000
0-
1,
b10101000 +
b10101000 5
02
0.
b100011001 3
#2825000
b1 ;
0S
1T
b1 )
b1 7
0P
0Q
0J
0=
0W
b1 B
1z
b1 d
1-
#2830000
0-
0,
b1 +
b1 5
10
b100011010 3
#2835000
b10 ;
1>
0N
b0 )
b0 7
0T
1L
b1 <
1-
#2840000
0-
1,
b1111110 +
b1111110 5
12
b100011011 3
#2845000
b11 ;
0>
1M
1S
1?
1X
b10 <
1-
#2850000
0-
0,
b1000100 +
b1000100 5
11
02
00
b100011100 3
#2855000
b0 ;
1@
0?
1O
b1 )
b1 7
1T
0S
1K
0L
b11 <
1-
#2860000
0-
b10010101 +
b10010101 5
b100011101 3
#2865000
b1 ;
0M
0T
b10 )
b10 7
1P
1J
0@
1=
b0 <
1-
#2870000
0-
b11011110 +
b11011110 5
01
10
1.
b100011110 3
#2875000
b11 ;
1>
1W
0=
1Y
1N
1Q
0O
0K
1L
b10 d
0o
1{
0"
0y
b1 <
1-
#2880000
0-
b1001011 +
b1001011 5
11
00
0.
b100011111 3
#2885000
b0 ;
0>
0F
0L
1M
1O
b0 )
b0 7
0P
0Q
0J
1?
0X
b11 <
1-
#2890000
0-
b1110111 +
b1110111 5
12
10
b100100000 3
#2895000
b1 ;
1@
0?
0N
b10 )
b10 7
1P
1S
0M
1L
b0 <
1-
#2900000
0-
1,
b11100010 +
b11100010 5
02
00
b100100001 3
#2905000
b10 ;
1>
0L
1M
0S
b11 )
b11 7
1T
1Q
1N
0@
1=
1X
b1 <
1-
#2910000
0-
b1111 +
b1111 5
12
10
b100100010 3
#2915000
b11 ;
0>
0X
0W
0=
1?
0Y
b10 )
b10 7
0T
1S
0M
1L
b11 d
1o
0#
0x
b10 <
1-
#2920000
0-
b101111 +
b101111 5
02
b100100011 3
#2925000
b0 ;
1M
0S
b11 )
b11 7
1T
0?
1@
b11 <
1-
#2930000
0-
b11100110 +
b11100110 5
12
00
b100100100 3
#2935000
b0 A
1\
b1 ;
1=
0@
b10 )
b10 7
0T
1S
1K
0L
b0 <
1-
#2940000
0-
0,
b11110011 +
b11110011 5
02
1.
b100100101 3
#2945000
1'
0\
b10 ;
1>
1[
0M
0S
b11 )
b11 7
1T
1J
0=
1W
b0 B
b1 <
1#
1x
0o
b100 d
1-
#2950000
0-
1,
b1101010 +
b1101010 5
10
0.
b100100110 3
#2955000
0'
b11 ;
0>
1?
b10 )
b10 7
0T
0K
1L
0[
b10 <
1-
#2960000
0-
b11101101 +
b11101101 5
12
00
1.
b100100111 3
#2965000
b0 ;
0L
1M
1S
0J
0?
1@
b11 <
1-
#2970000
0-
b11110101 +
b11110101 5
01
10
b100101000 3
#2975000
b1 ;
1=
0@
0O
b11 )
b11 7
1T
0M
1L
b0 <
1-
#2980000
0-
b110001 +
b110001 5
b100101001 3
#2985000
b10 ;
1>
1M
1U
1R
b1 )
b1 7
0P
0Q
0=
0W
b1 <
1$
1w
0#
0x
1o
b101 d
1-
#2990000
0-
b10011101 +
b10011101 5
02
b100101010 3
#2995000
b11 ;
0>
1?
0N
0S
1K
b10 <
1-
#3000000
0-
0,
b11001001 +
b11001001 5
12
0.
b100101011 3
#3005000
b0 ;
1S
b0 )
b0 7
0T
0U
1J
0?
1@
b11 <
1-
#3010000
0-
b11100010 +
b11100010 5
00
1.
b100101100 3
#3015000
b1 ;
1=
0@
0R
b1 )
b1 7
1T
0L
b0 <
1-
#3020000
0-
1,
b100100 +
b100100 5
02
0.
b100101101 3
#3025000
b10 ;
1>
0M
0S
1U
1R
1Y
0=
1W
1X
b1 <
0$
0w
1#
1x
0o
b110 d
1-
#3030000
0-
b10000110 +
b10000110 5
12
1.
b100101110 3
#3035000
b11 ;
0>
0X
1?
0U
b0 )
b0 7
0T
1S
0K
b10 <
1-
#3040000
0-
0,
b1100000 +
b1100000 5
10
b100101111 3
#3045000
b0 ;
1L
b1 )
b1 7
1T
0R
0J
0?
1@
b11 <
1-
#3050000
0-
b1001100 +
b1001100 5
b100110000 3
#3055000
b1 ;
1X
1=
0@
1R
1U
1M
b0 <
1-
#3060000
0-
1,
b11110111 +
b11110111 5
00
b100110001 3
#3065000
b10 ;
1>
0L
1K
0Y
0=
0W
0X
b1 <
1$
1w
0#
0x
1o
b111 d
1-
#3070000
0-
b11110001 +
b11110001 5
10
0.
b100110010 3
#3075000
b10 l
1i
1v
b11 ;
0>
1?
1J
0M
1L
1q
1p
b10 <
1-
#3080000
1i
1v
b10 l
0-
0,
b11010101 +
b11010101 5
02
00
b100110011 3
#3085000
b0 ;
0i
0v
1h
1r
0L
1M
0S
0?
1@
b11 <
b10 s
1-
#3090000
0-
b11110 +
b11110 5
b100110100 3
#3095000
b1 ;
1=
0@
0U
b0 )
b0 7
0T
0M
b11110 f
0h
b0 <
1-
#3100000
0-
1,
b1011011 +
b1011011 5
12
10
1.
b100110101 3
#3105000
b10 ;
1>
b11110 g
1L
0K
1S
0R
0=
1W
b1 <
0$
0w
1#
1x
0o
1n
b1 m
b0 d
b1 |
1-
#3110000
0-
0,
b10101000 +
b10101000 5
00
0.
b100110110 3
#3115000
b11 ;
0>
1X
1?
0J
b1 )
b1 7
1T
1M
0L
0q
0p
b10 <
1-
#3120000
0-
b1100100 +
b1100100 5
b100110111 3
#3125000
b0 ;
0r
0M
1U
1R
0?
1@
b11 <
b0 |
1-
#3130000
0-
1,
b11010011 +
b11010011 5
11
10
1.
b100111000 3
#3135000
b1 ;
0X
1=
0@
1O
1L
b0 <
1-
#3140000
0-
0,
b11000011 +
b11000011 5
01
b100111001 3
#3145000
b10 ;
1>
1M
0O
b11 )
b11 7
1P
0=
0W
b1 <
1$
1w
0#
0x
0n
b0 m
b1 d
1-
#3150000
0-
b11110100 +
b11110100 5
11
0.
b100111010 3
#3155000
b11 ;
0>
1?
b1 )
b1 7
0P
1O
1K
1p
b10 <
1-
#3160000
0-
b1010010 +
b1010010 5
02
00
1.
b100111011 3
#3165000
b0 ;
0L
0S
b11 )
b11 7
1P
1J
0?
1@
b11 <
1-
#3170000
0-
1,
b100111 +
b100111 5
0.
b100111100 3
#3175000
b1 ;
1=
0@
1N
1Q
0U
b10 )
b10 7
0T
0M
b0 <
1-
#3180000
0-
b1011 +
b1011 5
01
12
b100111101 3
#3185000
b10 ;
1>
0K
1S
0R
0O
0=
1W
b1 <
0$
0w
1o
1n
b1 m
b10 d
1-
#3190000
0-
0,
b1110100 +
b1110100 5
1.
b100111110 3
#3195000
b11 ;
0>
1?
0J
0Q
0P
b1 )
b1 7
1T
b10 <
1-
#3200000
0-
1,
b111111 +
b111111 5
11
0.
b100111111 3
#3205000
b0 ;
1U
1R
1O
0N
0?
1@
b11 <
1-
#3210000
0-
b11001 +
b11001 5
02
1.
b101000000 3
#3215000
b1 ;
1=
0@
b11 )
b11 7
1P
0S
b0 <
1-
#3220000
0-
0,
b1110010 +
b1110010 5
01
0.
b101000001 3
#3225000
b10 ;
1>
b10 )
b10 7
0T
0U
0O
1Q
1N
0=
0W
b1 <
1#
1x
b10 m
b11 d
1-
#3230000
0-
b1010010 +
b1010010 5
11
10
1.
b101000010 3
#3235000
b11 ;
0>
1?
0Q
b0 )
b0 7
0P
1O
0R
1L
b10 <
1-
#3240000
0-
b11010110 +
b11010110 5
01
00
b101000011 3
#3245000
b0 ;
0L
1M
0O
b10 )
b10 7
1P
0N
0?
1@
b11 <
1-
#3250000
0-
1,
b1010111 +
b1010111 5
11
12
0.
b101000100 3
#3255000
b1 ;
1X
1=
0@
b0 )
b0 7
0P
1O
1S
0M
b0 <
1-
#3260000
0-
0,
b10 +
b10 5
01
02
10
b101000101 3
#3265000
b10 ;
1>
1L
0S
1T
0O
b11 )
b11 7
1P
1Y
0=
b1 <
b11 m
b100 d
b1 |
1-
#3270000
0-
1,
b11100010 +
b11100010 5
12
00
1.
b101000110 3
#3275000
b11 ;
0>
1?
0P
b0 )
b0 7
0T
1S
1M
0L
b0 |
b10 <
1-
#3280000
0-
0,
b11011101 +
b11011101 5
11
02
b101000111 3
#3285000
b0 ;
0M
0S
b1 )
b1 7
1T
1O
0?
1@
b11 <
1-
#3290000
0-
1,
b110 +
b110 5
01
12
b101001000 3
#3295000
b1 ;
1=
0@
1P
0O
b10 )
b10 7
0T
1S
b0 <
1-
#3300000
0-
0,
b1001101 +
b1001101 5
02
10
0.
b101001001 3
#3305000
b10 ;
1>
1L
0S
1T
b1 )
b1 7
0P
0=
b1 <
b100 m
b101 d
1-
#3310000
0-
b10010110 +
b10010110 5
00
1.
b101001010 3
#3315000
b11 ;
0>
1?
b0 )
b0 7
0T
1M
0L
0p
b10 <
1-
#3320000
0-
b10101010 +
b10101010 5
12
10
0.
b101001011 3
#3325000
b0 ;
1L
0M
1S
0?
1@
b11 <
1-
#3330000
0-
1,
b11101101 +
b11101101 5
11
1.
b101001100 3
#3335000
b1 ;
1=
0@
1O
b1 )
b1 7
1T
1M
b0 <
1-
#3340000
0-
b10001110 +
b10001110 5
02
00
b101001101 3
#3345000
b10 ;
1>
0L
1K
0S
1U
1R
b11 )
b11 7
1P
0=
b1 <
0n
b0 m
b110 d
1-
#3350000
0-
b1011011 +
b1011011 5
01
12
10
b101001110 3
#3355000
b11 ;
0>
0X
1?
1J
1N
1Q
0O
0U
b10 )
b10 7
0T
1S
0M
1L
b10 <
1-
#3360000
0-
0,
b11110000 +
b11110000 5
11
02
b101001111 3
#3365000
b0 ;
1M
0S
1T
0R
1O
b1 )
b1 7
0P
0Q
0?
1@
b11 <
1-
#3370000
0-
b11111100 +
b11111100 5
12
0.
b101010000 3
#3375000
b1 ;
1=
0@
0N
1P
b10 )
b10 7
0T
1S
b0 <
1-
#3380000
0-
b101100 +
b101100 5
02
00
1.
b101010001 3
#3385000
b10 ;
1>
0L
0S
b11 )
b11 7
1T
1Q
1N
0=
1W
1X
b1 <
0o
b111 d
1-
#3390000
0-
1,
b1001110 +
b1001110 5
01
12
0.
b101010010 3
#3395000
b11 l
1j
b11 ;
0>
0X
1?
0O
b10 )
b10 7
0T
1S
0M
1q
b10 <
1-
#3400000
1j
b11 l
0-
0,
b11110000 +
b11110000 5
02
10
b101010011 3
#3405000
b0 ;
0j
1r
1L
0K
0S
1T
b1 )
b1 7
0P
0Q
0?
1@
b11 <
b11 s
1_
1-
#3410000
0-
1,
b110110 +
b110110 5
11
12
00
1.
b101010100 3
#3415000
b1 ;
1=
0@
0J
0N
1O
b0 )
b0 7
0T
1S
1M
0L
b0 <
1-
#3420000
0-
b10011001 +
b10011001 5
01
10
b101010101 3
#3425000
b10 ;
1>
1L
0M
1T
0O
b11 )
b11 7
1P
0=
0W
1X
b1 <
1$
1w
0#
0x
1`
1o
b0 d
b1 |
1-
#3430000
0-
b11011001 +
b11011001 5
02
00
0.
b101010110 3
#3435000
b11 ;
0>
1?
b1 )
b1 7
0P
1R
1U
0S
1M
0L
0q
b0 |
b10 <
1-
#3440000
0-
0,
b1101 +
b1101 5
12
10
1.
b101010111 3
#3445000
b0 ;
0r
1L
0M
1S
b0 )
b0 7
0T
0U
0?
1@
0X
b11 <
1-
#3450000
0-
b11111000 +
b11111000 5
00
b101011000 3
#3455000
b1 ;
1=
0@
0R
b1 )
b1 7
1T
1M
0L
b0 <
1-
#3460000
0-
1,
b10010100 +
b10010100 5
11
02
10
b101011001 3
#3465000
b10 ;
1>
1L
0M
0S
1U
1R
1O
0=
1X
b1 <
0$
0w
1#
1x
1a
0o
b1 d
1-
#3470000
0-
0,
b101000 +
b101000 5
01
12
b101011010 3
#3475000
b11 ;
0>
0X
1?
1P
0O
0U
b10 )
b10 7
0T
1S
1M
1p
0_
b10 <
1-
#3480000
0-
1,
b10111100 +
b10111100 5
00
b101011011 3
#3485000
b0 ;
0L
1K
1T
0R
b1 )
b1 7
0P
0?
1@
b11 <
1-
#3490000
0-
0,
b10100101 +
b10100101 5
02
10
0.
b101011100 3
#3495000
b1 ;
1X
1=
0@
1J
1R
1U
0S
0M
1L
b0 <
1-
#3500000
0-
1,
b11001011 +
b11001011 5
11
00
1.
b101011101 3
#3505000
b10 ;
1>
b100 l
0L
1M
b0 )
b0 7
0T
0U
1O
0Y
0=
1W
0X
b1 <
1$
1w
0#
0x
1b
0`
1o
1n
b1 m
b10 d
1-
#3510000
b100 l
0-
0,
b111 +
b111 5
12
b101011110 3
#3515000
b11 ;
0>
1?
b10 )
b10 7
1P
0R
1S
0M
0t
b100 s
b10 <
1-
#3520000
0-
1,
b11010010 +
b11010010 5
01
02
0.
b101011111 3
#3525000
b0 ;
0K
0S
b11 )
b11 7
1T
0O
1Q
1N
0?
1@
1X
b11 <
1e
1-
#3530000
0-
0,
b10101101 +
b10101101 5
b101100000 3
#3535000
b1 ;
0X
1=
0@
0J
0Q
0P
b0 )
b0 7
0T
0e
b0 <
1-
#3540000
0-
b11011000 +
b11011000 5
11
10
b101100001 3
#3545000
b10 ;
1>
1L
1O
0N
0=
0W
b1 <
1#
1x
1c
0a
b10 m
b11 d
0u
b1 |
1-
#3550000
0-
1,
b10110 +
b10110 5
01
00
1.
b101100010 3
#3555000
b11 ;
0>
1X
1?
b10 )
b10 7
1P
0O
1M
0L
0p
1e
b0 d
b0 m
b10 <
1-
#3560000
0-
0,
b111001 +
b111001 5
10
0.
b101100011 3
#3565000
b0 ;
1L
0M
b0 )
b0 7
0P
0?
1@
b11 <
0e
b0 |
1-
#3570000
0-
b11111000 +
b11111000 5
11
12
b101100100 3
#3575000
b1 ;
1=
0@
1O
1S
1M
b0 <
1-
#3580000
0-
1,
b10101001 +
b10101001 5
01
1.
b101100101 3
#3585000
b10 ;
1>
1K
1T
0O
b11 )
b11 7
1P
1Y
0=
b1 <
0$
0w
0#
0x
0z
0b
0n
1e
b1 |
1-
#3590000
0-
0,
b1100100 +
b1100100 5
02
b101100110 3
#3595000
b11 ;
0>
1?
1J
b1 )
b1 7
0P
1R
1U
0S
b0 |
0e
b10 <
1-
#3600000
0-
1,
b11111111 +
b11111111 5
12
b101100111 3
#3605000
b0 ;
1S
b0 )
b0 7
0T
0U
0?
1@
0X
b11 <
1e
1-
#3610000
0-
b10101100 +
b10101100 5
02
00
0.
b101101000 3
#3615000
b101 l
b1 ;
1=
0@
0R
b1 )
b1 7
1T
0S
0L
b0 <
1-
#3620000
b101 l
0-
0,
b111000 +
b111000 5
b101101001 3
#3625000
b10 ;
1>
0M
b0 )
b0 7
0T
0=
1W
1X
b1 <
b101 s
1#
1x
0{
0c
0e
1-
#3630000
0-
b1101000 +
b1101000 5
b101101010 3
#3635000
b11 ;
0>
1?
0K
b10 <
1-
#3640000
0-
b11001000 +
b11001000 5
1.
b101101011 3
#3645000
b0 ;
0J
0?
1@
b11 <
1-
#3650000
0-
1,
b1010111 +
b1010111 5
10
b101101100 3
#3655000
b0 l
b1 ;
1=
0@
1L
1e
b0 <
1-
#3660000
b0 l
0-
0,
b10110110 +
b10110110 5
0.
b101101101 3
#3665000
b10 ;
1>
1M
0=
0W
b1 <
b0 s
1"
1y
0e
b1 |
1-
#3670000
b1 l
1k
0-
1,
b1011101 +
b1011101 5
11
1.
b101101110 3
#3675000
0k
b0 ;
0>
1?
1O
1K
1F
b10000000 f
1t
1e
b1 s
b10 <
1-
#3680000
0-
0,
b10011100 +
b10011100 5
01
b101101111 3
#3685000
b1 ;
b10000000 g
0O
b10 )
b10 7
1P
1J
0?
1@
b0 <
0e
1-
#3690000
0-
1,
b1111011 +
b1111011 5
11
12
00
b101110000 3
#3695000
b10 ;
1>
1=
0@
b0 )
b0 7
0P
1O
1S
0L
b0 |
b1 <
1-
#3700000
0-
0,
b10 +
b10 5
01
02
b101110001 3
#3705000
b11 ;
0>
0M
0S
1T
0O
b11 )
b11 7
1P
1?
0=
1W
b10 <
1u
b1 |
1-
#3710000
0-
1,
b11110100 +
b11110100 5
11
10
0.
b101110010 3
#3715000
b0 ;
1@
0?
0P
1O
b0 )
b0 7
0T
0K
1L
b0 |
b11 <
1-
#3720000
0-
b11110 +
b11110 5
01
12
b101110011 3
#3725000
b1 ;
1M
1S
0O
b10 )
b10 7
1P
0J
0@
1=
b0 <
1-
#3730000
0-
0,
b1110010 +
b1110010 5
b101110100 3
#3735000
b11 ;
1>
0W
0=
0P
b1 )
b1 7
1T
1K
b1 d
1z
b1 <
1-
#3740000
0-
b10010010 +
b10010010 5
00
b101110101 3
#3745000
b0 ;
0>
0L
1U
1R
1J
1?
b11 <
1-
#3750000
0-
b1110011 +
b1110011 5
10
b101110110 3
#3755000
b1 ;
0X
1@
0?
0M
1L
b0 <
1-
#3760000
0-
1,
b10110 +
b10110 5
11
02
00
b101110111 3
#3765000
b10 ;
1>
0L
1M
0S
1O
0@
1=
b1 <
1-
#3770000
0-
0,
b10111101 +
b10111101 5
01
10
b101111000 3
#3775000
b11 ;
0>
1W
0=
1?
0Y
1P
0O
0U
b10 )
b10 7
0T
0M
1L
b10 d
0o
1{
0"
0y
b10 <
1-
#3780000
0-
1,
b10101111 +
b10101111 5
00
1.
b101111001 3
#3785000
b0 ;
0F
0L
1M
0R
b0 )
b0 7
0P
0?
1@
b11 <
1-
#3790000
0-
0,
b101101 +
b101101 5
12
b101111010 3
#3795000
b1 ;
1X
1=
0@
1S
0M
b0 <
1-
#3800000
0-
b1100111 +
b1100111 5
10
b101111011 3
#3805000
b10 ;
1>
1L
0K
b1 )
b1 7
1T
1Y
0=
b1 <
1$
1w
0#
0x
1o
b11 d
b1 |
1-
#3810000
0-
b10100101 +
b10100101 5
11
02
0.
b101111100 3
#3815000
b11 ;
0>
1?
0J
1O
1R
1U
0S
1M
b0 |
b10 <
1-
#3820000
0-
b11011 +
b11011 5
00
b101111101 3
#3825000
b0 ;
0L
1K
0T
0U
b10 )
b10 7
1P
0?
1@
0X
b11 <
1-
#3830000
0-
b1011000 +
b1011000 5
12
1.
b101111110 3
#3835000
b1 ;
1=
0@
1J
1N
1Q
0R
1S
0M
b0 <
1-
#3840000
0-
b1011111 +
b1011111 5
02
0.
b101111111 3
#3845000
b10 ;
1>
0K
0S
b11 )
b11 7
1T
0Y
0=
b1 <
0$
0w
1#
1x
0o
b100 d
1-
#3850000
0-
1,
b1001100 +
b1001100 5
01
12
10
1.
b110000000 3
#3855000
b11 ;
0>
1?
0J
0O
b10 )
b10 7
0T
1S
1L
b10 <
1-
#3860000
0-
0,
b1010 +
b1010 5
02
00
b110000001 3
#3865000
b0 ;
0L
1M
0S
1T
b1 )
b1 7
0P
0Q
0?
1@
b11 <
1-
#3870000
0-
1,
b1001010 +
b1001010 5
10
0.
b110000010 3
#3875000
b1 ;
1=
0@
0N
b0 )
b0 7
0T
0M
1L
b0 <
1-
#3880000
0-
b1100101 +
b1100101 5
11
12
1.
b110000011 3
#3885000
b10 ;
1>
1M
1S
1O
1Y
0=
0W
1X
b1 <
1$
1w
0#
0x
1o
b101 d
b1 |
1-
#3890000
0-
b10010 +
b10010 5
b110000100 3
#3895000
b11 ;
0>
1?
1P
b11 )
b11 7
1T
1K
b10 <
1-
#3900000
0-
0,
b10001100 +
b10001100 5
01
02
b110000101 3
#3905000
b0 ;
0S
1U
1R
0O
1Q
1N
1J
0?
1@
b11 <
b0 |
1-
#3910000
0-
1,
b1111 +
b1111 5
00
0.
b110000110 3
#3915000
b1 ;
0X
1=
0@
0Q
0P
0U
b0 )
b0 7
0T
0L
b0 <
1-
#3920000
0-
b1110 +
b1110 5
11
12
10
b110000111 3
#3925000
b10 ;
1>
1L
0M
1S
0R
1O
0N
0Y
0=
1W
b1 <
0$
0w
1#
1x
0o
b110 d
b1 |
1-
#3930000
0-
b1011110 +
b1011110 5
01
02
00
1.
b110001000 3
#3935000
b11 ;
0>
1X
1?
1P
0O
b11 )
b11 7
1T
0S
1M
0L
b10 <
1-
#3940000
0-
b1001000 +
b1001000 5
10
b110001001 3
#3945000
b0 ;
1L
0M
0T
b0 )
b0 7
0P
0?
1@
b11 <
b0 |
1-
#3950000
0-
0,
b1100100 +
b1100100 5
12
b110001010 3
#3955000
b1 ;
1=
0@
1S
1M
b0 <
1-
#3960000
0-
b10001101 +
b10001101 5
11
00
0.
b110001011 3
#3965000
b10 ;
1>
0L
b1 )
b1 7
1T
1O
1Y
0=
b1 <
0#
0x
1o
b111 d
b1 |
1-
#3970000
0-
1,
b11001000 +
b11001000 5
01
10
b110001100 3
#3975000
b10 l
1i
1v
b11 ;
0>
1?
b11 )
b11 7
1P
0O
1R
1U
0M
1L
1q
1p
b0 |
b10 <
1-
#3980000
1i
1v
b10 l
0-
0,
b10011111 +
b10011111 5
b110001101 3
#3985000
b0 ;
0i
0v
1h
1r
1M
b1 )
b1 7
0P
0?
1@
0X
b11 <
b10 s
1-
#3990000
0-
1,
b1101 +
b1101 5
02
b110001110 3
#3995000
b1 ;
1=
0@
0S
b1101 f
0h
b0 <
1-
#4000000
0-
0,
b10000001 +
b10000001 5
11
12
00
1.
b110001111 3
#4005000
b10 ;
1>
b1101 g
0L
1S
b0 )
b0 7
0T
0U
1O
0Y
0=
b1 <
1#
1x
0o
1n
b1 m
b0 d
1-
#4010000
0-
1,
b10100000 +
b10100000 5
01
b110010000 3
#4015000
b11 ;
0>
1?
1P
0O
0R
b11 )
b11 7
1T
0M
0q
b10 <
1-
#4020000
0-
0,
b101101 +
b101101 5
11
b110010001 3
#4025000
b0 ;
0r
0K
1U
1R
1O
b1 )
b1 7
0P
0?
1@
1X
b11 <
1-
#4030000
0-
b10010011 +
b10010011 5
01
02
b110010010 3
#4035000
b1 ;
0X
1=
0@
0J
b11 )
b11 7
1P
0O
0S
b0 <
1-
#4040000
0-
1,
b101011 +
b101011 5
11
12
10
b110010011 3
#4045000
b10 ;
1>
1L
1S
0T
0U
1O
b0 )
b0 7
0P
0=
0W
b1 <
1$
1w
0#
0x
b10 m
b1 d
1-
#4050000
0-
b11011100 +
b11011100 5
02
0.
b110010100 3
#4055000
b11 ;
0>
1?
1P
0R
b11 )
b11 7
1T
0S
1M
0p
b10 <
1-
#4060000
0-
0,
b10101001 +
b10101001 5
01
00
1.
b110010101 3
#4065000
b0 ;
0L
1K
b10 )
b10 7
0T
0O
1Q
1N
0?
1@
1X
b11 <
1-
#4070000
0-
1,
b1011000 +
b1011000 5
11
12
10
b110010110 3
#4075000
b1 ;
0X
1=
0@
1J
0Q
b0 )
b0 7
0P
1O
1S
0M
1L
b0 <
1-
#4080000
0-
b11111011 +
b11111011 5
01
02
00
b110010111 3
#4085000
b10 ;
1>
0L
1M
0S
1T
0O
b11 )
b11 7
1P
0N
0=
1W
b1 <
0n
b0 m
b10 d
b1 |
1-
#4090000
0-
b1011011 +
b1011011 5
11
10
b110011000 3
#4095000
b11 ;
0>
1X
1?
0P
1O
b0 )
b0 7
0T
0M
1L
1p
b0 |
b10 <
1-
#4100000
0-
b101001 +
b101001 5
01
12
b110011001 3
#4105000
b0 ;
1M
1S
0O
b10 )
b10 7
1P
0?
1@
b11 <
1-
#4110000
0-
b10011 +
b10011 5
11
02
00
b110011010 3
#4115000
b1 ;
1=
0@
0P
1O
b1 )
b1 7
1T
0S
0L
b0 <
1-
#4120000
0-
0,
b10000010 +
b10000010 5
12
10
0.
b110011011 3
#4125000
b10 ;
1>
1L
0M
1S
0T
b10 )
b10 7
1P
1Y
0=
b1 <
0$
0w
1o
1n
b1 m
b11 d
1-
#4130000
0-
b10010000 +
b10010000 5
00
b110011100 3
#4135000
b11 ;
0>
1?
1N
1Q
b11 )
b11 7
1T
1M
0L
b10 <
1-
#4140000
0-
1,
b10111111 +
b10111111 5
02
b110011101 3
#4145000
b0 ;
0M
0S
1U
1R
0?
1@
0X
b11 <
1-
#4150000
0-
b10101000 +
b10101000 5
10
b110011110 3
#4155000
b1 ;
1=
0@
0U
b10 )
b10 7
0T
0K
1L
b0 <
1-
#4160000
0-
b11000011 +
b11000011 5
12
b110011111 3
#4165000
b10 ;
1>
1M
1S
0R
0Y
0J
0=
0W
b1 <
1#
1x
b10 m
b100 d
1-
#4170000
0-
b10001110 +
b10001110 5
02
1.
b110100000 3
#4175000
b11 ;
0>
1?
b11 )
b11 7
1T
0S
1K
0p
b10 <
1-
#4180000
0-
b1111100 +
b1111100 5
01
12
b110100001 3
#4185000
b0 ;
1S
b10 )
b10 7
0T
0O
1J
0?
1@
b11 <
1-
#4190000
0-
0,
b1100000 +
b1100000 5
11
02
b110100010 3
#4195000
b1 ;
1=
0@
0Q
0P
1O
b1 )
b1 7
1T
0S
b0 <
1-
#4200000
0-
1,
b11100111 +
b11100111 5
01
12
00
0.
b110100011 3
#4205000
b10 ;
1>
0L
1S
0T
0O
b10 )
b10 7
1P
0N
0=
1W
b1 <
0n
b0 m
b101 d
1-
#4210000
0-
b1101101 +
b1101101 5
10
b110100100 3
#4215000
b11 ;
0>
1X
1?
0P
b1 )
b1 7
1T
0M
1L
b10 <
1-
#4220000
0-
b11010001 +
b11010001 5
11
02
00
1.
b110100101 3
#4225000
b0 ;
0L
1M
0S
1U
1R
1O
0?
1@
b11 <
1-
#4230000
0-
b10000101 +
b10000101 5
10
b110100110 3
#4235000
b1 ;
0X
1=
0@
1P
0U
b10 )
b10 7
0T
0M
1L
b0 <
1-
#4240000
0-
b1001000 +
b1001000 5
12
00
0.
b110100111 3
#4245000
b10 ;
1>
0L
1M
1S
0R
1Q
1N
0=
b1 <
0o
b110 d
1-
#4250000
0-
b10110 +
b10110 5
01
02
b110101000 3
#4255000
b11 ;
0>
1?
0O
b11 )
b11 7
1T
0S
0M
b10 <
1-
#4260000
0-
b1010001 +
b1010001 5
12
b110101001 3
#4265000
b0 ;
0K
1S
0T
b0 )
b0 7
0P
0Q
0?
1@
b11 <
1-
#4270000
0-
0,
b1011001 +
b1011001 5
11
02
10
b110101010 3
#4275000
b1 ;
1=
0@
0J
0N
1O
b1 )
b1 7
1T
0S
1L
b0 <
1-
#4280000
0-
b11100111 +
b11100111 5
1.
b110101011 3
#4285000
b10 ;
1>
1M
0T
b10 )
b10 7
1P
1Y
0=
0W
1X
b1 <
1$
1w
0#
0x
1o
b111 d
1-
#4290000
0-
1,
b1100111 +
b1100111 5
01
12
0.
b110101100 3
#4295000
b11 l
1j
b11 ;
0>
1?
1N
1Q
0O
1S
1K
1q
b10 <
1-
#4300000
0-
b11001111 +
b11001111 5
02
00
1.
b110101101 3
#4305000
b0 ;
0j
1r
0L
0S
1T
b1 )
b1 7
0P
0Q
1J
0?
1@
0X
b11 <
b11 s
1_
1-
#4310000
0-
0,
b1101100 +
b1101100 5
12
10
0.
b110101110 3
#4315000
b1 ;
1=
0@
0N
b0 )
b0 7
0T
1S
0M
1L
b0 <
1-
#4320000
0-
1,
b111100 +
b111100 5
02
00
b110101111 3
#4325000
b10 ;
1>
0L
1M
0S
b1 )
b1 7
1T
0=
1W
1X
b1 <
0$
0w
1#
1x
1`
0o
b0 d
b1 |
1-
#4330000
0-
0,
b11000101 +
b11000101 5
11
12
10
b110110000 3
#4335000
b11 ;
0>
1?
1O
b0 )
b0 7
0T
1S
0M
1L
0q
1p
b0 |
b10 <
1-
#4340000
0-
1,
b11100010 +
b11100010 5
01
00
b110110001 3
#4345000
b0 ;
0r
0L
1M
1T
0O
b11 )
b11 7
1P
0?
1@
b11 <
1-
#4350000
0-
b1011100 +
b1011100 5
02
10
b110110010 3
#4355000
b1 ;
1=
0@
b1 )
b1 7
0P
1R
1U
0S
0M
1L
b0 <
1-
#4360000
0-
b1100101 +
b1100101 5
11
12
00
b110110011 3
#4365000
b10 ;
1>
0L
1M
1S
b0 )
b0 7
0T
0U
1O
0Y
0=
0X
b1 <
0#
0x
1a
1o
1n
b1 m
b1 d
1-
#4370000
0-
b11111011 +
b11111011 5
01
02
10
b110110100 3
#4375000
b11 ;
0>
1?
1P
0O
0R
b11 )
b11 7
1T
0S
0M
1L
0p
0_
b10 <
1-
#4380000
0-
b11000100 +
b11000100 5
11
b110110101 3
#4385000
b0 ;
1M
0T
1O
b0 )
b0 7
0P
0?
1@
1X
b11 <
1-
#4390000
0-
b11101000 +
b11101000 5
01
00
b110110110 3
#4395000
b1 ;
1=
0@
b10 )
b10 7
1P
0O
0L
b0 <
1-
#4400000
0-
b10111000 +
b10111000 5
11
12
b110110111 3
#4405000
b10 ;
1>
b100 l
0M
1S
1O
b0 )
b0 7
0P
1Y
0=
b1 <
1#
1x
1b
0`
0n
b0 m
b10 d
1-
#4410000
0-
b10001010 +
b10001010 5
02
10
b110111000 3
#4415000
b11 ;
0>
1?
1P
b11 )
b11 7
1T
0S
0K
1L
1p
0t
b100 s
b10 <
1-
#4420000
0-
0,
b10010110 +
b10010110 5
01
b110111001 3
#4425000
b0 ;
1M
b10 )
b10 7
0T
0O
1Q
1N
0J
0?
1@
b11 <
1-
#4430000
0-
b1101011 +
b1101011 5
11
12
1.
b110111010 3
#4435000
b1 ;
0X
1=
0@
0Q
b0 )
b0 7
0P
1O
1S
1K
b0 <
1-
#4440000
0-
b10110111 +
b10110111 5
02
00
b110111011 3
#4445000
b10 ;
1>
0L
0S
1T
b11 )
b11 7
1P
0N
0Y
1J
0=
b1 <
0#
0x
1c
0a
0o
1n
b1 m
b11 d
0u
b1 |
1-
#4450000
0-
1,
b1001111 +
b1001111 5
01
10
b110111100 3
#4455000
b11 ;
0>
1X
1?
1N
1Q
0O
b10 )
b10 7
0T
0M
1L
0p
b0 |
1e
b0 d
b0 m
1o
b10 <
1-
#4460000
0-
b11111011 +
b11111011 5
11
12
0.
b110111101 3
#4465000
b0 ;
1M
1S
1O
b0 )
b0 7
0P
0Q
0?
1@
0X
b11 <
1-
#4470000
0-
b10110110 +
b10110110 5
01
02
00
b110111110 3
#4475000
b1 ;
1=
0@
0N
1P
0O
b11 )
b11 7
1T
0S
0L
b0 <
1-
#4480000
0-
b1011011 +
b1011011 5
12
1.
b110111111 3
#4485000
b10 ;
1>
0M
1S
0T
b0 )
b0 7
0P
1Y
0=
1X
b1 <
0z
0b
0n
1-
#4490000
0-
0,
b10001100 +
b10001100 5
0.
b111000000 3
#4495000
b11 ;
0>
1?
b1 )
b1 7
1T
0K
0e
b10 <
1-
#4500000
0-
1,
b100001 +
b100001 5
1.
b111000001 3
#4505000
b0 ;
1U
1R
0J
0?
1@
b11 <
1e
1-
#4510000
0-
0,
b1001000 +
b1001000 5
11
02
0.
b111000010 3
#4515000
b101 l
b1 ;
0X
1=
0@
1O
0S
0e
b0 <
1-
#4520000
0-
b11001011 +
b11001011 5
10
1.
b111000011 3
#4525000
b10 ;
1>
1L
0T
0U
b10 )
b10 7
1P
0Y
0=
0W
b1 <
b101 s
1#
1x
0{
0c
1-
#4530000
0-
1,
b1010010 +
b1010010 5
01
00
b111000100 3
#4535000
b11 ;
0>
1?
1N
1Q
0O
0R
1M
0L
1e
b10 <
1-
#4540000
0-
b11011 +
b11011 5
0.
b111000101 3
#4545000
b0 ;
0M
b0 )
b0 7
0P
0Q
0?
1@
b11 <
1-
#4550000
0-
b11100111 +
b11100111 5
11
12
1.
b111000110 3
#4555000
b0 l
b1 ;
1=
0@
0N
1O
1S
b0 <
1-
#4560000
0-
b1101000 +
b1101000 5
01
b111000111 3
#4565000
b10 ;
1>
b1 l
1k
1T
0O
b11 )
b11 7
1P
1Y
0=
1X
b1 <
b0 s
1"
1y
b1 |
1-
#4570000
0-
b1001011 +
b1001011 5
11
02
0.
b111001000 3
#4575000
0k
b11 ;
0>
1?
b1 )
b1 7
0P
1O
1R
1U
0S
1F
b10000000 f
b0 |
1t
b1 s
b10 <
1-
#4580000
0-
0,
b10100110 +
b10100110 5
12
b111001001 3
#4585000
b0 ;
b10000000 g
1S
0T
0U
b10 )
b10 7
1P
0?
1@
0X
b11 <
0e
1-
#4590000
0-
1,
b10011000 +
b10011000 5
01
10
1.
b111001010 3
#4595000
b1 ;
1=
0@
1N
1Q
0O
0R
b11 )
b11 7
1T
1L
b0 <
1-
#4600000
0-
b1000011 +
b1000011 5
0.
b111001011 3
#4605000
b10 ;
1>
1M
1U
1R
b1 )
b1 7
0P
0Q
0Y
0=
b1 <
1u
1-
#4610000
0-
0,
b11011111 +
b11011111 5
11
b111001100 3
#4615000
b0 ;
0>
1?
0N
1O
1K
b10 <
1-
#4620000
0-
b1001001 +
b1001001 5
1.
b111001101 3
#4625000
b1 ;
b11 )
b11 7
1P
1J
0?
1@
b0 <
1-
#4630000
0-
1,
b11111010 +
b11111010 5
01
02
00
b111001110 3
#4635000
b10 ;
1>
1=
0@
1N
1Q
0O
0S
0L
b1 <
1-
#4640000
0-
b11101000 +
b11101000 5
11
12
10
b111001111 3
#4645000
b11 ;
0>
1L
0M
1S
0T
0U
1O
b0 )
b0 7
0P
0Q
1?
0=
1W
b10 <
1z
b1 d
1-
#4650000
0-
0,
b11000010 +
b11000010 5
01
0.
b111010000 3
#4655000
b0 ;
1@
0?
0N
1P
0O
0R
b11 )
b11 7
1T
1M
b11 <
1-
#4660000
0-
1,
b11010101 +
b11010101 5
11
00
b111010001 3
#4665000
b1 ;
0L
1U
1R
1O
b1 )
b1 7
0P
0@
1=
1X
b0 <
1-
#4670000
0-
0,
b11111111 +
b11111111 5
02
1.
b111010010 3
#4675000
b10 ;
1>
0X
0=
b11 )
b11 7
1P
0S
0M
b10 d
0o
1{
0"
0y
b1 <
1-
#4680000
0-
b10010110 +
b10010110 5
01
12
0.
b111010011 3
#4685000
b11 ;
0>
0F
0K
1S
b10 )
b10 7
0T
0U
0O
1Q
1N
1?
b10 <
1-
#4690000
0-
1,
b11011000 +
b11011000 5
02
10
b111010100 3
#4695000
b0 ;
1@
0?
0J
0Q
0P
0R
b1 )
b1 7
1T
0S
1L
b11 <
1-
#4700000
0-
0,
b1000111 +
b1000111 5
11
12
1.
b111010101 3
#4705000
b1 ;
1M
1S
b0 )
b0 7
0T
1O
0N
0@
1=
b0 <
1-
#4710000
0-
b11 +
b11 5
00
0.
b111010110 3
#4715000
b10 ;
1>
1X
0W
0=
1Y
1P
b11 )
b11 7
1T
1K
0L
b1 |
b11 d
1o
0#
0x
b1 <
1-
#4720000
0-
1,
b11001011 +
b11001011 5
01
02
1.
b111010111 3
#4725000
b11 ;
0>
0M
0S
1U
1R
0O
1Q
1N
1J
1?
b10 <
b0 |
1-
#4730000
0-
0,
b10000100 +
b10000100 5
12
10
b111011000 3
#4735000
b0 ;
0X
1@
0?
0Q
0P
0U
b0 )
b0 7
0T
1S
0K
1L
b11 <
1-
#4740000
0-
1,
b1010 +
b1010 5
02
0.
b111011001 3
#4745000
b1 ;
1M
0S
b1 )
b1 7
1T
0R
0N
0J
0@
1=
b0 <
1-
#4750000
0-
b1000101 +
b1000101 5
00
1.
b111011010 3
#4755000
b10 ;
1>
1X
0=
b0 )
b0 7
0T
1K
0L
b100 d
0o
1#
1x
b1 <
1-
#4760000
0-
b110100 +
b110100 5
b111011011 3
#4765000
b11 ;
0>
0M
1J
1?
b10 <
1-
#4770000
0-
b1001010 +
b1001010 5
10
0.
b111011100 3
#4775000
b0 ;
1@
0?
0K
1L
b11 <
1-
#4780000
0-
0,
b10010101 +
b10010101 5
11
1.
b111011101 3
#4785000
b1 ;
1M
1O
0J
0@
1=
b0 <
1-
#4790000
0-
1,
b11000100 +
b11000100 5
01
00
0.
b111011110 3
#4795000
b10 ;
1>
0=
b10 )
b10 7
1P
0O
1K
0L
b1 |
b101 d
1o
0#
0x
b1 <
1-
#4800000
0-
0,
b11 +
b11 5
1.
b111011111 3
#4805000
b11 ;
0>
0M
b0 )
b0 7
0P
1J
1?
b10 <
b0 |
1-
#4810000
0-
1,
b11011110 +
b11011110 5
b111100000 3
#4815000
b0 ;
1@
0?
0K
b11 <
1-
#4820000
0-
b1101111 +
b1101111 5
12
10
b111100001 3
#4825000
b1 ;
1L
1S
0J
0@
1=
b0 <
1-
#4830000
0-
0,
b1110011 +
b1110011 5
00
0.
b111100010 3
#4835000
b10 ;
1>
0=
b1 )
b1 7
1T
1M
0L
b1 |
b110 d
0o
1#
1x
b1 <
1-
#4840000
0-
1,
b10011101 +
b10011101 5
02
10
b111100011 3
#4845000
b11 ;
0>
1L
0M
0S
1U
1R
1?
b10 <
b0 |
1-
#4850000
0-
0,
b10001010 +
b10001010 5
11
1.
b111100100 3
#4855000
b0 ;
0X
1@
0?
1O
0U
b0 )
b0 7
0T
1M
b11 <
1-
#4860000
0-
b10010000 +
b10010000 5
12
00
b111100101 3
#4865000
b1 ;
0L
1K
1S
0R
b10 )
b10 7
1P
0@
1=
b0 <
1-
#4870000
0-
1,
b11010011 +
b11010011 5
01
02
10
b111100110 3
#4875000
b10 ;
1>
1X
1W
0=
1J
1N
1Q
0O
b11 )
b11 7
1T
0S
0M
1L
b111 d
1o
0#
0x
1$
1w
b1 <
1-
#4880000
0-
b10101100 +
b10101100 5
00
b111100111 3
#4885000
b10 l
1i
1v
b11 ;
0>
1p
1q
0L
1M
0T
b0 )
b0 7
0P
0Q
1?
0X
b10 <
1-
#4890000
1i
1v
b10 l
0-
0,
b11110111 +
b11110111 5
11
b111101000 3
#4895000
0i
0v
b0 ;
1@
0?
0N
1O
0M
1r
1h
b10 s
b11 <
1-
#4900000
0-
b11110 +
b11110 5
12
b111101001 3
#4905000
b1 ;
0h
b11110 f
0K
1S
b10 )
b10 7
1P
0@
1=
1X
b0 <
1-
#4910000
0-
1,
b11110001 +
b11110001 5
02
b111101010 3
#4915000
b10 ;
1>
0W
0=
0J
1N
1Q
b11 )
b11 7
1T
0S
b11110 g
b0 d
b1 m
1n
0o
1#
1x
0$
0w
b1 <
1-
#4920000
0-
b10001100 +
b10001100 5
01
12
0.
b111101011 3
#4925000
b11 ;
0>
0p
0q
1S
b10 )
b10 7
0T
0O
1?
0X
b10 <
1-
#4930000
0-
b1010111 +
b1010111 5
11
10
1.
b111101100 3
#4935000
b0 ;
1@
0?
0Q
0P
1O
b1 )
b1 7
1T
1L
0r
b11 <
1-
#4940000
0-
0,
b10010011 +
b10010011 5
02
00
b111101101 3
#4945000
b1 ;
0L
1M
0S
1U
1R
b11 )
b11 7
1P
0N
0@
1=
b0 <
1-
#4950000
0-
1,
b10111000 +
b10111000 5
01
b111101110 3
#4955000
b10 ;
1>
0=
0Y
1N
1Q
0O
0U
b10 )
b10 7
0T
0M
b1 d
b0 m
0n
0#
0x
1$
1w
b1 <
1-
#4960000
0-
b100011 +
b100011 5
12
0.
b111101111 3
#4965000
b11 ;
0>
1p
1S
0R
b0 )
b0 7
0P
0Q
1?
b10 <
1-
#4970000
0-
b11101111 +
b11101111 5
11
10
1.
b111110000 3
#4975000
b0 ;
1@
0?
0N
1O
b1 )
b1 7
1T
1L
b11 <
1-
#4980000
0-
0,
b111011 +
b111011 5
b111110001 3
#4985000
b1 ;
1M
1U
1R
b11 )
b11 7
1P
0@
1=
1X
b0 <
1-
#4990000
0-
b10101101 +
b10101101 5
00
0.
b111110010 3
#4995000
b10 ;
1>
0X
0=
1N
1Q
1K
0L
b10 d
b1 m
1n
1o
0$
0w
b1 <
1-
#5000000
0-
b1101 +
b1101 5
01
02
10
1.
b111110011 3
#5005000
b11 ;
0>
1L
0M
0S
0O
1J
1?
b10 <
1-
#5010000
0-
1,
b11111100 +
b11111100 5
00
b111110100 3
#5015000
b0 ;
1@
0?
0Q
0P
0U
b0 )
b0 7
0T
1M
0L
b11 <
1-
#5020000
0-
b10110 +
b10110 5
11
12
10
0.
b111110101 3
#5025000
b1 ;
1L
0M
1S
0R
1O
0N
0@
1=
b0 <
1-
#5030000
0-
b1001 +
b1001 5
01
02
00
1.
b111110110 3
#5035000
b10 ;
1>
1X
1W
0=
1Y
1P
0O
b11 )
b11 7
1T
0S
1M
0L
b1 |
b11 d
b10 m
1#
1x
b1 <
1-
#5040000
0-
0,
b101110 +
b101110 5
11
12
10
b111110111 3
#5045000
b11 ;
0>
1L
0M
1S
0T
1O
b0 )
b0 7
0P
1?
b10 <
b0 |
1-
#5050000
0-
b0 +
b0 5
02
00
b111111000 3
#5055000
b0 ;
1@
0?
1P
b11 )
b11 7
1T
0S
1M
0L
b11 <
1-
#5060000
0-
1,
b11010 +
b11010 5
01
b111111001 3
#5065000
b1 ;
0M
b10 )
b10 7
0T
0O
1Q
1N
0@
1=
b0 <
1-
#5070000
0-
0,
b110010 +
b110010 5
b111111010 3
#5075000
b10 ;
1>
0X
0=
0Y
0Q
b0 )
b0 7
0P
0K
b100 d
b11 m
b1 <
1-
#5080000
0-
1,
b10100101 +
b10100101 5
10
0.
b111111011 3
#5085000
b11 ;
0>
1L
0N
0J
1?
b10 <
1-
#5090000
0-
b1101001 +
b1101001 5
12
00
1.
b111111100 3
#5095000
b0 ;
1X
1@
0?
1S
1M
0L
b11 <
1-
#5100000
0-
0,
b11010000 +
b11010000 5
11
0.
b111111101 3
#5105000
b1 ;
0M
b1 )
b1 7
1T
1O
0@
1=
b0 <
1-
#5110000
0-
1,
b10010010 +
b10010010 5
b111111110 3
#5115000
b10 ;
1>
0W
0=
1Y
b11 )
b11 7
1P
1R
1U
b101 d
b100 m
b1 <
1-
#5120000
0-
b11000 +
b11000 5
01
02
10
b111111111 3
#5125000
b11 ;
0>
0p
1L
0S
0O
1Q
1N
1?
0X
b10 <
1-
#5130000
0-
b10011100 +
b10011100 5
b1000000000 3
#5135000
b0 ;
1@
0?
0Q
0P
0U
b0 )
b0 7
0T
1M
b11 <
1-
#5140000
0-
b1011011 +
b1011011 5
11
b1000000001 3
#5145000
b1 ;
1K
0R
1O
0N
0@
1=
b0 <
1-
#5150000
0-
0,
b11010000 +
b11010000 5
12
b1000000010 3
#5155000
b10 ;
1>
1X
1W
0=
1J
b10 )
b10 7
1P
1S
b1 |
b110 d
b0 m
0n
b1 <
1-
#5160000
0-
1,
b1101011 +
b1101011 5
01
00
1.
b1000000011 3
#5165000
b11 ;
0>
0L
b11 )
b11 7
1T
0O
1Q
1N
1?
b10 <
b0 |
1-
#5170000
0-
0,
b1011100 +
b1011100 5
11
0.
b1000000100 3
#5175000
b0 ;
0X
1@
0?
0Q
b1 )
b1 7
0P
1O
1R
1U
0M
b11 <
1-
#5180000
0-
b11010011 +
b11010011 5
01
b1000000101 3
#5185000
b1 ;
0K
0O
b11 )
b11 7
1P
0N
0@
1=
b0 <
1-
#5190000
0-
1,
b1101100 +
b1101100 5
11
10
1.
b1000000110 3
#5195000
b10 ;
1>
0W
0=
0J
0Y
b1 )
b1 7
0P
1O
1L
b111 d
0o
b1 <
1-
#5200000
0-
b11001111 +
b11001111 5
01
0.
b1000000111 3
#5205000
b11 l
1j
b11 ;
0>
1q
1M
0O
b11 )
b11 7
1P
1?
b10 <
1-
#5210000
0-
b10010001 +
b10010001 5
11
b1000001000 3
#5215000
0j
b0 ;
1@
0?
b1 )
b1 7
0P
1O
1K
1r
1_
b11 s
b11 <
1-
#5220000
0-
0,
b1100 +
b1100 5
00
b1000001001 3
#5225000
b1 ;
0L
b11 )
b11 7
1P
1J
0@
1=
b0 <
1-
#5230000
0-
1,
b10110110 +
b10110110 5
01
1.
b1000001010 3
#5235000
b10 ;
1>
1W
0=
1N
1Q
0O
0M
b0 d
1o
1`
0#
0x
1$
1w
b1 <
1-
#5240000
0-
b101111 +
b101111 5
10
b1000001011 3
#5245000
b11 ;
0>
0q
1L
0K
b1 )
b1 7
0P
0Q
1?
b10 <
1-
#5250000
0-
b1111000 +
b1111000 5
11
02
00
0.
b1000001100 3
#5255000
b0 ;
1@
0?
0J
0N
1O
0S
1M
0L
0r
b11 <
1-
#5260000
0-
b10110000 +
b10110000 5
01
12
1.
b1000001101 3
#5265000
b1 ;
0M
1S
0T
0U
0O
b10 )
b10 7
1P
0@
1=
b0 <
1-
#5270000
0-
b100110 +
b100110 5
b1000001110 3
#5275000
b10 ;
1>
0W
0=
0P
0R
b1 )
b1 7
1T
b1 d
0o
1a
1#
1x
0$
0w
b1 <
1-
#5280000
0-
0,
b1001 +
b1001 5
02
b1000001111 3
#5285000
b11 ;
0>
1p
0S
1U
1R
1?
1X
b10 <
0_
1-
#5290000
0-
1,
b100101 +
b100101 5
12
10
0.
b1000010000 3
#5295000
b0 ;
0X
1@
0?
0U
b0 )
b0 7
0T
1S
1L
b11 <
1-
#5300000
0-
b11001001 +
b11001001 5
02
00
1.
b1000010001 3
#5305000
b1 ;
0L
1M
0S
b1 )
b1 7
1T
0R
0@
1=
b0 <
1-
#5310000
0-
b10110 +
b10110 5
11
12
0.
b1000010010 3
#5315000
b100 l
b10 ;
1>
1X
0=
1Y
1O
b0 )
b0 7
0T
1S
0M
b10 d
b1 m
1n
1o
0`
1b
0#
0x
b1 <
1-
#5320000
0-
b10010101 +
b10010101 5
02
1.
b1000010011 3
#5325000
b11 ;
0>
0S
1T
b11 )
b11 7
1P
1?
b10 <
b100 s
0t
1-
#5330000
0-
0,
b1101110 +
b1101110 5
01
10
0.
b1000010100 3
#5335000
b0 ;
1@
0?
1N
1Q
0O
b10 )
b10 7
0T
1L
b11 <
1-
#5340000
0-
1,
b10010111 +
b10010111 5
12
00
b1000010101 3
#5345000
b1 ;
0L
1M
1S
b0 )
b0 7
0P
0Q
0@
1=
0X
b0 <
1e
1-
#5350000
0-
b11011100 +
b11011100 5
10
b1000010110 3
#5355000
b10 ;
1>
0=
0Y
0N
b1 )
b1 7
1T
0M
1L
b1 |
0u
b11 d
b10 m
0a
1c
1#
1x
1$
1w
b1 <
1-
#5360000
0-
0,
b1100000 +
b1100000 5
02
b1000010111 3
#5365000
b11 ;
0>
0p
1M
0S
1U
1R
1?
1X
b10 <
b0 m
b0 d
0e
b0 |
1-
#5370000
0-
b110111 +
b110111 5
11
12
b1000011000 3
#5375000
b0 ;
0X
1@
0?
1O
0U
b0 )
b0 7
0T
1S
1K
b11 <
1-
#5380000
0-
b11011010 +
b11011010 5
1.
b1000011001 3
#5385000
b1 ;
1T
0R
b11 )
b11 7
1P
1J
0@
1=
b0 <
1-
#5390000
0-
b1000011 +
b1000011 5
01
b1000011010 3
#5395000
b10 ;
1>
1X
1W
0=
1Y
1N
1Q
0O
1R
1U
0n
0b
0z
0#
0x
0$
0w
b1 <
1-
#5400000
0-
b110110 +
b110110 5
00
b1000011011 3
#5405000
b11 ;
0>
0L
b1 )
b1 7
0P
0Q
1?
0X
b10 <
1-
#5410000
0-
1,
b10110 +
b10110 5
10
0.
b1000011100 3
#5415000
b0 ;
1@
0?
0N
0M
1L
1e
b11 <
1-
#5420000
0-
0,
b1110001 +
b1110001 5
11
02
1.
b1000011101 3
#5425000
b1 ;
b101 l
1M
0S
1O
0@
1=
b0 <
0e
1-
#5430000
0-
b1100000 +
b1100000 5
01
00
b1000011110 3
#5435000
b10 ;
1>
0=
0Y
1P
0O
0U
b10 )
b10 7
0T
0L
0c
0{
1#
1x
b101 s
b1 <
1-
#5440000
0-
b1110101 +
b1110101 5
11
10
b1000011111 3
#5445000
b11 ;
0>
1L
0M
0R
1O
b0 )
b0 7
0P
1?
b10 <
1-
#5450000
0-
b1100000 +
b1100000 5
01
12
0.
b1000100000 3
#5455000
b0 ;
1X
1@
0?
b10 )
b10 7
1P
0O
1S
1M
b11 <
1-
#5460000
0-
b1010111 +
b1010111 5
11
02
00
b1000100001 3
#5465000
b0 l
b1 ;
0L
0S
1T
1O
b1 )
b1 7
0P
0@
1=
b0 <
1-
#5470000
0-
b11010001 +
b11010001 5
12
1.
b1000100010 3
#5475000
b10 ;
1>
0=
1Y
1P
b10 )
b10 7
0T
1S
0M
1"
1y
b0 s
b1 <
1-
#5480000
b1 l
1k
0-
1,
b11000001 +
b11000001 5
01
02
b1000100011 3
#5485000
b0 ;
0>
0k
b10000000 f
1F
0K
0S
b11 )
b11 7
1T
0O
1Q
1N
1?
b10 <
b1 s
1e
1t
1-
#5490000
0-
b10010001 +
b10010001 5
11
10
b1000100100 3
#5495000
b1 ;
0X
1@
0?
0J
0Q
0P
1O
b0 )
b0 7
0T
1L
b10000000 g
b0 <
1-
#5500000
0-
b1001 +
b1001 5
01
12
b1000100101 3
#5505000
b10 ;
1>
1M
1S
0O
b10 )
b10 7
1P
0N
0@
1=
b1 <
1-
#5510000
0-
b1010001 +
b1010001 5
b1000100110 3
#5515000
b0 ;
0>
1X
0W
0=
1?
0P
b1 )
b1 7
1T
1K
1u
b10 <
1-
#5520000
0-
0,
b1110 +
b1110 5
02
00
b1000100111 3
#5525000
b1 ;
0L
0S
1U
1R
1J
0?
1@
b0 <
0e
1-
#5530000
0-
1,
b10011 +
b10011 5
11
10
b1000101000 3
#5535000
b10 ;
1>
0X
1=
0@
1O
0U
b0 )
b0 7
0T
0M
1L
b1 <
1-
#5540000
0-
b1000100 +
b1000100 5
01
12
b1000101001 3
#5545000
b11 ;
0>
1M
1S
0R
0O
b10 )
b10 7
1P
0Y
1?
0=
1W
b10 <
1z
b1 d
b1 |
1-
#5550000
0-
b10110110 +
b10110110 5
11
0.
b1000101010 3
#5555000
b0 ;
1X
1@
0?
0P
1O
b1 )
b1 7
1T
b0 |
b11 <
1-
#5560000
0-
b11010 +
b11010 5
02
00
1.
b1000101011 3
#5565000
b1 ;
0L
0S
1U
1R
b11 )
b11 7
1P
0@
1=
b0 <
1-
#5570000
0-
0,
b1101011 +
b1101011 5
12
0.
b1000101100 3
#5575000
b10 ;
1>
0X
0=
1N
1Q
0U
b10 )
b10 7
0T
1S
0M
b10 d
0o
1{
0"
0y
b1 <
1-
#5580000
0-
b100110 +
b100110 5
01
02
10
1.
b1000101101 3
#5585000
b11 ;
0>
0F
1L
0K
0S
b11 )
b11 7
1T
0R
0O
1?
b10 <
1-
#5590000
0-
1,
b1000100 +
b1000100 5
00
b1000101110 3
#5595000
b0 ;
1@
0?
0J
0Q
0P
b0 )
b0 7
0T
1M
0L
b11 <
1-
#5600000
0-
b110110 +
b110110 5
11
12
10
b1000101111 3
#5605000
b1 ;
1L
0M
1S
1O
0N
0@
1=
b0 <
1-
#5610000
0-
0,
b10111100 +
b10111100 5
01
00
b1000110000 3
#5615000
b10 ;
1>
1X
0W
0=
1Y
1P
0O
b11 )
b11 7
1T
1M
0L
b1 |
b11 d
1o
0#
0x
1$
1w
b1 <
1-
#5620000
0-
b10110010 +
b10110010 5
02
b1000110001 3
#5625000
b11 ;
0>
0M
0S
1U
1R
b1 )
b1 7
0P
1?
b10 <
b0 |
1-
#5630000
0-
b1101011 +
b1101011 5
12
b1000110010 3
#5635000
b0 ;
0X
1@
0?
0U
b0 )
b0 7
0T
1S
b11 <
1-
#5640000
0-
1,
b1111011 +
b1111011 5
11
0.
b1000110011 3
#5645000
b1 ;
b1 )
b1 7
1T
0R
1O
0@
1=
b0 <
1-
#5650000
0-
b10111000 +
b10111000 5
10
b1000110100 3
#5655000
b10 ;
1>
1X
0=
b11 )
b11 7
1P
1R
1U
1L
b100 d
0o
1#
1x
0$
0w
b1 <
1-
#5660000
0-
b10101100 +
b10101100 5
01
02
b1000110101 3
#5665000
b11 ;
0>
1M
0S
0O
1Q
1N
1?
0X
b10 <
1-
#5670000
0-
b11011100 +
b11011100 5
1.
b1000110110 3
#5675000
b0 ;
1@
0?
0Q
0P
0U
b0 )
b0 7
0T
1K
b11 <
1-
#5680000
0-
b1011100 +
b1011100 5
12
b1000110111 3
#5685000
b1 ;
1S
0R
0N
1J
0@
1=
b0 <
1-
#5690000
0-
b11100001 +
b11100001 5
11
b1000111000 3
#5695000
b10 ;
1>
1X
1W
0=
1O
b1 )
b1 7
1T
b1 |
b101 d
1o
0#
0x
1$
1w
b1 <
1-
#5700000
0-
b11100000 +
b11100000 5
01
02
0.
b1000111001 3
#5705000
b11 ;
0>
0S
1U
1R
0O
b11 )
b11 7
1P
1?
b10 <
b0 |
1-
#5710000
0-
0,
b111 +
b111 5
12
00
1.
b1000111010 3
#5715000
b0 ;
0X
1@
0?
0P
0U
b0 )
b0 7
0T
1S
0L
b11 <
1-
#5720000
0-
b10010100 +
b10010100 5
11
10
0.
b1000111011 3
#5725000
b1 ;
1L
0M
b1 )
b1 7
1T
0R
1O
0@
1=
b0 <
1-
#5730000
0-
1,
b111000 +
b111000 5
01
02
00
b1000111100 3
#5735000
b10 ;
1>
1X
0=
b11 )
b11 7
1P
0O
1R
1U
0S
1M
0L
b110 d
0o
1#
1x
0$
0w
b1 <
1-
#5740000
0-
0,
b10111101 +
b10111101 5
11
12
10
b1000111101 3
#5745000
b11 ;
0>
1L
0M
1S
0T
0U
1O
b0 )
b0 7
0P
1?
0X
b10 <
1-
#5750000
0-
b11101111 +
b11101111 5
01
00
1.
b1000111110 3
#5755000
b0 ;
1@
0?
1P
0O
0R
b11 )
b11 7
1T
1M
0L
b11 <
1-
#5760000
0-
b1111001 +
b1111001 5
02
10
b1000111111 3
#5765000
b1 ;
1L
0M
0S
1U
1R
b1 )
b1 7
0P
0@
1=
1X
b0 <
1-
#5770000
0-
b1000001 +
b1000001 5
11
b1001000000 3
#5775000
b10 ;
1>
0X
0=
0Y
1O
0U
b0 )
b0 7
0T
1M
b111 d
1o
0#
0x
1$
1w
b1 <
1-
#5780000
0-
b1011010 +
b1011010 5
12
0.
b1001000001 3
#5785000
b10 l
1i
1v
b11 ;
0>
1p
1q
1S
0R
b10 )
b10 7
1P
1?
b10 <
1-
#5790000
0-
b1100101 +
b1100101 5
01
02
1.
b1001000010 3
#5795000
0i
0v
b0 ;
1X
1@
0?
1N
1Q
0O
b11 )
b11 7
1T
0S
1r
1h
b10 s
b11 <
1-
#5800000
0-
b10101010 +
b10101010 5
11
b1001000011 3
#5805000
b1 ;
0h
b10101010 f
0T
1O
b0 )
b0 7
0P
0Q
0@
1=
0X
b0 <
1-
#5810000
0-
1,
b1110010 +
b1110010 5
12
b1001000100 3
#5815000
b10 ;
1>
0=
0N
b10 )
b10 7
1P
1S
b10101010 g
b1 |
b0 d
b1 m
1n
0o
1#
1x
0$
0w
b1 <
1-
#5820000
0-
0,
b11011000 +
b11011000 5
01
0.
b1001000101 3
#5825000
b11 ;
0>
0p
0q
b11 )
b11 7
1T
0O
1Q
1N
1?
1X
b10 <
b0 |
1-
#5830000
0-
b10100100 +
b10100100 5
02
1.
b1001000110 3
#5835000
b0 ;
0X
1@
0?
0Q
b1 )
b1 7
0P
1R
1U
0S
0r
b11 <
1-
#5840000
0-
1,
b100110 +
b100110 5
11
0.
b1001000111 3
#5845000
b1 ;
b0 )
b0 7
0T
0U
1O
0N
0@
1=
b0 <
1-
#5850000
0-
b11110101 +
b11110101 5
12
b1001001000 3
#5855000
b10 ;
1>
0=
b10 )
b10 7
1P
0R
1S
b1 |
b1 d
b0 m
0n
0#
0x
b1 <
1-
#5860000
0-
0,
b11100 +
b11100 5
02
b1001001001 3
#5865000
b11 ;
0>
1p
0S
b11 )
b11 7
1T
1Q
1N
1?
1X
b10 <
b0 |
1-
#5870000
0-
b1000011 +
b1000011 5
00
1.
b1001001010 3
#5875000
b0 ;
0X
1@
0?
b10 )
b10 7
0T
0L
b11 <
1-
#5880000
0-
1,
b10110111 +
b10110111 5
12
10
0.
b1001001011 3
#5885000
b1 ;
1L
0M
1S
0@
1=
b0 <
1-
#5890000
0-
b11010111 +
b11010111 5
00
b1001001100 3
#5895000
b10 ;
1>
0=
b11 )
b11 7
1T
1M
0L
b10 d
b1 m
1n
1o
b1 <
1-
#5900000
0-
0,
b11111001 +
b11111001 5
01
b1001001101 3
#5905000
b11 ;
0>
0p
0M
1U
1R
0O
1?
b10 <
1-
#5910000
0-
1,
b10010100 +
b10010100 5
02
10
1.
b1001001110 3
#5915000
b0 ;
1@
0?
0Q
b1 )
b1 7
0P
0S
0K
1L
b11 <
1-
#5920000
0-
b11000110 +
b11000110 5
12
00
b1001001111 3
#5925000
b1 ;
0L
1M
1S
b0 )
b0 7
0T
0U
0N
0J
0@
1=
b0 <
1-
#5930000
0-
b10001110 +
b10001110 5
11
b1001010000 3
#5935000
b10 ;
1>
0W
0=
1O
0R
b1 )
b1 7
1T
0M
b1 |
b11 d
b0 m
0n
1#
1x
b1 <
1-
#5940000
0-
0,
b10101100 +
b10101100 5
10
0.
b1001010001 3
#5945000
b11 ;
0>
1p
1L
1U
1R
b11 )
b11 7
1P
1?
1X
b10 <
b0 |
1-
#5950000
0-
b1011011 +
b1011011 5
01
00
b1001010010 3
#5955000
b0 ;
0X
1@
0?
1N
1Q
0O
1M
0L
b11 <
1-
#5960000
0-
b10001100 +
b10001100 5
11
02
10
1.
b1001010011 3
#5965000
b1 ;
1L
0M
0S
1O
b1 )
b1 7
0P
0Q
0@
1=
b0 <
1-
#5970000
0-
b11100010 +
b11100010 5
01
b1001010100 3
#5975000
b10 ;
1>
0=
0N
1P
0O
0U
b10 )
b10 7
0T
1M
b100 d
b1 m
1n
0o
b1 <
1-
#5980000
0-
1,
b10111100 +
b10111100 5
11
12
00
b1001010101 3
#5985000
b11 ;
0>
0p
0L
1K
1S
0R
1O
b0 )
b0 7
0P
1?
b10 <
1-
#5990000
0-
b11101001 +
b11101001 5
02
b1001010110 3
#5995000
b0 ;
1X
1@
0?
1J
1P
b11 )
b11 7
1T
0S
0M
b11 <
1-
#6000000
0-
b10100000 +
b10100000 5
01
12
10
b1001010111 3
#6005000
b1 ;
1L
0K
1S
b10 )
b10 7
0T
0O
1Q
1N
0@
1=
b0 <
1-
#6010000
0-
b111000 +
b111000 5
02
00
0.
b1001011000 3
#6015000
b10 ;
1>
0X
0=
0J
0Q
0P
b1 )
b1 7
1T
0S
1M
0L
b101 d
b0 m
0n
0#
0x
b1 <
1-
#6020000
0-
0,
b111111 +
b111111 5
11
12
10
1.
b1001011001 3
#6025000
b11 ;
0>
1p
1L
0M
1S
b0 )
b0 7
0T
1O
0N
1?
b10 <
1-
#6030000
0-
1,
b10001111 +
b10001111 5
02
b1001011010 3
#6035000
b0 ;
1X
1@
0?
1P
b11 )
b11 7
1T
0S
1M
b11 <
1-
#6040000
0-
0,
b11101100 +
b11101100 5
0.
b1001011011 3
#6045000
b1 ;
1K
b10 )
b10 7
0T
1Q
1N
0@
1=
b0 <
1-
#6050000
0-
1,
b111000 +
b111000 5
01
12
b1001011100 3
#6055000
b10 ;
1>
0X
1W
0=
1J
0O
1S
b110 d
b1 m
1n
1o
b1 <
1-
#6060000
0-
0,
b1111000 +
b1111000 5
11
02
00
1.
b1001011101 3
#6065000
b11 ;
0>
0p
0L
0S
1T
1O
b1 )
b1 7
0P
0Q
1?
b10 <
1-
#6070000
0-
b1111111 +
b1111111 5
0.
b1001011110 3
#6075000
b0 ;
1@
0?
0N
1P
b10 )
b10 7
0T
0M
b11 <
1-
#6080000
0-
1,
b11111110 +
b11111110 5
12
1.
b1001011111 3
#6085000
b1 ;
0K
1S
1Q
1N
0@
1=
1X
b0 <
1-
#6090000
0-
0,
b11011001 +
b11011001 5
02
0.
b1001100000 3
#6095000
b10 ;
1>
0X
0W
0=
0J
b11 )
b11 7
1T
0S
b111 d
b0 m
0n
1#
1x
b1 <
1-
#6100000
0-
1,
b11011000 +
b11011000 5
01
b1001100001 3
#6105000
b11 l
1j
b11 ;
0>
1p
1q
b10 )
b10 7
0T
0O
1?
b10 <
1-
#6110000
0-
b11111111 +
b11111111 5
11
b1001100010 3
#6115000
0j
b0 ;
1@
0?
0Q
b0 )
b0 7
0P
1O
1r
1_
b11 s
b11 <
1-
#6120000
0-
b10110101 +
b10110101 5
01
b1001100011 3
#6125000
b1 ;
0O
b10 )
b10 7
1P
0N
0@
1=
b0 <
1-
#6130000
0-
0,
b11000111 +
b11000111 5
10
1.
b1001100100 3
#6135000
b10 ;
1>
1X
0=
1Y
b0 )
b0 7
0P
1L
b0 d
b1 m
1n
0o
1`
b1 <
1-
#6140000
0-
b1100010 +
b1100010 5
12
00
0.
b1001100101 3
#6145000
b11 ;
0>
0p
0q
0L
1M
1S
1?
b10 <
1-
#6150000
0-
1,
b100 +
b100 5
10
b1001100110 3
#6155000
b0 ;
1@
0?
b1 )
b1 7
1T
0M
1L
0r
b11 <
1-
#6160000
0-
0,
b1010100 +
b1010100 5
11
b1001100111 3
#6165000
b1 ;
1M
1U
1R
1O
0@
1=
b0 <
1-
#6170000
0-
b101111 +
b101111 5
00
1.
b1001101000 3
#6175000
b10 ;
1>
0X
0=
0Y
b11 )
b11 7
1P
1K
0L
b1 d
b0 m
0n
1a
0#
0x
1$
1w
b1 <
1-
#6180000
0-
1,
b1100111 +
b1100111 5
0.
b1001101001 3
#6185000
b11 ;
0>
1p
0M
1Q
1N
1J
1?
b10 <
0_
1-
#6190000
0-
0,
b101011 +
b101011 5
02
b1001101010 3
#6195000
b0 ;
1@
0?
0S
0K
b11 <
1-
#6200000
0-
b11110101 +
b11110101 5
01
12
10
1.
b1001101011 3
#6205000
b1 ;
1L
1S
b10 )
b10 7
0T
0U
0O
0J
0@
1=
b0 <
1-
#6210000
0-
1,
b11100101 +
b11100101 5
11
02
0.
b1001101100 3
#6215000
b100 l
b10 ;
1>
0=
0Q
0P
1O
0R
b1 )
b1 7
1T
0S
1M
b10 d
b1 m
1n
1o
0`
1b
0$
0w
b1 <
1-
#6220000
0-
b10101101 +
b10101101 5
01
12
00
1.
b1001101101 3
#6225000
b11 ;
0>
0p
0L
1K
1S
0T
0O
b10 )
b10 7
1P
0N
1?
b10 <
b100 s
0t
1-
#6230000
0-
b10101 +
b10101 5
0.
b1001101110 3
#6235000
b0 ;
1X
1@
0?
1J
0P
b1 )
b1 7
1T
0M
1e
b11 <
1-
#6240000
0-
0,
b1010111 +
b1010111 5
11
02
b1001101111 3
#6245000
b1 ;
0K
0S
1U
1R
1O
0@
1=
b0 <
0e
1-
#6250000
0-
1,
b11110010 +
b11110010 5
01
b1001110000 3
#6255000
b10 ;
1>
0X
0=
0J
1P
0O
0U
b10 )
b10 7
0T
0u
1e
b11 d
b0 m
0n
0a
1c
1#
1x
1$
1w
b1 <
1-
#6260000
0-
0,
b11101010 +
b11101010 5
12
10
1.
b1001110001 3
#6265000
b11 ;
0>
1L
1S
0R
b0 )
b0 7
0P
1?
b10 <
b0 d
0e
1-
#6270000
0-
b11001 +
b11001 5
11
02
00
0.
b1001110010 3
#6275000
b0 ;
1X
1@
0?
1O
b1 )
b1 7
1T
0S
1M
0L
b11 <
1-
#6280000
0-
1,
b10011 +
b10011 5
01
10
b1001110011 3
#6285000
b1 ;
1L
0M
0T
0O
b10 )
b10 7
1P
0@
1=
b0 <
1e
1-
#6290000
0-
b1110101 +
b1110101 5
11
00
1.
b1001110100 3
#6295000
b10 ;
1>
0=
1Y
b0 )
b0 7
0P
1O
1M
0L
0b
0z
0#
0x
0$
0w
b1 <
1-
#6300000
0-
0,
b10101010 +
b10101010 5
12
10
b1001110101 3
#6305000
b11 ;
0>
1L
0M
1S
b10 )
b10 7
1P
1?
b10 <
0e
1-
#6310000
0-
1,
b1100100 +
b1100100 5
0.
b1001110110 3
#6315000
b0 ;
1@
0?
1N
1Q
b11 )
b11 7
1T
1M
1e
b11 <
1-
#6320000
0-
b100110 +
b100110 5
02
1.
b1001110111 3
#6325000
b101 l
b1 ;
1K
0S
1U
1R
0@
1=
0X
b0 <
1-
#6330000
b101 l
0-
0,
b11110011 +
b11110011 5
01
12
00
b1001111000 3
#6335000
b10 ;
1>
1W
0=
1J
0Y
0O
0U
b10 )
b10 7
0T
1S
0L
0e
0c
0{
1#
1x
b101 s
b1 <
1-
#6340000
0-
1,
b10001100 +
b10001100 5
02
0.
b1001111001 3
#6345000
b11 ;
0>
0M
0S
1T
0R
b1 )
b1 7
0P
0Q
1?
b10 <
1e
1-
#6350000
0-
b1101101 +
b1101101 5
12
10
1.
b1001111010 3
#6355000
b0 ;
1@
0?
0N
b0 )
b0 7
0T
1S
0K
1L
b11 <
1-
#6360000
0-
0,
b11101010 +
b11101010 5
b1001111011 3
#6365000
b1 ;
b0 l
1M
b1 )
b1 7
1T
0J
0@
1=
1X
b0 <
0e
1-
#6370000
0-
b11111111 +
b11111111 5
11
02
00
b1001111100 3
#6375000
b10 ;
1>
0W
0=
1Y
1O
1R
1U
0S
1K
0L
1"
1y
b0 s
b1 <
1-
#6380000
b1 l
1k
0-
1,
b11100110 +
b11100110 5
01
12
b1001111101 3
#6385000
b11 ;
0>
0k
b10000000 f
1F
0M
1S
0T
0U
0O
b10 )
b10 7
1P
1J
1?
0X
b10 <
b1 s
1e
1t
1-
#6390000
0-
b11010001 +
b11010001 5
02
0.
b1001111110 3
#6395000
b0 ;
1@
0?
0P
0R
b1 )
b1 7
1T
0S
0K
b10000000 g
b11 <
1-
#6400000
0-
b1100010 +
b1100010 5
11
12
1.
b1001111111 3
#6405000
b1 ;
1S
b0 )
b0 7
0T
1O
0J
0@
1=
1X
b0 <
1-
#6410000
0-
b111111 +
b111111 5
01
02
b1010000000 3
#6415000
b10 ;
1>
0=
1P
0O
b11 )
b11 7
1T
0S
b1 |
1u
b1 <
1-
#6420000
0-
b11000101 +
b11000101 5
10
b1010000001 3
#6425000
b11 ;
0>
1L
0T
b0 )
b0 7
0P
1?
b10 <
b0 |
1-
#6430000
0-
0,
b10001101 +
b10001101 5
12
0.
b1010000010 3
#6435000
b0 ;
1@
0?
1S
1M
0e
b11 <
1-
#6440000
0-
1,
b11101100 +
b11101100 5
11
02
00
1.
b1010000011 3
#6445000
0L
1K
0S
b1 )
b1 7
1T
1O
0@
1=
b0 <
1-
#6450000
0-
0,
b11011001 +
b11011001 5
01
10
0.
b1010000100 3
#6455000
b1 ;
1W
0=
1J
1P
0O
b10 )
b10 7
0T
0M
1L
b1 d
1z
1-
#6460000
0-
b1001101 +
b1001101 5
12
00
1.
b1010000101 3
#6465000
b10 ;
1>
0L
1M
1S
b0 )
b0 7
0P
b1 <
1-
#6470000
0-
1,
b10010001 +
b10010001 5
11
b1010000110 3
#6475000
b11 ;
0>
1?
1O
b1 )
b1 7
1T
0M
b10 <
1-
#6480000
0-
b1010011 +
b1010011 5
01
10
b1010000111 3
#6485000
b0 ;
1L
0K
1U
1R
0O
b11 )
b11 7
1P
0?
1@
b11 <
1-
#6490000
0-
0,
b111001 +
b111001 5
00
0.
b1010001000 3
#6495000
b1 ;
0X
1=
0@
0J
b1 )
b1 7
0P
1M
0L
b0 <
1-
#6500000
0-
b1111011 +
b1111011 5
11
10
1.
b1010001001 3
#6505000
b10 ;
1>
1L
0M
1O
0Y
0=
0W
b1 <
0"
0y
1{
0o
b10 d
1-
#6510000
0-
b11000001 +
b11000001 5
01
00
0.
b1010001010 3
#6515000
b11 ;
0>
1?
b11 )
b11 7
1P
0O
1M
0L
0F
b10 <
1-
#6520000
0-
1,
b111110 +
b111110 5
11
1.
b1010001011 3
#6525000
b0 ;
0M
1O
b1 )
b1 7
0P
0?
1@
b11 <
1-
#6530000
0-
b111111 +
b111111 5
02
b1010001100 3
#6535000
b1 ;
1=
0@
b11 )
b11 7
1P
0S
b0 <
1-
#6540000
0-
b1000111 +
b1000111 5
01
12
b1010001101 3
#6545000
b10 ;
1>
1S
b10 )
b10 7
0T
0U
0O
1Q
1N
0=
b1 <
1$
1w
0#
0x
1o
b11 d
1-
#6550000
0-
0,
b1001000 +
b1001000 5
b1010001110 3
#6555000
b11 ;
0>
1?
0Q
0P
0R
b1 )
b1 7
1T
b10 <
1-
#6560000
0-
1,
b101 +
b101 5
02
b1010001111 3
#6565000
b0 ;
0S
1U
1R
0N
0?
1@
b11 <
1-
#6570000
0-
0,
b11000000 +
b11000000 5
10
b1010010000 3
#6575000
b1 ;
1=
0@
0U
b0 )
b0 7
0T
1L
b0 <
1-
#6580000
0-
b100010 +
b100010 5
12
00
0.
b1010010001 3
#6585000
b10 ;
1>
0L
1M
1S
0R
0=
b1 <
0$
0w
1#
1x
0o
b100 d
b1 |
1-
#6590000
0-
b1010100 +
b1010100 5
02
10
b1010010010 3
#6595000
b11 ;
0>
1X
1?
b1 )
b1 7
1T
0S
0M
1L
b10 <
1-
#6600000
0-
1,
b11011110 +
b11011110 5
11
1.
b1010010011 3
#6605000
b0 ;
1M
b0 )
b0 7
0T
1O
0?
1@
b11 <
b0 |
1-
#6610000
0-
0,
b1111000 +
b1111000 5
12
00
0.
b1010010100 3
#6615000
b1 ;
1=
0@
b10 )
b10 7
1P
1S
1K
0L
b0 <
1-
#6620000
0-
1,
b11011011 +
b11011011 5
01
1.
b1010010101 3
#6625000
b10 ;
1>
0M
b11 )
b11 7
1T
0O
1Q
1N
1Y
1J
0=
1W
b1 <
1$
1w
0#
0x
1o
b101 d
1-
#6630000
0-
b101101 +
b101101 5
11
10
0.
b1010010110 3
#6635000
b11 ;
0>
0X
1?
0Q
b1 )
b1 7
0P
1O
1R
1U
0K
1L
b10 <
1-
#6640000
0-
b1101101 +
b1101101 5
1.
b1010010111 3
#6645000
b0 ;
1M
b11 )
b11 7
1P
0N
0J
0?
1@
b11 <
1-
#6650000
0-
b1001100 +
b1001100 5
02
b1010011000 3
#6655000
b1 ;
1=
0@
1N
1Q
0S
1K
b0 <
1-
#6660000
0-
0,
b11011100 +
b11011100 5
01
12
0.
b1010011001 3
#6665000
b10 ;
1>
1S
b10 )
b10 7
0T
0U
0O
0Y
1J
0=
b1 <
0$
0w
1#
1x
0o
b110 d
1-
#6670000
0-
b10101111 +
b10101111 5
02
00
1.
b1010011010 3
#6675000
b11 ;
0>
1?
0Q
0P
0R
b1 )
b1 7
1T
0S
0L
b10 <
1-
#6680000
0-
1,
b10111011 +
b10111011 5
11
0.
b1010011011 3
#6685000
b0 ;
0M
b0 )
b0 7
0T
1O
0N
0?
1@
b11 <
1-
#6690000
0-
b11110101 +
b11110101 5
01
b1010011100 3
#6695000
b1 ;
1X
1=
0@
b10 )
b10 7
1P
0O
0K
b0 <
1-
#6700000
0-
b11001101 +
b11001101 5
11
10
1.
b1010011101 3
#6705000
b10 ;
1>
1L
1O
b0 )
b0 7
0P
1Y
0J
0=
0W
b1 <
1$
1w
0#
0x
1o
b111 d
1-
#6710000
0-
0,
b100110 +
b100110 5
01
00
0.
b1010011110 3
#6715000
b10 l
1i
1v
b11 ;
0>
1?
b10 )
b10 7
1P
0O
1M
0L
1q
1p
b10 <
1-
#6720000
1i
1v
b10 l
0-
1,
b10000001 +
b10000001 5
10
1.
b1010011111 3
#6725000
b0 ;
0i
0v
1h
1r
1L
0M
b0 )
b0 7
0P
0?
1@
b11 <
b10 s
1%
1^
1-
#6730000
0-
0,
b1101 +
b1101 5
00
b1010100000 3
#6735000
b1 ;
1=
0@
1M
0L
b1101 f
0h
0%
0^
b0 <
1-
#6740000
0-
b10010101 +
b10010101 5
12
0.
b1010100001 3
#6745000
b10 ;
1>
b1101 g
0M
1S
0=
b1 <
0$
0w
1#
1x
0o
1n
b1 m
b0 d
b1 |
1-
#6750000
0-
b10000000 +
b10000000 5
10
1.
b1010100010 3
#6755000
b11 ;
0>
1?
b1 )
b1 7
1T
1L
0q
b10 <
1-
#6760000
0-
1,
b11011101 +
b11011101 5
11
02
0.
b1010100011 3
#6765000
b0 ;
0r
1M
0S
1U
1R
1O
0?
1@
b11 <
b0 |
1-
#6770000
0-
0,
b1110000 +
b1110000 5
01
00
b1010100100 3
#6775000
b1 ;
0X
1=
0@
1P
0O
0U
b10 )
b10 7
0T
1K
0L
b0 <
1-
#6780000
0-
b10111101 +
b10111101 5
12
b1010100101 3
#6785000
b10 ;
1>
0M
1S
0R
b0 )
b0 7
0P
0Y
1J
0=
1W
b1 <
0#
0x
b10 m
b1 d
1-
#6790000
0-
b11101110 +
b11101110 5
11
02
10
b1010100110 3
#6795000
b11 ;
0>
1X
1?
1O
b1 )
b1 7
1T
0S
0K
1L
0p
b10 <
1-
#6800000
0-
1,
b1100000 +
b1100000 5
01
12
b1010100111 3
#6805000
b0 ;
1M
1S
0T
0O
b10 )
b10 7
1P
0J
0?
1@
b11 <
1-
#6810000
0-
b1101 +
b1101 5
11
02
1.
b1010101000 3
#6815000
b1 ;
1=
0@
0P
1O
b1 )
b1 7
1T
0S
1K
b0 <
1-
#6820000
0-
0,
b101100 +
b101100 5
b1010101001 3
#6825000
b10 ;
1>
0T
b10 )
b10 7
1P
1Y
1J
0=
b1 <
1$
1w
0n
b0 m
b10 d
1-
#6830000
0-
b11010101 +
b11010101 5
01
b1010101010 3
#6835000
b11 ;
0>
1?
1N
1Q
0O
1p
b10 <
1-
#6840000
0-
b10000001 +
b10000001 5
0.
b1010101011 3
#6845000
b0 ;
b0 )
b0 7
0P
0Q
0?
1@
0X
b11 <
1-
#6850000
0-
1,
b1100 +
b1100 5
b1010101100 3
#6855000
b1 ;
1=
0@
0N
b0 <
1-
#6860000
0-
b1001011 +
b1001011 5
11
1.
b1010101101 3
#6865000
b10 ;
1>
1O
0=
1X
b1 <
1o
1n
b1 m
b11 d
b1 |
1-
#6870000
0-
0,
b101110 +
b101110 5
01
12
00
0.
b1010101110 3
#6875000
b11 ;
0>
1?
b10 )
b10 7
1P
0O
1S
0L
b10 <
1-
#6880000
0-
b1101101 +
b1101101 5
11
1.
b1010101111 3
#6885000
b0 ;
0M
1T
1O
b1 )
b1 7
0P
0?
1@
b11 <
b0 |
1-
#6890000
0-
b1010011 +
b1010011 5
01
02
10
0.
b1010110000 3
#6895000
b1 ;
1=
0@
b11 )
b11 7
1P
0O
1R
1U
0S
0K
1L
b0 <
1-
#6900000
0-
b10001000 +
b10001000 5
1.
b1010110001 3
#6905000
b10 ;
1>
1M
0T
0U
b0 )
b0 7
0P
0Y
0J
0=
0W
0X
b1 <
0$
0w
1#
1x
b10 m
b100 d
1-
#6910000
0-
1,
b111101 +
b111101 5
11
0.
b1010110010 3
#6915000
b11 ;
0>
1?
1O
0R
1K
0p
b10 <
1-
#6920000
0-
0,
b111000 +
b111000 5
01
12
00
1.
b1010110011 3
#6925000
b0 ;
0L
1S
0O
b10 )
b10 7
1P
1J
0?
1@
1X
b11 <
1-
#6930000
0-
1,
b1110101 +
b1110101 5
b1010110100 3
#6935000
b1 ;
1=
0@
0P
b1 )
b1 7
1T
0M
b0 <
1-
#6940000
0-
b110100 +
b110100 5
11
0.
b1010110101 3
#6945000
b10 ;
1>
0K
1U
1R
1O
1Y
0=
1W
b1 <
0n
b0 m
b101 d
1-
#6950000
0-
0,
b10100101 +
b10100101 5
02
10
1.
b1010110110 3
#6955000
b11 ;
0>
0X
1?
0J
b11 )
b11 7
1P
0S
1L
b10 <
1-
#6960000
0-
b1110000 +
b1110000 5
12
00
0.
b1010110111 3
#6965000
b0 ;
0L
1M
1S
b10 )
b10 7
0T
0U
1Q
1N
0?
1@
b11 <
1-
#6970000
0-
1,
b11111010 +
b11111010 5
b1010111000 3
#6975000
b1 ;
1=
0@
0R
b11 )
b11 7
1T
0M
b0 <
1-
#6980000
0-
b11000010 +
b11000010 5
01
10
b1010111001 3
#6985000
b10 ;
1>
1L
1U
1R
0O
0Y
0=
0W
b1 <
0o
b110 d
1-
#6990000
0-
b11101000 +
b11101000 5
02
1.
b1010111010 3
#6995000
b11 ;
0>
1?
0Q
b1 )
b1 7
0P
0S
1M
b10 <
1-
#7000000
0-
0,
b1010 +
b1010 5
11
00
0.
b1010111011 3
#7005000
b0 ;
0L
1K
b0 )
b0 7
0T
0U
1O
0N
0?
1@
b11 <
1-
#7010000
0-
1,
b11 +
b11 5
01
b1010111100 3
#7015000
b1 ;
1=
0@
1J
b10 )
b10 7
1P
0O
0R
0M
b0 <
1-
#7020000
0-
0,
b1110000 +
b1110000 5
11
12
1.
b1010111101 3
#7025000
b10 ;
1>
0K
1S
1O
b0 )
b0 7
0P
1Y
0=
1W
1X
b1 <
1$
1w
0#
0x
1o
b111 d
1-
#7030000
0-
b111110 +
b111110 5
10
0.
b1010111110 3
#7035000
b11 l
1j
b11 ;
0>
1?
0J
1P
b11 )
b11 7
1T
1L
1q
b10 <
1-
#7040000
1j
b11 l
0-
1,
b10111000 +
b10111000 5
02
1.
b1010111111 3
#7045000
b0 ;
0j
1r
1M
0S
1U
1R
1Q
1N
0?
1@
b11 <
b11 s
1_
1-
#7050000
0-
b1011010 +
b1011010 5
01
12
00
0.
b1011000000 3
#7055000
b1 ;
0X
1=
0@
0O
0U
b10 )
b10 7
0T
1S
1K
0L
b0 <
1-
#7060000
0-
b111110 +
b111110 5
b1011000001 3
#7065000
b10 ;
1>
0M
1T
0R
b1 )
b1 7
0P
0Q
0Y
1J
0=
b1 <
0$
0w
1#
1x
1`
0o
b0 d
1-
#7070000
0-
b11001010 +
b11001010 5
11
10
b1011000010 3
#7075000
b11 ;
0>
1?
0N
1O
1R
1U
0K
1L
0q
1p
b10 <
1-
#7080000
0-
0,
b10010100 +
b10010100 5
01
02
00
1.
b1011000011 3
#7085000
b0 ;
0r
0L
1M
0S
0O
b11 )
b11 7
1P
0J
0?
1@
b11 <
1-
#7090000
0-
1,
b11010101 +
b11010101 5
12
10
0.
b1011000100 3
#7095000
b1 ;
1=
0@
0P
0U
b0 )
b0 7
0T
1S
0M
1L
b0 <
1-
#7100000
0-
b1010111 +
b1010111 5
02
00
1.
b1011000101 3
#7105000
b10 ;
1>
0L
1M
0S
b1 )
b1 7
1T
0R
0=
0W
b1 <
1$
1w
0#
0x
1a
1o
1n
b1 m
b1 d
b1 |
1-
#7110000
0-
0,
b111001 +
b111001 5
12
10
b1011000110 3
#7115000
b11 ;
0>
1X
1?
b0 )
b0 7
0T
1S
0M
1L
0p
b0 |
0_
b10 <
1-
#7120000
0-
1,
b111000 +
b111000 5
00
b1011000111 3
#7125000
b0 ;
0L
1M
b1 )
b1 7
1T
0?
1@
b11 <
1-
#7130000
0-
b100011 +
b100011 5
02
10
0.
b1011001000 3
#7135000
b1 ;
1=
0@
1R
1U
0S
0M
1L
b0 <
1-
#7140000
0-
0,
b11001110 +
b11001110 5
11
12
00
1.
b1011001001 3
#7145000
b10 ;
1>
b100 l
0L
1M
1S
b0 )
b0 7
0T
0U
1O
0=
0X
b1 <
0$
0w
1#
1x
1b
0`
0n
b0 m
b10 d
1-
#7150000
0-
b10110111 +
b10110111 5
01
02
10
0.
b1011001010 3
#7155000
b11 ;
0>
1?
1P
0O
0R
b11 )
b11 7
1T
0S
0M
1L
1p
0t
b100 s
b10 <
1-
#7160000
0-
b101001 +
b101001 5
11
b1011001011 3
#7165000
b0 ;
1M
0T
1O
b0 )
b0 7
0P
0?
1@
1X
b11 <
1-
#7170000
0-
1,
b11110100 +
b11110100 5
01
12
b1011001100 3
#7175000
b1 ;
1=
0@
b10 )
b10 7
1P
0O
1S
1K
1e
b0 <
1-
#7180000
0-
b10111110 +
b10111110 5
11
00
1.
b1011001101 3
#7185000
b10 ;
1>
0L
1T
1O
b1 )
b1 7
0P
1Y
1J
0=
1W
b1 <
0#
0x
1c
0a
0o
1n
b1 m
b11 d
0u
1-
#7190000
0-
0,
b1001000 +
b1001000 5
01
02
b1011001110 3
#7195000
b11 ;
0>
1?
b11 )
b11 7
1P
0O
1R
1U
0S
0M
0p
0e
b0 d
b0 m
1o
b10 <
1-
#7200000
0-
1,
b10101010 +
b10101010 5
10
0.
b1011001111 3
#7205000
b0 ;
1L
0K
0T
0U
b0 )
b0 7
0P
0?
1@
0X
b11 <
1e
1-
#7210000
0-
b10000001 +
b10000001 5
1.
b1011010000 3
#7215000
b1 ;
1=
0@
0J
0R
1M
b0 <
1-
#7220000
0-
b11010001 +
b11010001 5
00
b1011010001 3
#7225000
b10 ;
1>
0L
1K
0=
0W
1X
b1 <
0z
0b
0n
b1 |
1-
#7230000
0-
b10000011 +
b10000011 5
11
b1011010010 3
#7235000
b11 ;
0>
1?
1J
1O
0M
b10 <
1-
#7240000
0-
b11101111 +
b11101111 5
12
b1011010011 3
#7245000
b0 ;
0K
1S
b10 )
b10 7
1P
0?
1@
b11 <
1-
#7250000
0-
0,
b1110100 +
b1110100 5
02
10
0.
b1011010100 3
#7255000
b101 l
b1 ;
1=
0@
0J
1N
1Q
b11 )
b11 7
1T
0S
1L
b0 |
0e
b0 <
1-
#7260000
b101 l
0-
1,
b11000 +
b11000 5
12
00
1.
b1011010101 3
#7265000
b10 ;
1>
0L
1M
1S
b10 )
b10 7
0T
0Y
0=
0X
b1 <
b101 s
1#
1x
0{
0c
1e
1-
#7270000
0-
0,
b10101100 +
b10101100 5
01
02
10
0.
b1011010110 3
#7275000
b11 ;
0>
1?
0O
b11 )
b11 7
1T
0S
0M
1L
0e
b10 <
1-
#7280000
0-
11
12
00
b1011010111 3
#7285000
b0 ;
0L
1M
1S
0T
1O
b0 )
b0 7
0P
0Q
0?
1@
b11 <
1-
#7290000
0-
1,
b110110 +
b110110 5
01
02
10
b1011011000 3
#7295000
b0 l
b1 ;
1=
0@
0N
1P
0O
b11 )
b11 7
1T
0S
0M
1L
1e
b0 <
1-
#7300000
b0 l
0-
0,
b1010100 +
b1010100 5
1.
b1011011001 3
#7305000
b10 ;
1>
1M
0T
b0 )
b0 7
0P
1Y
0=
1X
b1 <
b0 s
1"
1y
0e
1-
#7310000
b1 l
1k
0-
1,
b100111 +
b100111 5
b1011011010 3
#7315000
0k
b0 ;
0>
1?
1K
1F
b10000000 f
1t
1e
b1 s
b10 <
1-
#7320000
0-
0,
b101 +
b101 5
11
00
0.
b1011011011 3
#7325000
b1 ;
b10000000 g
0L
1O
1J
0?
1@
b0 <
0e
1-
#7330000
0-
b10010001 +
b10010001 5
01
12
10
1.
b1011011100 3
#7335000
b10 ;
1>
1=
0@
b10 )
b10 7
1P
0O
1S
0M
1L
b1 <
1-
#7340000
0-
1,
b10010100 +
b10010100 5
02
00
0.
b1011011101 3
#7345000
b11 ;
0>
0L
1M
0S
1T
b1 )
b1 7
0P
1?
0=
1W
b10 <
1u
1-
#7350000
0-
0,
b1011001 +
b1011001 5
11
12
1.
b1011011110 3
#7355000
b0 ;
1@
0?
1O
b0 )
b0 7
0T
1S
0M
b11 <
1-
#7360000
0-
1,
b11100011 +
b11100011 5
10
0.
b1011011111 3
#7365000
1L
0K
1T
b11 )
b11 7
1P
0@
1=
b0 <
1-
#7370000
0-
0,
b10111111 +
b10111111 5
02
1.
b1011100000 3
#7375000
b1 ;
0W
0=
0J
1N
1Q
1R
1U
0S
1M
b1 d
1z
1-
#7380000
0-
b110011 +
b110011 5
01
12
00
0.
b1011100001 3
#7385000
b11 ;
1>
0L
1K
1S
b10 )
b10 7
0T
0U
0O
0X
b1 <
1-
#7390000
0-
1,
b11011010 +
b11011010 5
02
10
1.
b1011100010 3
#7395000
b0 ;
0>
1?
1J
0Q
0P
0R
b1 )
b1 7
1T
0S
0M
1L
b11 <
1-
#7400000
0-
0,
b10011110 +
b10011110 5
11
12
b1011100011 3
#7405000
b1 ;
1M
1S
b0 )
b0 7
0T
1O
0N
0?
1@
b0 <
1-
#7410000
0-
b11010000 +
b11010000 5
02
00
0.
b1011100100 3
#7415000
b10 ;
1>
1X
1=
0@
1P
b11 )
b11 7
1T
0S
0L
b1 <
1-
#7420000
0-
1,
b111111 +
b111111 5
10
b1011100101 3
#7425000
b11 ;
0>
1L
0M
b10 )
b10 7
0T
1Q
1N
1?
0=
1W
b10 <
0"
0y
1{
0o
b10 d
1-
#7430000
0-
b10100 +
b10100 5
01
12
1.
b1011100110 3
#7435000
b0 ;
0X
1@
0?
0O
1S
1M
0F
b11 <
1-
#7440000
0-
0,
b10111 +
b10111 5
11
00
0.
b1011100111 3
#7445000
b1 ;
0L
1T
1O
b1 )
b1 7
0P
0Q
0@
1=
b0 <
1-
#7450000
0-
1,
b1110011 +
b1110011 5
10
1.
b1011101000 3
#7455000
b10 ;
1>
0=
0Y
0N
b11 )
b11 7
1P
1R
1U
0M
1L
b11 d
1o
0#
0x
1$
1w
b1 <
1-
#7460000
0-
0,
b110101 +
b110101 5
02
00
b1011101001 3
#7465000
b11 ;
0>
0L
1M
0S
1Q
1N
1?
b10 <
1-
#7470000
0-
b110111 +
b110111 5
0.
b1011101010 3
#7475000
b0 ;
1@
0?
0U
b10 )
b10 7
0T
0M
b11 <
1-
#7480000
0-
1,
b100010 +
b100010 5
01
12
10
b1011101011 3
#7485000
b1 ;
1L
0K
1S
0R
0O
0@
1=
b0 <
1-
#7490000
0-
b100001 +
b100001 5
02
b1011101100 3
#7495000
b10 ;
1>
0W
0=
0J
0Q
0P
b1 )
b1 7
1T
0S
1M
b100 d
0o
1#
1x
0$
0w
b1 <
1-
#7500000
0-
0,
b100101 +
b100101 5
12
00
1.
b1011101101 3
#7505000
b11 ;
0>
0L
1K
1S
b0 )
b0 7
0T
0N
1?
b10 <
1-
#7510000
0-
b10010101 +
b10010101 5
11
10
0.
b1011101110 3
#7515000
b0 ;
1X
1@
0?
1J
1O
b1 )
b1 7
1T
0M
1L
b11 <
1-
#7520000
0-
b1011001 +
b1011001 5
02
1.
b1011101111 3
#7525000
b1 ;
1M
0S
1U
1R
b11 )
b11 7
1P
0@
1=
b0 <
1-
#7530000
0-
1,
b10100011 +
b10100011 5
12
0.
b1011110000 3
#7535000
b10 ;
1>
0X
1W
0=
1N
1Q
0U
b10 )
b10 7
0T
1S
b101 d
1o
0#
0x
b1 <
1-
#7540000
0-
b110000 +
b110000 5
00
1.
b1011110001 3
#7545000
b11 ;
0>
0L
b11 )
b11 7
1T
0R
1?
b10 <
1-
#7550000
0-
0,
b1011001 +
b1011001 5
02
0.
b1011110010 3
#7555000
b0 ;
1@
0?
1R
1U
0S
0M
b11 <
1-
#7560000
0-
1,
b1001111 +
b1001111 5
12
10
1.
b1011110011 3
#7565000
b1 ;
1L
0K
1S
b10 )
b10 7
0T
0U
0@
1=
b0 <
1-
#7570000
0-
0,
b11111110 +
b11111110 5
00
b1011110100 3
#7575000
b10 ;
1>
0W
0=
0J
0R
b11 )
b11 7
1T
1M
0L
b110 d
0o
1#
1x
b1 <
1-
#7580000
0-
b1101101 +
b1101101 5
01
10
0.
b1011110101 3
#7585000
b11 ;
0>
1L
0M
1U
1R
0O
1?
b10 <
1-
#7590000
0-
b10100010 +
b10100010 5
11
00
1.
b1011110110 3
#7595000
b0 ;
1@
0?
0Q
b1 )
b1 7
0P
1O
1M
0L
b11 <
1-
#7600000
0-
b11110 +
b11110 5
02
b1011110111 3
#7605000
b1 ;
0M
0S
b11 )
b11 7
1P
0N
0@
1=
b0 <
1-
#7610000
0-
b10111000 +
b10111000 5
01
12
0.
b1011111000 3
#7615000
b10 ;
1>
0=
1N
1Q
0O
0U
b10 )
b10 7
0T
1S
b111 d
1o
0#
0x
b1 <
1-
#7620000
0-
1,
b100110 +
b100110 5
11
10
b1011111001 3
#7625000
b10 l
1i
1v
b11 ;
0>
1p
1q
1L
1T
0R
1O
b1 )
b1 7
0P
0Q
1?
b10 <
1-
#7630000
1i
1v
b10 l
0-
0,
b11111101 +
b11111101 5
00
1.
b1011111010 3
#7635000
0i
0v
b0 ;
1@
0?
0N
b11 )
b11 7
1P
1R
1U
1M
0L
1r
1h
b10 s
b11 <
1-
#7640000
0-
1,
b1011001 +
b1011001 5
01
02
b1011111011 3
#7645000
b1 ;
0h
b1011001 f
0M
0S
0O
1Q
1N
0@
1=
b0 <
1-
#7650000
0-
b10000111 +
b10000111 5
11
12
10
b1011111100 3
#7655000
b10 ;
1>
0=
0Q
0P
1O
0U
b0 )
b0 7
0T
1S
1L
b1011001 g
b0 d
b1 m
1n
0o
1#
1x
b1 <
1-
#7660000
0-
b1111101 +
b1111101 5
01
02
0.
b1011111101 3
#7665000
b11 ;
0>
0q
1M
0S
1T
0R
0O
b11 )
b11 7
1P
0N
1?
b10 <
1-
#7670000
0-
b111000 +
b111000 5
12
00
1.
b1011111110 3
#7675000
b0 ;
1X
1@
0?
0P
b0 )
b0 7
0T
1S
1K
0L
0r
b11 <
1-
#7680000
0-
b1011110 +
b1011110 5
02
b1011111111 3
#7685000
b1 ;
0M
0S
b1 )
b1 7
1T
1J
0@
1=
b0 <
1-
#7690000
0-
b1010101 +
b1010101 5
12
10
0.
b1100000000 3
#7695000
b10 ;
1>
1W
0=
1Y
b0 )
b0 7
0T
1S
0K
1L
b1 d
b10 m
0#
0x
b1 <
1-
#7700000
0-
0,
b1101001 +
b1101001 5
00
b1100000001 3
#7705000
b11 ;
0>
0p
0L
1M
b1 )
b1 7
1T
0J
1?
b10 <
1-
#7710000
0-
b10100001 +
b10100001 5
11
02
10
1.
b1100000010 3
#7715000
b0 ;
1@
0?
1O
1R
1U
0S
0M
1L
b11 <
1-
#7720000
0-
b111 +
b111 5
0.
b1100000011 3
#7725000
b1 ;
1M
0T
0U
b10 )
b10 7
1P
0@
1=
0X
b0 <
1-
#7730000
0-
b10101010 +
b10101010 5
01
b1100000100 3
#7735000
b10 ;
1>
0W
0=
0Y
1N
1Q
0O
0R
1K
b10 d
b0 m
0n
b1 <
1-
#7740000
0-
1,
b11010 +
b11010 5
11
00
1.
b1100000101 3
#7745000
b11 ;
0>
0L
1O
b0 )
b0 7
0P
0Q
1J
1?
b10 <
1-
#7750000
0-
0,
b10011111 +
b10011111 5
01
10
0.
b1100000110 3
#7755000
b0 ;
1@
0?
0N
b10 )
b10 7
1P
0O
0M
1L
b11 <
1-
#7760000
0-
b10111010 +
b10111010 5
00
1.
b1100000111 3
#7765000
b1 ;
0L
1M
b0 )
b0 7
0P
0@
1=
1X
b0 <
1-
#7770000
0-
b1110110 +
b1110110 5
11
12
b1100001000 3
#7775000
b10 ;
1>
1W
0=
1Y
1O
1S
0M
b1 |
b11 d
1o
1$
1w
b1 <
1-
#7780000
0-
b10110111 +
b10110111 5
02
10
b1100001001 3
#7785000
b11 ;
0>
1p
1L
0K
0S
1T
b11 )
b11 7
1P
1?
b10 <
1-
#7790000
0-
b10100110 +
b10100110 5
0.
b1100001010 3
#7795000
b0 ;
1@
0?
0J
1N
1Q
b10 )
b10 7
0T
1M
b0 |
b11 <
1-
#7800000
0-
b11011010 +
b11011010 5
01
12
1.
b1100001011 3
#7805000
b1 ;
1K
1S
0O
0@
1=
0X
b0 <
1-
#7810000
0-
b111011 +
b111011 5
11
02
00
0.
b1100001100 3
#7815000
b10 ;
1>
0=
1J
0Y
0Q
0P
1O
b1 )
b1 7
1T
0S
0L
b100 d
b1 m
1n
0o
1#
1x
0$
0w
b1 <
1-
#7820000
0-
b10000011 +
b10000011 5
01
1.
b1100001101 3
#7825000
b11 ;
0>
0M
0T
0O
b10 )
b10 7
1P
0N
1?
b10 <
1-
#7830000
0-
b10010110 +
b10010110 5
11
12
10
0.
b1100001110 3
#7835000
b0 ;
1X
1@
0?
b0 )
b0 7
0P
1O
1S
0K
1L
b11 <
1-
#7840000
0-
b10011000 +
b10011000 5
b1100001111 3
#7845000
b1 ;
1M
1T
b11 )
b11 7
1P
0J
0@
1=
b0 <
1-
#7850000
0-
1,
b10010011 +
b10010011 5
02
00
b1100010000 3
#7855000
b10 ;
1>
0W
0=
1Y
1N
1Q
1R
1U
0S
1K
0L
b101 d
b10 m
0#
0x
b1 <
1-
#7860000
0-
b1011010 +
b1011010 5
01
1.
b1100010001 3
#7865000
b11 ;
0>
0p
0M
b10 )
b10 7
0T
0U
0O
1J
1?
0X
b10 <
1-
#7870000
0-
0,
b1101101 +
b1101101 5
11
0.
b1100010010 3
#7875000
b0 ;
1@
0?
0Q
b0 )
b0 7
0P
1O
0R
0K
b11 <
1-
#7880000
0-
b100100 +
b100100 5
12
10
b1100010011 3
#7885000
b1 ;
1L
1S
b10 )
b10 7
1P
0N
0J
0@
1=
b0 <
1-
#7890000
0-
1,
b11010 +
b11010 5
01
00
1.
b1100010100 3
#7895000
b10 ;
1>
1X
0=
1N
1Q
0O
b11 )
b11 7
1T
1M
0L
b110 d
b0 m
0n
1$
1w
b1 <
1-
#7900000
0-
b10010111 +
b10010111 5
02
10
b1100010101 3
#7905000
b11 ;
0>
1p
1L
0M
0S
1U
1R
b1 )
b1 7
0P
0Q
1?
0X
b10 <
1-
#7910000
0-
0,
b1101010 +
b1101010 5
11
b1100010110 3
#7915000
b0 ;
1@
0?
0N
1O
0U
b0 )
b0 7
0T
1M
b11 <
1-
#7920000
0-
b1000001 +
b1000001 5
00
b1100010111 3
#7925000
b1 ;
0L
1K
0R
b10 )
b10 7
1P
0@
1=
b0 <
1-
#7930000
0-
b10111010 +
b10111010 5
12
b1100011000 3
#7935000
b10 ;
1>
1X
1W
0=
1J
1N
1Q
1S
0M
b111 d
b1 m
1n
1o
b1 <
1-
#7940000
0-
b1001101 +
b1001101 5
01
b1100011001 3
#7945000
b11 l
1j
b11 ;
0>
0p
1q
0K
b11 )
b11 7
1T
0O
1?
0X
b10 <
1-
#7950000
0-
b1111010 +
b1111010 5
11
02
0.
b1100011010 3
#7955000
0j
b0 ;
1@
0?
0J
0Q
b1 )
b1 7
0P
1O
1R
1U
0S
1r
1_
b11 s
b11 <
1-
#7960000
0-
1,
b110000 +
b110000 5
01
10
1.
b1100011011 3
#7965000
b1 ;
1L
0T
0U
0O
b10 )
b10 7
1P
0N
0@
1=
b0 <
1-
#7970000
0-
0,
b1001111 +
b1001111 5
11
00
b1100011100 3
#7975000
b10 ;
1>
0W
0=
0Y
b0 )
b0 7
0P
1O
0R
1M
0L
b0 d
b0 m
0n
1`
1#
1x
0$
0w
b1 <
1-
#7980000
0-
1,
b11110001 +
b11110001 5
01
10
0.
b1100011101 3
#7985000
b11 ;
0>
1p
0q
1L
0M
0O
b10 )
b10 7
1P
1?
1X
b10 <
1-
#7990000
0-
0,
b11011 +
b11011 5
11
1.
b1100011110 3
#7995000
b0 ;
1@
0?
b0 )
b0 7
0P
1O
1M
0r
b11 <
1-
#8000000
0-
b110 +
b110 5
01
b1100011111 3
#8005000
b1 ;
1K
0O
b10 )
b10 7
1P
0@
1=
b0 <
1-
#8010000
0-
1,
b10110100 +
b10110100 5
11
00
0.
b1100100000 3
#8015000
b10 ;
1>
1W
0=
1J
1Y
b0 )
b0 7
0P
1O
0L
b1 d
b1 m
1n
0o
1a
b1 <
1-
#8020000
0-
0,
b1010101 +
b1010101 5
12
b1100100001 3
#8025000
b11 ;
0>
0p
0M
1S
b10 )
b10 7
1P
1?
b10 <
0_
1-
#8030000
0-
1,
b10010000 +
b10010000 5
01
10
1.
b1100100010 3
#8035000
b0 ;
1@
0?
1N
1Q
0O
b11 )
b11 7
1T
0K
1L
b11 <
1-
#8040000
0-
b1011100 +
b1011100 5
11
b1100100011 3
#8045000
b1 ;
1M
1U
1R
1O
b1 )
b1 7
0P
0Q
0J
0@
1=
0X
b0 <
1-
#8050000
0-
0,
b101011 +
b101011 5
0.
b1100100100 3
#8055000
b100 l
b10 ;
1>
0W
0=
0Y
0N
b11 )
b11 7
1P
1K
b10 d
b0 m
0n
0`
1b
0#
0x
b1 <
1-
#8060000
b100 l
0-
1,
b1100 +
b1100 5
01
00
1.
b1100100101 3
#8065000
b11 ;
0>
0L
0O
1Q
1N
1J
1?
b10 <
b100 s
0t
1-
#8070000
0-
b1111010 +
b1111010 5
11
02
b1100100110 3
#8075000
b0 ;
1@
0?
0Q
b1 )
b1 7
0P
1O
0S
0M
1e
b11 <
1-
#8080000
0-
b1011110 +
b1011110 5
12
b1100100111 3
#8085000
b1 ;
0K
1S
0T
0U
b10 )
b10 7
1P
0N
0@
1=
b0 <
1-
#8090000
0-
0,
b100101 +
b100101 5
02
10
0.
b1100101000 3
#8095000
b10 ;
1>
0=
0J
1N
1Q
0R
b11 )
b11 7
1T
0S
1L
0u
0e
b11 d
1o
0a
1c
1$
1w
b1 <
1-
#8100000
0-
b101000 +
b101000 5
01
12
00
b1100101001 3
#8105000
b11 ;
0>
0L
1M
1S
b10 )
b10 7
0T
0O
1?
b10 <
b0 d
1-
#8110000
0-
b11010101 +
b11010101 5
11
02
10
b1100101010 3
#8115000
b0 ;
1@
0?
0Q
0P
1O
b1 )
b1 7
1T
0S
0M
1L
b11 <
1-
#8120000
0-
b111101 +
b111101 5
01
b1100101011 3
#8125000
b1 ;
1M
0T
0O
b10 )
b10 7
1P
0N
0@
1=
b0 <
1-
#8130000
0-
b1101011 +
b1101011 5
11
b1100101100 3
#8135000
b10 ;
1>
1X
0=
1Y
b0 )
b0 7
0P
1O
1K
0b
0z
1#
1x
b1 <
1-
#8140000
0-
b1011101 +
b1011101 5
01
00
1.
b1100101101 3
#8145000
b11 ;
0>
0L
0O
b10 )
b10 7
1P
1J
1?
b10 <
1-
#8150000
0-
b1001011 +
b1001011 5
11
0.
b1100101110 3
#8155000
b0 ;
1@
0?
b0 )
b0 7
0P
1O
0M
b11 <
1-
#8160000
0-
1,
b10 +
b10 5
01
10
b1100101111 3
#8165000
b1 ;
b101 l
1L
0K
0O
b10 )
b10 7
1P
0@
1=
b0 <
1e
1-
#8170000
0-
b10101000 +
b10101000 5
b1100110000 3
#8175000
b10 ;
1>
0=
0J
b0 )
b0 7
0P
1M
0c
0{
0$
0w
b101 s
b1 <
1-
#8180000
0-
0,
b10000101 +
b10000101 5
11
12
00
1.
b1100110001 3
#8185000
b11 ;
0>
0L
1K
1S
1O
1?
b10 <
0e
1-
#8190000
0-
b11110010 +
b11110010 5
02
10
b1100110010 3
#8195000
b0 ;
1@
0?
1J
1P
b11 )
b11 7
1T
0S
0M
1L
b11 <
1-
#8200000
0-
b10111100 +
b10111100 5
0.
b1100110011 3
#8205000
b0 l
b1 ;
1M
b10 )
b10 7
0T
1Q
1N
0@
1=
b0 <
1-
#8210000
0-
b1010010 +
b1010010 5
01
12
b1100110100 3
#8215000
b10 ;
1>
0X
1W
0=
0Y
0O
1S
1"
1y
b0 s
b1 <
1-
#8220000
0-
b1111010 +
b1111010 5
11
02
00
b1100110101 3
#8225000
b11 ;
0>
1F
0L
0S
1T
1O
b1 )
b1 7
0P
0Q
1?
b10 <
1-
#8230000
b1 l
1k
0-
1,
b1100001 +
b1100001 5
01
1.
b1100110110 3
#8235000
0k
b0 ;
1@
0?
0N
1P
0O
b10 )
b10 7
0T
0M
b10000000 f
1t
1e
b1 s
b11 <
1-
#8240000
0-
b10011 +
b10011 5
12
b1100110111 3
#8245000
b10000000 g
0K
1S
b0 )
b0 7
0P
0@
1=
1X
b0 <
1-
#8250000
0-
0,
b11110011 +
b11110011 5
11
b1100111000 3
#8255000
b1 ;
0W
0=
0J
1Y
1O
b1 )
b1 7
1T
b1 |
1u
0e
1-
#8260000
0-
b1011101 +
b1011101 5
10
b1100111001 3
#8265000
b10 ;
1>
1L
1U
1R
b11 )
b11 7
1P
b1 <
b0 |
1-
#8270000
0-
1,
b101111 +
b101111 5
00
0.
b1100111010 3
#8275000
b11 ;
0>
0X
1?
1N
1Q
1M
0L
b10 <
1-
#8280000
0-
0,
b111001 +
b111001 5
01
b1100111011 3
#8285000
b0 ;
0M
0O
0?
1@
b11 <
1-
#8290000
0-
1,
b11010000 +
b11010000 5
02
b1100111100 3
#8295000
b1 ;
1=
0@
0Q
b1 )
b1 7
0P
0S
b0 <
1-
#8300000
0-
b110100 +
b110100 5
10
b1100111101 3
#8305000
b10 ;
1>
1L
b0 )
b0 7
0T
0U
0N
0Y
0=
b1 <
1z
b1 d
1-
#8310000
0-
b11000011 +
b11000011 5
1.
b1100111110 3
#8315000
b11 ;
0>
1?
0R
1M
b10 <
1-
#8320000
0-
b111001 +
b111001 5
12
00
0.
b1100111111 3
#8325000
b0 ;
0L
1K
1S
0?
1@
1X
b11 <
1-
#8330000
0-
b11110101 +
b11110101 5
02
10
b1101000000 3
#8335000
b1 ;
1=
0@
1J
b1 )
b1 7
1T
0S
0M
1L
b0 <
1-
#8340000
0-
0,
b11101100 +
b11101100 5
11
00
b1101000001 3
#8345000
b10 ;
1>
0L
1M
b0 )
b0 7
0T
1O
1Y
0=
1W
b1 <
0"
0y
1{
0o
b10 d
1-
#8350000
0-
1,
b10010110 +
b10010110 5
b1101000010 3
#8355000
b11 ;
0>
1?
b10 )
b10 7
1P
0M
0F
b10 <
1-
#8360000
0-
0,
b10101001 +
b10101001 5
1.
b1101000011 3
#8365000
b0 ;
0K
1Q
1N
0?
1@
b11 <
1-
#8370000
0-
b10011100 +
b10011100 5
01
10
b1101000100 3
#8375000
b1 ;
0X
1=
0@
0J
0O
1L
b0 <
1-
#8380000
0-
1,
b10111010 +
b10111010 5
11
0.
b1101000101 3
#8385000
b10 ;
1>
1M
1O
b0 )
b0 7
0P
0Q
0Y
0=
0W
b1 <
0#
0x
1o
b11 d
1-
#8390000
0-
b11000111 +
b11000111 5
01
00
1.
b1101000110 3
#8395000
b11 ;
0>
1?
0N
b10 )
b10 7
1P
0O
1K
0L
b10 <
1-
#8400000
0-
0,
b10111101 +
b10111101 5
11
10
b1101000111 3
#8405000
b0 ;
1L
0M
1O
b0 )
b0 7
0P
1J
0?
1@
1X
b11 <
1-
#8410000
0-
b11110111 +
b11110111 5
12
b1101001000 3
#8415000
b1 ;
1=
0@
b10 )
b10 7
1P
1S
1M
b0 <
1-
#8420000
0-
1,
b11011011 +
b11011011 5
02
00
0.
b1101001001 3
#8425000
b10 ;
1>
0L
0S
b11 )
b11 7
1T
1Q
1N
1Y
0=
1W
b1 <
1#
1x
0o
b100 d
1-
#8430000
0-
0,
b10100 +
b10100 5
b1101001010 3
#8435000
b11 ;
0>
0X
1?
b10 )
b10 7
0T
0M
b10 <
1-
#8440000
0-
b10110111 +
b10110111 5
12
10
1.
b1101001011 3
#8445000
b0 ;
1L
0K
1S
0?
1@
b11 <
1-
#8450000
0-
b1011000 +
b1011000 5
00
0.
b1101001100 3
#8455000
b1 ;
1=
0@
0J
b11 )
b11 7
1T
1M
0L
b0 <
1-
#8460000
0-
b10111001 +
b10111001 5
02
10
1.
b1101001101 3
#8465000
b10 ;
1>
1L
0M
0S
1U
1R
0Y
0=
0W
b1 <
1$
1w
0#
0x
1o
b101 d
1-
#8470000
0-
1,
b110110 +
b110110 5
01
0.
b1101001110 3
#8475000
b11 ;
0>
1?
0O
0U
b10 )
b10 7
0T
1M
b10 <
1-
#8480000
0-
0,
b10110011 +
b10110011 5
00
b1101001111 3
#8485000
b0 ;
0L
1K
0R
b0 )
b0 7
0P
0Q
0?
1@
b11 <
1-
#8490000
0-
b10111011 +
b10111011 5
12
10
b1101010000 3
#8495000
b1 ;
1=
0@
1J
0N
1S
0M
1L
b0 <
1-
#8500000
0-
b1100100 +
b1100100 5
02
00
1.
b1101010001 3
#8505000
b10 ;
1>
0L
1M
0S
b1 )
b1 7
1T
1Y
0=
1W
1X
b1 <
0$
0w
1#
1x
0o
b110 d
b1 |
1-
#8510000
0-
b10010110 +
b10010110 5
b1101010010 3
#8515000
b11 ;
0>
1?
b0 )
b0 7
0T
0M
b0 |
b10 <
1-
#8520000
0-
1,
b11100001 +
b11100001 5
12
b1101010011 3
#8525000
b0 ;
0K
1S
0?
1@
b11 <
1-
#8530000
0-
b10101110 +
b10101110 5
10
0.
b1101010100 3
#8535000
b1 ;
1=
0@
0J
b1 )
b1 7
1T
1L
b0 <
1-
#8540000
0-
b1111011 +
b1111011 5
00
b1101010101 3
#8545000
b10 ;
1>
0L
1M
1U
1R
0=
0W
b1 <
0#
0x
1o
b111 d
1-
#8550000
0-
0,
b1101011 +
b1101011 5
02
10
1.
b1101010110 3
#8555000
b10 l
1i
1v
b11 ;
0>
0X
1?
0S
0M
1L
1q
1p
b10 <
1-
#8560000
1i
1v
b10 l
0-
1,
b10000 +
b10000 5
11
12
00
b1101010111 3
#8565000
b0 ;
0i
0v
1h
1r
0L
1M
1S
b0 )
b0 7
0T
0U
1O
0?
1@
b11 <
b10 s
1%
1^
1-
#8570000
0-
0,
b10011100 +
b10011100 5
01
10
0.
b1101011000 3
#8575000
b1 ;
1=
0@
1P
0O
0R
b11 )
b11 7
1T
0M
1L
b10011100 f
0h
0%
0^
b0 <
1-
#8580000
0-
1,
b1101010 +
b1101010 5
11
02
b1101011001 3
#8585000
b10 ;
1>
b10011100 g
1M
0S
1U
1R
1O
b1 )
b1 7
0P
0=
1X
b1 <
1#
1x
0o
1n
b1 m
b0 d
1-
#8590000
0-
b101100 +
b101100 5
12
00
1.
b1101011010 3
#8595000
b11 ;
0>
0X
1?
1P
0U
b10 )
b10 7
0T
1S
1K
0L
0q
0p
b10 <
1-
#8600000
0-
b10011111 +
b10011111 5
01
02
b1101011011 3
#8605000
b0 ;
0r
0M
0S
b11 )
b11 7
1T
0R
0O
1Q
1N
1J
0?
1@
b11 <
1-
#8610000
0-
b1110011 +
b1110011 5
0.
b1101011100 3
#8615000
b1 ;
1=
0@
0Q
0P
b0 )
b0 7
0T
0K
b0 <
1-
#8620000
0-
b1001 +
b1001 5
11
12
b1101011101 3
#8625000
b10 ;
1>
1S
1O
0N
0Y
0J
0=
b1 <
0#
0x
0n
b0 m
b1 d
b1 |
1-
#8630000
0-
b1110000 +
b1110000 5
01
02
b1101011110 3
#8635000
b11 ;
0>
1X
1?
1P
0O
b11 )
b11 7
1T
0S
b10 <
1-
#8640000
0-
b11010001 +
b11010001 5
11
12
10
b1101011111 3
#8645000
b0 ;
1L
1S
0T
1O
b0 )
b0 7
0P
0?
1@
b11 <
b0 |
1-
#8650000
0-
0,
b10110000 +
b10110000 5
b1101100000 3
#8655000
b1 ;
1=
0@
1P
b11 )
b11 7
1T
1M
b0 <
1-
#8660000
0-
b10100000 +
b10100000 5
01
00
1.
b1101100001 3
#8665000
b10 ;
1>
0L
1K
1U
1R
0O
1Q
1N
1Y
0=
b1 <
1$
1w
1o
b10 d
1-
#8670000
0-
1,
b100101 +
b100101 5
11
02
10
0.
b1101100010 3
#8675000
b11 ;
0>
0X
1?
1J
0Q
b1 )
b1 7
0P
1O
0S
0M
1L
1p
b10 <
1-
#8680000
0-
0,
b1111011 +
b1111011 5
01
b1101100011 3
#8685000
b0 ;
1M
0T
0U
0O
b10 )
b10 7
1P
0N
0?
1@
b11 <
1-
#8690000
0-
1,
b11000101 +
b11000101 5
11
12
b1101100100 3
#8695000
b1 ;
1=
0@
b0 )
b0 7
0P
1O
0R
1S
b0 <
1-
#8700000
0-
0,
b1000111 +
b1000111 5
01
02
00
1.
b1101100101 3
#8705000
b10 ;
1>
0L
0S
1T
0O
b11 )
b11 7
1P
0=
1W
1X
b1 <
0$
0w
1#
1x
0o
1n
b1 m
b11 d
b1 |
1-
#8710000
0-
1,
b100101 +
b100101 5
11
12
0.
b1101100110 3
#8715000
b11 ;
0>
1?
0P
1O
b0 )
b0 7
0T
1S
0M
b0 |
b10 <
1-
#8720000
0-
0,
b10111 +
b10111 5
01
10
1.
b1101100111 3
#8725000
b0 ;
1L
0K
1T
0O
b11 )
b11 7
1P
0?
1@
b11 <
1-
#8730000
0-
1,
b11100101 +
b11100101 5
11
02
0.
b1101101000 3
#8735000
b1 ;
1=
0@
0J
b1 )
b1 7
0P
1O
1R
1U
0S
1M
b0 <
1-
#8740000
0-
0,
b10100111 +
b10100111 5
12
1.
b1101101001 3
#8745000
b10 ;
1>
1K
1S
0T
0U
b10 )
b10 7
1P
0Y
0=
0W
0X
b1 <
1$
1w
0#
0x
b10 m
b100 d
1-
#8750000
0-
b110100 +
b110100 5
b1101101010 3
#8755000
b11 ;
0>
1?
1J
1N
1Q
0R
b11 )
b11 7
1T
b10 <
1-
#8760000
0-
1,
01
00
b1101101011 3
#8765000
b0 ;
0L
1U
1R
0O
0?
1@
b11 <
1-
#8770000
0-
b101011 +
b101011 5
b1101101100 3
#8775000
b1 ;
1=
0@
0Q
b1 )
b1 7
0P
0M
b0 <
1-
#8780000
0-
b11001 +
b11001 5
11
10
0.
b1101101101 3
#8785000
b10 ;
1>
1L
0K
1O
0N
0=
1W
b1 <
0$
0w
b11 m
b101 d
1-
#8790000
0-
b1010110 +
b1010110 5
00
b1101101110 3
#8795000
b11 ;
0>
1?
0J
b11 )
b11 7
1P
1M
0L
0p
b10 <
1-
#8800000
0-
b1001001 +
b1001001 5
02
10
1.
b1101101111 3
#8805000
b0 ;
1L
0M
0S
1Q
1N
0?
1@
b11 <
1-
#8810000
0-
0,
b100100 +
b100100 5
01
0.
b1101110000 3
#8815000
b1 ;
1=
0@
0O
0U
b10 )
b10 7
0T
1M
b0 <
1-
#8820000
0-
1,
b101011 +
b101011 5
00
1.
b1101110001 3
#8825000
b10 ;
1>
0L
1K
0R
b0 )
b0 7
0P
0Q
0=
0W
b1 <
1$
1w
0n
b0 m
b110 d
1-
#8830000
0-
b10001100 +
b10001100 5
11
0.
b1101110010 3
#8835000
b11 ;
0>
1?
1J
0N
1O
0M
b10 <
1-
#8840000
0-
b11100010 +
b11100010 5
01
12
b1101110011 3
#8845000
b0 ;
0K
1S
0O
b10 )
b10 7
1P
0?
1@
1X
b11 <
1-
#8850000
0-
0,
b10110110 +
b10110110 5
1.
b1101110100 3
#8855000
b1 ;
1=
0@
0J
0P
b1 )
b1 7
1T
b0 <
1-
#8860000
0-
b1111111 +
b1111111 5
11
0.
b1101110101 3
#8865000
b10 ;
1>
1U
1R
1O
1Y
0=
b1 <
0$
0w
1o
b111 d
1-
#8870000
0-
b11100110 +
b11100110 5
10
1.
b1101110110 3
#8875000
b11 l
1j
b11 ;
0>
0X
1?
b11 )
b11 7
1P
1L
1q
1p
b10 <
1-
#8880000
1j
b11 l
0-
1,
b110101 +
b110101 5
00
0.
b1101110111 3
#8885000
b0 ;
0j
1r
0L
1M
1Q
1N
0?
1@
b11 <
b11 s
1_
1-
#8890000
0-
b1101110 +
b1101110 5
01
10
1.
b1101111000 3
#8895000
b1 ;
1=
0@
0O
0M
1L
b0 <
1-
#8900000
0-
0,
b1001 +
b1001 5
02
0.
b1101111001 3
#8905000
b10 ;
1>
1M
0S
b1 )
b1 7
0P
0Q
0Y
0=
b1 <
1#
1x
1`
0o
1n
b1 m
b0 d
1-
#8910000
0-
b10 +
b10 5
11
12
1.
b1101111010 3
#8915000
b11 ;
0>
1?
0N
1O
0U
b0 )
b0 7
0T
1S
1K
0q
0p
b10 <
1-
#8920000
0-
1,
b1111 +
b1111 5
02
b1101111011 3
#8925000
b0 ;
0r
0S
1T
0R
b11 )
b11 7
1P
1J
0?
1@
b11 <
1-
#8930000
0-
0,
b100001 +
b100001 5
01
b1101111100 3
#8935000
b1 ;
1X
1=
0@
1N
1Q
0O
b10 )
b10 7
0T
b0 <
1-
#8940000
0-
b10110110 +
b10110110 5
12
b1101111101 3
#8945000
b10 ;
1>
1S
b0 )
b0 7
0P
0Q
0=
1W
0X
b1 <
1$
1w
0#
0x
1a
0n
b0 m
b1 d
1-
#8950000
0-
1,
b11100100 +
b11100100 5
11
b1101111110 3
#8955000
b11 ;
0>
1?
0N
1O
b1 )
b1 7
1T
0_
b10 <
1-
#8960000
0-
0,
b101100 +
b101100 5
01
b1101111111 3
#8965000
b0 ;
1U
1R
0O
b11 )
b11 7
1P
0?
1@
1X
b11 <
1-
#8970000
0-
b11111110 +
b11111110 5
11
0.
b1110000000 3
#8975000
b1 ;
0X
1=
0@
b1 )
b1 7
0P
1O
b0 <
1-
#8980000
0-
b1101000 +
b1101000 5
01
00
b1110000001 3
#8985000
b10 ;
1>
b100 l
0L
0O
b11 )
b11 7
1P
0=
b1 <
0$
0w
1b
0`
1o
b10 d
1-
#8990000
b100 l
0-
1,
b101101 +
b101101 5
1.
b1110000010 3
#8995000
b11 ;
0>
1?
b1 )
b1 7
0P
0M
1p
0t
b100 s
b10 <
1-
#9000000
0-
0,
b11011101 +
b11011101 5
11
02
10
0.
b1110000011 3
#9005000
b0 ;
1L
0K
0S
1O
0?
1@
b11 <
1-
#9010000
0-
b11101111 +
b11101111 5
01
12
b1110000100 3
#9015000
b1 ;
1=
0@
0J
1P
0O
0U
b10 )
b10 7
0T
1S
1M
b0 <
1-
#9020000
0-
b1011010 +
b1011010 5
1.
b1110000101 3
#9025000
b10 ;
1>
1K
1T
0R
b1 )
b1 7
0P
0=
0W
b1 <
1c
0a
0o
1n
b1 m
b11 d
0u
1-
#9030000
0-
1,
b10110101 +
b10110101 5
11
00
0.
b1110000110 3
#9035000
b11 ;
0>
1X
1?
1J
1O
1R
1U
0L
0p
1e
b0 d
b0 m
1o
b10 <
1-
#9040000
0-
b100110 +
b100110 5
01
02
10
b1110000111 3
#9045000
b0 ;
1L
0M
0S
0O
b11 )
b11 7
1P
0?
1@
0X
b11 <
1-
#9050000
0-
b1101000 +
b1101000 5
12
00
b1110001000 3
#9055000
b1 ;
1=
0@
0P
0U
b0 )
b0 7
0T
1S
1M
0L
b0 <
1-
#9060000
0-
0,
b11011111 +
b11011111 5
02
10
b1110001001 3
#9065000
b10 ;
1>
1L
0M
0S
b1 )
b1 7
1T
0R
0=
1W
b1 <
1$
1w
1#
1x
0z
0b
0n
0e
b1 |
1-
#9070000
0-
1,
b10000100 +
b10000100 5
00
1.
b1110001010 3
#9075000
b11 ;
0>
1X
1?
b0 )
b0 7
0T
1M
0L
b0 |
1e
b10 <
1-
#9080000
0-
b100010 +
b100010 5
10
b1110001011 3
#9085000
b0 ;
1L
0M
0?
1@
b11 <
1-
#9090000
0-
0,
b10001110 +
b10001110 5
11
12
0.
b1110001100 3
#9095000
b101 l
b1 ;
1=
0@
1O
1S
1M
0e
b0 <
1-
#9100000
b101 l
0-
1,
b10000100 +
b10000100 5
b1110001101 3
#9105000
b10 ;
1>
1T
b11 )
b11 7
1P
1Y
0=
b1 <
b101 s
0$
0w
0{
0c
1e
b1 |
1-
#9110000
0-
0,
b101101 +
b101101 5
02
1.
b1110001110 3
#9115000
b11 ;
0>
1?
1N
1Q
1R
1U
0S
b0 |
0e
b10 <
1-
#9120000
0-
1,
b11100000 +
b11100000 5
12
0.
b1110001111 3
#9125000
b0 ;
1S
b10 )
b10 7
0T
0U
0?
1@
0X
b11 <
1e
1-
#9130000
0-
b10111100 +
b10111100 5
b1110010000 3
#9135000
b0 l
b1 ;
1=
0@
0R
b11 )
b11 7
1T
b0 <
1-
#9140000
b0 l
0-
0,
b10010001 +
b10010001 5
02
1.
b1110010001 3
#9145000
b10 ;
1>
0S
1U
1R
0Y
0=
b1 <
b0 s
1"
1y
0e
1-
#9150000
b1 l
1k
0-
1,
b10000010 +
b10000010 5
01
b1110010010 3
#9155000
0k
b11 ;
0>
1?
0O
0U
b10 )
b10 7
0T
1F
b10000000 f
1t
1e
b1 s
b10 <
1-
#9160000
0-
b10001010 +
b10001010 5
11
12
00
0.
b1110010011 3
#9165000
b0 ;
b10000000 g
0L
1S
0R
1O
b0 )
b0 7
0P
0Q
0?
1@
b11 <
1-
#9170000
0-
b1110100 +
b1110100 5
10
b1110010100 3
#9175000
b1 ;
1=
0@
0N
1P
b11 )
b11 7
1T
0M
1L
b0 <
1-
#9180000
0-
0,
b11101001 +
b11101001 5
01
1.
b1110010101 3
#9185000
b10 ;
1>
1M
1U
1R
0O
1Q
1N
1Y
0=
1X
b1 <
0e
1u
1-
#9190000
0-
1,
b10110011 +
b10110011 5
02
00
b1110010110 3
#9195000
b11 ;
0>
0X
1?
0Q
b1 )
b1 7
0P
0S
0L
b10 <
1-
#9200000
0-
0,
b11111101 +
b11111101 5
12
10
b1110010111 3
#9205000
b0 ;
1L
0M
1S
b0 )
b0 7
0T
0U
0N
0?
1@
b11 <
1-
#9210000
0-
1,
b10100000 +
b10100000 5
02
b1110011000 3
#9215000
b1 ;
1=
0@
0R
b1 )
b1 7
1T
0S
1M
b0 <
1-
#9220000
0-
0,
b1001111 +
b1001111 5
11
00
b1110011001 3
#9225000
b10 ;
1>
0L
b0 )
b0 7
0T
1O
0=
1X
b1 <
1z
b1 d
1-
#9230000
0-
1,
b11000001 +
b11000001 5
12
10
0.
b1110011010 3
#9235000
b11 ;
0>
1?
b10 )
b10 7
1P
1S
0M
1L
b10 <
1-
#9240000
0-
b10110110 +
b10110110 5
b1110011011 3
#9245000
b0 ;
1M
b11 )
b11 7
1T
1Q
1N
0?
1@
b11 <
1-
#9250000
0-
0,
b1000010 +
b1000010 5
01
00
1.
b1110011100 3
#9255000
b1 ;
0X
1=
0@
0O
1R
1U
0L
b0 <
1-
#9260000
0-
1,
b11111111 +
b11111111 5
0.
b1110011101 3
#9265000
b10 ;
1>
0M
b1 )
b1 7
0P
0Q
0Y
0=
b1 <
0"
0y
1{
0o
b10 d
1-
#9270000
0-
b1011110 +
b1011110 5
11
02
10
1.
b1110011110 3
#9275000
b11 ;
0>
1?
0N
1O
0S
0K
1L
0F
b10 <
1-
#9280000
0-
0,
b100101 +
b100101 5
01
b1110011111 3
#9285000
b0 ;
1M
0T
0U
0O
b10 )
b10 7
1P
0J
0?
1@
b11 <
1-
#9290000
0-
1,
b1110110 +
b1110110 5
12
b1110100000 3
#9295000
b1 ;
1=
0@
b0 )
b0 7
0P
0R
1S
1K
b0 <
1-
#9300000
0-
b10111000 +
b10111000 5
11
02
00
b1110100001 3
#9305000
b10 ;
1>
0L
0S
b1 )
b1 7
1T
1O
1Y
1J
0=
1X
b1 <
1$
1w
0#
0x
1o
b11 d
b1 |
1-
#9310000
0-
b11110 +
b11110 5
12
b1110100010 3
#9315000
b11 ;
0>
1?
1P
b10 )
b10 7
0T
1S
0M
b0 |
b10 <
1-
#9320000
0-
0,
b1011110 +
b1011110 5
01
10
b1110100011 3
#9325000
b0 ;
1L
0K
b11 )
b11 7
1T
0O
1Q
1N
0?
1@
b11 <
1-
#9330000
0-
b11100010 +
b11100010 5
00
0.
b1110100100 3
#9335000
b1 ;
0X
1=
0@
0J
0Q
b1 )
b1 7
0P
1R
1U
1M
0L
b0 <
1-
#9340000
0-
1,
b10110 +
b10110 5
02
10
1.
b1110100101 3
#9345000
b10 ;
1>
1L
0M
0S
0N
0Y
0=
0W
b1 <
0$
0w
1#
1x
0o
b100 d
1-
#9350000
0-
b10111 +
b10111 5
0.
b1110100110 3
#9355000
b11 ;
0>
1?
0U
b0 )
b0 7
0T
1M
b10 <
1-
#9360000
0-
0,
b100111 +
b100111 5
11
b1110100111 3
#9365000
b0 ;
1K
0R
1O
0?
1@
b11 <
1-
#9370000
0-
1,
b1111001 +
b1111001 5
01
12
00
1.
b1110101000 3
#9375000
b1 ;
1X
1=
0@
1J
b10 )
b10 7
1P
0O
1S
0L
b0 <
1-
#9380000
0-
b1010111 +
b1010111 5
02
10
0.
b1110101001 3
#9385000
b10 ;
1>
1L
0M
0S
1T
b1 )
b1 7
0P
1Y
0=
1W
b1 <
0#
0x
1o
b101 d
1-
#9390000
0-
b11010111 +
b11010111 5
11
00
b1110101010 3
#9395000
b11 ;
0>
1?
1O
b0 )
b0 7
0T
1M
0L
b10 <
1-
#9400000
0-
b1101101 +
b1101101 5
12
10
1.
b1110101011 3
#9405000
b0 ;
1L
0M
1S
b10 )
b10 7
1P
0?
1@
b11 <
1-
#9410000
0-
b10100111 +
b10100111 5
01
b1110101100 3
#9415000
b1 ;
1=
0@
1N
1Q
0O
b11 )
b11 7
1T
1M
b0 <
1-
#9420000
0-
b1111100 +
b1111100 5
11
02
0.
b1110101101 3
#9425000
b10 ;
1>
0S
1U
1R
1O
b1 )
b1 7
0P
0Q
0Y
0=
0X
b1 <
1#
1x
0o
b110 d
1-
#9430000
0-
b10111010 +
b10111010 5
12
00
1.
b1110101110 3
#9435000
b11 ;
0>
1?
0N
1P
0U
b10 )
b10 7
0T
1S
0L
b10 <
1-
#9440000
0-
b10100 +
b10100 5
01
02
10
0.
b1110101111 3
#9445000
b0 ;
1L
0M
0S
b11 )
b11 7
1T
0R
0O
1Q
1N
0?
1@
b11 <
1-
#9450000
0-
b11011100 +
b11011100 5
12
b1110110000 3
#9455000
b1 ;
1=
0@
0Q
0P
b0 )
b0 7
0T
1S
1M
b0 <
1-
#9460000
0-
0,
b11001000 +
b11001000 5
b1110110001 3
#9465000
b10 ;
1>
b1 )
b1 7
1T
0N
0=
b1 <
0#
0x
1o
b111 d
b1 |
1-
#9470000
0-
1,
b10101010 +
b10101010 5
11
02
00
b1110110010 3
#9475000
b10 l
1i
1v
b11 ;
0>
1X
1?
1O
1R
1U
0S
0L
1q
1p
b0 |
b10 <
1-
#9480000
1i
1v
b10 l
0-
0,
b100110 +
b100110 5
01
10
1.
b1110110011 3
#9485000
b0 ;
0i
0v
1h
1r
1L
0M
0T
0U
0O
b10 )
b10 7
1P
0?
1@
0X
b11 <
b10 s
1-
#9490000
0-
b1101111 +
b1101111 5
11
12
0.
b1110110100 3
#9495000
b1 ;
1=
0@
b0 )
b0 7
0P
1O
0R
1S
1M
b1101111 f
0h
b0 <
1-
#9500000
0-
1,
b10011111 +
b10011111 5
02
00
1.
b1110110101 3
#9505000
b10 ;
1>
b1101111 g
0L
0S
1T
b11 )
b11 7
1P
1Y
0=
1X
b1 <
1#
1x
0o
1n
b1 m
b0 d
b1 |
1-
#9510000
0-
0,
b110011 +
b110011 5
12
10
b1110110110 3
#9515000
b11 ;
0>
1?
1N
1Q
b10 )
b10 7
0T
1S
0M
1L
0q
b0 |
b10 <
1-
#9520000
0-
1,
b1100110 +
b1100110 5
02
0.
b1110110111 3
#9525000
b0 ;
0r
1M
0S
b11 )
b11 7
1T
0?
1@
0X
b11 <
1-
#9530000
0-
0,
b11101101 +
b11101101 5
01
12
b1110111000 3
#9535000
b1 ;
1=
0@
0O
b10 )
b10 7
0T
1S
b0 <
1-
#9540000
0-
1,
b11001111 +
b11001111 5
11
00
b1110111001 3
#9545000
b10 ;
1>
0L
1T
1O
b1 )
b1 7
0P
0Q
0Y
0=
b1 <
0#
0x
b10 m
b1 d
1-
#9550000
0-
b11111011 +
b11111011 5
01
02
10
b1110111010 3
#9555000
b11 ;
0>
1?
0N
b11 )
b11 7
1P
0O
1R
1U
0S
0M
1L
b10 <
1-
#9560000
0-
b1000000 +
b1000000 5
12
00
b1110111011 3
#9565000
b0 ;
0L
1M
1S
0T
0U
b0 )
b0 7
0P
0?
1@
b11 <
1-
#9570000
0-
b10111111 +
b10111111 5
02
10
b1110111100 3
#9575000
b1 ;
1=
0@
0R
b1 )
b1 7
1T
0S
0M
1L
b0 <
1-
#9580000
0-
0,
b101001 +
b101001 5
11
12
b1110111101 3
#9585000
b10 ;
1>
1M
1S
b0 )
b0 7
0T
1O
1Y
0=
1X
b1 <
b11 m
b10 d
1-
#9590000
0-
1,
b10011111 +
b10011111 5
1.
b1110111110 3
#9595000
b11 ;
0>
1?
1P
b11 )
b11 7
1T
b10 <
1-
#9600000
0-
0,
b11011 +
b11011 5
02
0.
b1110111111 3
#9605000
b0 ;
0S
1U
1R
1Q
1N
0?
1@
b11 <
1-
#9610000
0-
b110011 +
b110011 5
b1111000000 3
#9615000
b1 ;
0X
1=
0@
0U
b10 )
b10 7
0T
b0 <
1-
#9620000
0-
b10000011 +
b10000011 5
01
00
b1111000001 3
#9625000
b10 ;
1>
0L
0R
0O
0Y
0=
b1 <
b100 m
b11 d
1-
#9630000
0-
1,
b11101001 +
b11101001 5
12
10
b1111000010 3
#9635000
b11 ;
0>
1?
0Q
b0 )
b0 7
0P
1S
0M
1L
b10 <
1-
#9640000
0-
b1000 +
b1000 5
00
1.
b1111000011 3
#9645000
b0 ;
0L
1M
b1 )
b1 7
1T
0N
0?
1@
b11 <
1-
#9650000
0-
0,
b11100111 +
b11100111 5
11
02
0.
b1111000100 3
#9655000
b1 ;
1X
1=
0@
1O
1R
1U
0S
0M
b0 <
1-
#9660000
0-
1,
b11111 +
b11111 5
12
1.
b1111000101 3
#9665000
b10 ;
1>
0K
1S
0T
0U
b10 )
b10 7
1P
0=
0X
b1 <
1$
1w
b101 m
b100 d
1-
#9670000
0-
0,
b1101101 +
b1101101 5
01
0.
b1111000110 3
#9675000
b11 ;
0>
1?
0J
1N
1Q
0O
0R
b11 )
b11 7
1T
0p
b10 <
1-
#9680000
0-
b11010111 +
b11010111 5
1.
b1111000111 3
#9685000
b0 ;
1U
1R
b1 )
b1 7
0P
0Q
0?
1@
b11 <
1-
#9690000
0-
1,
b10001111 +
b10001111 5
11
02
10
0.
b1111001000 3
#9695000
b1 ;
1=
0@
0N
1O
0S
1L
b0 <
1-
#9700000
0-
b1100101 +
b1100101 5
01
00
b1111001001 3
#9705000
b10 ;
1>
0L
1M
0T
0U
0O
b10 )
b10 7
1P
0=
0W
b1 <
0$
0w
0n
b0 m
b101 d
1-
#9710000
0-
b1111011 +
b1111011 5
12
10
1.
b1111001010 3
#9715000
b11 ;
0>
1?
b0 )
b0 7
0P
0R
1S
0M
1L
1p
b10 <
1-
#9720000
0-
b10000001 +
b10000001 5
11
02
00
b1111001011 3
#9725000
b0 ;
0L
1M
0S
b1 )
b1 7
1T
1O
0?
1@
1X
b11 <
1-
#9730000
0-
b100001 +
b100001 5
12
b1111001100 3
#9735000
b1 ;
1=
0@
1P
b10 )
b10 7
0T
1S
0M
b0 <
1-
#9740000
0-
0,
b1000 +
b1000 5
02
10
0.
b1111001101 3
#9745000
b10 ;
1>
1L
0S
b11 )
b11 7
1T
1Q
1N
1Y
0=
b1 <
1o
1n
b1 m
b110 d
1-
#9750000
0-
1,
b1111111 +
b1111111 5
12
00
b1111001110 3
#9755000
b11 ;
0>
0X
1?
b10 )
b10 7
0T
1S
1M
0L
b10 <
1-
#9760000
0-
0,
b10 +
b10 5
02
10
1.
b1111001111 3
#9765000
b0 ;
1L
0M
0S
b11 )
b11 7
1T
0?
1@
b11 <
1-
#9770000
0-
b1011011 +
b1011011 5
b1111010000 3
#9775000
b1 ;
1=
0@
b10 )
b10 7
0T
1M
b0 <
1-
#9780000
0-
b10000101 +
b10000101 5
01
00
b1111010001 3
#9785000
b10 ;
1>
0L
1K
0O
0Y
0=
b1 <
1#
1x
b10 m
b111 d
1-
#9790000
0-
b10110101 +
b10110101 5
11
12
10
0.
b1111010010 3
#9795000
b11 l
1j
b11 ;
0>
1?
1J
0Q
b0 )
b0 7
0P
1O
1S
0M
1L
1q
0p
b10 <
1-
#9800000
1j
b11 l
0-
1,
b10000010 +
b10000010 5
01
1.
b1111010011 3
#9805000
b0 ;
0j
1r
1M
1T
0O
b11 )
b11 7
1P
0N
0?
1@
b11 <
b11 s
1_
1-
#9810000
0-
b10110000 +
b10110000 5
00
0.
b1111010100 3
#9815000
b1 ;
1X
1=
0@
b1 )
b1 7
0P
1R
1U
0L
b0 <
1-
#9820000
0-
0,
b101 +
b101 5
02
10
b1111010101 3
#9825000
b10 ;
1>
1L
0M
0S
0=
1W
0X
b1 <
1`
0n
b0 m
b0 d
1-
#9830000
0-
b1000110 +
b1000110 5
11
12
b1111010110 3
#9835000
b11 ;
0>
1?
1O
0U
b0 )
b0 7
0T
1S
1M
0q
1p
b10 <
1-
#9840000
0-
b11101100 +
b11101100 5
01
1.
b1111010111 3
#9845000
b0 ;
0r
1T
0R
0O
b11 )
b11 7
1P
0?
1@
b11 <
1-
#9850000
0-
b10001011 +
b10001011 5
11
00
0.
b1111011000 3
#9855000
b1 ;
1X
1=
0@
b1 )
b1 7
0P
1O
1R
1U
0L
b0 <
1-
#9860000
0-
1,
b10011111 +
b10011111 5
02
1.
b1111011001 3
#9865000
b10 ;
1>
0M
0S
b11 )
b11 7
1P
0=
0X
b1 <
1a
0o
1n
b1 m
b1 d
1-
#9870000
0-
0,
b10111110 +
b10111110 5
01
10
0.
b1111011010 3
#9875000
b11 ;
0>
1?
1N
1Q
0O
0U
b10 )
b10 7
0T
0K
1L
0_
b10 <
1-
#9880000
0-
1,
b11011001 +
b11011001 5
1.
b1111011011 3
#9885000
b0 ;
1M
0R
b0 )
b0 7
0P
0Q
0J
0?
1@
b11 <
1-
#9890000
0-
b11111111 +
b11111111 5
11
00
b1111011100 3
#9895000
b1 ;
1=
0@
0N
1O
1K
0L
b0 <
1-
#9900000
0-
b11110111 +
b11110111 5
01
12
b1111011101 3
#9905000
b10 ;
1>
b100 l
0M
1S
0O
b10 )
b10 7
1P
1Y
1J
0=
1X
b1 <
1$
1w
0#
0x
1b
0`
b10 m
b10 d
b1 |
1-
#9910000
b100 l
0-
0,
b11100111 +
b11100111 5
02
b1111011110 3
#9915000
b11 ;
0>
1?
0P
b1 )
b1 7
1T
0S
0K
b0 |
0t
b100 s
b10 <
1-
#9920000
0-
1,
b11101001 +
b11101001 5
11
12
10
0.
b1111011111 3
#9925000
b0 ;
1L
1S
b0 )
b0 7
0T
1O
0J
0?
1@
b11 <
1e
1-
#9930000
0-
0,
b11001100 +
b11001100 5
02
b1111100000 3
#9935000
b1 ;
1=
0@
1P
b11 )
b11 7
1T
0S
1M
0e
b0 <
1-
#9940000
0-
1,
b111111 +
b111111 5
12
b1111100001 3
#9945000
b10 ;
1>
1K
1S
b10 )
b10 7
0T
1Q
1N
0=
0W
b1 <
1c
0a
b11 m
b11 d
1e
0u
1-
#9950000
0-
0,
b11111111 +
b11111111 5
01
b1111100010 3
#9955000
b11 ;
0>
0X
1?
1J
0O
b11 )
b11 7
1T
0p
0e
b0 d
b0 m
1o
b10 <
1-
#9960000
0-
1,
b1101010 +
b1101010 5
11
02
1.
b1111100011 3
#9965000
b0 ;
0S
1U
1R
1O
b1 )
b1 7
0P
0Q
0?
1@
b11 <
1e
1-
#9970000
0-
b11000110 +
b11000110 5
01
b1111100100 3
#9975000
b1 ;
1=
0@
0N
1P
0O
0U
b10 )
b10 7
0T
b0 <
1-
#9980000
0-
0,
b10011011 +
b10011011 5
0.
b1111100101 3
#9985000
b10 ;
1>
0R
b0 )
b0 7
0P
0Y
0=
1W
b1 <
1#
1x
0z
0b
0n
0e
1-
#9990000
0-
b1010110 +
b1010110 5
00
1.
b1111100110 3
#9995000
b11 ;
0>
1X
1?
0L
b10 <
1-
#10000000
0-
1,
b1110010 +
b1110010 5
12
b1111100111 3
#10005000
b0 ;
0M
1S
0?
1@
b11 <
1e
1-
#10010000
0-
b10100100 +
b10100100 5
02
10
0.
b1111101000 3
#10015000
b101 l
b1 ;
1=
0@
b1 )
b1 7
1T
0S
0K
1L
b0 <
1-
#10020000
0-
b11011101 +
b11011101 5
12
00
b1111101001 3
#10025000
b10 ;
1>
0L
1M
1S
b0 )
b0 7
0T
1Y
0J
0=
0W
b1 <
b101 s
0$
0w
0{
0c
1-
#10030000
0-
b1000010 +
b1000010 5
11
02
10
1.
b1111101010 3
#10035000
b11 ;
0>
1?
1O
b1 )
b1 7
1T
0S
0M
1L
b10 <
1-
#10040000
0-
b1001011 +
b1001011 5
01
12
0.
b1111101011 3
#10045000
b0 ;
1M
1S
0T
0O
b10 )
b10 7
1P
0?
1@
b11 <
1-
#10050000
0-
0,
b100011 +
b100011 5
00
b1111101100 3
#10055000
b0 l
b1 ;
1=
0@
0P
b1 )
b1 7
1T
1K
0L
0e
b0 <
1-
#10060000
0-
b10101011 +
b10101011 5
02
10
1.
b1111101101 3
#10065000
b10 ;
1>
1L
0M
0S
1U
1R
1J
0=
1W
b1 <
b0 s
1"
1y
1-
#10070000
b1 l
1k
0-
1,
b1111011 +
b1111011 5
b1111101110 3
#10075000
0k
b11 ;
0>
0X
1?
0U
b0 )
b0 7
0T
1M
1F
b10000000 f
1t
1e
b1 s
b10 <
1-
#10080000
0-
0,
b1000110 +
b1000110 5
12
0.
b1111101111 3
#10085000
b0 ;
b10000000 g
1S
0R
0?
1@
b11 <
0e
1-
#10090000
0-
b10010011 +
b10010011 5
11
1.
b1111110000 3
#10095000
b1 ;
1X
1=
0@
1O
b1 )
b1 7
1T
b0 <
1-
#10100000
0-
b11111101 +
b11111101 5
01
0.
b1111110001 3
#10105000
b10 ;
1>
1U
1R
0O
b11 )
b11 7
1P
0=
b1 <
1u
1-
#10110000
0-
1,
b11010010 +
b11010010 5
11
02
b1111110010 3
#10115000
b11 ;
0>
0X
1?
b1 )
b1 7
0P
1O
0S
b10 <
1-
#10120000
0-
b11101100 +
b11101100 5
12
b1111110011 3
#10125000
b0 ;
1S
0T
0U
b10 )
b10 7
1P
0?
1@
b11 <
1-
#10130000
0-
b10111111 +
b10111111 5
b1111110100 3
#10135000
b1 ;
1=
0@
1N
1Q
0R
b11 )
b11 7
1T
b0 <
1-
#10140000
0-
0,
b0 +
b0 5
01
00
b1111110101 3
#10145000
b10 ;
1>
0L
1U
1R
0O
0Y
0=
b1 <
1z
b1 d
1-
#10150000
0-
b1001101 +
b1001101 5
11
b1111110110 3
#10155000
b11 ;
0>
1?
0Q
b1 )
b1 7
0P
1O
0M
b10 <
1-
#10160000
0-
b10001011 +
b10001011 5
b1111110111 3
#10165000
b0 ;
0K
b11 )
b11 7
1P
0N
0?
1@
b11 <
1-
#10170000
0-
1,
b110100 +
b110100 5
1.
b1111111000 3
#10175000
b1 ;
1=
0@
0J
1N
1Q
b0 <
1-
#10180000
0-
0,
b1010100 +
b1010100 5
01
b1111111001 3
#10185000
b10 ;
1>
0O
0=
0W
b1 <
0"
0y
1{
0o
b10 d
1-
#10190000
0-
b10011101 +
b10011101 5
02
0.
b1111111010 3
#10195000
b11 ;
0>
1?
0Q
b1 )
b1 7
0P
0S
0F
b10 <
1-
#10200000
0-
1,
b101111 +
b101111 5
12
1.
b1111111011 3
#10205000
b0 ;
1S
b0 )
b0 7
0T
0U
0N
0?
1@
b11 <
1-
#10210000
0-
0,
b11101101 +
b11101101 5
10
b1111111100 3
#10215000
b1 ;
1=
0@
0R
b1 )
b1 7
1T
1L
b0 <
1-
#10220000
0-
1,
b10101111 +
b10101111 5
02
00
b1111111101 3
#10225000
b10 ;
1>
0L
1M
0S
1U
1R
1Y
0=
1X
b1 <
1$
1w
0#
0x
1o
b11 d
1-
#10230000
0-
0,
b11110111 +
b11110111 5
12
b1111111110 3
#10235000
b11 ;
0>
0X
1?
0U
b0 )
b0 7
0T
1S
0M
b10 <
1-
#10240000
0-
b11101011 +
b11101011 5
11
02
10
b1111111111 3
#10245000
b0 ;
1L
0S
b1 )
b1 7
1T
0R
1O
0?
1@
b11 <
1-
#10250000
0-
1,
b1011001 +
b1011001 5
b10000000000 3
#10255000
b1 ;
1X
1=
0@
1P
b10 )
b10 7
0T
1M
b0 <
1-
#10260000
0-
0,
b11100001 +
b11100001 5
12
0.
b10000000001 3
#10265000
b10 ;
1>
1K
1S
1Q
1N
0=
b1 <
0$
0w
1#
1x
0o
b100 d
1-
#10270000
0-
1,
b1010000 +
b1010000 5
00
b10000000010 3
#10275000
b11 ;
0>
0X
1?
1J
b11 )
b11 7
1T
0L
b10 <
1-
#10280000
0-
b10001110 +
b10001110 5
02
10
b10000000011 3
#10285000
b0 ;
1L
0M
0S
1U
1R
0?
1@
b11 <
1-
#10290000
0-
0,
b11001000 +
b11001000 5
12
00
1.
b10000000100 3
#10295000
b1 ;
1=
0@
0U
b10 )
b10 7
0T
1S
1M
0L
b0 <
1-
#10300000
0-
b101101 +
b101101 5
01
10
0.
b10000000101 3
#10305000
b10 ;
1>
1L
0M
b11 )
b11 7
1T
0R
0O
0Y
0=
1W
b1 <
0#
0x
1o
b101 d
1-
#10310000
0-
b11110011 +
b11110011 5
00
b10000000110 3
#10315000
b11 ;
0>
1?
0Q
b1 )
b1 7
0P
1R
1U
1M
0L
b10 <
1-
#10320000
0-
1,
b10110100 +
b10110100 5
1.
b10000000111 3
#10325000
b0 ;
0M
0N
0?
1@
b11 <
1-
#10330000
0-
b101111 +
b101111 5
11
02
10
b10000001000 3
#10335000
b1 ;
1=
0@
1O
0S
0K
1L
b0 <
1-
#10340000
0-
0,
b10011 +
b10011 5
12
b10000001001 3
#10345000
b10 ;
1>
1M
1S
0T
0U
b10 )
b10 7
1P
0J
0=
0W
b1 <
1#
1x
0o
b110 d
1-
#10350000
0-
b1111100 +
b1111100 5
01
b10000001010 3
#10355000
b11 ;
0>
1?
1N
1Q
0O
0R
b11 )
b11 7
1T
1K
b10 <
1-
#10360000
0-
1,
b110111 +
b110111 5
02
00
b10000001011 3
#10365000
b0 ;
0L
0S
1U
1R
b1 )
b1 7
0P
0Q
1J
0?
1@
b11 <
1-
#10370000
0-
0,
b1010110 +
b1010110 5
11
b10000001100 3
#10375000
b1 ;
1=
0@
0N
1O
0U
b0 )
b0 7
0T
0M
b0 <
1-
#10380000
0-
1,
b1101010 +
b1101010 5
12
10
b10000001101 3
#10385000
b10 ;
1>
1L
0K
1S
0R
b10 )
b10 7
1P
0=
1W
b1 <
1$
1w
0#
0x
1o
b111 d
b1 |
1-
#10390000
0-
0,
b101111 +
b101111 5
01
00
0.
b10000001110 3
#10395000
b10 l
1i
1v
b11 ;
0>
1X
1?
0J
1N
1Q
0O
b11 )
b11 7
1T
1M
0L
1q
1p
b0 |
b10 <
1-
#10400000
0-
b11111101 +
b11111101 5
1.
b10000001111 3
#10405000
b0 ;
0i
0v
1h
1r
0M
1U
1R
b1 )
b1 7
0P
0Q
0?
1@
0X
b11 <
b10 s
1-
#10410000
0-
1,
b1011100 +
b1011100 5
02
10
b10000010000 3
#10415000
b1 ;
1=
0@
0N
0S
1L
b1011100 f
0h
b0 <
1-
#10420000
0-
b11100101 +
b11100101 5
00
b10000010001 3
#10425000
b10 ;
1>
b1011100 g
0L
1M
b0 )
b0 7
0T
0U
0=
0W
b1 <
0$
0w
1#
1x
0o
1n
b1 m
b0 d
1-
#10430000
0-
0,
b10110010 +
b10110010 5
0.
b10000010010 3
#10435000
b11 ;
0>
1?
0R
0M
0q
0p
b10 <
1-
#10440000
0-
b101110 +
b101110 5
11
1.
b10000010011 3
#10445000
b0 ;
0r
1O
0?
1@
1X
b11 <
1-
#10450000
0-
b10100101 +
b10100101 5
01
12
b10000010100 3
#10455000
b1 ;
1=
0@
b10 )
b10 7
1P
0O
1S
b0 <
1-
#10460000
0-
b11110011 +
b11110011 5
11
10
0.
b10000010101 3
#10465000
b10 ;
1>
1L
1T
1O
b1 )
b1 7
0P
1Y
0=
b1 <
0#
0x
0n
b0 m
b1 d
1-
#10470000
0-
1,
b101000 +
b101000 5
01
02
00
1.
b10000010110 3
#10475000
b11 ;
0>
1?
b11 )
b11 7
1P
0O
1R
1U
0S
1M
0L
b10 <
1-
#10480000
0-
0,
b11000001 +
b11000001 5
10
0.
b10000010111 3
#10485000
b0 ;
1L
0M
0T
0U
b0 )
b0 7
0P
0?
1@
0X
b11 <
1-
#10490000
0-
b100000 +
b100000 5
11
12
b10000011000 3
#10495000
b1 ;
1=
0@
1O
0R
1S
1M
b0 <
1-
#10500000
0-
b0 +
b0 5
01
1.
b10000011001 3
#10505000
b10 ;
1>
1K
1T
0O
b11 )
b11 7
1P
0=
1X
b1 <
1$
1w
1o
b10 d
b1 |
1-
#10510000
0-
b10100110 +
b10100110 5
11
02
00
0.
b10000011010 3
#10515000
b11 ;
0>
1?
1J
b1 )
b1 7
0P
1O
1R
1U
0S
0L
1p
b0 |
b10 <
1-
#10520000
0-
b1101101 +
b1101101 5
01
1.
b10000011011 3
#10525000
b0 ;
0M
0T
0U
0O
b10 )
b10 7
1P
0?
1@
0X
b11 <
1-
#10530000
0-
b11101111 +
b11101111 5
11
12
10
0.
b10000011100 3
#10535000
b1 ;
1=
0@
b0 )
b0 7
0P
1O
0R
1S
0K
1L
b0 <
1-
#10540000
0-
1,
b10110 +
b10110 5
01
00
b10000011101 3
#10545000
b10 ;
1>
0L
1M
1T
0O
b11 )
b11 7
1P
0J
0=
1X
b1 <
0$
0w
1#
1x
0o
1n
b1 m
b11 d
b1 |
1-
#10550000
0-
0,
b1111 +
b1111 5
b10000011110 3
#10555000
b11 ;
0>
1?
b1 )
b1 7
0P
1R
1U
0M
b0 |
b10 <
1-
#10560000
0-
1,
b11111110 +
b11111110 5
02
b10000011111 3
#10565000
b0 ;
0S
0?
1@
0X
b11 <
1-
#10570000
0-
0,
b1110100 +
b1110100 5
12
b10000100000 3
#10575000
b1 ;
1=
0@
0U
b0 )
b0 7
0T
1S
b0 <
1-
#10580000
0-
1,
b11011100 +
b11011100 5
11
1.
b10000100001 3
#10585000
b10 ;
1>
b1 )
b1 7
1T
0R
1O
0Y
0=
b1 <
1$
1w
0#
0x
b10 m
b100 d
b1 |
1-
#10590000
0-
b1001100 +
b1001100 5
01
02
10
b10000100010 3
#10595000
b11 ;
0>
1X
1?
b11 )
b11 7
1P
0O
1R
1U
0S
1L
b0 |
b10 <
1-
#10600000
0-
b10 +
b10 5
b10000100011 3
#10605000
b0 ;
1M
0T
0U
b0 )
b0 7
0P
0?
1@
0X
b11 <
1-
#10610000
0-
0,
b10110101 +
b10110101 5
00
0.
b10000100100 3
#10615000
b1 ;
1=
0@
0R
1K
0L
b0 <
1-
#10620000
0-
1,
b11111011 +
b11111011 5
11
12
10
1.
b10000100101 3
#10625000
b10 ;
1>
1L
0M
1S
1O
1Y
1J
0=
1W
1X
b1 <
b11 m
b101 d
b1 |
1-
#10630000
0-
b11100101 +
b11100101 5
01
00
b10000100110 3
#10635000
b11 ;
0>
1?
1P
0O
b11 )
b11 7
1T
1M
0L
0p
b10 <
1-
#10640000
0-
b11011011 +
b11011011 5
b10000100111 3
#10645000
b0 ;
0M
1U
1R
b1 )
b1 7
0P
0?
1@
b11 <
b0 |
1-
#10650000
0-
0,
b101010 +
b101010 5
02
10
b10000101000 3
#10655000
b1 ;
0X
1=
0@
0S
0K
1L
b0 <
1-
#10660000
0-
b11011011 +
b11011011 5
11
00
b10000101001 3
#10665000
b10 ;
1>
0L
1M
b0 )
b0 7
0T
0U
1O
0Y
0J
0=
0W
b1 <
0n
b0 m
b110 d
1-
#10670000
0-
b11111010 +
b11111010 5
01
0.
b10000101010 3
#10675000
b11 ;
0>
1?
b10 )
b10 7
1P
0O
0R
0M
1p
b10 <
1-
#10680000
0-
b110010 +
b110010 5
11
10
1.
b10000101011 3
#10685000
b0 ;
1L
1O
b0 )
b0 7
0P
0?
1@
1X
b11 <
1-
#10690000
0-
b11100010 +
b11100010 5
01
00
0.
b10000101100 3
#10695000
b1 ;
1=
0@
b10 )
b10 7
1P
0O
1M
0L
b0 <
1-
#10700000
0-
b11001001 +
b11001001 5
12
10
1.
b10000101101 3
#10705000
b10 ;
1>
1L
0M
1S
b0 )
b0 7
0P
1Y
0=
b1 <
1o
1n
b1 m
b111 d
1-
#10710000
0-
b10011100 +
b10011100 5
0.
b10000101110 3
#10715000
b11 l
1j
b11 ;
0>
1?
b1 )
b1 7
1T
1M
1q
0p
b10 <
1-
#10720000
0-
b11000100 +
b11000100 5
11
02
00
1.
b10000101111 3
#10725000
b0 ;
0j
1r
0L
1K
0S
1U
1R
1O
0?
1@
b11 <
b11 s
1_
1-
#10730000
0-
b1110 +
b1110 5
01
0.
b10000110000 3
#10735000
b1 ;
0X
1=
0@
1J
1P
0O
0U
b10 )
b10 7
0T
0M
b0 <
1-
#10740000
0-
b1110000 +
b1110000 5
1.
b10000110001 3
#10745000
b10 ;
1>
0K
0R
b0 )
b0 7
0P
0Y
0=
1W
b1 <
0$
0w
1#
1x
1`
0n
b0 m
b0 d
1-
#10750000
0-
1,
b10000111 +
b10000111 5
12
10
b10000110010 3
#10755000
b11 ;
0>
1X
1?
0J
1S
1L
0q
b10 <
1-
#10760000
0-
0,
b10010111 +
b10010111 5
00
b10000110011 3
#10765000
b0 ;
0r
0L
1M
b1 )
b1 7
1T
0?
1@
b11 <
1-
#10770000
0-
1,
b11101011 +
b11101011 5
11
10
b10000110100 3
#10775000
b1 ;
1=
0@
1O
1R
1U
0M
1L
b0 <
1-
#10780000
0-
0,
b11000100 +
b11000100 5
0.
b10000110101 3
#10785000
b10 ;
1>
1M
b11 )
b11 7
1P
0=
0W
0X
b1 <
1a
0o
b1 d
1-
#10790000
0-
1,
b111000 +
b111000 5
02
00
1.
b10000110110 3
#10795000
b11 ;
0>
1?
1N
1Q
0S
1K
0L
0_
b10 <
1-
#10800000
0-
0,
b10001000 +
b10001000 5
01
10
0.
b10000110111 3
#10805000
b0 ;
1L
0M
b10 )
b10 7
0T
0U
0O
1J
0?
1@
b11 <
1-
#10810000
0-
b111 +
b111 5
11
00
b10000111000 3
#10815000
b1 ;
1=
0@
0Q
b0 )
b0 7
0P
1O
0R
1M
0L
b0 <
1-
#10820000
0-
b111010 +
b111010 5
10
b10000111001 3
#10825000
b10 ;
1>
b100 l
1L
0M
b10 )
b10 7
1P
0N
0=
1W
b1 <
0#
0x
1b
0`
1o
b10 d
b1 |
1-
#10830000
b100 l
0-
1,
b1101100 +
b1101100 5
01
00
1.
b10000111010 3
#10835000
b11 ;
0>
1X
1?
1N
1Q
0O
1M
0L
1p
b0 |
0t
b100 s
b10 <
1-
#10840000
0-
0,
b1000000 +
b1000000 5
11
12
b10000111011 3
#10845000
b0 ;
0M
1S
1O
b0 )
b0 7
0P
0Q
0?
1@
0X
b11 <
1-
#10850000
0-
1,
b11101111 +
b11101111 5
02
b10000111100 3
#10855000
b1 ;
1=
0@
0N
1P
b11 )
b11 7
1T
0S
0K
1e
b0 <
1-
#10860000
0-
b1101111 +
b1101111 5
12
0.
b10000111101 3
#10865000
b10 ;
1>
1S
b10 )
b10 7
0T
1Q
1N
1Y
0J
0=
0W
1X
b1 <
1$
1w
1#
1x
1c
0a
0o
1n
b1 m
b11 d
0u
1-
#10870000
0-
b11110001 +
b11110001 5
01
10
b10000111110 3
#10875000
b11 ;
0>
0X
1?
0O
b11 )
b11 7
1T
1L
0p
b0 d
b0 m
1o
b10 <
1-
#10880000
0-
b1111111 +
b1111111 5
b10000111111 3
#10885000
b0 ;
1M
1U
1R
b1 )
b1 7
0P
0Q
0?
1@
b11 <
1-
#10890000
0-
b110100 +
b110100 5
11
02
00
b10001000000 3
#10895000
b1 ;
1=
0@
0N
1O
0S
1K
0L
b0 <
1-
#10900000
0-
0,
b100101 +
b100101 5
01
12
1.
b10001000001 3
#10905000
b10 ;
1>
0M
1S
0T
0U
0O
b10 )
b10 7
1P
0Y
1J
0=
1W
b1 <
0$
0w
0#
0x
0z
0b
0n
0e
1-
#10910000
0-
b11100100 +
b11100100 5
11
b10001000010 3
#10915000
b11 ;
0>
1?
0P
1O
0R
b1 )
b1 7
1T
0K
b10 <
1-
#10920000
0-
b11010010 +
b11010010 5
01
b10001000011 3
#10925000
b0 ;
1U
1R
0O
b11 )
b11 7
1P
0J
0?
1@
1X
b11 <
1-
#10930000
0-
b11010110 +
b11010110 5
11
02
10
0.
b10001000100 3
#10935000
b101 l
b1 ;
0X
1=
0@
b1 )
b1 7
0P
1O
0S
1L
b0 <
1-
#10940000
b101 l
0-
1,
b10101000 +
b10101000 5
1.
b10001000101 3
#10945000
b10 ;
1>
1M
0T
0U
b10 )
b10 7
1P
0=
0W
b1 <
b101 s
1#
1x
0{
0c
1e
1-
#10950000
0-
b1001011 +
b1001011 5
12
0.
b10001000110 3
#10955000
b11 ;
0>
1?
1N
1Q
0R
1S
1K
b10 <
1-
#10960000
0-
b10100011 +
b10100011 5
00
b10001000111 3
#10965000
b0 ;
0L
b11 )
b11 7
1T
1J
0?
1@
b11 <
1-
#10970000
0-
0,
b1100 +
b1100 5
01
02
b10001001000 3
#10975000
b0 l
b1 ;
1=
0@
0O
1R
1U
0S
0M
0e
b0 <
1-
#10980000
b0 l
0-
1,
b10001011 +
b10001011 5
11
b10001001001 3
#10985000
b10 ;
1>
b1 l
1k
0K
0T
0U
1O
b0 )
b0 7
0P
0Q
0=
1W
b1 <
b0 s
1"
1y
1e
1-
#10990000
0k
b0 l
0-
0,
b1011 +
b1011 5
12
10
b10001001010 3
#10995000
b11 ;
0>
1?
0J
0N
b10 )
b10 7
1P
0R
1S
1L
1F
0e
b10 <
1-
#11000000
b1 l
1k
0-
1,
b10101000 +
b10101000 5
01
00
b10001001011 3
#11005000
b0 ;
0k
b10000000 f
0L
1M
b11 )
b11 7
1T
0O
1Q
1N
0?
1@
1X
b11 <
b1 s
1e
1t
1-
#11010000
0-
b1110000 +
b1110000 5
11
b10001001100 3
#11015000
b1 ;
0X
1=
0@
0Q
b1 )
b1 7
0P
1O
1R
1U
0M
b10000000 g
b0 <
1-
#11020000
0-
b11001100 +
b11001100 5
01
02
10
1.
b10001001101 3
#11025000
b10 ;
1>
1L
0S
0O
b11 )
b11 7
1P
0N
0=
0W
b1 <
1u
1-
#11030000
0-
b1000010 +
b1000010 5
12
b10001001110 3
#11035000
b11 ;
0>
1?
0P
0U
b0 )
b0 7
0T
1S
1M
b10 <
1-
#11040000
0-
0,
b10110110 +
b10110110 5
11
00
b10001001111 3
#11045000
b0 ;
0L
1K
b1 )
b1 7
1T
0R
1O
0?
1@
b11 <
0e
1-
#11050000
0-
1,
b10000011 +
b10000011 5
02
10
b10001010000 3
#11055000
b1 ;
1X
1=
0@
1J
b11 )
b11 7
1P
1R
1U
0S
0M
1L
b0 <
1-
#11060000
0-
b1010100 +
b1010100 5
01
00
b10001010001 3
#11065000
b10 ;
1>
0L
1M
b10 )
b10 7
0T
0U
0O
1Q
1N
0=
1W
0X
b1 <
1z
b1 d
1-
#11070000
0-
0,
b11111111 +
b11111111 5
11
12
10
0.
b10001010010 3
#11075000
b11 ;
0>
1?
0Q
b0 )
b0 7
0P
1O
0R
1S
0M
1L
b10 <
1-
#11080000
0-
b11110010 +
b11110010 5
02
1.
b10001010011 3
#11085000
b0 ;
1M
0S
1T
b11 )
b11 7
1P
0N
0?
1@
b11 <
1-
#11090000
0-
b10011001 +
b10011001 5
12
0.
b10001010100 3
#11095000
b1 A
b1 ;
1X
1=
0@
1N
1Q
b10 )
b10 7
0T
1S
b0 <
1-
#11100000
0-
b11010111 +
b11010111 5
01
b10001010101 3
#11105000
b10 ;
1>
b11 )
b11 7
1T
0O
0=
0X
b1 B
b1 <
0"
0y
1{
0o
b10 d
1-
#11110000
0-
1,
b1011110 +
b1011110 5
02
b10001010110 3
#11115000
b11 ;
0>
1?
0Q
b1 )
b1 7
0P
1R
1U
0S
0F
b10 <
1-
#11120000
0-
0,
b1011111 +
b1011111 5
12
00
b10001010111 3
#11125000
b0 ;
0L
1S
b0 )
b0 7
0T
0U
0N
0?
1@
b11 <
1-
#11130000
0-
1,
b100011 +
b100011 5
02
10
b10001011000 3
#11135000
b1 ;
1=
0@
0R
b1 )
b1 7
1T
0S
0M
1L
b0 <
1-
#11140000
0-
b10101 +
b10101 5
b10001011001 3
#11145000
b10 ;
1>
1M
b0 )
b0 7
0T
1Y
0=
1X
b1 <
0#
0x
1o
b11 d
1-
#11150000
0-
0,
b11111110 +
b11111110 5
11
00
b10001011010 3
#11155000
b11 ;
0>
1?
1O
0L
b10 <
1-
#11160000
0-
b11010100 +
b11010100 5
12
10
b10001011011 3
#11165000
b0 ;
1L
0M
1S
b10 )
b10 7
1P
0?
1@
b11 <
1-
#11170000
0-
b1010101 +
b1010101 5
01
00
1.
b10001011100 3
#11175000
b1 ;
1=
0@
1N
1Q
0O
b11 )
b11 7
1T
1M
0L
b0 <
1-
#11180000
0-
1,
b1111111 +
b1111111 5
11
0.
b10001011101 3
#11185000
b10 ;
1>
0M
1U
1R
1O
b1 )
b1 7
0P
0Q
0Y
0=
0X
b1 <
1#
1x
0o
b100 d
1-
#11190000
0-
b11011011 +
b11011011 5
02
b10001011110 3
#11195000
b11 ;
0>
1?
0N
b11 )
b11 7
1P
0S
0K
b10 <
1-
#11200000
0-
b1001010 +
b1001010 5
12
10
b10001011111 3
#11205000
b0 ;
1L
1S
b10 )
b10 7
0T
0U
1Q
1N
0J
0?
1@
b11 <
1-
#11210000
0-
0,
b110010 +
b110010 5
01
02
00
1.
b10001100000 3
#11215000
b0 A
1\
b1 ;
1=
0@
0O
0R
b11 )
b11 7
1T
0S
1M
0L
b0 <
1-
#11220000
0-
b110001 +
b110001 5
11
12
0.
b10001100001 3
#11225000
1'
0\
b10 ;
1>
1[
0M
1S
0T
1O
b0 )
b0 7
0P
0Q
0=
0W
b0 B
b1 <
0#
0x
1o
b101 d
1-
#11230000
0-
1,
b10001001 +
b10001001 5
02
1.
b10001100010 3
#11235000
0'
b11 ;
0>
1?
0N
1P
b11 )
b11 7
1T
0S
0[
b10 <
1-
#11240000
0-
0,
b10001011 +
b10001011 5
01
12
10
b10001100011 3
#11245000
b0 ;
1L
1S
b10 )
b10 7
0T
0O
1Q
1N
0?
1@
1X
b11 <
1-
#11250000
0-
1,
b11110011 +
b11110011 5
02
b10001100100 3
#11255000
b1 ;
0X
1=
0@
0Q
0P
b1 )
b1 7
1T
0S
1M
b0 <
1-
#11260000
0-
b1011001 +
b1011001 5
12
b10001100101 3
#11265000
b10 ;
1>
1K
1S
b0 )
b0 7
0T
0N
0=
b1 <
1#
1x
0o
b110 d
1-
#11270000
0-
0,
b11001000 +
b11001000 5
11
0.
b10001100110 3
#11275000
b11 ;
0>
1X
1?
1J
1O
b1 )
b1 7
1T
b10 <
1-
#11280000
0-
1,
b1001000 +
b1001000 5
1.
b10001100111 3
#11285000
b0 ;
1U
1R
b11 )
b11 7
1P
0?
1@
b11 <
1-
#11290000
0-
b11001111 +
b11001111 5
01
00
0.
b10001101000 3
#11295000
b1 ;
0X
1=
0@
1N
1Q
0O
0L
b0 <
1-
#11300000
0-
b11110111 +
b11110111 5
02
1.
b10001101001 3
#11305000
b10 ;
1>
0M
0S
b1 )
b1 7
0P
0Q
0=
1W
b1 <
1$
1w
0#
0x
1o
b111 d
1-
#11310000
0-
0,
b10000001 +
b10000001 5
11
12
10
b10001101010 3
#11315000
b10 l
1i
1v
b11 ;
0>
1?
0N
1O
0U
b0 )
b0 7
0T
1S
0K
1L
1q
1p
b10 <
1-
#11320000
1i
1v
b10 l
0-
1,
b10000110 +
b10000110 5
01
02
0.
b10001101011 3
#11325000
b0 ;
0i
0v
1h
1r
1M
0S
1T
0R
0O
b11 )
b11 7
1P
0J
0?
1@
b11 <
b10 s
1%
1^
1-
#11330000
0-
0,
b101000 +
b101000 5
12
00
1.
b10001101100 3
#11335000
b1 ;
1X
1=
0@
0P
b0 )
b0 7
0T
1S
1K
0L
b101000 f
0h
0%
0^
b0 <
1-
#11340000
0-
b11111010 +
b11111010 5
11
10
0.
b10001101101 3
#11345000
b10 ;
1>
b101000 g
1L
0M
b1 )
b1 7
1T
1O
1Y
1J
0=
b1 <
0$
0w
1#
1x
0o
1n
b1 m
b0 d
b1 |
1-
#11350000
0-
b100001 +
b100001 5
1.
b10001101110 3
#11355000
b11 ;
0>
1?
b11 )
b11 7
1P
1R
1U
1M
0q
0p
b0 |
b10 <
1-
#11360000
0-
b1110001 +
b1110001 5
01
00
0.
b10001101111 3
#11365000
b0 ;
0r
0L
0O
1Q
1N
0?
1@
0X
b11 <
1-
#11370000
0-
b10001 +
b10001 5
b10001110000 3
#11375000
b1 ;
1=
0@
0Q
b1 )
b1 7
0P
0M
b0 <
1-
#11380000
0-
1,
b11000101 +
b11000101 5
11
02
10
b10001110001 3
#11385000
b10 ;
1>
1L
0K
0S
1O
0N
0Y
0=
b1 <
0#
0x
0n
b0 m
b1 d
1-
#11390000
0-
0,
b1001100 +
b1001100 5
12
b10001110010 3
#11395000
b11 ;
0>
1?
0J
1P
0U
b10 )
b10 7
0T
1S
1M
b10 <
1-
#11400000
0-
1,
b10001100 +
b10001100 5
00
1.
b10001110011 3
#11405000
b0 ;
0L
1K
b11 )
b11 7
1T
0R
1Q
1N
0?
1@
b11 <
1-
#11410000
0-
b110111 +
b110111 5
10
b10001110100 3
#11415000
b1 ;
1=
0@
1J
1R
1U
0M
1L
b0 <
1-
#11420000
0-
0,
b10000 +
b10000 5
01
00
0.
b10001110101 3
#11425000
b10 ;
1>
0L
1M
0O
0=
b1 <
1o
b10 d
1-
#11430000
0-
b11111001 +
b11111001 5
02
1.
b10001110110 3
#11435000
b11 ;
0>
1?
0Q
b1 )
b1 7
0P
0S
0M
b10 <
1-
#11440000
0-
1,
b1000001 +
b1000001 5
11
10
0.
b10001110111 3
#11445000
b0 ;
1L
0K
b0 )
b0 7
0T
0U
1O
0N
0?
1@
b11 <
1-
#11450000
0-
0,
b101011 +
b101011 5
01
12
00
b10001111000 3
#11455000
b1 ;
1=
0@
0J
b10 )
b10 7
1P
0O
0R
1S
1M
0L
b0 <
1-
#11460000
0-
b100110 +
b100110 5
10
b10001111001 3
#11465000
b10 ;
1>
1L
0M
1T
b1 )
b1 7
0P
1Y
0=
0W
1X
b1 <
1#
1x
0o
b11 d
1-
#11470000
0-
b11101100 +
b11101100 5
11
1.
b10001111010 3
#11475000
b11 ;
0>
1?
1O
1R
1U
1M
1p
b10 <
1-
#11480000
0-
1,
b11010111 +
b11010111 5
0.
b10001111011 3
#11485000
b0 ;
1K
b11 )
b11 7
1P
0?
1@
0X
b11 <
1-
#11490000
0-
b1010 +
b1010 5
01
b10001111100 3
#11495000
b1 ;
1=
0@
1J
1N
1Q
0O
b0 <
1-
#11500000
0-
b10001010 +
b10001010 5
11
1.
b10001111101 3
#11505000
b10 ;
1>
1O
b1 )
b1 7
0P
0Q
0Y
0=
1W
b1 <
1$
1w
0#
0x
1o
1n
b1 m
b100 d
1-
#11510000
0-
0,
b10010000 +
b10010000 5
01
02
b10001111110 3
#11515000
b11 ;
0>
1?
0N
b11 )
b11 7
1P
0O
0S
0p
b10 <
1-
#11520000
0-
1,
b10111011 +
b10111011 5
12
b10001111111 3
#11525000
b0 ;
1S
0T
0U
b0 )
b0 7
0P
0?
1@
b11 <
1-
#11530000
0-
0,
b10000111 +
b10000111 5
00
b10010000000 3
#11535000
b1 ;
1=
0@
0R
b1 )
b1 7
1T
0L
b0 <
1-
#11540000
0-
1,
b11110100 +
b11110100 5
0.
b10010000001 3
#11545000
b10 ;
1>
0M
1U
1R
1Y
0=
1X
b1 <
0$
0w
1#
1x
0n
b0 m
b101 d
1-
#11550000
0-
b101010 +
b101010 5
11
1.
b10010000010 3
#11555000
b11 ;
0>
0X
1?
1O
0K
1p
b10 <
1-
#11560000
0-
b111001 +
b111001 5
01
02
0.
b10010000011 3
#11565000
b0 ;
0S
0O
b11 )
b11 7
1P
0J
0?
1@
b11 <
1-
#11570000
0-
b1010100 +
b1010100 5
11
10
b10010000100 3
#11575000
b1 ;
1=
0@
0P
1O
0U
b0 )
b0 7
0T
1L
b0 <
1-
#11580000
0-
0,
b10110011 +
b10110011 5
01
00
1.
b10010000101 3
#11585000
b10 ;
1>
0L
1M
0R
0O
b10 )
b10 7
1P
0Y
0=
0W
b1 <
0o
1n
b1 m
b110 d
b1 |
1-
#11590000
0-
b1111010 +
b1111010 5
b10010000110 3
#11595000
b11 ;
0>
1X
1?
b0 )
b0 7
0P
0M
0p
b0 |
b10 <
1-
#11600000
0-
b10000111 +
b10000111 5
12
10
0.
b10010000111 3
#11605000
b0 ;
1L
1S
0?
1@
b11 <
1-
#11610000
0-
b11101011 +
b11101011 5
11
02
00
b10010001000 3
#11615000
b1 ;
1=
0@
1O
b1 )
b1 7
1T
0S
1M
0L
b0 <
1-
#11620000
0-
1,
b1110011 +
b1110011 5
01
12
1.
b10010001001 3
#11625000
b10 ;
1>
0M
1S
0T
0O
b10 )
b10 7
1P
1Y
0=
b1 <
1$
1w
0#
0x
0n
b0 m
b111 d
1-
#11630000
0-
b10101101 +
b10101101 5
11
0.
b10010001010 3
#11635000
b11 l
1j
b11 ;
0>
1?
0P
1O
b1 )
b1 7
1T
1q
b10 <
1-
#11640000
1j
b11 l
0-
0,
b111000 +
b111000 5
01
1.
b10010001011 3
#11645000
b0 ;
0j
1r
1U
1R
0O
b11 )
b11 7
1P
0?
1@
b11 <
b11 s
1_
1-
#11650000
0-
1,
b10110100 +
b10110100 5
10
0.
b10010001100 3
#11655000
b1 ;
0X
1=
0@
b1 )
b1 7
0P
1L
b0 <
1-
#11660000
0-
0,
b1010101 +
b1010101 5
11
02
00
1.
b10010001101 3
#11665000
b10 ;
1>
0L
1M
0S
1O
0Y
0=
b1 <
1`
1o
b0 d
1-
#11670000
0-
b10111011 +
b10111011 5
b10010001110 3
#11675000
b11 ;
0>
1?
1P
0U
b10 )
b10 7
0T
0M
0q
b10 <
1-
#11680000
0-
b10001 +
b10001 5
01
12
10
0.
b10010001111 3
#11685000
b0 ;
0r
1L
1S
0R
0O
1Q
1N
0?
1@
b11 <
1-
#11690000
0-
1,
b10010011 +
b10010011 5
11
b10010010000 3
#11695000
b1 ;
1=
0@
0Q
0P
1O
b1 )
b1 7
1T
1M
b0 <
1-
#11700000
0-
0,
b1110111 +
b1110111 5
01
02
b10010010001 3
#11705000
b10 ;
1>
1K
0S
1U
1R
0O
b11 )
b11 7
1P
0N
0=
b1 <
0$
0w
1#
1x
1a
0o
b1 d
1-
#11710000
0-
1,
b11110 +
b11110 5
11
12
b10010010010 3
#11715000
b11 ;
0>
1?
1J
0P
1O
0U
b0 )
b0 7
0T
1S
0_
b10 <
1-
#11720000
0-
0,
b110001 +
b110001 5
02
00
1.
b10010010011 3
#11725000
b0 ;
0L
0S
1T
0R
b11 )
b11 7
1P
0?
1@
b11 <
1-
#11730000
0-
b11001111 +
b11001111 5
12
0.
b10010010100 3
#11735000
b1 ;
1X
1=
0@
1N
1Q
b10 )
b10 7
0T
1S
0M
b0 <
1-
#11740000
0-
1,
b11010100 +
b11010100 5
02
10
1.
b10010010101 3
#11745000
b10 ;
1>
b100 l
1L
0K
0S
b11 )
b11 7
1T
0=
1W
0X
b1 <
1$
1w
0#
0x
1b
0`
1o
b10 d
1-
#11750000
0-
b11101010 +
b11101010 5
01
12
b10010010110 3
#11755000
b11 ;
0>
1?
0J
0O
b10 )
b10 7
0T
1S
1M
0t
b100 s
b10 <
1-
#11760000
0-
0,
b10101100 +
b10101100 5
11
00
0.
b10010010111 3
#11765000
b0 ;
0L
1K
1T
1O
b1 )
b1 7
0P
0Q
0?
1@
b11 <
1-
#11770000
0-
1,
b1011000 +
b1011000 5
01
10
b10010011000 3
#11775000
b1 ;
1=
0@
1J
0N
b11 )
b11 7
1P
0O
1R
1U
0M
1L
1e
b0 <
1-
#11780000
0-
0,
b10000010 +
b10000010 5
11
02
b10010011001 3
#11785000
b10 ;
1>
1M
0S
1O
b1 )
b1 7
0P
0=
b1 <
1#
1x
1c
0a
0o
b11 d
0e
0u
1-
#11790000
0-
b1001001 +
b1001001 5
01
1.
b10010011010 3
#11795000
b11 ;
0>
1?
1P
0O
0U
b10 )
b10 7
0T
b0 d
1o
b10 <
1-
#11800000
0-
b1110100 +
b1110100 5
12
0.
b10010011011 3
#11805000
b0 ;
1S
0R
b0 )
b0 7
0P
0?
1@
b11 <
1-
#11810000
0-
b1110110 +
b1110110 5
00
b10010011100 3
#11815000
b1 ;
1X
1=
0@
b1 )
b1 7
1T
0L
b0 <
1-
#11820000
0-
b1010110 +
b1010110 5
11
02
b10010011101 3
#11825000
b10 ;
1>
0M
0S
1U
1R
1O
1Y
0=
b1 <
0z
0b
1-
#11830000
0-
1,
b1001111 +
b1001111 5
01
12
1.
b10010011110 3
#11835000
b11 ;
0>
0X
1?
1P
0O
0U
b10 )
b10 7
0T
1S
0K
1e
b10 <
1-
#11840000
0-
0,
b10110000 +
b10110000 5
02
10
0.
b10010011111 3
#11845000
b0 ;
1L
0S
1T
0R
b1 )
b1 7
0P
0J
0?
1@
b11 <
0e
1-
#11850000
0-
b11001100 +
b11001100 5
11
b10010100000 3
#11855000
b101 l
b1 ;
1X
1=
0@
1O
b0 )
b0 7
0T
1M
b0 <
1-
#11860000
0-
b11100010 +
b11100010 5
12
1.
b10010100001 3
#11865000
b10 ;
1>
1K
1S
b10 )
b10 7
1P
0=
0W
b1 <
b101 s
0$
0w
0{
0c
b1 |
1-
#11870000
0-
1,
b111001 +
b111001 5
01
b10010100010 3
#11875000
b11 ;
0>
1?
1J
1N
1Q
0O
b11 )
b11 7
1T
b0 |
1e
b10 <
1-
#11880000
0-
b1101001 +
b1101001 5
11
b10010100011 3
#11885000
b0 ;
1U
1R
1O
b1 )
b1 7
0P
0Q
0?
1@
0X
b11 <
1-
#11890000
0-
b11000011 +
b11000011 5
01
00
0.
b10010100100 3
#11895000
b0 l
b1 ;
1=
0@
0N
b11 )
b11 7
1P
0O
0L
b0 <
1-
#11900000
b0 l
0-
0,
b11011011 +
b11011011 5
11
02
10
b10010100101 3
#11905000
b10 ;
1>
1L
0M
0S
1O
b1 )
b1 7
0P
0Y
0=
1W
b1 <
b0 s
1"
1y
0e
1-
#11910000
0-
b10 +
b10 5
12
00
1.
b10010100110 3
#11915000
b11 ;
0>
1?
1P
0U
b10 )
b10 7
0T
1S
1M
0L
1F
b10 <
1-
#11920000
b1 l
1k
0-
1,
b10011100 +
b10011100 5
01
0.
b10010100111 3
#11925000
b0 ;
0k
b10000000 f
0M
b11 )
b11 7
1T
0R
0O
1Q
1N
0?
1@
b11 <
b1 s
1e
1t
1-
#11930000
0-
0,
b1010111 +
b1010111 5
11
02
10
b10010101000 3
#11935000
1=
0@
0Q
b1 )
b1 7
0P
1O
1R
1U
0S
0K
1L
b10000000 g
0e
b0 <
1-
#11940000
0-
b11010011 +
b11010011 5
12
00
b10010101001 3
#11945000
b1 ;
0L
1M
1S
0T
0U
b10 )
b10 7
1P
0N
0J
0=
0W
1u
1-
#11950000
0-
b1011110 +
b1011110 5
01
b10010101010 3
#11955000
b10 ;
1>
1N
1Q
0O
0R
b11 )
b11 7
1T
0M
b1 <
1-
#11960000
0-
1,
b10101100 +
b10101100 5
1.
b10010101011 3
#11965000
b11 ;
0>
1U
1R
b1 )
b1 7
0P
0Q
1?
b10 <
1-
#11970000
0-
0,
b111010 +
b111010 5
10
b10010101100 3
#11975000
b0 ;
1@
0?
0N
1L
b11 <
1-
#11980000
0-
b1100010 +
b1100010 5
11
00
b10010101101 3
#11985000
b1 ;
0L
1M
1O
0@
1=
b0 <
1-
#11990000
0-
1,
b1111 +
b1111 5
01
02
b10010101110 3
#11995000
b10 ;
1>
0=
b11 )
b11 7
1P
0O
0S
0M
b1 d
1z
b1 <
1-
#12000000
0-
b110010 +
b110010 5
11
b10010101111 3
#12005000
b11 ;
0>
0T
0U
1O
b0 )
b0 7
0P
1?
b10 <
1-
#12010000
0-
b1100000 +
b1100000 5
12
10
b10010110000 3
#12015000
b0 ;
1@
0?
b10 )
b10 7
1P
0R
1S
1L
b11 <
1-
#12020000
0-
b10011111 +
b10011111 5
01
02
00
b10010110001 3
#12025000
b1 A
b1 ;
0L
1M
0S
b11 )
b11 7
1T
0O
1Q
1N
0@
1=
1X
b0 <
1-
#12030000
0-
0,
b10100110 +
b10100110 5
10
b10010110010 3
#12035000
b10 ;
1>
0X
0=
0Q
0P
b0 )
b0 7
0T
0M
1L
b10 d
0o
1{
0"
0y
b1 <
b1 B
1-
#12040000
0-
1,
b101110 +
b101110 5
11
12
b10010110011 3
#12045000
b11 ;
0>
0F
1M
1S
1O
0N
1?
b10 <
1-
#12050000
0-
0,
b11100111 +
b11100111 5
00
0.
b10010110100 3
#12055000
b0 ;
1X
1@
0?
1P
b11 )
b11 7
1T
1K
0L
b11 <
1-
#12060000
0-
1,
b1000 +
b1000 5
02
10
b10010110101 3
#12065000
b0 A
1\
b1 ;
1L
0M
0S
1U
1R
1Q
1N
1J
0@
1=
b0 <
1-
#12070000
0-
b10010010 +
b10010010 5
01
12
00
b10010110110 3
#12075000
1'
b10 ;
1>
0\
0X
1W
0=
0O
0U
b10 )
b10 7
0T
1S
1M
0L
1[
b11 d
1o
0#
0x
b1 <
b0 B
1-
#12080000
0-
b10011010 +
b10011010 5
11
1.
b10010110111 3
#12085000
0'
b11 ;
0>
0[
0M
1T
0R
1O
b1 )
b1 7
0P
0Q
1?
b10 <
1-
#12090000
0-
0,
b1100011 +
b1100011 5
01
02
10
b10010111000 3
#12095000
b0 ;
1@
0?
0N
b11 )
b11 7
1P
0O
1R
1U
0S
0K
1L
b11 <
1-
#12100000
0-
1,
b10111101 +
b10111101 5
11
12
b10010111001 3
#12105000
b1 ;
1M
1S
0T
0U
1O
b0 )
b0 7
0P
0J
0@
1=
b0 <
1-
#12110000
0-
0,
b10100010 +
b10100010 5
0.
b10010111010 3
#12115000
b10 ;
1>
0W
0=
1P
0R
b11 )
b11 7
1T
1K
b1 |
b100 d
0o
1#
1x
b1 <
1-
#12120000
0-
b1011000 +
b1011000 5
02
b10010111011 3
#12125000
b11 ;
0>
0S
1U
1R
1Q
1N
1J
1?
1X
b10 <
b0 |
1-
#12130000
0-
b10000001 +
b10000001 5
12
00
b10010111100 3
#12135000
b0 ;
0X
1@
0?
0U
b10 )
b10 7
0T
1S
0L
b11 <
1-
#12140000
0-
1,
b100110 +
b100110 5
02
b10010111101 3
#12145000
b1 ;
0M
0S
b11 )
b11 7
1T
0R
0@
1=
b0 <
1-
#12150000
0-
0,
b11011001 +
b11011001 5
01
12
b10010111110 3
#12155000
b10 ;
1>
1W
0=
0O
b10 )
b10 7
0T
1S
0K
b101 d
1o
0#
0x
b1 <
1-
#12160000
0-
1,
b10000100 +
b10000100 5
11
b10010111111 3
#12165000
b11 ;
0>
1T
1O
b1 )
b1 7
0P
0Q
0J
1?
b10 <
1-
#12170000
0-
0,
b10111 +
b10111 5
02
10
1.
b10011000000 3
#12175000
b0 ;
1@
0?
0N
b11 )
b11 7
1P
1R
1U
0S
1L
b11 <
1-
#12180000
0-
1,
b11110001 +
b11110001 5
01
12
00
0.
b10011000001 3
#12185000
b1 ;
0L
1M
1S
b10 )
b10 7
0T
0U
0O
1Q
1N
0@
1=
b0 <
1-
#12190000
0-
b10100110 +
b10100110 5
11
02
10
1.
b10011000010 3
#12195000
b10 ;
1>
0W
0=
0Q
0P
1O
0R
b1 )
b1 7
1T
0S
0M
1L
b110 d
0o
1#
1x
b1 <
1-
#12200000
0-
0,
b100111 +
b100111 5
12
00
0.
b10011000011 3
#12205000
b11 ;
0>
0L
1M
1S
0T
b10 )
b10 7
1P
0N
1?
b10 <
1-
#12210000
0-
b10001000 +
b10001000 5
b10011000100 3
#12215000
b0 ;
1X
1@
0?
1N
1Q
b11 )
b11 7
1T
0M
b11 <
1-
#12220000
0-
1,
b1110100 +
b1110100 5
01
02
10
1.
b10011000101 3
#12225000
b1 ;
1L
0S
1U
1R
0O
0@
1=
0X
b0 <
1-
#12230000
0-
0,
b10000010 +
b10000010 5
11
b10011000110 3
#12235000
b10 ;
1>
0=
0Q
0P
1O
0U
b0 )
b0 7
0T
1M
b111 d
1o
0#
0x
1$
1w
b1 <
1-
#12240000
0-
b1000011 +
b1000011 5
01
12
00
0.
b10011000111 3
#12245000
b10 l
1i
1v
b11 ;
0>
1p
1q
0L
1K
1S
0R
0O
b10 )
b10 7
1P
0N
1?
b10 <
1-
#12250000
1i
1v
b10 l
0-
1,
b10001110 +
b10001110 5
1.
b10011001000 3
#12255000
0i
0v
b0 ;
1X
1@
0?
1J
0P
b1 )
b1 7
1T
0M
1r
1h
1%
1^
b10 s
b11 <
1-
#12260000
0-
0,
b1101101 +
b1101101 5
11
10
0.
b10011001001 3
#12265000
b1 ;
0h
b1101101 f
1L
0K
1U
1R
1O
0@
1=
b0 <
0%
0^
1-
#12270000
0-
b11100101 +
b11100101 5
00
1.
b10011001010 3
#12275000
b10 ;
1>
0X
0=
0J
b11 )
b11 7
1P
1M
0L
b1101101 g
b0 d
b1 m
1n
0o
1#
1x
0$
0w
b1 <
1-
#12280000
0-
b1001100 +
b1001100 5
02
10
0.
b10011001011 3
#12285000
b11 ;
0>
0q
1L
0M
0S
1Q
1N
1?
b10 <
1-
#12290000
0-
b1100101 +
b1100101 5
1.
b10011001100 3
#12295000
b0 ;
1@
0?
0U
b10 )
b10 7
0T
1M
0r
b11 <
1-
#12300000
0-
1,
b100110 +
b100110 5
12
00
0.
b10011001101 3
#12305000
b1 ;
0L
1K
1S
0R
0@
1=
b0 <
1-
#12310000
0-
b10011111 +
b10011111 5
01
1.
b10011001110 3
#12315000
b10 ;
1>
1W
0=
1J
0O
b11 )
b11 7
1T
0M
b1 d
b10 m
0#
0x
1$
1w
b1 <
1-
#12320000
0-
0,
b11110000 +
b11110000 5
02
0.
b10011001111 3
#12325000
b11 ;
0>
0p
0K
0S
1U
1R
b1 )
b1 7
0P
0Q
1?
b10 <
1-
#12330000
0-
1,
b1010001 +
b1010001 5
11
12
10
1.
b10011010000 3
#12335000
b0 ;
1@
0?
0J
0N
1O
0U
b0 )
b0 7
0T
1S
1L
b11 <
1-
#12340000
0-
0,
b11110010 +
b11110010 5
02
00
0.
b10011010001 3
#12345000
b1 ;
0L
1M
0S
1T
0R
b11 )
b11 7
1P
0@
1=
b0 <
1-
#12350000
0-
1,
b10010100 +
b10010100 5
12
10
b10011010010 3
#12355000
b10 ;
1>
1X
0W
0=
1Y
1N
1Q
b10 )
b10 7
0T
1S
0M
1L
b10 d
b0 m
0n
0$
0w
b1 <
1-
#12360000
0-
0,
b1010000 +
b1010000 5
02
b10011010011 3
#12365000
b11 ;
0>
1p
1M
0S
b11 )
b11 7
1T
1?
0X
b10 <
1-
#12370000
0-
b10001010 +
b10001010 5
12
1.
b10011010100 3
#12375000
b0 ;
1@
0?
b10 )
b10 7
0T
1S
1K
b11 <
1-
#12380000
0-
1,
b1111 +
b1111 5
01
00
0.
b10011010101 3
#12385000
b1 ;
0L
b11 )
b11 7
1T
0O
1J
0@
1=
b0 <
1-
#12390000
0-
b11010010 +
b11010010 5
11
1.
b10011010110 3
#12395000
b10 ;
1>
1W
0=
0Y
0Q
b1 )
b1 7
0P
1O
1R
1U
0M
b11 d
b1 m
1n
1o
1$
1w
b1 <
1-
#12400000
0-
0,
b10001010 +
b10001010 5
b10011010111 3
#12405000
b11 ;
0>
0K
b11 )
b11 7
1P
0N
1?
b10 <
1-
#12410000
0-
1,
b10000100 +
b10000100 5
02
10
0.
b10011011000 3
#12415000
b0 ;
1@
0?
0J
1N
1Q
0S
1L
b11 <
1-
#12420000
0-
b11101011 +
b11101011 5
01
12
b10011011001 3
#12425000
b1 ;
1M
1S
b10 )
b10 7
0T
0U
0O
0@
1=
b0 <
1-
#12430000
0-
0,
b1011 +
b1011 5
02
1.
b10011011010 3
#12435000
b10 ;
1>
0W
0=
0Q
0P
0R
b1 )
b1 7
1T
0S
1K
b100 d
b10 m
1#
1x
0$
0w
b1 <
1-
#12440000
0-
b10110000 +
b10110000 5
12
b10011011011 3
#12445000
b11 ;
0>
0p
1S
b0 )
b0 7
0T
0N
1J
1?
b10 <
1-
#12450000
0-
1,
b10010101 +
b10010101 5
11
02
00
b10011011100 3
#12455000
b0 ;
1X
1@
0?
1O
b1 )
b1 7
1T
0S
0L
b11 <
1-
#12460000
0-
0,
b10111111 +
b10111111 5
10
0.
b10011011101 3
#12465000
b1 ;
1L
0M
0T
b10 )
b10 7
1P
0@
1=
b0 <
1-
#12470000
0-
1,
b1101110 +
b1101110 5
01
12
00
b10011011110 3
#12475000
b10 ;
1>
1W
0=
1Y
1N
1Q
0O
1S
1M
0L
b101 d
b0 m
0n
b1 <
1-
#12480000
0-
0,
b10101 +
b10101 5
11
02
10
b10011011111 3
#12485000
b11 ;
0>
1p
1L
0M
0S
1T
1O
b1 )
b1 7
0P
0Q
1?
0X
b10 <
1-
#12490000
0-
b100 +
b100 5
01
1.
b10011100000 3
#12495000
b0 ;
1@
0?
0N
1P
0O
b10 )
b10 7
0T
1M
b11 <
1-
#12500000
0-
b10010100 +
b10010100 5
11
00
b10011100001 3
#12505000
b1 ;
0L
1O
b0 )
b0 7
0P
0@
1=
1X
b0 <
1-
#12510000
0-
1,
b11100010 +
b11100010 5
01
12
0.
b10011100010 3
#12515000
b10 ;
1>
0=
b10 )
b10 7
1P
0O
1S
0M
b1 |
b110 d
b1 m
1n
0o
b1 <
1-
#12520000
0-
0,
b11111111 +
b11111111 5
11
b10011100011 3
#12525000
b11 ;
0>
0K
1T
1O
b1 )
b1 7
0P
1?
b10 <
b0 |
1-
#12530000
0-
1,
b1101011 +
b1101011 5
b10011100100 3
#12535000
b0 ;
1@
0?
0J
b11 )
b11 7
1P
1R
1U
b11 <
1-
#12540000
0-
b10100011 +
b10100011 5
01
10
1.
b10011100101 3
#12545000
b1 ;
1L
0O
1Q
1N
0@
1=
0X
b0 <
1-
#12550000
0-
0,
b10011001 +
b10011001 5
00
b10011100110 3
#12555000
b10 ;
1>
0W
0=
0Y
0Q
b1 )
b1 7
0P
1M
0L
b111 d
b10 m
0#
0x
1$
1w
b1 <
1-
#12560000
0-
b10111010 +
b10111010 5
11
02
b10011100111 3
#12565000
b11 l
1j
b11 ;
0>
0p
1q
0M
0S
1O
0N
1?
b10 <
1-
#12570000
0-
b10000111 +
b10000111 5
12
10
b10011101000 3
#12575000
0j
b0 ;
1@
0?
1P
0U
b10 )
b10 7
0T
1S
1L
1r
1_
b11 s
b11 <
1-
#12580000
0-
1,
b10101 +
b10101 5
01
00
b10011101001 3
#12585000
b1 ;
0L
1M
b11 )
b11 7
1T
0R
0O
1Q
1N
0@
1=
b0 <
1-
#12590000
0-
0,
b10010 +
b10010 5
10
b10011101010 3
#12595000
b10 ;
1>
0=
0Q
b1 )
b1 7
0P
1R
1U
0M
1L
b0 d
b0 m
0n
1`
b1 <
1-
#12600000
0-
1,
b110 +
b110 5
02
00
b10011101011 3
#12605000
b11 ;
0>
1p
0q
0L
1M
0S
0N
1?
b10 <
1-
#12610000
0-
0,
b1011100 +
b1011100 5
12
0.
b10011101100 3
#12615000
b0 ;
1@
0?
0U
b0 )
b0 7
0T
1S
0M
0r
b11 <
1-
#12620000
0-
1,
b100101 +
b100101 5
11
b10011101101 3
#12625000
b1 ;
b1 )
b1 7
1T
0R
1O
0@
1=
b0 <
1-
#12630000
0-
0,
b1101010 +
b1101010 5
b10011101110 3
#12635000
b10 ;
1>
1X
0=
1Y
b11 )
b11 7
1P
1R
1U
b1 d
b1 m
1n
1o
1a
0$
0w
b1 <
1-
#12640000
0-
1,
b11101001 +
b11101001 5
02
b10011101111 3
#12645000
b11 ;
0>
0p
0S
1Q
1N
1?
0X
b10 <
0_
1-
#12650000
0-
0,
b10111110 +
b10111110 5
01
b10011110000 3
#12655000
b0 ;
1@
0?
0O
0U
b10 )
b10 7
0T
b11 <
1-
#12660000
0-
b10100011 +
b10100011 5
b10011110001 3
#12665000
b1 ;
0R
b0 )
b0 7
0P
0Q
0@
1=
b0 <
1-
#12670000
0-
1,
b11001 +
b11001 5
11
1.
b10011110010 3
#12675000
b100 l
b10 ;
1>
0=
0Y
0N
1O
b1 |
b10 d
b0 m
0n
0`
1b
1#
1x
b1 <
1-
#12680000
b100 l
0-
0,
b11100010 +
b11100010 5
01
12
10
b10011110011 3
#12685000
b11 ;
0>
1p
1L
1S
0O
b10 )
b10 7
1P
1?
1X
b10 <
b100 s
0t
1-
#12690000
0-
b1000000 +
b1000000 5
0.
b10011110100 3
#12695000
b0 ;
1@
0?
0P
b1 )
b1 7
1T
1M
b0 |
b11 <
1-
#12700000
0-
b11001111 +
b11001111 5
11
02
1.
b10011110101 3
#12705000
b1 ;
1K
0S
1U
1R
1O
0@
1=
b0 <
1-
#12710000
0-
1,
b1001 +
b1001 5
12
00
0.
b10011110110 3
#12715000
b10 ;
1>
0X
1W
0=
1J
1P
0U
b10 )
b10 7
0T
1S
0L
0u
1e
b11 d
b1 m
1n
0o
0a
1c
1$
1w
b1 <
1-
#12720000
0-
b1110111 +
b1110111 5
02
10
b10011110111 3
#12725000
b11 ;
0>
0p
1L
0M
0S
b11 )
b11 7
1T
0R
1Q
1N
1?
b10 <
1o
b0 m
b0 d
1-
#12730000
0-
b1110011 +
b1110011 5
12
00
1.
b10011111000 3
#12735000
b0 ;
1@
0?
b10 )
b10 7
0T
1S
1M
0L
b11 <
1-
#12740000
0-
0,
b10100001 +
b10100001 5
10
0.
b10011111001 3
#12745000
b1 ;
1L
0M
b11 )
b11 7
1T
0@
1=
b0 <
0e
1-
#12750000
0-
b10010 +
b10010 5
00
1.
b10011111010 3
#12755000
b10 ;
1>
0=
1R
1U
1M
0L
0n
0b
0z
0#
0x
0$
0w
b1 <
1-
#12760000
0-
b101000 +
b101000 5
01
10
0.
b10011111011 3
#12765000
b11 ;
0>
1L
0M
0O
1?
b10 <
1-
#12770000
0-
b10011001 +
b10011001 5
11
02
00
1.
b10011111100 3
#12775000
b0 ;
1@
0?
0Q
b1 )
b1 7
0P
1O
0S
1M
0L
b11 <
1-
#12780000
0-
b1100110 +
b1100110 5
10
0.
b10011111101 3
#12785000
b101 l
b1 ;
1L
0M
0T
0U
b10 )
b10 7
1P
0N
0@
1=
b0 <
1-
#12790000
0-
b11001111 +
b11001111 5
01
1.
b10011111110 3
#12795000
b10 ;
1>
0=
1N
1Q
0O
0R
1M
0c
0{
1#
1x
b101 s
b1 <
1-
#12800000
0-
1,
b10111110 +
b10111110 5
11
b10011111111 3
#12805000
b11 ;
0>
1O
b0 )
b0 7
0P
0Q
1?
b10 <
1e
1-
#12810000
0-
0,
b10101000 +
b10101000 5
01
b10100000000 3
#12815000
b0 ;
1@
0?
0N
b10 )
b10 7
1P
0O
0e
b11 <
1-
#12820000
0-
1,
b11000000 +
b11000000 5
11
00
0.
b10100000001 3
#12825000
b1 ;
b0 l
0L
1O
b0 )
b0 7
0P
0@
1=
1X
b0 <
1e
1-
#12830000
0-
b11011100 +
b11011100 5
b10100000010 3
#12835000
b1 l
1k
b10 ;
1>
0=
1Y
b10 )
b10 7
1P
0M
b1 |
1"
1y
b0 s
b1 <
1-
#12840000
0k
b0 l
0-
0,
b11111111 +
b11111111 5
12
1.
b10100000011 3
#12845000
b0 ;
0>
1F
0K
1S
1Q
1N
1?
b10 <
0e
b0 |
1-
#12850000
b1 l
1k
0-
1,
b10110101 +
b10110101 5
01
02
10
b10100000100 3
#12855000
0k
b1 ;
0X
1@
0?
0J
0O
b11 )
b11 7
1T
0S
1L
b10000000 f
1t
1e
b1 s
b0 <
1-
#12860000
0-
b1101 +
b1101 5
11
12
0.
b10100000101 3
#12865000
b10 ;
1>
b10000000 g
1M
1S
0T
1O
b0 )
b0 7
0P
0Q
0@
1=
b1 <
1-
#12870000
0-
b1101001 +
b1101001 5
01
b10100000110 3
#12875000
b0 ;
0>
0W
0=
1?
0Y
0N
1P
0O
b11 )
b11 7
1T
1K
b1 |
1u
b10 <
1-
#12880000
0-
0,
b10111101 +
b10111101 5
11
02
b10100000111 3
#12885000
b1 ;
0S
1U
1R
1O
b1 )
b1 7
0P
1J
0?
1@
1X
b0 <
0e
b0 |
1-
#12890000
0-
b10111011 +
b10111011 5
00
1.
b10100001000 3
#12895000
b10 ;
1>
0X
1=
0@
1P
0U
b10 )
b10 7
0T
0L
b1 <
1-
#12900000
0-
b11111 +
b11111 5
01
10
0.
b10100001001 3
#12905000
b11 ;
0>
1L
0M
0R
0O
1Q
1N
1?
0=
1W
b10 <
1z
b1 d
1-
#12910000
0-
1,
b110111 +
b110111 5
11
1.
b10100001010 3
#12915000
b0 ;
1@
0?
0Q
b0 )
b0 7
0P
1O
1M
b11 <
1-
#12920000
0-
0,
b1000110 +
b1000110 5
12
00
b10100001011 3
#12925000
b1 ;
0L
1S
b10 )
b10 7
1P
0N
0@
1=
b0 <
1-
#12930000
0-
1,
b11000111 +
b11000111 5
01
10
0.
b10100001100 3
#12935000
b10 ;
1>
1X
0=
1Y
1N
1Q
0O
b11 )
b11 7
1T
0M
1L
b10 d
0o
1{
0"
0y
b1 <
1-
#12940000
0-
0,
b1100101 +
b1100101 5
b10100001101 3
#12945000
b11 ;
0>
0F
1M
1U
1R
b1 )
b1 7
0P
0Q
1?
0X
b10 <
1-
#12950000
0-
1,
b11110010 +
b11110010 5
11
02
1.
b10100001110 3
#12955000
b0 ;
1@
0?
0N
1O
0S
b11 <
1-
#12960000
0-
0,
b111001 +
b111001 5
01
12
b10100001111 3
#12965000
b1 ;
1S
0T
0U
0O
b10 )
b10 7
1P
0@
1=
b0 <
1-
#12970000
0-
1,
b10000001 +
b10000001 5
02
b10100010000 3
#12975000
b10 ;
1>
0=
0Y
0P
0R
b1 )
b1 7
1T
0S
b11 d
1o
0#
0x
1$
1w
b1 <
1-
#12980000
0-
b1101000 +
b1101000 5
12
b10100010001 3
#12985000
b11 ;
0>
1S
b0 )
b0 7
0T
1?
1X
b10 <
1-
#12990000
0-
b11100101 +
b11100101 5
b10100010010 3
#12995000
b0 ;
1@
0?
b1 )
b1 7
1T
b11 <
1-
#13000000
0-
0,
b10110010 +
b10110010 5
11
02
0.
b10100010011 3
#13005000
b1 ;
0S
1U
1R
1O
0@
1=
b0 <
1-
#13010000
0-
1,
b10000 +
b10000 5
12
00
b10100010100 3
#13015000
b10 ;
1>
0X
0=
1P
0U
b10 )
b10 7
0T
1S
0L
b100 d
0o
1#
1x
0$
0w
b1 <
1-
#13020000
0-
0,
b10101100 +
b10101100 5
01
10
b10100010101 3
#13025000
b11 ;
0>
1L
0M
b11 )
b11 7
1T
0R
0O
1Q
1N
1?
b10 <
1-
#13030000
0-
1,
b11000 +
b11000 5
11
02
1.
b10100010110 3
#13035000
b0 ;
1@
0?
0Q
b1 )
b1 7
0P
1O
1R
1U
0S
1M
b11 <
1-
#13040000
0-
0,
b11011110 +
b11011110 5
00
0.
b10100010111 3
#13045000
b1 ;
0L
0T
0U
b10 )
b10 7
1P
0N
0@
1=
b0 <
1-
#13050000
0-
b1101001 +
b1101001 5
12
b10100011000 3
#13055000
b10 ;
1>
0=
1N
1Q
0R
1S
0M
b101 d
1o
0#
0x
b1 <
1-
#13060000
0-
b11110100 +
b11110100 5
02
b10100011001 3
#13065000
b11 ;
0>
0K
0S
b11 )
b11 7
1T
1?
b10 <
1-
#13070000
0-
b11001000 +
b11001000 5
01
12
b10100011010 3
#13075000
b0 ;
1@
0?
0J
0O
b10 )
b10 7
0T
1S
b11 <
1-
#13080000
0-
1,
b11101100 +
b11101100 5
11
02
b10100011011 3
#13085000
b1 ;
0S
1T
1O
b1 )
b1 7
0P
0Q
0@
1=
b0 <
1-
#13090000
0-
b11110111 +
b11110111 5
01
12
1.
b10100011100 3
#13095000
b10 ;
1>
0W
0=
0N
1P
0O
b10 )
b10 7
0T
1S
b110 d
0o
1#
1x
b1 <
1-
#13100000
0-
0,
b11011111 +
b11011111 5
10
b10100011101 3
#13105000
b11 ;
0>
1L
1T
b1 )
b1 7
0P
1?
1X
b10 <
1-
#13110000
0-
1,
b111101 +
b111101 5
11
00
0.
b10100011110 3
#13115000
b0 ;
1@
0?
1O
1R
1U
1M
0L
b11 <
1-
#13120000
0-
0,
b1011100 +
b1011100 5
01
1.
b10100011111 3
#13125000
b1 ;
0M
0O
b11 )
b11 7
1P
0@
1=
0X
b0 <
1-
#13130000
0-
1,
b10011110 +
b10011110 5
11
02
b10100100000 3
#13135000
b10 ;
1>
0=
b1 )
b1 7
0P
1O
0S
b111 d
1o
0#
0x
1$
1w
b1 <
1-
#13140000
0-
0,
b11101011 +
b11101011 5
01
0.
b10100100001 3
#13145000
b10 l
1i
1v
b11 ;
0>
1p
1q
0T
0U
0O
b10 )
b10 7
1P
1?
b10 <
1-
#13150000
0-
b110 +
b110 5
11
12
b10100100010 3
#13155000
0i
0v
b0 ;
1@
0?
b0 )
b0 7
0P
1O
0R
1S
1r
1h
b10 s
b11 <
1-
#13160000
0-
b10110010 +
b10110010 5
01
1.
b10100100011 3
#13165000
b1 ;
0h
b10110010 f
1T
0O
b11 )
b11 7
1P
0@
1=
1X
b0 <
1-
#13170000
0-
1,
b101110 +
b101110 5
11
02
10
b10100100100 3
#13175000
b10 ;
1>
0=
1Y
b1 )
b1 7
0P
1O
1R
1U
0S
1L
b10110010 g
b0 d
b1 m
1n
0o
1#
1x
0$
0w
b1 <
1-
#13180000
0-
b11010110 +
b11010110 5
12
00
b10100100101 3
#13185000
b11 ;
0>
0p
0q
0L
1M
1S
0T
0U
b10 )
b10 7
1P
1?
0X
b10 <
1-
#13190000
0-
b10010000 +
b10010000 5
10
0.
b10100100110 3
#13195000
b0 ;
1@
0?
1N
1Q
0R
b11 )
b11 7
1T
0M
1L
0r
b11 <
1-
#13200000
0-
0,
b10001000 +
b10001000 5
02
b10100100111 3
#13205000
b1 ;
1M
0S
1U
1R
0@
1=
b0 <
1-
#13210000
0-
b100010 +
b100010 5
01
00
1.
b10100101000 3
#13215000
b10 ;
1>
0=
0Y
0O
0U
b10 )
b10 7
0T
1K
0L
b1 d
b0 m
0n
0#
0x
1$
1w
b1 <
1-
#13220000
0-
1,
b1011111 +
b1011111 5
11
10
b10100101001 3
#13225000
b11 ;
0>
1p
1L
0M
0R
1O
b0 )
b0 7
0P
0Q
1J
1?
b10 <
1-
#13230000
0-
0,
b100011 +
b100011 5
01
00
0.
b10100101010 3
#13235000
b0 ;
1@
0?
0N
b10 )
b10 7
1P
0O
1M
0L
b11 <
1-
#13240000
0-
b11111010 +
b11111010 5
1.
b10100101011 3
#13245000
b1 ;
0M
b0 )
b0 7
0P
0@
1=
1X
b0 <
1-
#13250000
0-
1,
b11010000 +
b11010000 5
12
0.
b10100101100 3
#13255000
b10 ;
1>
1W
0=
1Y
1S
0K
b1 |
b10 d
b1 m
1n
1o
0$
0w
b1 <
1-
#13260000
0-
0,
b1101000 +
b1101000 5
02
10
1.
b10100101101 3
#13265000
b11 ;
0>
0p
1L
0S
b1 )
b1 7
1T
0J
1?
b10 <
1-
#13270000
0-
1,
b110110 +
b110110 5
11
12
0.
b10100101110 3
#13275000
b0 ;
1@
0?
1O
b0 )
b0 7
0T
1S
1M
b0 |
b11 <
1-
#13280000
0-
0,
b1111101 +
b1111101 5
02
00
1.
b10100101111 3
#13285000
b1 ;
0L
1K
0S
1T
b11 )
b11 7
1P
0@
1=
b0 <
1-
#13290000
0-
b11110000 +
b11110000 5
01
12
10
0.
b10100110000 3
#13295000
b10 ;
1>
0=
1J
1N
1Q
0O
b10 )
b10 7
0T
1S
0M
1L
b11 d
b0 m
0n
1#
1x
b1 <
1-
#13300000
0-
b1110100 +
b1110100 5
11
00
b10100110001 3
#13305000
b11 ;
0>
0L
1M
1T
1O
b1 )
b1 7
0P
0Q
1?
0X
b10 <
1-
#13310000
0-
b101001 +
b101001 5
02
b10100110010 3
#13315000
b0 ;
1@
0?
0N
b11 )
b11 7
1P
1R
1U
0S
0M
b11 <
1-
#13320000
0-
1,
b1100 +
b1100 5
01
10
1.
b10100110011 3
#13325000
b1 ;
1L
0K
b10 )
b10 7
0T
0U
0O
1Q
1N
0@
1=
b0 <
1-
#13330000
0-
0,
b10000100 +
b10000100 5
11
12
00
0.
b10100110100 3
#13335000
b10 ;
1>
0W
0=
0J
0Y
0Q
b0 )
b0 7
0P
1O
0R
1S
1M
0L
b100 d
0o
b1 <
1-
#13340000
0-
1,
b10001010 +
b10001010 5
01
02
b10100110101 3
#13345000
b11 ;
0>
1p
0M
0S
1T
0O
b11 )
b11 7
1P
0N
1?
b10 <
1-
#13350000
0-
b1100001 +
b1100001 5
10
b10100110110 3
#13355000
b0 ;
1X
1@
0?
0P
b0 )
b0 7
0T
1L
b11 <
1-
#13360000
0-
b10111100 +
b10111100 5
b10100110111 3
#13365000
b1 ;
1M
0@
1=
b0 <
1-
#13370000
0-
0,
b11111 +
b11111 5
11
12
00
1.
b10100111000 3
#13375000
b10 ;
1>
0=
1Y
1O
1S
1K
0L
b1 |
b101 d
b1 m
1n
1o
0#
0x
1$
1w
b1 <
1-
#13380000
0-
b1111000 +
b1111000 5
01
02
0.
b10100111001 3
#13385000
b11 ;
0>
0M
0S
1T
0O
b11 )
b11 7
1P
1J
1?
b10 <
1-
#13390000
0-
b10111110 +
b10111110 5
12
b10100111010 3
#13395000
b0 ;
1@
0?
0P
b0 )
b0 7
0T
1S
0K
b0 |
b11 <
1-
#13400000
0-
1,
b10101001 +
b10101001 5
02
10
b10100111011 3
#13405000
b1 ;
1L
0S
b1 )
b1 7
1T
0J
0@
1=
b0 <
1-
#13410000
0-
0,
b10010110 +
b10010110 5
11
12
00
1.
b10100111100 3
#13415000
b10 ;
1>
0=
1O
b0 )
b0 7
0T
1S
1M
0L
b110 d
b10 m
1#
1x
0$
0w
b1 <
1-
#13420000
0-
b1101110 +
b1101110 5
01
b10100111101 3
#13425000
b11 ;
0>
0p
0M
1T
0O
b11 )
b11 7
1P
1?
b10 <
1-
#13430000
0-
b1110111 +
b1110111 5
11
02
b10100111110 3
#13435000
b0 ;
1@
0?
b1 )
b1 7
0P
1O
1R
1U
0S
b11 <
1-
#13440000
0-
b1001100 +
b1001100 5
01
0.
b10100111111 3
#13445000
b1 ;
0T
0U
0O
b10 )
b10 7
1P
0@
1=
0X
b0 <
1-
#13450000
0-
b11111110 +
b11111110 5
11
12
1.
b10101000000 3
#13455000
b10 ;
1>
0=
0Y
b0 )
b0 7
0P
1O
0R
1S
b111 d
b0 m
0n
b1 <
1-
#13460000
0-
b111 +
b111 5
02
0.
b10101000001 3
#13465000
b11 l
1j
b11 ;
0>
1p
1q
0S
1T
b11 )
b11 7
1P
1?
1X
b10 <
1-
#13470000
1j
b11 l
0-
1,
b1001111 +
b1001111 5
01
1.
b10101000010 3
#13475000
0j
b0 ;
1@
0?
1N
1Q
0O
b10 )
b10 7
0T
1r
1_
b11 s
b11 <
1-
#13480000
0-
b100110 +
b100110 5
11
12
10
0.
b10101000011 3
#13485000
b1 ;
1L
1S
1O
b0 )
b0 7
0P
0Q
0@
1=
0X
b0 <
1-
#13490000
0-
b11111 +
b11111 5
01
00
1.
b10101000100 3
#13495000
b10 ;
1>
0=
0N
1P
0O
b11 )
b11 7
1T
1M
0L
b1 |
b0 d
b1 m
1n
0o
1`
b1 <
1-
#13500000
0-
0,
b10100011 +
b10100011 5
11
b10101000101 3
#13505000
b11 ;
0>
0p
0q
0M
1U
1R
1O
b1 )
b1 7
0P
1?
1X
b10 <
b0 |
1-
#13510000
0-
b110001 +
b110001 5
01
02
0.
b10101000110 3
#13515000
b0 ;
0X
1@
0?
b11 )
b11 7
1P
0O
0S
0r
b11 <
1-
#13520000
0-
b11010111 +
b11010111 5
11
12
b10101000111 3
#13525000
b1 ;
1S
0T
0U
1O
b0 )
b0 7
0P
0@
1=
b0 <
1-
#13530000
0-
b110101 +
b110101 5
01
b10101001000 3
#13535000
b10 ;
1>
0=
1P
0O
0R
b11 )
b11 7
1T
b1 |
b1 d
b0 m
0n
1a
0#
0x
b1 <
1-
#13540000
0-
1,
b101011 +
b101011 5
11
02
1.
b10101001001 3
#13545000
b11 ;
0>
1p
0S
1U
1R
1O
b1 )
b1 7
0P
1?
1X
b10 <
0_
b0 |
1-
#13550000
0-
0,
b101000 +
b101000 5
01
12
10
0.
b10101001010 3
#13555000
b0 ;
0X
1@
0?
1P
0O
0U
b10 )
b10 7
0T
1S
1L
b11 <
1-
#13560000
0-
1,
b10001100 +
b10001100 5
b10101001011 3
#13565000
b1 ;
1M
1T
0R
b1 )
b1 7
0P
0@
1=
b0 <
1-
#13570000
0-
b11111 +
b11111 5
02
00
1.
b10101001100 3
#13575000
b100 l
b10 ;
1>
1X
0=
1Y
1R
1U
0S
1K
0L
b10 d
b1 m
1n
1o
0`
1b
1$
1w
b1 <
1-
#13580000
0-
b110101 +
b110101 5
11
12
b10101001101 3
#13585000
b11 ;
0>
0p
0M
1S
b0 )
b0 7
0T
0U
1O
1J
1?
0X
b10 <
b100 s
0t
1-
#13590000
0-
0,
b10110111 +
b10110111 5
02
10
0.
b10101001110 3
#13595000
b0 ;
1@
0?
1P
0R
b11 )
b11 7
1T
0S
0K
1L
b11 <
1-
#13600000
0-
b11010000 +
b11010000 5
01
00
1.
b10101001111 3
#13605000
b1 ;
0L
1M
b10 )
b10 7
0T
0O
1Q
1N
0J
0@
1=
1X
b0 <
1-
#13610000
0-
1,
b11100110 +
b11100110 5
12
0.
b10101010000 3
#13615000
b10 ;
1>
0X
0=
0Y
0Q
b0 )
b0 7
0P
1S
0M
0u
1e
b11 d
b0 m
0n
0a
1c
1#
1x
b1 <
1-
#13620000
0-
b1111101 +
b1111101 5
10
b10101010001 3
#13625000
b11 ;
0>
1L
b1 )
b1 7
1T
0N
1?
b10 <
b0 d
1-
#13630000
0-
0,
b10010100 +
b10010100 5
02
b10101010010 3
#13635000
b0 ;
1X
1@
0?
1R
1U
0S
1M
0e
b11 <
1-
#13640000
0-
b10111100 +
b10111100 5
12
00
1.
b10101010011 3
#13645000
b1 ;
0L
1K
1S
b0 )
b0 7
0T
0U
0@
1=
0X
b0 <
1-
#13650000
0-
1,
b10100011 +
b10100011 5
10
0.
b10101010100 3
#13655000
b10 ;
1>
1W
0=
1J
0R
b1 )
b1 7
1T
0M
1L
b1 |
1e
0b
0z
b1 <
1-
#13660000
0-
b11001111 +
b11001111 5
11
02
b10101010101 3
#13665000
b11 ;
0>
1M
0S
1U
1R
1O
1?
1X
b10 <
b0 |
1-
#13670000
0-
0,
b11000010 +
b11000010 5
12
b10101010110 3
#13675000
b0 ;
0X
1@
0?
1P
0U
b10 )
b10 7
0T
1S
0e
b11 <
1-
#13680000
0-
b10001101 +
b10001101 5
01
02
b10101010111 3
#13685000
b101 l
b1 ;
0S
b11 )
b11 7
1T
0R
0O
1Q
1N
0@
1=
b0 <
1-
#13690000
0-
b11001101 +
b11001101 5
1.
b10101011000 3
#13695000
b10 ;
1>
0=
0Q
0P
b0 )
b0 7
0T
0c
0{
0$
0w
b101 s
b1 <
1-
#13700000
0-
b1000001 +
b1000001 5
12
b10101011001 3
#13705000
b11 ;
0>
1S
0N
1?
b10 <
1-
#13710000
0-
1,
b101 +
b101 5
11
02
00
0.
b10101011010 3
#13715000
b0 ;
1X
1@
0?
1O
b1 )
b1 7
1T
0S
0L
1e
b11 <
1-
#13720000
0-
0,
b10001100 +
b10001100 5
12
10
b10101011011 3
#13725000
b1 ;
b0 l
1L
0M
1S
0T
b10 )
b10 7
1P
0@
1=
b0 <
0e
1-
#13730000
0-
b11011111 +
b11011111 5
01
b10101011100 3
#13735000
b10 ;
1>
0=
1Y
1N
1Q
0O
b11 )
b11 7
1T
1M
1"
1y
b0 s
b1 <
1-
#13740000
b1 l
1k
0-
1,
b11011001 +
b11011001 5
00
1.
b10101011101 3
#13745000
b11 ;
0>
0k
b10000000 f
1F
0L
1U
1R
b1 )
b1 7
0P
0Q
1?
0X
b10 <
b1 s
1e
1t
1-
#13750000
0-
b10111111 +
b10111111 5
11
10
b10101011110 3
#13755000
b0 ;
1@
0?
0N
1O
0M
1L
b10000000 g
b11 <
1-
#13760000
0-
b1101001 +
b1101001 5
02
00
0.
b10101011111 3
#13765000
b1 ;
0L
1M
0S
b11 )
b11 7
1P
0@
1=
b0 <
1-
#13770000
0-
0,
b1100000 +
b1100000 5
10
1.
b10101100000 3
#13775000
b10 ;
1>
0=
0Y
1N
1Q
0U
b10 )
b10 7
0T
0M
1L
1u
0e
b1 <
1-
#13780000
0-
1,
b10001010 +
b10001010 5
12
00
0.
b10101100001 3
#13785000
b11 ;
0>
0L
1M
1S
0R
1?
b10 <
1-
#13790000
0-
b101010 +
b101010 5
10
b10101100010 3
#13795000
b0 ;
1@
0?
b11 )
b11 7
1T
0M
1L
b11 <
1-
#13800000
0-
b11100110 +
b11100110 5
02
00
b10101100011 3
#13805000
b1 ;
0L
1M
0S
1U
1R
0@
1=
b0 <
1-
#13810000
0-
0,
b1001111 +
b1001111 5
01
10
1.
b10101100100 3
#13815000
b10 ;
1>
0=
0O
0U
b10 )
b10 7
0T
0M
1L
b1 d
1z
b1 <
1-
#13820000
0-
1,
b10010111 +
b10010111 5
12
b10101100101 3
#13825000
b11 ;
0>
1M
1S
0R
b0 )
b0 7
0P
0Q
1?
b10 <
1-
#13830000
0-
0,
b11101100 +
b11101100 5
0.
b10101100110 3
#13835000
b0 ;
1@
0?
0N
b1 )
b1 7
1T
b11 <
1-
#13840000
0-
1,
b11101000 +
b11101000 5
02
b10101100111 3
#13845000
b1 ;
0S
1U
1R
0@
1=
1X
b0 <
1-
#13850000
0-
0,
b11101100 +
b11101100 5
b10101101000 3
#13855000
b10 ;
1>
0X
0=
0U
b0 )
b0 7
0T
b10 d
0o
1{
0"
0y
b1 <
1-
#13860000
0-
1,
b1010111 +
b1010111 5
00
1.
b10101101001 3
#13865000
b11 ;
0>
0F
0L
0R
1?
b10 <
1-
#13870000
0-
b10101 +
b10101 5
10
b10101101010 3
#13875000
b0 ;
1X
1@
0?
0M
1L
b11 <
1-
#13880000
0-
0,
b11101010 +
b11101010 5
12
00
b10101101011 3
#13885000
b1 ;
0L
1M
1S
0@
1=
b0 <
1-
#13890000
0-
b11011101 +
b11011101 5
11
10
0.
b10101101100 3
#13895000
b10 ;
1>
0=
1Y
1O
b1 )
b1 7
1T
0M
1L
b1 |
b11 d
1o
0#
0x
b1 <
1-
#13900000
0-
1,
b1001110 +
b1001110 5
01
02
00
b10101101101 3
#13905000
b11 ;
0>
0L
1M
0S
1U
1R
0O
b11 )
b11 7
1P
1?
b10 <
b0 |
1-
#13910000
0-
0,
b1110110 +
b1110110 5
11
10
b10101101110 3
#13915000
b0 ;
0X
1@
0?
0P
1O
0U
b0 )
b0 7
0T
0M
1L
b11 <
1-
#13920000
0-
1,
b11001111 +
b11001111 5
b10101101111 3
#13925000
b1 ;
1M
0R
b10 )
b10 7
1P
0@
1=
b0 <
1-
#13930000
0-
0,
b10111010 +
b10111010 5
01
00
1.
b10101110000 3
#13935000
b10 ;
1>
1X
0=
1N
1Q
0O
0L
b100 d
0o
1#
1x
b1 <
1-
#13940000
0-
1,
b10110111 +
b10110111 5
12
b10101110001 3
#13945000
b11 ;
0>
0M
1S
b0 )
b0 7
0P
0Q
1?
0X
b10 <
1-
#13950000
0-
0,
b1011001 +
b1011001 5
02
b10101110010 3
#13955000
b0 ;
1@
0?
0N
b1 )
b1 7
1T
0S
0K
b11 <
1-
#13960000
0-
1,
b10000 +
b10000 5
0.
b10101110011 3
#13965000
b1 ;
b0 )
b0 7
0T
0J
0@
1=
1X
b0 <
1-
#13970000
0-
0,
b11111000 +
b11111000 5
12
10
b10101110100 3
#13975000
b10 ;
1>
0W
0=
1S
1L
b1 |
b101 d
1o
0#
0x
b1 <
1-
#13980000
0-
1,
b1011101 +
b1011101 5
b10101110101 3
#13985000
b11 ;
0>
1M
b1 )
b1 7
1T
1?
b10 <
1-
#13990000
0-
b10011101 +
b10011101 5
00
1.
b10101110110 3
#13995000
b0 ;
1@
0?
1R
1U
1K
0L
b0 |
b11 <
1-
#14000000
0-
b1001101 +
b1001101 5
11
02
b10101110111 3
#14005000
b1 ;
0M
0S
1O
1J
0@
1=
0X
b0 <
1-
#14010000
0-
0,
b101100 +
b101100 5
01
12
10
b10101111000 3
#14015000
b10 ;
1>
1W
0=
0Y
1P
0O
0U
b10 )
b10 7
0T
1S
0K
1L
b110 d
0o
1#
1x
b1 <
1-
#14020000
0-
b11100100 +
b11100100 5
02
0.
b10101111001 3
#14025000
b11 ;
0>
1M
0S
1T
0R
b1 )
b1 7
0P
0J
1?
b10 <
1-
#14030000
0-
b101100 +
b101100 5
12
b10101111010 3
#14035000
b0 ;
1X
1@
0?
b0 )
b0 7
0T
1S
1K
b11 <
1-
#14040000
0-
b1000001 +
b1000001 5
11
b10101111011 3
#14045000
b1 ;
b1 )
b1 7
1T
1O
1J
0@
1=
b0 <
1-
#14050000
0-
1,
b10111011 +
b10111011 5
02
00
1.
b10101111100 3
#14055000
b10 ;
1>
0=
1Y
b11 )
b11 7
1P
1R
1U
0S
0L
b111 d
1o
0#
0x
1$
1w
b1 <
1-
#14060000
0-
0,
b1100011 +
b1100011 5
12
10
b10101111101 3
#14065000
b10 l
1i
1v
b11 ;
0>
1p
1q
1L
0M
1S
b10 )
b10 7
0T
0U
1Q
1N
1?
0X
b10 <
1-
#14070000
0-
b11010101 +
b11010101 5
01
02
0.
b10101111110 3
#14075000
0i
0v
b0 ;
1@
0?
0O
0R
b11 )
b11 7
1T
0S
1M
1r
1h
b10 s
b11 <
1-
#14080000
0-
1,
b10010 +
b10010 5
1.
b10101111111 3
#14085000
b1 ;
0h
b10010 f
0T
b0 )
b0 7
0P
0Q
0@
1=
b0 <
1-
#14090000
0-
b11011100 +
b11011100 5
11
12
0.
b10110000000 3
#14095000
b10 ;
1>
0=
0Y
0N
1O
1S
b10010 g
b1 |
b0 d
b1 m
1n
0o
1#
1x
0$
0w
b1 <
1-
#14100000
0-
0,
b1100111 +
b1100111 5
00
b10110000001 3
#14105000
b11 ;
0>
0p
0q
0L
1T
b11 )
b11 7
1P
1?
1X
b10 <
1-
#14110000
0-
b10000101 +
b10000101 5
1.
b10110000010 3
#14115000
b0 ;
1@
0?
1N
1Q
1R
1U
0M
0r
b0 |
b11 <
1-
#14120000
0-
b11111111 +
b11111111 5
01
10
0.
b10110000011 3
#14125000
b1 ;
1L
0K
0O
0@
1=
0X
b0 <
1-
#14130000
0-
1,
b1001 +
b1001 5
02
1.
b10110000100 3
#14135000
b10 ;
1>
0W
0=
0J
0Q
b1 )
b1 7
0P
0S
1M
b1 d
b0 m
0n
0#
0x
1$
1w
b1 <
1-
#14140000
0-
b1011001 +
b1011001 5
11
12
0.
b10110000101 3
#14145000
b11 ;
0>
1p
1K
1S
b0 )
b0 7
0T
0U
1O
0N
1?
b10 <
1-
#14150000
0-
0,
b11100000 +
b11100000 5
01
02
00
1.
b10110000110 3
#14155000
b0 ;
1@
0?
1J
1P
0O
0R
b11 )
b11 7
1T
0S
0L
b11 <
1-
#14160000
0-
b1110110 +
b1110110 5
11
12
b10110000111 3
#14165000
b1 ;
0M
1S
0T
1O
b0 )
b0 7
0P
0@
1=
1X
b0 <
1-
#14170000
0-
1,
b11000000 +
b11000000 5
02
b10110001000 3
#14175000
b10 ;
1>
1W
0=
1Y
1P
b11 )
b11 7
1T
0S
0K
b1 |
b10 d
b1 m
1n
1o
b1 <
1-
#14180000
0-
b110111 +
b110111 5
b10110001001 3
#14185000
b11 ;
0>
0p
b10 )
b10 7
0T
1Q
1N
0J
1?
b10 <
b0 |
1-
#14190000
0-
0,
b111011 +
b111011 5
12
10
b10110001010 3
#14195000
b0 ;
0X
1@
0?
1S
1L
b11 <
1-
#14200000
0-
1,
b10000001 +
b10000001 5
0.
b10110001011 3
#14205000
b1 ;
1M
b11 )
b11 7
1T
0@
1=
b0 <
1-
#14210000
0-
b10110001 +
b10110001 5
01
02
00
b10110001100 3
#14215000
b10 ;
1>
0W
0=
0Y
0O
1R
1U
0S
1K
0L
b11 d
b0 m
0n
1#
1x
0$
0w
b1 <
1-
#14220000
0-
0,
b10111010 +
b10111010 5
11
12
10
1.
b10110001101 3
#14225000
b11 ;
0>
1L
0M
1S
0T
0U
1O
b0 )
b0 7
0P
0Q
1J
1?
b10 <
1-
#14230000
0-
b11110010 +
b11110010 5
02
0.
b10110001110 3
#14235000
b0 ;
1@
0?
0N
1P
0R
b11 )
b11 7
1T
0S
1M
b11 <
1-
#14240000
0-
b10011000 +
b10011000 5
00
b10110001111 3
#14245000
b1 ;
0L
b10 )
b10 7
0T
1Q
1N
0@
1=
1X
b0 <
1-
#14250000
0-
1,
b1000101 +
b1000101 5
01
10
b10110010000 3
#14255000
b10 ;
1>
0X
1W
0=
0O
0M
1L
b100 d
0o
b1 <
1-
#14260000
0-
0,
b11010110 +
b11010110 5
12
00
1.
b10110010001 3
#14265000
b11 ;
0>
1p
0L
1M
1S
b0 )
b0 7
0P
0Q
1?
b10 <
1-
#14270000
0-
b100111 +
b100111 5
b10110010010 3
#14275000
b0 ;
1@
0?
0N
b1 )
b1 7
1T
0M
b11 <
1-
#14280000
0-
b11010010 +
b11010010 5
11
10
b10110010011 3
#14285000
b1 ;
1L
0K
1U
1R
1O
0@
1=
1X
b0 <
1-
#14290000
0-
1,
b10001001 +
b10001001 5
01
00
b10110010100 3
#14295000
b10 ;
1>
0X
0W
0=
0J
b11 )
b11 7
1P
0O
1M
0L
b101 d
b1 m
1n
1o
0#
0x
1$
1w
b1 <
1-
#14300000
0-
b10011011 +
b10011011 5
10
0.
b10110010101 3
#14305000
b11 ;
0>
0p
1L
0M
b1 )
b1 7
0P
1?
b10 <
1-
#14310000
0-
0,
b11010011 +
b11010011 5
02
00
b10110010110 3
#14315000
b0 ;
1@
0?
0S
1M
0L
b11 <
1-
#14320000
0-
b1111001 +
b1111001 5
11
b10110010111 3
#14325000
b1 ;
0M
b0 )
b0 7
0T
0U
1O
0@
1=
b0 <
1-
#14330000
0-
1,
b1110100 +
b1110100 5
01
12
10
1.
b10110011000 3
#14335000
b10 ;
1>
0=
b10 )
b10 7
1P
0O
0R
1S
1L
b1 |
b110 d
b0 m
0n
1#
1x
0$
0w
b1 <
1-
#14340000
0-
0,
b1110110 +
b1110110 5
11
02
00
0.
b10110011001 3
#14345000
b11 ;
0>
0L
1M
0S
1T
1O
b1 )
b1 7
0P
1?
1X
b10 <
b0 |
1-
#14350000
0-
1,
b1000101 +
b1000101 5
01
12
10
1.
b10110011010 3
#14355000
b0 ;
1@
0?
1P
0O
b10 )
b10 7
0T
1S
0M
1L
b11 <
1-
#14360000
0-
b11110100 +
b11110100 5
02
b10110011011 3
#14365000
b1 ;
1M
0S
1T
b1 )
b1 7
0P
0@
1=
b0 <
1-
#14370000
0-
b10010001 +
b10010001 5
12
00
b10110011100 3
#14375000
b10 ;
1>
0=
1Y
b0 )
b0 7
0T
1S
1K
0L
b111 d
0o
b1 <
1-
#14380000
0-
b11010001 +
b11010001 5
10
0.
b10110011101 3
#14385000
b11 l
1j
b11 ;
0>
1q
1L
0M
b1 )
b1 7
1T
1J
1?
b10 <
1-
#14390000
1j
b11 l
0-
0,
b11111001 +
b11111001 5
02
00
1.
b10110011110 3
#14395000
0j
b0 ;
1@
0?
1R
1U
0S
1M
0L
1r
1_
b11 s
b11 <
1-
#14400000
0-
1,
b100001 +
b100001 5
12
10
b10110011111 3
#14405000
b1 ;
1L
0M
1S
b0 )
b0 7
0T
0U
0@
1=
0X
b0 <
1-
#14410000
0-
b1100 +
b1100 5
11
02
00
b10110100000 3
#14415000
b10 ;
1>
1W
0=
0Y
1O
0R
b1 )
b1 7
1T
0S
1M
0L
b1 |
b0 d
1o
1`
0#
0x
1$
1w
b1 <
1-
#14420000
0-
0,
b10101 +
b10101 5
01
12
10
b10110100001 3
#14425000
b11 ;
0>
0q
1L
0M
1S
0T
0O
b10 )
b10 7
1P
1?
1X
b10 <
b0 |
1-
#14430000
0-
b11010010 +
b11010010 5
00
b10110100010 3
#14435000
b0 ;
1@
0?
0P
b1 )
b1 7
1T
1M
0L
0r
b11 <
1-
#14440000
0-
b11111110 +
b11111110 5
11
02
b10110100011 3
#14445000
b1 ;
0M
0S
1U
1R
1O
0@
1=
b0 <
1-
#14450000
0-
1,
b10100 +
b10100 5
01
0.
b10110100100 3
#14455000
b10 ;
1>
0X
0=
1P
0O
0U
b10 )
b10 7
0T
0K
b1 d
0o
1a
1#
1x
0$
0w
b1 <
1-
#14460000
0-
0,
b1100 +
b1100 5
11
b10110100101 3
#14465000
b11 ;
0>
1p
0R
1O
b0 )
b0 7
0P
0J
1?
b10 <
0_
1-
#14470000
0-
1,
b10101111 +
b10101111 5
01
10
1.
b10110100110 3
#14475000
b0 ;
1X
1@
0?
b10 )
b10 7
1P
0O
1L
b11 <
1-
#14480000
0-
0,
b10111111 +
b10111111 5
11
00
b10110100111 3
#14485000
b1 ;
0L
1M
1O
b0 )
b0 7
0P
0@
1=
b0 <
1-
#14490000
0-
b10101001 +
b10101001 5
10
b10110101000 3
#14495000
b100 l
b10 ;
1>
0W
0=
1Y
b10 )
b10 7
1P
0M
1L
b1 |
b10 d
b1 m
1n
1o
0`
1b
0#
0x
1$
1w
b1 <
1-
#14500000
b100 l
0-
1,
b10100000 +
b10100000 5
01
00
b10110101001 3
#14505000
b11 ;
0>
0p
0L
1M
0O
1Q
1N
1?
b10 <
b100 s
0t
b0 |
1-
#14510000
0-
b1101010 +
b1101010 5
11
12
10
0.
b10110101010 3
#14515000
b0 ;
0X
1@
0?
0Q
b0 )
b0 7
0P
1O
1S
0M
1L
1e
b11 <
1-
#14520000
0-
0,
b111100 +
b111100 5
1.
b10110101011 3
#14525000
b1 ;
1M
1T
b11 )
b11 7
1P
0N
0@
1=
b0 <
0e
1-
#14530000
0-
b11000101 +
b11000101 5
01
02
0.
b10110101100 3
#14535000
b10 ;
1>
1X
0=
1N
1Q
0O
1R
1U
0S
1K
0u
b11 d
b0 m
0n
0a
1c
1#
1x
b1 <
1-
#14540000
0-
b11111100 +
b11111100 5
12
00
b10110101101 3
#14545000
b11 ;
0>
0L
1S
0T
0U
b0 )
b0 7
0P
0Q
1J
1?
0X
b10 <
b0 d
1-
#14550000
0-
1,
b101110 +
b101110 5
11
10
b10110101110 3
#14555000
b0 ;
1@
0?
0N
1O
0R
b1 )
b1 7
1T
0M
1L
1e
b11 <
1-
#14560000
0-
0,
b11000101 +
b11000101 5
01
1.
b10110101111 3
#14565000
b1 ;
1M
1U
1R
0O
b11 )
b11 7
1P
0@
1=
1X
b0 <
0e
1-
#14570000
0-
b11100000 +
b11100000 5
11
0.
b10110110000 3
#14575000
b10 ;
1>
0X
1W
0=
0Y
b1 )
b1 7
0P
1O
0b
0z
b1 <
1-
#14580000
0-
1,
b1111 +
b1111 5
01
02
00
1.
b10110110001 3
#14585000
b11 ;
0>
0L
0S
0O
b11 )
b11 7
1P
1?
b10 <
1e
1-
#14590000
0-
0,
b101111 +
b101111 5
12
0.
b10110110010 3
#14595000
b0 ;
1@
0?
0P
0U
b0 )
b0 7
0T
1S
0M
0e
b11 <
1-
#14600000
0-
1,
b1010001 +
b1010001 5
11
1.
b10110110011 3
#14605000
b1 ;
b101 l
0K
b1 )
b1 7
1T
0R
1O
0@
1=
b0 <
1e
1-
#14610000
0-
b11100000 +
b11100000 5
10
b10110110100 3
#14615000
b10 ;
1>
1X
0W
0=
0J
1Y
b11 )
b11 7
1P
1R
1U
1L
0c
0{
0$
0w
b101 s
b1 <
1-
#14620000
0-
0,
b1101100 +
b1101100 5
0.
b10110110101 3
#14625000
b11 ;
0>
1M
1Q
1N
1?
0X
b10 <
0e
1-
#14630000
0-
1,
b11000011 +
b11000011 5
02
1.
b10110110110 3
#14635000
b0 ;
1@
0?
0S
1K
1e
b11 <
1-
#14640000
0-
0,
b1101 +
b1101 5
12
0.
b10110110111 3
#14645000
b1 ;
b0 l
1S
b10 )
b10 7
0T
0U
1J
0@
1=
b0 <
0e
1-
#14650000
0-
b1011101 +
b1011101 5
02
00
1.
b10110111000 3
#14655000
b10 ;
1>
1W
0=
0Y
0R
b11 )
b11 7
1T
0S
0L
1"
1y
b0 s
b1 <
1-
#14660000
b1 l
1k
0-
1,
b10001011 +
b10001011 5
01
0.
b10110111001 3
#14665000
b11 ;
0>
0k
b10000000 f
1F
0M
b10 )
b10 7
0T
0O
1?
b10 <
b1 s
1e
1t
1-
#14670000
0-
0,
b11100000 +
b11100000 5
11
10
1.
b10110111010 3
#14675000
b0 ;
1@
0?
0Q
b0 )
b0 7
0P
1O
0K
1L
b10000000 g
0e
b11 <
1-
#14680000
0-
1,
b1010011 +
b1010011 5
01
12
00
0.
b10110111011 3
#14685000
b1 ;
0L
1M
1S
0O
b10 )
b10 7
1P
0N
0J
0@
1=
b0 <
1-
#14690000
0-
0,
b1001100 +
b1001100 5
11
02
10
1.
b10110111100 3
#14695000
b10 ;
1>
1X
0W
0=
1Y
0P
1O
b1 )
b1 7
1T
0S
0M
1L
1u
b1 <
1-
#14700000
0-
b1100111 +
b1100111 5
12
0.
b10110111101 3
#14705000
b11 ;
0>
1M
1S
0T
b10 )
b10 7
1P
1?
b10 <
1-
#14710000
0-
1,
b11101100 +
b11101100 5
01
1.
b10110111110 3
#14715000
b0 ;
1@
0?
1N
1Q
0O
b11 )
b11 7
1T
1K
b11 <
1-
#14720000
0-
b11110100 +
b11110100 5
02
00
0.
b10110111111 3
#14725000
b1 ;
0L
0S
1U
1R
b1 )
b1 7
0P
0Q
1J
0@
1=
0X
b0 <
1-
#14730000
0-
b111 +
b111 5
10
1.
b10111000000 3
#14735000
b10 ;
1>
1W
0=
0Y
0N
0U
b0 )
b0 7
0T
0M
1L
b1 d
1z
b1 <
1-
#14740000
0-
0,
b10000111 +
b10000111 5
0.
b10111000001 3
#14745000
b11 ;
0>
1M
0R
1?
b10 <
1-
#14750000
0-
1,
b0 +
b0 5
b10111000010 3
#14755000
b0 ;
1X
1@
0?
b11 <
1-
#14760000
0-
b11101111 +
b11101111 5
12
00
1.
b10111000011 3
#14765000
b1 ;
0L
1S
0@
1=
b0 <
1-
#14770000
0-
b10111001 +
b10111001 5
10
0.
b10111000100 3
#14775000
b10 ;
1>
0=
1Y
b1 )
b1 7
1T
0M
1L
b1 |
b10 d
0o
1{
0"
0y
b1 <
1-
#14780000
0-
0,
b1010101 +
b1010101 5
11
02
b10111000101 3
#14785000
b11 ;
0>
0F
1M
0S
1U
1R
1O
1?
b10 <
b0 |
1-
#14790000
0-
b1111001 +
b1111001 5
01
12
00
1.
b10111000110 3
#14795000
b0 ;
0X
1@
0?
1P
0O
0U
b10 )
b10 7
0T
1S
0L
b11 <
1-
#14800000
0-
1,
b1111110 +
b1111110 5
0.
b10111000111 3
#14805000
b1 ;
0M
1T
0R
b1 )
b1 7
0P
0@
1=
b0 <
1-
#14810000
0-
b100001 +
b100001 5
02
b10111001000 3
#14815000
b10 ;
1>
1X
0=
1R
1U
0S
0K
b11 d
1o
0#
0x
b1 <
1-
#14820000
0-
b11100110 +
b11100110 5
12
10
b10111001001 3
#14825000
b11 ;
0>
1L
1S
b0 )
b0 7
0T
0U
0J
1?
0X
b10 <
1-
#14830000
0-
b11110100 +
b11110100 5
00
1.
b10111001010 3
#14835000
b0 ;
1@
0?
0R
b1 )
b1 7
1T
1M
0L
b11 <
1-
#14840000
0-
b10001001 +
b10001001 5
0.
b10111001011 3
#14845000
b1 ;
0M
1U
1R
0@
1=
1X
b0 <
1-
#14850000
0-
0,
b11000000 +
b11000000 5
1.
b10111001100 3
#14855000
b10 ;
1>
0X
0W
0=
0Y
b100 d
0o
1#
1x
b1 <
1-
#14860000
0-
1,
b11000 +
b11000 5
0.
b10111001101 3
#14865000
b11 ;
0>
1?
b10 <
1-
#14870000
0-
0,
b10101001 +
b10101001 5
11
02
1.
b10111001110 3
#14875000
b0 ;
1@
0?
1O
0S
b11 <
1-
#14880000
0-
b1110101 +
b1110101 5
01
10
0.
b10111001111 3
#14885000
b1 ;
1L
0T
0U
0O
b10 )
b10 7
1P
0@
1=
b0 <
1-
#14890000
0-
1,
b1100010 +
b1100010 5
12
b10111010000 3
#14895000
b10 ;
1>
0=
b0 )
b0 7
0P
0R
1S
1M
b101 d
1o
0#
0x
b1 <
1-
#14900000
0-
0,
b10111 +
b10111 5
02
00
b10111010001 3
#14905000
b11 ;
0>
0L
1K
0S
b1 )
b1 7
1T
1?
1X
b10 <
1-
#14910000
0-
b100000 +
b100000 5
11
10
1.
b10111010010 3
#14915000
b0 ;
1@
0?
1J
1O
b0 )
b0 7
0T
0M
1L
b11 <
1-
#14920000
0-
b1011000 +
b1011000 5
01
12
00
0.
b10111010011 3
#14925000
b1 ;
0L
1M
1S
0O
b10 )
b10 7
1P
0@
1=
b0 <
1-
#14930000
0-
1,
b100 +
b100 5
11
02
1.
b10111010100 3
#14935000
b10 ;
1>
1W
0=
1Y
0P
1O
b1 )
b1 7
1T
0S
0M
b110 d
0o
1#
1x
b1 <
1-
#14940000
0-
0,
b110101 +
b110101 5
12
10
b10111010101 3
#14945000
b11 ;
0>
1L
0K
1S
0T
b10 )
b10 7
1P
1?
b10 <
1-
#14950000
0-
1,
b1001111 +
b1001111 5
00
b10111010110 3
#14955000
b0 ;
1@
0?
0J
1N
1Q
b11 )
b11 7
1T
1M
0L
b11 <
1-
#14960000
0-
0,
b10000111 +
b10000111 5
01
10
b10111010111 3
#14965000
b1 ;
1L
0M
1U
1R
0O
0@
1=
0X
b0 <
1-
#14970000
0-
1,
b100000 +
b100000 5
02
00
0.
b10111011000 3
#14975000
b10 ;
1>
0W
0=
0Y
0Q
b1 )
b1 7
0P
0S
1M
0L
b111 d
1o
0#
0x
b1 <
1-
#14980000
0-
b110111 +
b110111 5
12
10
1.
b10111011001 3
#14985000
b10 l
1i
1v
b11 ;
0>
1p
1q
1L
0M
1S
b0 )
b0 7
0T
0U
0N
1?
b10 <
1-
#14990000
1i
1v
b10 l
0-
0,
b1101 +
b1101 5
11
b10111011010 3
#14995000
0i
0v
b0 ;
1@
0?
1O
0R
b1 )
b1 7
1T
1M
1r
1h
b10 s
b11 <
1-
#15000000
0-
1,
b10001001 +
b10001001 5
0.
b10111011011 3
#15005000
b1 ;
0h
b10001001 f
1K
1U
1R
b11 )
b11 7
1P
0@
1=
1X
b0 <
1-
#15010000
0-
0,
b1010010 +
b1010010 5
01
02
00
1.
b10111011100 3
#15015000
b10 ;
1>
0X
1W
0=
1J
1N
1Q
0O
0S
0L
b10001001 g
b0 d
b1 m
1n
0o
1#
1x
b1 <
1-
#15020000
0-
b11101011 +
b11101011 5
11
0.
b10111011101 3
#15025000
b11 ;
0>
0q
0M
0T
0U
1O
b0 )
b0 7
0P
0Q
1?
b10 <
1-
#15030000
0-
b11101111 +
b11101111 5
01
12
10
1.
b10111011110 3
#15035000
b0 ;
1@
0?
0N
b10 )
b10 7
1P
0O
0R
1S
0K
1L
0r
b11 <
1-
#15040000
0-
1,
b1100111 +
b1100111 5
0.
b10111011111 3
#15045000
b1 ;
1M
1T
b1 )
b1 7
0P
0J
0@
1=
1X
b0 <
1-
#15050000
0-
0,
b10111100000 3
#15055000
b10 ;
1>
0W
0=
1Y
1R
1U
1K
b1 d
b10 m
0#
0x
b1 <
1-
#15060000
0-
1,
b110001 +
b110001 5
1.
b10111100001 3
#15065000
b11 ;
0>
0p
1J
1?
0X
b10 <
1-
#15070000
0-
0,
b10000001 +
b10000001 5
11
0.
b10111100010 3
#15075000
b0 ;
1@
0?
1O
b11 <
1-
#15080000
0-
1,
b1011111 +
b1011111 5
01
b10111100011 3
#15085000
b1 ;
0O
b11 )
b11 7
1P
0@
1=
b0 <
1-
#15090000
0-
0,
b11000000 +
b11000000 5
00
1.
b10111100100 3
#15095000
b10 ;
1>
1W
0=
0Y
b1 )
b1 7
0P
0L
b10 d
b0 m
0n
1$
1w
b1 <
1-
#15100000
0-
b1010111 +
b1010111 5
11
02
10
0.
b10111100101 3
#15105000
b11 ;
0>
1L
0M
0S
1O
1?
b10 <
1-
#15110000
0-
1,
b11011110 +
b11011110 5
01
1.
b10111100110 3
#15115000
b0 ;
1@
0?
1P
0O
0U
b10 )
b10 7
0T
1M
b11 <
1-
#15120000
0-
b11110001 +
b11110001 5
12
0.
b10111100111 3
#15125000
b1 ;
1S
0R
b0 )
b0 7
0P
0@
1=
b0 <
1-
#15130000
0-
0,
b11110 +
b11110 5
1.
b10111101000 3
#15135000
b10 ;
1>
1X
0=
1Y
b1 )
b1 7
1T
b1 |
b11 d
1o
b1 <
1-
#15140000
0-
1,
b11011101 +
b11011101 5
11
02
00
0.
b10111101001 3
#15145000
b11 ;
0>
1p
0L
0S
1U
1R
1O
1?
b10 <
b0 |
1-
#15150000
0-
0,
b10101000 +
b10101000 5
01
b10111101010 3
#15155000
b0 ;
0X
1@
0?
1P
0O
0U
b10 )
b10 7
0T
0M
b11 <
1-
#15160000
0-
1,
b1010011 +
b1010011 5
12
b10111101011 3
#15165000
b1 ;
0K
1S
0R
b0 )
b0 7
0P
0@
1=
b0 <
1-
#15170000
0-
b11001100 +
b11001100 5
10
b10111101100 3
#15175000
b10 ;
1>
1X
0W
0=
0J
b1 )
b1 7
1T
1L
b1 |
b100 d
b1 m
1n
0o
1#
1x
0$
0w
b1 <
1-
#15180000
0-
0,
b10010100 +
b10010100 5
11
02
00
1.
b10111101101 3
#15185000
b11 ;
0>
0p
0L
1M
0S
1U
1R
1O
1?
b10 <
b0 |
1-
#15190000
0-
1,
b1100011 +
b1100011 5
12
b10111101110 3
#15195000
b0 ;
0X
1@
0?
1P
0U
b10 )
b10 7
0T
1S
0M
b11 <
1-
#15200000
0-
b1000011 +
b1000011 5
02
10
0.
b10111101111 3
#15205000
b1 ;
1L
0S
b11 )
b11 7
1T
0R
1Q
1N
0@
1=
b0 <
1-
#15210000
0-
0,
b100101 +
b100101 5
01
12
1.
b10111110000 3
#15215000
b10 ;
1>
0=
0Y
0O
b10 )
b10 7
0T
1S
1M
b101 d
b0 m
0n
0#
0x
1$
1w
b1 <
1-
#15220000
0-
1,
b100001 +
b100001 5
11
02
b10111110001 3
#15225000
b11 ;
0>
1K
0S
1T
1O
b1 )
b1 7
0P
0Q
1?
b10 <
1-
#15230000
0-
b101101 +
b101101 5
01
0.
b10111110010 3
#15235000
b0 ;
1@
0?
1J
0N
1P
0O
b10 )
b10 7
0T
b11 <
1-
#15240000
0-
0,
b110100 +
b110100 5
00
b10111110011 3
#15245000
b1 ;
0L
b0 )
b0 7
0P
0@
1=
1X
b0 <
1-
#15250000
0-
1,
b10000000 +
b10000000 5
b10111110100 3
#15255000
b10 ;
1>
1W
0=
1Y
0M
b1 |
b110 d
1o
0$
0w
b1 <
1-
#15260000
0-
b11011011 +
b11011011 5
12
b10111110101 3
#15265000
b11 ;
0>
0K
1S
1?
b10 <
1-
#15270000
0-
b11010110 +
b11010110 5
10
b10111110110 3
#15275000
b0 ;
1@
0?
0J
b1 )
b1 7
1T
1L
b11 <
1-
#15280000
0-
b11100010 +
b11100010 5
11
02
1.
b10111110111 3
#15285000
b1 ;
1M
0S
1U
1R
1O
0@
1=
b0 <
b0 |
1-
#15290000
0-
0,
b1110110 +
b1110110 5
01
00
0.
b10111111000 3
#15295000
b10 ;
1>
0X
0W
0=
0Y
1P
0O
0U
b10 )
b10 7
0T
1K
0L
b111 d
0o
1#
1x
b1 <
1-
#15300000
0-
1,
b1111 +
b1111 5
12
10
1.
b10111111001 3
#15305000
b11 l
1j
b11 ;
0>
1p
1q
1L
0M
1S
0R
b0 )
b0 7
0P
1J
1?
b10 <
1-
#15310000
1j
b11 l
0-
0,
b1011100 +
b1011100 5
00
0.
b10111111010 3
#15315000
0j
b0 ;
1X
1@
0?
b1 )
b1 7
1T
1M
0L
1r
1_
b11 s
b11 <
1-
#15320000
0-
1,
b1000011 +
b1000011 5
10
b10111111011 3
#15325000
b1 ;
1L
0M
1U
1R
0@
1=
b0 <
1-
#15330000
0-
b10001110 +
b10001110 5
00
1.
b10111111100 3
#15335000
b10 ;
1>
0X
1W
0=
1M
0L
b0 d
b1 m
1n
1o
1`
0#
0x
1$
1w
b1 <
1-
#15340000
0-
0,
b10100001 +
b10100001 5
02
10
0.
b10111111101 3
#15345000
b11 ;
0>
0q
1L
0M
0S
1?
b10 <
1-
#15350000
0-
1,
b11000001 +
b11000001 5
b10111111110 3
#15355000
b0 ;
1@
0?
0U
b0 )
b0 7
0T
1M
0r
b11 <
1-
#15360000
0-
0,
b11010111 +
b11010111 5
11
00
1.
b10111111111 3
#15365000
b1 ;
0L
0R
1O
0@
1=
b0 <
1-
#15370000
0-
b1000011 +
b1000011 5
10
0.
b11000000000 3
#15375000
b10 ;
1>
1X
0=
1Y
b10 )
b10 7
1P
0M
1L
b1 |
b1 d
b10 m
1a
1#
1x
0$
0w
b1 <
1-
#15380000
0-
1,
b1001 +
b1001 5
01
12
00
1.
b11000000001 3
#15385000
b11 ;
0>
0p
0L
1M
1S
0O
1Q
1N
1?
b10 <
0_
b0 |
1-
#15390000
0-
0,
b1000101 +
b1000101 5
11
02
b11000000010 3
#15395000
b0 ;
0X
1@
0?
0Q
0P
1O
b1 )
b1 7
1T
0S
0M
b11 <
1-
#15400000
0-
b1011010 +
b1011010 5
b11000000011 3
#15405000
b1 ;
0K
0T
b10 )
b10 7
1P
0N
0@
1=
b0 <
1-
#15410000
0-
b1110001 +
b1110001 5
01
b11000000100 3
#15415000
b100 l
b10 ;
1>
1X
0W
0=
0J
1N
1Q
0O
b10 d
b0 m
0n
0`
1b
b1 <
1-
#15420000
0-
b10111001 +
b10111001 5
11
0.
b11000000101 3
#15425000
b11 ;
0>
1O
b0 )
b0 7
0P
0Q
1?
0X
b10 <
b100 s
0t
1-
#15430000
0-
1,
b0 +
b0 5
12
10
b11000000110 3
#15435000
b0 ;
1@
0?
0N
b10 )
b10 7
1P
1S
1L
1e
b11 <
1-
#15440000
0-
0,
b11010100 +
b11010100 5
02
00
b11000000111 3
#15445000
b1 ;
0L
1M
0S
b11 )
b11 7
1T
1Q
1N
0@
1=
1X
b0 <
0e
1-
#15450000
0-
1,
b11010 +
b11010 5
01
1.
b11000001000 3
#15455000
b10 ;
1>
0X
0=
0Y
0O
b10 )
b10 7
0T
0M
0u
1e
b11 d
0o
0a
1c
0#
0x
b1 <
1-
#15460000
0-
0,
b11011011 +
b11011011 5
12
10
0.
b11000001001 3
#15465000
b11 ;
0>
1L
1S
b0 )
b0 7
0P
0Q
1?
b10 <
1o
b0 d
0e
1-
#15470000
0-
1,
b11010111 +
b11010111 5
11
02
00
b11000001010 3
#15475000
b0 ;
1@
0?
0N
1O
b1 )
b1 7
1T
0S
1M
0L
1e
b11 <
1-
#15480000
0-
b1000 +
b1000 5
01
12
10
b11000001011 3
#15485000
b1 ;
1L
0M
1S
0T
0O
b10 )
b10 7
1P
0@
1=
1X
b0 <
1-
#15490000
0-
b10010001 +
b10010001 5
11
02
b11000001100 3
#15495000
b10 ;
1>
0=
1Y
0P
1O
b1 )
b1 7
1T
0S
1M
0b
0z
1#
1x
1$
1w
b1 <
1-
#15500000
0-
b1110100 +
b1110100 5
00
1.
b11000001101 3
#15505000
b11 ;
0>
0L
1K
0T
b10 )
b10 7
1P
1?
b10 <
1-
#15510000
0-
b11011110 +
b11011110 5
12
0.
b11000001110 3
#15515000
b0 ;
1@
0?
1J
1N
1Q
1S
0M
b11 <
1-
#15520000
0-
b1001100 +
b1001100 5
02
1.
b11000001111 3
#15525000
b101 l
b1 ;
0K
0S
b11 )
b11 7
1T
0@
1=
0X
b0 <
1-
#15530000
b101 l
0-
0,
b1 +
b1 5
12
b11000010000 3
#15535000
b10 ;
1>
0=
0J
0Y
b10 )
b10 7
0T
1S
0e
0c
0{
0$
0w
b101 s
b1 <
1-
#15540000
0-
1,
b11100011 +
b11100011 5
0.
b11000010001 3
#15545000
b11 ;
0>
b11 )
b11 7
1T
1?
b10 <
1e
1-
#15550000
0-
b101 +
b101 5
10
b11000010010 3
#15555000
b0 ;
1@
0?
1R
1U
1L
b11 <
1-
#15560000
0-
0,
b10110001 +
b10110001 5
00
b11000010011 3
#15565000
b1 ;
b0 l
0L
1M
0@
1=
b0 <
0e
1-
#15570000
b0 l
0-
1,
b1011010 +
b1011010 5
01
10
1.
b11000010100 3
#15575000
b1 l
1k
b10 ;
1>
0=
0O
0M
1L
1e
1"
1y
b0 s
b1 <
1-
#15580000
0k
b0 l
0-
0,
b11000001 +
b11000001 5
11
02
0.
b11000010101 3
#15585000
b11 ;
0>
1F
1M
0S
1O
b1 )
b1 7
0P
0Q
1?
b10 <
0e
1-
#15590000
0-
b111010 +
b111010 5
12
00
b11000010110 3
#15595000
b0 ;
1@
0?
0N
1P
0U
b10 )
b10 7
0T
1S
1K
0L
b11 <
1-
#15600000
0-
b10011011 +
b10011011 5
01
02
10
b11000010111 3
#15605000
b1 A
b1 ;
1L
0M
0S
b11 )
b11 7
1T
0R
0O
1Q
1N
1J
0@
1=
b0 <
1-
#15610000
b1 l
1k
0-
1,
b10010111 +
b10010111 5
1.
b11000011000 3
#15615000
0k
b10 ;
1>
1W
0=
0Q
0P
b0 )
b0 7
0T
1M
b10000000 f
1t
1e
b1 s
b1 <
b1 B
1-
#15620000
0-
b101000 +
b101000 5
00
0.
b11000011001 3
#15625000
b11 ;
0>
b10000000 g
0L
0N
1?
b10 <
1-
#15630000
0-
b11011111 +
b11011111 5
12
b11000011010 3
#15635000
b0 ;
1X
1@
0?
1S
0M
b11 <
1-
#15640000
0-
0,
b10101101 +
b10101101 5
11
1.
b11000011011 3
#15645000
0K
b1 )
b1 7
1T
1O
0@
1=
b0 <
0e
1-
#15650000
0-
1,
b1100110 +
b1100110 5
01
0.
b11000011100 3
#15655000
b1 ;
0W
0=
0J
1Y
b11 )
b11 7
1P
0O
1R
1U
1u
1-
#15660000
0-
0,
b1001100 +
b1001100 5
b11000011101 3
#15665000
b10 ;
1>
b1 )
b1 7
0P
0X
b1 <
1-
#15670000
0-
1,
b10100100 +
b10100100 5
11
10
1.
b11000011110 3
#15675000
b11 ;
0>
1?
1O
1L
b10 <
1-
#15680000
0-
b100000 +
b100000 5
02
b11000011111 3
#15685000
b0 ;
1M
0S
b11 )
b11 7
1P
0?
1@
b11 <
1-
#15690000
0-
0,
b110101 +
b110101 5
b11000100000 3
#15695000
1=
0@
1N
1Q
0U
b10 )
b10 7
0T
1K
b0 <
1-
#15700000
0-
1,
b10000010 +
b10000010 5
01
12
b11000100001 3
#15705000
b1 ;
1S
0R
0O
0Y
1J
0=
1W
1z
b1 d
1-
#15710000
0-
0,
b10111101 +
b10111101 5
02
b11000100010 3
#15715000
b10 ;
1>
0Q
0P
b1 )
b1 7
1T
0S
b1 <
1-
#15720000
0-
b1101101 +
b1101101 5
11
b11000100011 3
#15725000
b11 ;
0>
b0 )
b0 7
0T
1O
0N
1?
b10 <
1-
#15730000
0-
b10010110 +
b10010110 5
12
00
0.
b11000100100 3
#15735000
b0 ;
1X
1@
0?
b10 )
b10 7
1P
1S
0L
b11 <
1-
#15740000
0-
1,
b10011101 +
b10011101 5
01
02
b11000100101 3
#15745000
b0 A
1\
b1 ;
0M
0S
b11 )
b11 7
1T
0O
1Q
1N
0@
1=
b0 <
1-
#15750000
0-
b1111101 +
b1111101 5
11
12
10
b11000100110 3
#15755000
1'
b11 ;
1>
0\
0X
0=
0Q
0P
1O
b0 )
b0 7
0T
1S
0K
1L
1[
b10 d
0o
1{
0"
0y
b1 <
b0 B
1-
#15760000
0-
0,
b1100010 +
b1100010 5
01
00
1.
b11000100111 3
#15765000
0'
b0 ;
0>
0F
0[
0L
1M
1T
0O
b11 )
b11 7
1P
0N
0J
1?
b11 <
1-
#15770000
0-
1,
b1110 +
b1110 5
b11000101000 3
#15775000
b1 ;
1X
1@
0?
b1 )
b1 7
0P
1R
1U
0M
b0 <
1-
#15780000
0-
b10110100 +
b10110100 5
11
b11000101001 3
#15785000
b10 ;
1>
1O
0@
1=
0X
b1 <
1-
#15790000
0-
0,
b1010010 +
b1010010 5
10
b11000101010 3
#15795000
b11 ;
0>
0W
0=
1?
b11 )
b11 7
1P
1L
b11 d
1o
0#
0x
1$
1w
b10 <
1-
#15800000
0-
b10010100 +
b10010100 5
02
00
b11000101011 3
#15805000
b0 ;
0L
1M
0S
1Q
1N
0?
1@
b11 <
1-
#15810000
0-
b110111 +
b110111 5
10
b11000101100 3
#15815000
b1 ;
1=
0@
0U
b10 )
b10 7
0T
0M
1L
b0 <
1-
#15820000
0-
b111100 +
b111100 5
01
12
0.
b11000101101 3
#15825000
b10 ;
1>
1M
1S
0R
0O
0=
b1 <
0$
0w
1#
1x
0o
b100 d
1-
#15830000
0-
b11001 +
b11001 5
11
02
00
1.
b11000101110 3
#15835000
b11 ;
0>
1?
0Q
0P
1O
b1 )
b1 7
1T
0S
1K
0L
b10 <
1-
#15840000
0-
b101100 +
b101100 5
01
12
10
b11000101111 3
#15845000
b0 ;
1L
0M
1S
0T
0O
b10 )
b10 7
1P
0N
1J
0?
1@
b11 <
1-
#15850000
0-
1,
b1001110 +
b1001110 5
00
b11000110000 3
#15855000
b1 ;
1X
1=
0@
0P
b1 )
b1 7
1T
1M
0L
b0 <
1-
#15860000
0-
0,
b10010000 +
b10010000 5
11
02
10
0.
b11000110001 3
#15865000
b10 ;
1>
1L
0M
0S
1U
1R
1O
1Y
0=
1W
b1 <
0#
0x
1o
b101 d
1-
#15870000
0-
1,
b11011000 +
b11011000 5
01
b11000110010 3
#15875000
b11 ;
0>
0X
1?
1P
0O
0U
b10 )
b10 7
0T
1M
b10 <
1-
#15880000
0-
0,
b11100 +
b11100 5
00
1.
b11000110011 3
#15885000
b0 ;
0L
0R
b0 )
b0 7
0P
0?
1@
b11 <
1-
#15890000
0-
1,
12
0.
b11000110100 3
#15895000
b1 ;
1X
1=
0@
1S
0M
b0 <
1-
#15900000
0-
0,
b11001101 +
b11001101 5
11
02
10
1.
b11000110101 3
#15905000
b10 ;
1>
1L
0K
0S
b1 )
b1 7
1T
1O
0=
b1 <
1#
1x
0o
b110 d
b1 |
1-
#15910000
0-
1,
b11011010 +
b11011010 5
12
00
b11000110110 3
#15915000
b11 ;
0>
1?
0J
1P
b10 )
b10 7
0T
1S
1M
0L
b0 |
b10 <
1-
#15920000
0-
0,
b10101110 +
b10101110 5
01
02
b11000110111 3
#15925000
b0 ;
0M
0S
b11 )
b11 7
1T
0O
1Q
1N
0?
1@
b11 <
1-
#15930000
0-
1,
b111011 +
b111011 5
12
10
0.
b11000111000 3
#15935000
b1 ;
0X
1=
0@
0Q
0P
b0 )
b0 7
0T
1S
1L
b0 <
1-
#15940000
0-
0,
b10110 +
b10110 5
11
02
00
b11000111001 3
#15945000
b10 ;
1>
0L
1M
0S
b1 )
b1 7
1T
1O
0N
0Y
0=
0W
b1 <
0#
0x
1o
b111 d
b1 |
1-
#15950000
0-
b100110 +
b100110 5
1.
b11000111010 3
#15955000
b10 l
1i
1v
b11 ;
0>
1X
1?
1P
b10 )
b10 7
0T
0M
1q
1p
b0 |
b10 <
1-
#15960000
1i
1v
b10 l
0-
1,
b1110101 +
b1110101 5
12
10
0.
b11000111011 3
#15965000
b0 ;
0i
0v
1h
1r
1L
1S
1Q
1N
0?
1@
b11 <
b10 s
1%
1^
1-
#15970000
0-
b11000100 +
b11000100 5
02
00
1.
b11000111100 3
#15975000
b1 ;
0X
1=
0@
b11 )
b11 7
1T
0S
1M
0L
b11000100 f
0h
0%
0^
b0 <
1-
#15980000
0-
0,
b110010 +
b110010 5
10
0.
b11000111101 3
#15985000
b10 ;
1>
b11000100 g
1L
0M
b10 )
b10 7
0T
0=
b1 <
1#
1x
0o
1n
b1 m
b0 d
1-
#15990000
0-
b1011000 +
b1011000 5
01
12
1.
b11000111110 3
#15995000
b11 ;
0>
1?
0O
1S
1M
0q
0p
b10 <
1-
#16000000
0-
b10011111 +
b10011111 5
11
02
00
b11000111111 3
#16005000
b0 ;
0r
0L
1K
0S
1T
1O
b1 )
b1 7
0P
0Q
0?
1@
b11 <
1-
#16010000
0-
b1010100 +
b1010100 5
12
10
0.
b11001000000 3
#16015000
b1 ;
1=
0@
1J
0N
1P
b10 )
b10 7
0T
1S
0M
1L
b0 <
1-
#16020000
0-
1,
b10010001 +
b10010001 5
01
00
b11001000001 3
#16025000
b10 ;
1>
0L
1M
b11 )
b11 7
1T
0O
1Q
1N
1Y
0=
1W
1X
b1 <
0#
0x
0n
b0 m
b1 d
1-
#16030000
0-
0,
b11011000 +
b11011000 5
b11001000010 3
#16035000
b11 ;
0>
0X
1?
0Q
b1 )
b1 7
0P
1R
1U
0M
b10 <
1-
#16040000
0-
b10100100 +
b10100100 5
02
10
1.
b11001000011 3
#16045000
b0 ;
1L
0K
0S
0N
0?
1@
b11 <
1-
#16050000
0-
b1110111 +
b1110111 5
11
12
b11001000100 3
#16055000
b1 ;
1=
0@
0J
1O
0U
b0 )
b0 7
0T
1S
1M
b0 <
1-
#16060000
0-
1,
b10101010 +
b10101010 5
02
0.
b11001000101 3
#16065000
b10 ;
1>
1K
0S
1T
0R
b11 )
b11 7
1P
0Y
0=
0W
b1 <
1o
b10 d
b1 |
1-
#16070000
0-
b1111000 +
b1111000 5
b11001000110 3
#16075000
b11 ;
0>
1X
1?
1J
1N
1Q
b10 )
b10 7
0T
1p
b0 |
b10 <
1-
#16080000
0-
0,
b1011001 +
b1011001 5
12
b11001000111 3
#16085000
b0 ;
1S
0?
1@
0X
b11 <
1-
#16090000
0-
b1110001 +
b1110001 5
02
00
1.
b11001001000 3
#16095000
b1 ;
1=
0@
b11 )
b11 7
1T
0S
0L
b0 <
1-
#16100000
0-
1,
b10111100 +
b10111100 5
10
b11001001001 3
#16105000
b10 ;
1>
1L
0M
b10 )
b10 7
0T
0=
1W
b1 <
1#
1x
0o
1n
b1 m
b11 d
1-
#16110000
0-
0,
b1101001 +
b1101001 5
12
00
b11001001010 3
#16115000
b11 ;
0>
1?
1S
1M
0L
0p
b10 <
1-
#16120000
0-
b1100011 +
b1100011 5
01
02
b11001001011 3
#16125000
b0 ;
0M
0S
b11 )
b11 7
1T
0O
0?
1@
b11 <
1-
#16130000
0-
b1100110 +
b1100110 5
11
12
b11001001100 3
#16135000
b1 ;
1=
0@
0Q
0P
1O
b0 )
b0 7
0T
1S
0K
b0 <
1-
#16140000
0-
1,
b11110001 +
b11110001 5
02
10
0.
b11001001101 3
#16145000
b10 ;
1>
1L
0S
1T
b11 )
b11 7
1P
0N
0J
0=
0W
b1 <
0#
0x
0n
b0 m
b100 d
b1 |
1-
#16150000
0-
0,
b10010101 +
b10010101 5
01
1.
b11001001110 3
#16155000
b11 ;
0>
1X
1?
1N
1Q
0O
b10 )
b10 7
0T
1M
b0 |
b10 <
1-
#16160000
0-
1,
b0 +
b0 5
12
00
b11001001111 3
#16165000
b0 ;
0L
1K
1S
b0 )
b0 7
0P
0Q
0?
1@
0X
b11 <
1-
#16170000
0-
0,
b11100101 +
b11100101 5
11
10
b11001010000 3
#16175000
b1 ;
1=
0@
1J
0N
1O
b1 )
b1 7
1T
0M
1L
b0 <
1-
#16180000
0-
b11011110 +
b11011110 5
01
02
b11001010001 3
#16185000
b10 ;
1>
1M
0S
1U
1R
0O
b11 )
b11 7
1P
1Y
0=
1W
1X
b1 <
1$
1w
1o
b101 d
1-
#16190000
0-
b1011000 +
b1011000 5
b11001010010 3
#16195000
b11 ;
0>
0X
1?
0P
0U
b0 )
b0 7
0T
b10 <
1-
#16200000
0-
b1000010 +
b1000010 5
12
0.
b11001010011 3
#16205000
b0 ;
1S
0R
0?
1@
b11 <
1-
#16210000
0-
1,
b11001101 +
b11001101 5
11
02
1.
b11001010100 3
#16215000
b1 ;
1X
1=
0@
1O
b1 )
b1 7
1T
0S
b0 <
1-
#16220000
0-
0,
b1100011 +
b1100011 5
12
00
b11001010101 3
#16225000
b10 ;
1>
0L
1S
0T
b10 )
b10 7
1P
0=
b1 <
0$
0w
1#
1x
0o
b110 d
1-
#16230000
0-
b10011000 +
b10011000 5
02
10
0.
b11001010110 3
#16235000
b11 ;
0>
1?
1N
1Q
b11 )
b11 7
1T
0S
0M
1L
1p
b10 <
1-
#16240000
0-
1,
12
00
b11001010111 3
#16245000
b0 ;
0L
1M
1S
b10 )
b10 7
0T
0?
1@
0X
b11 <
1-
#16250000
0-
0,
b10011011 +
b10011011 5
02
10
b11001011000 3
#16255000
b1 ;
1=
0@
b11 )
b11 7
1T
0S
0M
1L
b0 <
1-
#16260000
0-
1,
b11101101 +
b11101101 5
1.
b11001011001 3
#16265000
b10 ;
1>
1M
b10 )
b10 7
0T
0Y
0=
b1 <
1$
1w
0#
0x
1o
1n
b1 m
b111 d
1-
#16270000
0-
0,
b1000010 +
b1000010 5
00
0.
b11001011010 3
#16275000
b11 l
1j
b11 ;
0>
1?
0L
1q
b10 <
1-
#16280000
1j
b11 l
0-
1,
b11000110 +
b11000110 5
01
12
b11001011011 3
#16285000
b0 ;
0j
1r
0M
1S
0O
0?
1@
b11 <
b11 s
1_
1-
#16290000
0-
b10000 +
b10000 5
11
b11001011100 3
#16295000
b1 ;
1=
0@
0Q
0P
1O
b1 )
b1 7
1T
0K
b0 <
1-
#16300000
0-
b10111 +
b10111 5
01
02
10
b11001011101 3
#16305000
b10 ;
1>
1L
0S
1U
1R
0O
b11 )
b11 7
1P
0N
0J
0=
0W
b1 <
0$
0w
1#
1x
1`
b10 m
b0 d
1-
#16310000
0-
b11101 +
b11101 5
11
12
1.
b11001011110 3
#16315000
b11 ;
0>
1?
0P
1O
0U
b0 )
b0 7
0T
1S
1M
0q
0p
b10 <
1-
#16320000
0-
0,
b101111 +
b101111 5
01
02
00
b11001011111 3
#16325000
b0 ;
0r
0L
1K
0S
1T
0R
0O
b11 )
b11 7
1P
0?
1@
b11 <
1-
#16330000
0-
b111001 +
b111001 5
12
0.
b11001100000 3
#16335000
b1 ;
1X
1=
0@
1J
0P
b0 )
b0 7
0T
1S
0M
b0 <
1-
#16340000
0-
b10101011 +
b10101011 5
11
b11001100001 3
#16345000
b10 ;
1>
0K
b1 )
b1 7
1T
1O
1Y
0=
1W
b1 <
1a
0n
b0 m
b1 d
b1 |
1-
#16350000
0-
b1000 +
b1000 5
02
b11001100010 3
#16355000
b11 ;
0>
1?
0J
b11 )
b11 7
1P
1R
1U
0S
b0 |
0_
b10 <
1-
#16360000
0-
b10001011 +
b10001011 5
b11001100011 3
#16365000
b0 ;
b10 )
b10 7
0T
0U
1Q
1N
0?
1@
0X
b11 <
1-
#16370000
0-
1,
b11011100 +
b11011100 5
b11001100100 3
#16375000
b1 ;
1=
0@
0R
b0 <
1-
#16380000
0-
0,
b10 +
b10 5
01
1.
b11001100101 3
#16385000
b10 ;
1>
b100 l
0O
0Y
0=
0W
b1 <
1b
0`
0o
b10 d
1-
#16390000
0-
b10010001 +
b10010001 5
10
b11001100110 3
#16395000
b11 ;
0>
1?
0Q
b0 )
b0 7
0P
1L
1p
0t
b100 s
b10 <
1-
#16400000
0-
1,
b11110110 +
b11110110 5
12
b11001100111 3
#16405000
b0 ;
1M
1S
0N
0?
1@
b11 <
1e
1-
#16410000
0-
0,
b111101 +
b111101 5
11
02
00
b11001101000 3
#16415000
b1 ;
1X
1=
0@
1O
b1 )
b1 7
1T
0S
1K
0L
0e
b0 <
1-
#16420000
0-
b11001000 +
b11001000 5
01
0.
b11001101001 3
#16425000
b10 ;
1>
0M
0T
0O
b10 )
b10 7
1P
1Y
1J
0=
1W
b1 <
1$
1w
0#
0x
1c
0a
1o
1n
b1 m
b11 d
0u
1-
#16430000
0-
1,
b11101101 +
b11101101 5
b11001101010 3
#16435000
b11 ;
0>
1?
b0 )
b0 7
0P
0K
0p
1e
b0 d
b0 m
b10 <
1-
#16440000
0-
0,
b1100001 +
b1100001 5
11
12
b11001101011 3
#16445000
b0 ;
1S
1O
0J
0?
1@
b11 <
0e
1-
#16450000
0-
1,
b1001001 +
b1001001 5
b11001101100 3
#16455000
b1 ;
1=
0@
1P
b11 )
b11 7
1T
1e
b0 <
1-
#16460000
0-
0,
b10111 +
b10111 5
02
b11001101101 3
#16465000
b10 ;
1>
0S
1U
1R
1Q
1N
0=
0W
b1 <
1#
1x
0z
0b
0n
0e
1-
#16470000
0-
b1010011 +
b1010011 5
12
10
b11001101110 3
#16475000
b11 ;
0>
0X
1?
0U
b10 )
b10 7
0T
1S
1L
b10 <
1-
#16480000
0-
b1100100 +
b1100100 5
b11001101111 3
#16485000
b0 ;
1M
b11 )
b11 7
1T
0R
0?
1@
b11 <
1-
#16490000
0-
1,
b11111 +
b11111 5
01
00
1.
b11001110000 3
#16495000
b101 l
b1 ;
1=
0@
0O
1R
1U
1K
0L
1e
b0 <
1-
#16500000
0-
b1 +
b1 5
02
10
b11001110001 3
#16505000
b10 ;
1>
1L
0M
0S
b1 )
b1 7
0P
0Q
0Y
1J
0=
1W
b1 <
b101 s
0$
0w
0{
0c
1-
#16510000
0-
b10110100 +
b10110100 5
12
b11001110010 3
#16515000
b11 ;
0>
1?
0N
0U
b0 )
b0 7
0T
1S
1M
b10 <
1-
#16520000
0-
0,
b1101110 +
b1101110 5
00
b11001110011 3
#16525000
b0 ;
0L
b1 )
b1 7
1T
0R
0?
1@
b11 <
0e
1-
#16530000
0-
b11110111 +
b11110111 5
11
02
10
0.
b11001110100 3
#16535000
b0 l
b1 ;
1X
1=
0@
1O
1R
1U
0S
0M
1L
b0 <
1-
#16540000
0-
b1100111 +
b1100111 5
01
b11001110101 3
#16545000
b10 ;
1>
1M
0T
0U
0O
b10 )
b10 7
1P
0=
0X
b1 <
b0 s
1"
1y
1-
#16550000
b1 l
1k
0-
1,
b11010011 +
b11010011 5
11
00
1.
b11001110110 3
#16555000
0k
b11 ;
0>
1?
b0 )
b0 7
0P
1O
0R
0L
1F
b10000000 f
1t
1e
b1 s
b10 <
1-
#16560000
0-
b1010110 +
b1010110 5
01
12
0.
b11001110111 3
#16565000
b0 ;
b10000000 g
0M
1S
0O
b10 )
b10 7
1P
0?
1@
1X
b11 <
1-
#16570000
0-
b1110000 +
b1110000 5
02
1.
b11001111000 3
#16575000
1=
0@
0P
b1 )
b1 7
1T
0S
0K
b0 <
1-
#16580000
0-
b1000010 +
b1000010 5
10
b11001111001 3
#16585000
b1 ;
1L
b0 )
b0 7
0T
1Y
0J
0=
0W
1u
1-
#16590000
0-
b11000010 +
b11000010 5
b11001111010 3
#16595000
b10 ;
1>
1M
b1 <
1-
#16600000
0-
b1001101 +
b1001101 5
11
b11001111011 3
#16605000
b0 ;
0>
1K
1O
1?
b10 <
1-
#16610000
0-
0,
b110010 +
b110010 5
12
00
b11001111100 3
#16615000
b1 ;
1@
0?
1J
b10 )
b10 7
1P
1S
0L
0e
b0 <
1-
#16620000
0-
b1000000 +
b1000000 5
10
0.
b11001111101 3
#16625000
b10 ;
1>
1L
0M
b11 )
b11 7
1T
1Q
1N
0@
1=
b1 <
1-
#16630000
0-
b10110100 +
b10110100 5
01
02
1.
b11001111110 3
#16635000
b11 ;
0>
0X
1W
0=
1?
0Y
0O
1R
1U
0S
1M
b1 d
1z
b10 <
1-
#16640000
0-
1,
b101110 +
b101110 5
b11001111111 3
#16645000
b0 ;
0T
0U
b0 )
b0 7
0P
0Q
0?
1@
b11 <
1-
#16650000
0-
b11111101 +
b11111101 5
12
00
0.
b11010000000 3
#16655000
b1 ;
1=
0@
0N
0R
1S
0L
b0 <
1-
#16660000
0-
b11000100 +
b11000100 5
11
b11010000001 3
#16665000
b10 ;
1>
0M
b1 )
b1 7
1T
1O
1Y
0=
1X
b1 <
0"
0y
1{
0o
b10 d
b1 |
1-
#16670000
0-
0,
b111101 +
b111101 5
02
b11010000010 3
#16675000
b11 ;
0>
1?
b11 )
b11 7
1P
1R
1U
0S
0K
0F
b0 |
b10 <
1-
#16680000
0-
b110000 +
b110000 5
01
12
10
b11010000011 3
#16685000
b0 ;
1L
1S
b10 )
b10 7
0T
0U
0O
1Q
1N
0J
0?
1@
0X
b11 <
1-
#16690000
0-
b1101 +
b1101 5
11
02
1.
b11010000100 3
#16695000
b1 ;
1=
0@
0Q
0P
1O
0R
b1 )
b1 7
1T
0S
1M
b0 <
1-
#16700000
0-
b1001011 +
b1001011 5
12
0.
b11010000101 3
#16705000
b10 ;
1>
1K
1S
0T
b10 )
b10 7
1P
0N
0Y
0=
0W
b1 <
0#
0x
1o
b11 d
1-
#16710000
0-
1,
b11101000 +
b11101000 5
01
02
00
1.
b11010000110 3
#16715000
b11 ;
0>
1X
1?
1J
1N
1Q
0O
b11 )
b11 7
1T
0S
0L
b10 <
1-
#16720000
0-
b11110100 +
b11110100 5
11
0.
b11010000111 3
#16725000
b0 ;
0M
0T
1O
b0 )
b0 7
0P
0Q
0?
1@
0X
b11 <
1-
#16730000
0-
0,
b11101001 +
b11101001 5
01
12
b11010001000 3
#16735000
b1 ;
1=
0@
0N
b10 )
b10 7
1P
0O
1S
0K
b0 <
1-
#16740000
0-
b101100 +
b101100 5
11
10
1.
b11010001001 3
#16745000
b10 ;
1>
1L
1T
1O
b1 )
b1 7
0P
1Y
0J
0=
1X
b1 <
1#
1x
0o
b100 d
1-
#16750000
0-
1,
b101110 +
b101110 5
01
02
0.
b11010001010 3
#16755000
b11 ;
0>
1?
b11 )
b11 7
1P
0O
1R
1U
0S
1M
b10 <
1-
#16760000
0-
0,
b11111100 +
b11111100 5
12
00
1.
b11010001011 3
#16765000
b0 ;
0L
1K
1S
0T
0U
b0 )
b0 7
0P
0?
1@
0X
b11 <
1-
#16770000
0-
1,
b10000110 +
b10000110 5
11
0.
b11010001100 3
#16775000
b1 ;
1=
0@
1J
1O
0R
b1 )
b1 7
1T
0M
b0 <
1-
#16780000
0-
b10110100 +
b10110100 5
10
1.
b11010001101 3
#16785000
b10 ;
1>
1L
0K
1U
1R
b11 )
b11 7
1P
0=
1W
1X
b1 <
1$
1w
0#
0x
1o
b101 d
1-
#16790000
0-
0,
b11010011 +
b11010011 5
02
00
b11010001110 3
#16795000
b11 ;
0>
0X
1?
0J
1N
1Q
0S
1M
0L
b10 <
1-
#16800000
0-
b1110101 +
b1110101 5
12
0.
b11010001111 3
#16805000
b0 ;
0M
1S
b10 )
b10 7
0T
0U
0?
1@
b11 <
1-
#16810000
0-
1,
b11010011 +
b11010011 5
02
10
1.
b11010010000 3
#16815000
b1 ;
1=
0@
0R
b11 )
b11 7
1T
0S
1L
b0 <
1-
#16820000
0-
0,
b10101101 +
b10101101 5
b11010010001 3
#16825000
b10 ;
1>
1M
b10 )
b10 7
0T
0Y
0=
0W
b1 <
0$
0w
1#
1x
0o
b110 d
1-
#16830000
0-
1,
b10011101 +
b10011101 5
12
00
0.
b11010010010 3
#16835000
b11 ;
0>
1?
1S
1K
0L
b10 <
1-
#16840000
0-
b1101110 +
b1101110 5
01
02
10
1.
b11010010011 3
#16845000
b0 ;
1L
0M
0S
b11 )
b11 7
1T
0O
1J
0?
1@
b11 <
1-
#16850000
0-
0,
b10100011 +
b10100011 5
00
0.
b11010010100 3
#16855000
b1 ;
1=
0@
0Q
0P
b0 )
b0 7
0T
1M
0L
b0 <
1-
#16860000
0-
b111111 +
b111111 5
12
10
1.
b11010010101 3
#16865000
b10 ;
1>
1L
0M
1S
0N
0=
1W
b1 <
1$
1w
0#
0x
1o
b111 d
b1 |
1-
#16870000
0-
b1101101 +
b1101101 5
02
b11010010110 3
#16875000
b10 l
1i
1v
b11 ;
0>
1X
1?
b1 )
b1 7
1T
0S
1M
1q
1p
b10 <
1-
#16880000
0-
b1100100 +
b1100100 5
12
0.
b11010010111 3
#16885000
b0 ;
0i
0v
1h
1r
1S
b0 )
b0 7
0T
0?
1@
b11 <
b10 s
b0 |
1-
#16890000
0-
b11110010 +
b11110010 5
00
1.
b11010011000 3
#16895000
b1 ;
1=
0@
b1 )
b1 7
1T
0L
b11110010 f
0h
b0 <
1-
#16900000
0-
1,
b101010 +
b101010 5
11
10
0.
b11010011001 3
#16905000
b10 ;
1>
b11110010 g
1L
0M
1U
1R
1O
1Y
0=
b1 <
0$
0w
1#
1x
0o
1n
b1 m
b0 d
1-
#16910000
0-
b10110111 +
b10110111 5
01
b11010011010 3
#16915000
b11 ;
0>
0X
1?
b11 )
b11 7
1P
0O
1M
0q
0p
b10 <
1-
#16920000
0-
0,
b110111 +
b110111 5
11
00
b11010011011 3
#16925000
b0 ;
0r
0L
1O
b1 )
b1 7
0P
0?
1@
b11 <
1-
#16930000
0-
1,
b10010100 +
b10010100 5
01
10
b11010011100 3
#16935000
b1 ;
1=
0@
b11 )
b11 7
1P
0O
0M
1L
b0 <
1-
#16940000
0-
b1110000 +
b1110000 5
11
b11010011101 3
#16945000
b10 ;
1>
1M
1O
b1 )
b1 7
0P
0Y
0=
b1 <
0#
0x
0n
b0 m
b1 d
1-
#16950000
0-
0,
b1011101 +
b1011101 5
b11010011110 3
#16955000
b11 ;
0>
1?
b11 )
b11 7
1P
1p
b10 <
1-
#16960000
0-
1,
b1111001 +
b1111001 5
01
00
1.
b11010011111 3
#16965000
b0 ;
0L
0O
1Q
1N
0?
1@
b11 <
1-
#16970000
0-
0,
b111000 +
b111000 5
02
0.
b11010100000 3
#16975000
b1 ;
1=
0@
0Q
b1 )
b1 7
0P
0S
0M
b0 <
1-
#16980000
0-
1,
b1010000 +
b1010000 5
11
12
10
1.
b11010100001 3
#16985000
b10 ;
1>
1L
0K
1S
b0 )
b0 7
0T
0U
1O
0N
0=
b1 <
1$
1w
1o
1n
b1 m
b10 d
1-
#16990000
0-
b11100111 +
b11100111 5
0.
b11010100010 3
#16995000
b11 ;
0>
1?
0J
1P
0R
b11 )
b11 7
1T
1M
0p
b10 <
1-
#17000000
0-
b11110 +
b11110 5
b11010100011 3
#17005000
b0 ;
1K
1U
1R
1Q
1N
0?
1@
1X
b11 <
1-
#17010000
0-
0,
b11010100 +
b11010100 5
01
00
b11010100100 3
#17015000
b1 ;
0X
1=
0@
1J
0O
0L
b0 <
1-
#17020000
0-
1,
b10101010 +
b10101010 5
10
b11010100101 3
#17025000
b10 ;
1>
1L
0M
b1 )
b1 7
0P
0Q
0=
b1 <
0$
0w
1#
1x
0n
b0 m
b11 d
1-
#17030000
0-
b11101 +
b11101 5
1.
b11010100110 3
#17035000
b11 ;
0>
1?
0N
1M
b10 <
1-
#17040000
0-
b10010001 +
b10010001 5
11
00
b11010100111 3
#17045000
b0 ;
0L
1O
0?
1@
b11 <
1-
#17050000
0-
b1101111 +
b1101111 5
01
b11010101000 3
#17055000
b1 ;
1=
0@
b11 )
b11 7
1P
0O
0M
b0 <
1-
#17060000
0-
0,
b10111100 +
b10111100 5
10
0.
b11010101001 3
#17065000
b10 ;
1>
1L
0K
b1 )
b1 7
0P
0=
b1 <
0o
b100 d
1-
#17070000
0-
b11111100 +
b11111100 5
02
1.
b11010101010 3
#17075000
b11 ;
0>
1?
0J
0S
1M
1p
b10 <
1-
#17080000
0-
1,
b100000 +
b100000 5
b11010101011 3
#17085000
b0 ;
1K
b0 )
b0 7
0T
0U
0?
1@
b11 <
1-
#17090000
0-
b1000110 +
b1000110 5
11
12
00
b11010101100 3
#17095000
b1 ;
1=
0@
1J
1O
0R
1S
0L
b0 <
1-
#17100000
0-
b1001010 +
b1001010 5
0.
b11010101101 3
#17105000
b10 ;
1>
0M
1T
b11 )
b11 7
1P
1Y
0=
1X
b1 <
0#
0x
1o
1n
b1 m
b101 d
b1 |
1-
#17110000
0-
0,
b10110 +
b10110 5
01
1.
b11010101110 3
#17115000
b11 ;
0>
1?
1N
1Q
0O
1R
1U
0K
b0 |
b10 <
1-
#17120000
0-
1,
b11010000 +
b11010000 5
02
b11010101111 3
#17125000
b0 ;
0S
b1 )
b1 7
0P
0Q
0J
0?
1@
0X
b11 <
1-
#17130000
0-
b1011011 +
b1011011 5
11
12
b11010110000 3
#17135000
b1 ;
1=
0@
0N
1O
0U
b0 )
b0 7
0T
1S
b0 <
1-
#17140000
0-
0,
b10111 +
b10111 5
01
b11010110001 3
#17145000
b10 ;
1>
1T
0R
0O
b11 )
b11 7
1P
0Y
0=
0W
b1 <
1#
1x
b10 m
b110 d
b1 |
1-
#17150000
0-
b1000101 +
b1000101 5
11
02
10
0.
b11010110010 3
#17155000
b11 ;
0>
1X
1?
b1 )
b1 7
0P
1O
1R
1U
0S
1L
b0 |
b10 <
1-
#17160000
0-
b10001110 +
b10001110 5
12
00
1.
b11010110011 3
#17165000
b0 ;
0L
1M
1S
0T
0U
b10 )
b10 7
1P
0?
1@
0X
b11 <
1-
#17170000
0-
b1010111 +
b1010111 5
02
b11010110100 3
#17175000
b1 ;
1=
0@
1N
1Q
0R
b11 )
b11 7
1T
0S
0M
b0 <
1-
#17180000
0-
b11001101 +
b11001101 5
01
0.
b11010110101 3
#17185000
b10 ;
1>
b10 )
b10 7
0T
0O
0=
b1 <
b11 m
b111 d
1-
#17190000
0-
b11000110 +
b11000110 5
10
1.
b11010110110 3
#17195000
b11 l
1j
b11 ;
0>
1?
0Q
b0 )
b0 7
0P
1L
1q
b10 <
1-
#17200000
0-
b10111110 +
b10111110 5
00
b11010110111 3
#17205000
b0 ;
0j
1r
0L
1M
0N
0?
1@
b11 <
b11 s
1_
1-
#17210000
0-
b11011010 +
b11011010 5
12
0.
b11010111000 3
#17215000
b1 ;
1X
1=
0@
1S
0M
b0 <
1-
#17220000
0-
b111001 +
b111001 5
02
10
1.
b11010111001 3
#17225000
b10 ;
1>
1L
0S
b1 )
b1 7
1T
1Y
0=
b1 <
1`
b100 m
b0 d
b1 |
1-
#17230000
0-
1,
b10110010 +
b10110010 5
11
0.
b11010111010 3
#17235000
b11 ;
0>
1?
1O
b0 )
b0 7
0T
1M
0q
0p
b0 |
b10 <
1-
#17240000
0-
0,
b110000 +
b110000 5
12
1.
b11010111011 3
#17245000
b0 ;
0r
1K
1S
b10 )
b10 7
1P
0?
1@
b11 <
1-
#17250000
0-
1,
b11110 +
b11110 5
01
00
0.
b11010111100 3
#17255000
b1 ;
1=
0@
1J
1N
1Q
0O
b11 )
b11 7
1T
0L
b0 <
1-
#17260000
0-
b11101101 +
b11101101 5
10
b11010111101 3
#17265000
b10 ;
1>
1L
0M
1U
1R
b1 )
b1 7
0P
0Q
0Y
0=
1W
0X
b1 <
1a
0n
b0 m
b1 d
1-
#17270000
0-
0,
b11011001 +
b11011001 5
11
02
00
b11010111110 3
#17275000
b11 ;
0>
1?
0N
1O
0S
1M
0L
1p
0_
b10 <
1-
#17280000
0-
1,
b1101010 +
b1101010 5
1.
b11010111111 3
#17285000
b0 ;
0M
0T
0U
b10 )
b10 7
1P
0?
1@
b11 <
1-
#17290000
0-
b11 +
b11 5
01
12
b11011000000 3
#17295000
b1 ;
1=
0@
1N
1Q
0O
0R
1S
0K
b0 <
1-
#17300000
0-
0,
b1000101 +
b1000101 5
b11011000001 3
#17305000
b10 ;
1>
b100 l
1T
b1 )
b1 7
0P
0Q
0J
0=
0W
b1 <
1b
0`
0o
1n
b1 m
b10 d
1-
#17310000
b100 l
0-
1,
b11111000 +
b11111000 5
11
10
b11011000010 3
#17315000
b11 ;
0>
1?
0N
1O
1R
1U
1L
0p
0t
b100 s
b10 <
1-
#17320000
0-
0,
b1100011 +
b1100011 5
02
00
0.
b11011000011 3
#17325000
b0 ;
0L
1M
0S
b11 )
b11 7
1P
0?
1@
b11 <
1-
#17330000
0-
b1111001 +
b1111001 5
01
12
10
b11011000100 3
#17335000
b1 ;
1=
0@
1N
1Q
0O
0U
b10 )
b10 7
0T
1S
0M
1L
b0 <
1-
#17340000
0-
b11000010 +
b11000010 5
02
00
b11011000101 3
#17345000
b10 ;
1>
0L
1M
0S
1T
0R
b1 )
b1 7
0P
0Q
0=
b1 <
1$
1w
0#
0x
1c
0a
0n
b0 m
b11 d
0u
1-
#17350000
0-
b1010001 +
b1010001 5
11
12
10
b11011000110 3
#17355000
b11 ;
0>
1?
0N
1O
b0 )
b0 7
0T
1S
0M
1L
b0 d
1o
b10 <
1-
#17360000
0-
1,
b10001000 +
b10001000 5
01
02
1.
b11011000111 3
#17365000
b0 ;
1M
0S
1T
0O
b11 )
b11 7
1P
0?
1@
1X
b11 <
1e
1-
#17370000
0-
b1000110 +
b1000110 5
11
0.
b11011001000 3
#17375000
b1 ;
1=
0@
0P
1O
b0 )
b0 7
0T
1K
b0 <
1-
#17380000
0-
0,
b11001110 +
b11001110 5
01
00
b11011001001 3
#17385000
b10 ;
1>
0L
0O
b10 )
b10 7
1P
1Y
1J
0=
1W
b1 <
1#
1x
0z
0b
0e
b1 |
1-
#17390000
0-
b10101000 +
b10101000 5
10
1.
b11011001010 3
#17395000
b11 ;
0>
1?
b0 )
b0 7
0P
0M
1L
b0 |
b10 <
1-
#17400000
0-
b111001 +
b111001 5
12
0.
b11011001011 3
#17405000
b0 ;
1M
1S
0?
1@
b11 <
1-
#17410000
0-
1,
b110011 +
b110011 5
11
02
b11011001100 3
#17415000
b101 l
b1 ;
1=
0@
1O
b1 )
b1 7
1T
0S
1e
b0 <
1-
#17420000
b101 l
0-
0,
b11011111 +
b11011111 5
01
1.
b11011001101 3
#17425000
b10 ;
1>
0T
0O
b10 )
b10 7
1P
0=
b1 <
b101 s
0$
0w
0{
0c
0e
1-
#17430000
0-
b10011100 +
b10011100 5
12
0.
b11011001110 3
#17435000
b11 ;
0>
1?
b0 )
b0 7
0P
1S
b10 <
1-
#17440000
0-
b10010000 +
b10010000 5
11
02
00
b11011001111 3
#17445000
b0 ;
0L
0S
b1 )
b1 7
1T
1O
0?
1@
b11 <
1-
#17450000
0-
b10001111 +
b10001111 5
01
12
b11011010000 3
#17455000
b0 l
b1 ;
1=
0@
1P
0O
b10 )
b10 7
0T
1S
0M
b0 <
1-
#17460000
0-
b11110100 +
b11110100 5
11
1.
b11011010001 3
#17465000
b10 ;
1>
0K
1T
1O
b1 )
b1 7
0P
0=
b1 <
b0 s
1"
1y
1-
#17470000
b1 l
1k
0-
1,
b1011010 +
b1011010 5
01
10
0.
b11011010010 3
#17475000
0k
b11 ;
0>
1?
0J
b11 )
b11 7
1P
0O
1R
1U
1L
1F
b10000000 f
1t
1e
b1 s
b10 <
1-
#17480000
0-
b10011010 +
b10011010 5
00
1.
b11011010011 3
#17485000
b0 ;
b10000000 g
0L
1M
b1 )
b1 7
0P
0?
1@
0X
b11 <
1-
#17490000
0-
0,
b11110 +
b11110 5
02
10
b11011010100 3
#17495000
b1 ;
1=
0@
0S
0M
1L
0e
b0 <
1-
#17500000
0-
1,
b1111000 +
b1111000 5
b11011010101 3
#17505000
b10 ;
1>
1M
b0 )
b0 7
0T
0U
0Y
0=
0W
b1 <
1u
1-
#17510000
0-
b10111101 +
b10111101 5
12
00
0.
b11011010110 3
#17515000
b0 ;
0>
1?
0R
1S
1K
0L
b10 <
1-
#17520000
0-
0,
b11100010 +
b11100010 5
02
10
1.
b11011010111 3
#17525000
b1 ;
1L
0M
0S
b1 )
b1 7
1T
1J
0?
1@
1X
b0 <
1-
#17530000
0-
b1011111 +
b1011111 5
11
12
00
b11011011000 3
#17535000
b10 ;
1>
1=
0@
1O
b0 )
b0 7
0T
1S
1M
0L
b1 <
1-
#17540000
0-
1,
b10000011 +
b10000011 5
02
10
b11011011001 3
#17545000
b11 ;
0>
1L
0M
0S
1T
b11 )
b11 7
1P
1Y
1?
0=
1W
b10 <
1z
b1 d
b1 |
1-
#17550000
0-
0,
b11000100 +
b11000100 5
12
0.
b11011011010 3
#17555000
b0 ;
1@
0?
1N
1Q
b10 )
b10 7
0T
1S
1M
b0 |
b11 <
1-
#17560000
0-
b1100100 +
b1100100 5
1.
b11011011011 3
#17565000
b1 ;
b11 )
b11 7
1T
0@
1=
0X
b0 <
1-
#17570000
0-
b110111 +
b110111 5
01
00
b11011011100 3
#17575000
b10 ;
1>
0=
0Y
0O
1R
1U
0L
b10 d
0o
1{
0"
0y
b1 <
1-
#17580000
0-
b1111100 +
b1111100 5
02
10
0.
b11011011101 3
#17585000
b11 ;
0>
0F
1L
0M
0S
b1 )
b1 7
0P
0Q
1?
b10 <
1-
#17590000
0-
1,
b1101001 +
b1101001 5
11
12
1.
b11011011110 3
#17595000
b0 ;
1@
0?
0N
1O
0U
b0 )
b0 7
0T
1S
1M
b11 <
1-
#17600000
0-
0,
b11100000 +
b11100000 5
b11011011111 3
#17605000
b1 ;
1T
0R
b11 )
b11 7
1P
0@
1=
b0 <
1-
#17610000
0-
b11110110 +
b11110110 5
02
0.
b11011100000 3
#17615000
b10 ;
1>
1X
0=
1Y
1N
1Q
1R
1U
0S
b11 d
1o
0#
0x
b1 <
1-
#17620000
0-
1,
b10110 +
b10110 5
12
b11011100001 3
#17625000
b11 ;
0>
1S
b10 )
b10 7
0T
0U
1?
0X
b10 <
1-
#17630000
0-
0,
b11011110 +
b11011110 5
01
00
b11011100010 3
#17635000
b0 ;
1@
0?
0O
0R
b11 )
b11 7
1T
0L
b11 <
1-
#17640000
0-
b10001010 +
b10001010 5
b11011100011 3
#17645000
b1 ;
0M
1U
1R
b1 )
b1 7
0P
0Q
0@
1=
b0 <
1-
#17650000
0-
1,
b11000100 +
b11000100 5
11
10
1.
b11011100100 3
#17655000
b10 ;
1>
0=
0Y
0N
1O
0K
1L
b100 d
0o
1#
1x
b1 <
1-
#17660000
0-
b10111000 +
b10111000 5
01
02
0.
b11011100101 3
#17665000
b11 ;
0>
1M
0S
0O
b11 )
b11 7
1P
0J
1?
b10 <
1-
#17670000
0-
0,
b100100 +
b100100 5
b11011100110 3
#17675000
b0 ;
1@
0?
0P
0U
b0 )
b0 7
0T
1K
b11 <
1-
#17680000
0-
1,
b10110 +
b10110 5
11
00
b11011100111 3
#17685000
b1 ;
0L
0R
1O
1J
0@
1=
b0 <
1-
#17690000
0-
b1101000 +
b1101000 5
12
10
1.
b11011101000 3
#17695000
b10 ;
1>
1X
0=
1Y
b10 )
b10 7
1P
1S
0M
1L
b1 |
b101 d
1o
0#
0x
1$
1w
b1 <
1-
#17700000
0-
b110110 +
b110110 5
01
0.
b11011101001 3
#17705000
b11 ;
0>
1M
b11 )
b11 7
1T
0O
1Q
1N
1?
b10 <
b0 |
1-
#17710000
0-
b11 +
b11 5
11
00
1.
b11011101010 3
#17715000
b0 ;
0X
1@
0?
0Q
b1 )
b1 7
0P
1O
1R
1U
0L
b11 <
1-
#17720000
0-
0,
b110011 +
b110011 5
01
0.
b11011101011 3
#17725000
b1 ;
0M
0O
b11 )
b11 7
1P
0N
0@
1=
b0 <
1-
#17730000
0-
1,
b1110011 +
b1110011 5
10
1.
b11011101100 3
#17735000
b10 ;
1>
0=
0Y
b1 )
b1 7
0P
0K
1L
b110 d
0o
1#
1x
0$
0w
b1 <
1-
#17740000
0-
b11111000 +
b11111000 5
11
00
b11011101101 3
#17745000
b11 ;
0>
0L
1M
1O
0J
1?
b10 <
1-
#17750000
0-
b1100101 +
b1100101 5
01
b11011101110 3
#17755000
b0 ;
1@
0?
b11 )
b11 7
1P
0O
0M
b11 <
1-
#17760000
0-
0,
b1010011 +
b1010011 5
02
0.
b11011101111 3
#17765000
b1 ;
0S
b1 )
b1 7
0P
0@
1=
b0 <
1-
#17770000
0-
b11000111 +
b11000111 5
11
10
1.
b11011110000 3
#17775000
b10 ;
1>
0W
0=
1O
0U
b0 )
b0 7
0T
1L
b111 d
1o
0#
0x
1$
1w
b1 <
1-
#17780000
0-
1,
b1110111 +
b1110111 5
12
b11011110001 3
#17785000
b10 l
1i
1v
b11 ;
0>
1p
1q
1M
1S
0R
b10 )
b10 7
1P
1?
b10 <
1-
#17790000
1i
1v
b10 l
0-
0,
b1110 +
b1110 5
00
0.
b11011110010 3
#17795000
0i
0v
b0 ;
1X
1@
0?
1N
1Q
b11 )
b11 7
1T
1K
0L
1r
1h
b10 s
b11 <
1-
#17800000
0-
b11011111 +
b11011111 5
02
1.
b11011110011 3
#17805000
b1 ;
0h
b11011111 f
0M
0S
1U
1R
1J
0@
1=
0X
b0 <
1-
#17810000
0-
b1111111 +
b1111111 5
01
10
b11011110100 3
#17815000
b10 ;
1>
1W
0=
0O
0U
b10 )
b10 7
0T
0K
1L
b11011111 g
b0 d
b1 m
1n
0o
1#
1x
0$
0w
b1 <
1-
#17820000
0-
b100011 +
b100011 5
11
12
00
0.
b11011110101 3
#17825000
b11 ;
0>
0q
0L
1M
1S
0R
1O
b0 )
b0 7
0P
0Q
0J
1?
b10 <
1-
#17830000
0-
b10110101 +
b10110101 5
01
02
10
1.
b11011110110 3
#17835000
b0 ;
1@
0?
0N
1P
0O
b11 )
b11 7
1T
0S
0M
1L
0r
b11 <
1-
#17840000
0-
1,
b11001010 +
b11001010 5
12
b11011110111 3
#17845000
b1 ;
1M
1S
0T
b0 )
b0 7
0P
0@
1=
1X
b0 <
1-
#17850000
0-
b111100 +
b111100 5
02
00
b11011111000 3
#17855000
b10 ;
1>
0W
0=
1Y
b1 )
b1 7
1T
0S
1K
0L
b1 |
b1 d
b10 m
0#
0x
1$
1w
b1 <
1-
#17860000
0-
b10011101 +
b10011101 5
12
b11011111001 3
#17865000
b11 ;
0>
0M
1S
b0 )
b0 7
0T
1J
1?
b10 <
b0 |
1-
#17870000
0-
0,
b1111100 +
b1111100 5
11
0.
b11011111010 3
#17875000
b0 ;
1@
0?
1O
b1 )
b1 7
1T
0K
b11 <
1-
#17880000
0-
b10000000 +
b10000000 5
01
02
10
b11011111011 3
#17885000
b1 ;
1L
0S
1U
1R
0O
b11 )
b11 7
1P
0J
0@
1=
b0 <
1-
#17890000
0-
b11001001 +
b11001001 5
12
b11011111100 3
#17895000
b10 ;
1>
0X
0=
0Y
0P
0U
b0 )
b0 7
0T
1S
1M
b10 d
b11 m
0$
0w
b1 <
1-
#17900000
0-
1,
b1100000 +
b1100000 5
11
02
00
1.
b11011111101 3
#17905000
b11 ;
0>
0L
1K
0S
b1 )
b1 7
1T
0R
1O
1?
b10 <
1-
#17910000
0-
0,
b11001101 +
b11001101 5
10
b11011111110 3
#17915000
b0 ;
1X
1@
0?
1J
1P
b10 )
b10 7
0T
0M
1L
b11 <
1-
#17920000
0-
b110111 +
b110111 5
00
0.
b11011111111 3
#17925000
b1 ;
0L
1M
1Q
1N
0@
1=
b0 <
1-
#17930000
0-
1,
b101001 +
b101001 5
12
1.
b11100000000 3
#17935000
b10 ;
1>
0X
1W
0=
1S
0M
b11 d
b100 m
1$
1w
b1 <
1-
#17940000
0-
0,
b10111001 +
b10111001 5
01
b11100000001 3
#17945000
b11 ;
0>
0K
b11 )
b11 7
1T
0O
1?
b10 <
1-
#17950000
0-
b10001100 +
b10001100 5
11
02
0.
b11100000010 3
#17955000
b0 ;
1@
0?
0J
0Q
b1 )
b1 7
0P
1O
1R
1U
0S
b11 <
1-
#17960000
0-
1,
b10100000 +
b10100000 5
1.
b11100000011 3
#17965000
b1 ;
0T
0U
b10 )
b10 7
1P
0N
0@
1=
b0 <
1-
#17970000
0-
b11111101 +
b11111101 5
12
10
0.
b11100000100 3
#17975000
b10 ;
1>
0W
0=
1N
1Q
0R
1S
1L
b100 d
b101 m
0$
0w
b1 <
1-
#17980000
0-
b110001 +
b110001 5
00
1.
b11100000101 3
#17985000
b11 ;
0>
0L
1M
b11 )
b11 7
1T
1?
b10 <
1-
#17990000
0-
0,
b10111000 +
b10111000 5
10
b11100000110 3
#17995000
b0 ;
1@
0?
1R
1U
0M
1L
b11 <
1-
#18000000
0-
b11111001 +
b11111001 5
b11100000111 3
#18005000
b1 ;
1M
0@
1=
b0 <
1-
#18010000
0-
b1001101 +
b1001101 5
0.
b11100001000 3
#18015000
b10 ;
1>
0=
1K
b101 d
16
b110 m
b1 <
1-
#18020000
0-
1,
b1001000 +
b1001000 5
02
00
1.
b11100001001 3
#18025000
b11 ;
0>
0p
0L
0S
1J
1?
b10 <
1-
#18030000
0-
b1011101 +
b1011101 5
10
b11100001010 3
#18035000
b0 ;
1@
0?
0U
b10 )
b10 7
0T
0M
1L
b11 <
1-
#18040000
0-
b1111100 +
b1111100 5
b11100001011 3
#18045000
b1 ;
1M
0R
0@
1=
b0 <
1-
#18050000
0-
b10110001 +
b10110001 5
01
12
00
b11100001100 3
#18055000
b10 ;
1>
1W
0=
0O
1S
0L
06
b0 m
0n
1$
1w
b1 <
1-
#18060000
0-
0,
b10011000 +
b10011000 5
10
0.
b11100001101 3
#18065000
b11 ;
0>
1L
0M
1T
b1 )
b1 7
0P
0Q
1?
b10 <
1-
#18070000
0-
b11110011 +
b11110011 5
02
b11100001110 3
#18075000
b0 ;
1@
0?
0N
1R
1U
0S
1M
b11 <
1-
#18080000
0-
b110100 +
b110100 5
11
12
00
1.
b11100001111 3
#18085000
b1 ;
0L
1S
b0 )
b0 7
0T
0U
1O
0@
1=
b0 <
1-
#18090000
0-
b11011100 +
b11011100 5
10
b11100010000 3
#18095000
b10 ;
1>
0=
1P
0R
b11 )
b11 7
1T
0M
1L
b1 |
b110 d
1o
b1 <
1-
#18100000
0-
b1010110 +
b1010110 5
02
b11100010001 3
#18105000
b11 ;
0>
1p
1M
0S
1U
1R
1Q
1N
1?
1X
b10 <
b0 |
1-
#18110000
0-
1,
b10010 +
b10010 5
00
b11100010010 3
#18115000
b0 ;
0X
1@
0?
0U
b10 )
b10 7
0T
0L
b11 <
1-
#18120000
0-
0,
b101010 +
b101010 5
0.
b11100010011 3
#18125000
b1 ;
0M
0R
0@
1=
b0 <
1-
#18130000
0-
b10000011 +
b10000011 5
01
1.
b11100010100 3
#18135000
b10 ;
1>
0=
0O
0K
b111 d
b1 m
1n
0o
1#
1x
0$
0w
b1 <
1-
#18140000
0-
1,
b110011 +
b110011 5
11
12
10
0.
b11100010101 3
#18145000
b11 l
1j
b11 ;
0>
1q
1L
1S
1O
b0 )
b0 7
0P
0Q
0J
1?
b10 <
1-
#18150000
1j
b11 l
0-
0,
b10001101 +
b10001101 5
01
02
1.
b11100010110 3
#18155000
0j
b0 ;
1@
0?
0N
1P
0O
b11 )
b11 7
1T
0S
1M
1r
1_
b11 s
b11 <
1-
#18160000
0-
1,
b11110101 +
b11110101 5
12
00
b11100010111 3
#18165000
b1 ;
0L
1K
1S
0T
b0 )
b0 7
0P
0@
1=
1X
b0 <
1-
#18170000
0-
b10100111 +
b10100111 5
02
10
0.
b11100011000 3
#18175000
b10 ;
1>
0=
1J
1Y
b1 )
b1 7
1T
0S
0M
1L
b1 |
b0 d
b10 m
1`
0#
0x
b1 <
1-
#18180000
0-
0,
b10011100 +
b10011100 5
11
b11100011001 3
#18185000
b11 ;
0>
0q
1M
b0 )
b0 7
0T
1O
1?
b10 <
b0 |
1-
#18190000
0-
1,
b11101100 +
b11101100 5
01
1.
b11100011010 3
#18195000
b0 ;
1@
0?
b10 )
b10 7
1P
0O
0r
b11 <
1-
#18200000
0-
0,
b10110001 +
b10110001 5
00
0.
b11100011011 3
#18205000
b1 ;
0L
b0 )
b0 7
0P
0@
1=
b0 <
1-
#18210000
0-
1,
b111100 +
b111100 5
11
12
10
1.
b11100011100 3
#18215000
b10 ;
1>
0=
1O
1S
0M
1L
b1 |
b1 d
b11 m
1a
1$
1w
b1 <
1-
#18220000
0-
b1011110 +
b1011110 5
01
02
0.
b11100011101 3
#18225000
b11 ;
0>
1M
0S
1T
0O
b11 )
b11 7
1P
1?
b10 <
0_
1-
#18230000
0-
0,
b1000101 +
b1000101 5
11
b11100011110 3
#18235000
b0 ;
1@
0?
0P
1O
b0 )
b0 7
0T
b0 |
b11 <
1-
#18240000
0-
b1001011 +
b1001011 5
01
00
b11100011111 3
#18245000
b1 ;
0L
0O
b10 )
b10 7
1P
0@
1=
b0 <
1-
#18250000
0-
1,
b110110 +
b110110 5
1.
b11100100000 3
#18255000
b100 l
b10 ;
1>
0=
b0 )
b0 7
0P
0M
b10 d
b100 m
0`
1b
b1 <
1-
#18260000
b100 l
0-
0,
b10100001 +
b10100001 5
12
10
b11100100001 3
#18265000
b11 ;
0>
1L
0K
1S
1?
b10 <
b100 s
0t
1-
#18270000
0-
b1110001 +
b1110001 5
11
02
00
0.
b11100100010 3
#18275000
b0 ;
1@
0?
0J
1O
b1 )
b1 7
1T
0S
1M
0L
b11 <
1-
#18280000
0-
1,
b110010 +
b110010 5
12
b11100100011 3
#18285000
b1 ;
0M
1S
0T
b10 )
b10 7
1P
0@
1=
b0 <
1e
1-
#18290000
0-
b11101110 +
b11101110 5
01
02
10
b11100100100 3
#18295000
b10 ;
1>
0W
0=
1N
1Q
0O
b11 )
b11 7
1T
0S
1L
0u
b11 d
b101 m
0a
1c
b1 <
1-
#18300000
0-
b1010001 +
b1010001 5
12
1.
b11100100101 3
#18305000
b11 ;
0>
0p
1M
1S
0T
b0 )
b0 7
0P
0Q
1?
0X
b10 <
1o
b0 m
b0 d
1-
#18310000
0-
0,
b10101100 +
b10101100 5
02
00
0.
b11100100110 3
#18315000
b0 ;
1@
0?
0N
b1 )
b1 7
1T
0S
1K
0L
0e
b11 <
1-
#18320000
0-
1,
b1101011 +
b1101011 5
12
10
b11100100111 3
#18325000
b1 ;
1L
0M
1S
b0 )
b0 7
0T
1J
0@
1=
1X
b0 <
1e
1-
#18330000
0-
0,
b11101101 +
b11101101 5
02
1.
b11100101000 3
#18335000
b10 ;
1>
1W
0=
b1 )
b1 7
1T
0S
1M
b1 |
0e
0n
0b
0z
0$
0w
b1 <
1-
#18340000
0-
b11011001 +
b11011001 5
00
b11100101001 3
#18345000
b11 ;
0>
0L
b0 )
b0 7
0T
1?
b10 <
b0 |
1-
#18350000
0-
b10000111 +
b10000111 5
11
0.
b11100101010 3
#18355000
b0 ;
1@
0?
1O
0M
b11 <
1-
#18360000
0-
1,
b0 +
b0 5
10
b11100101011 3
#18365000
b1 ;
b101 l
1L
0K
b10 )
b10 7
1P
0@
1=
b0 <
1e
1-
#18370000
b101 l
0-
0,
b10100 +
b10100 5
01
00
b11100101100 3
#18375000
b10 ;
1>
0W
0=
0J
1N
1Q
0O
1M
0L
0e
0c
0{
1#
1x
b101 s
b1 <
1-
#18380000
0-
b1000101 +
b1000101 5
1.
b11100101101 3
#18385000
b11 ;
0>
0M
b0 )
b0 7
0P
0Q
1?
0X
b10 <
1-
#18390000
0-
1,
11
10
0.
b11100101110 3
#18395000
b0 ;
1@
0?
0N
1O
1L
1e
b11 <
1-
#18400000
0-
0,
b11010001 +
b11010001 5
01
12
1.
b11100101111 3
#18405000
b1 ;
b0 l
1M
1S
0O
b10 )
b10 7
1P
0@
1=
1X
b0 <
0e
1-
#18410000
0-
b100111 +
b100111 5
11
02
b11100110000 3
#18415000
b10 ;
1>
0=
0P
1O
b1 )
b1 7
1T
0S
1K
1"
1y
b0 s
b1 <
1-
#18420000
b1 l
1k
0-
1,
b11000101 +
b11000101 5
01
0.
b11100110001 3
#18425000
b11 ;
0>
0k
b10000000 f
1F
0T
0O
b10 )
b10 7
1P
1J
1?
b10 <
b1 s
1e
1t
1-
#18430000
0-
0,
b10010101 +
b10010101 5
00
b11100110010 3
#18435000
b0 ;
1@
0?
b0 )
b0 7
0P
0L
b10000000 g
0e
b11 <
1-
#18440000
0-
b11000110 +
b11000110 5
11
12
b11100110011 3
#18445000
b1 ;
0M
1S
1O
0@
1=
b0 <
1-
#18450000
0-
1,
b10110011 +
b10110011 5
01
02
1.
b11100110100 3
#18455000
b11 ;
1>
1W
0=
1P
0O
b11 )
b11 7
1T
0S
0K
b1 |
1u
b1 <
1-
#18460000
0-
b10001100 +
b10001100 5
11
12
10
0.
b11100110101 3
#18465000
b0 ;
0>
1L
1S
0T
1O
b0 )
b0 7
0P
0J
1?
b11 <
b0 |
1-
#18470000
0-
0,
b10100101 +
b10100101 5
02
00
1.
b11100110110 3
#18475000
b1 ;
1@
0?
1P
b11 )
b11 7
1T
0S
1M
0L
b0 <
1-
#18480000
0-
1,
b1011110 +
b1011110 5
12
b11100110111 3
#18485000
b10 ;
1>
0M
1S
b10 )
b10 7
0T
1Q
1N
0@
1=
b1 <
1-
#18490000
0-
b1011010 +
b1011010 5
01
0.
b11100111000 3
#18495000
b11 ;
0>
0X
0W
0=
1?
0Y
0O
b11 )
b11 7
1T
b1 d
1z
b10 <
1-
#18500000
0-
b10100 +
b10100 5
11
1.
b11100111001 3
#18505000
b0 ;
1U
1R
1O
b1 )
b1 7
0P
0Q
0?
1@
b11 <
1-
#18510000
0-
b10100100 +
b10100100 5
02
0.
b11100111010 3
#18515000
b1 ;
1=
0@
0N
b11 )
b11 7
1P
0S
b0 <
1-
#18520000
0-
0,
b10100011 +
b10100011 5
01
12
1.
b11100111011 3
#18525000
b10 ;
1>
1S
b10 )
b10 7
0T
0U
0O
1Q
1N
0=
b1 <
0"
0y
1{
0o
b10 d
1-
#18530000
0-
1,
b1111001 +
b1111001 5
11
02
0.
b11100111100 3
#18535000
b11 ;
0>
1?
0Q
0P
1O
0R
b1 )
b1 7
1T
0S
0F
b10 <
1-
#18540000
0-
b10111010 +
b10111010 5
12
10
b11100111101 3
#18545000
b0 ;
1L
1S
0T
b10 )
b10 7
1P
0N
0?
1@
b11 <
1-
#18550000
0-
0,
b10010001 +
b10010001 5
01
00
b11100111110 3
#18555000
b1 ;
1X
1=
0@
1N
1Q
0O
b11 )
b11 7
1T
1M
0L
b0 <
1-
#18560000
0-
b1111000 +
b1111000 5
02
b11100111111 3
#18565000
b10 ;
1>
0M
0S
1U
1R
b1 )
b1 7
0P
0Q
0=
0X
b1 <
0#
0x
1o
b11 d
1-
#18570000
0-
b110101 +
b110101 5
11
b11101000000 3
#18575000
b11 ;
0>
1?
0N
1O
0U
b0 )
b0 7
0T
b10 <
1-
#18580000
0-
1,
b11000011 +
b11000011 5
b11101000001 3
#18585000
b0 ;
0R
b10 )
b10 7
1P
0?
1@
b11 <
1-
#18590000
0-
b1111110 +
b1111110 5
1.
b11101000010 3
#18595000
b1 ;
1X
1=
0@
1N
1Q
b0 <
1-
#18600000
0-
b1001100 +
b1001100 5
12
10
0.
b11101000011 3
#18605000
b10 ;
1>
1L
1S
0=
0X
b1 <
1#
1x
0o
b100 d
1-
#18610000
0-
0,
b11011111 +
b11011111 5
02
b11101000100 3
#18615000
b11 ;
0>
1?
b11 )
b11 7
1T
0S
1M
b10 <
1-
#18620000
0-
b10111101 +
b10111101 5
00
b11101000101 3
#18625000
b0 ;
0L
1K
b10 )
b10 7
0T
0?
1@
b11 <
1-
#18630000
0-
1,
b100001 +
b100001 5
01
12
1.
b11101000110 3
#18635000
b1 ;
1=
0@
1J
0O
1S
0M
b0 <
1-
#18640000
0-
0,
b101010 +
b101010 5
02
b11101000111 3
#18645000
b10 ;
1>
0K
0S
1T
b1 )
b1 7
0P
0Q
0=
1W
b1 <
1$
1w
0#
0x
1o
b101 d
1-
#18650000
0-
1,
b11000001 +
b11000001 5
10
0.
b11101001000 3
#18655000
b11 ;
0>
1?
0J
0N
b0 )
b0 7
0T
1L
b10 <
1-
#18660000
0-
b111101 +
b111101 5
00
b11101001001 3
#18665000
b0 ;
0L
1M
0?
1@
1X
b11 <
1-
#18670000
0-
b11010001 +
b11010001 5
b11101001010 3
#18675000
b1 ;
1=
0@
0M
b0 <
1-
#18680000
0-
0,
b101011 +
b101011 5
10
b11101001011 3
#18685000
b10 ;
1>
1L
1Y
0=
0W
b1 <
0$
0w
1#
1x
0o
b110 d
b1 |
1-
#18690000
0-
b1000101 +
b1000101 5
11
12
00
1.
b11101001100 3
#18695000
b11 ;
0>
1?
1O
1S
1M
0L
b10 <
1-
#18700000
0-
1,
b10 +
b10 5
02
10
b11101001101 3
#18705000
b0 ;
1L
0M
0S
1T
b11 )
b11 7
1P
0?
1@
b11 <
1-
#18710000
0-
b11011101 +
b11011101 5
0.
b11101001110 3
#18715000
b1 ;
1=
0@
1N
1Q
b10 )
b10 7
0T
1M
b0 |
b0 <
1-
#18720000
0-
0,
b1000110 +
b1000110 5
00
b11101001111 3
#18725000
b10 ;
1>
0L
1K
0Y
0=
0X
b1 <
0#
0x
1o
b111 d
1-
#18730000
0-
1,
b1111111 +
b1111111 5
12
10
b11101010000 3
#18735000
b10 l
1i
1v
b11 ;
0>
1?
1J
1S
0M
1L
1q
1p
b10 <
1-
#18740000
1i
1v
b10 l
0-
0,
b1111000 +
b1111000 5
01
02
00
1.
b11101010001 3
#18745000
b0 ;
0i
0v
1h
1r
0L
1M
0S
b11 )
b11 7
1T
0O
0?
1@
b11 <
b10 s
1-
#18750000
0-
1,
b1001000 +
b1001000 5
11
10
0.
b11101010010 3
#18755000
b1 ;
1=
0@
0Q
0P
1O
b0 )
b0 7
0T
0M
1L
b1001000 f
0h
b0 <
1-
#18760000
0-
0,
b10000001 +
b10000001 5
12
1.
b11101010011 3
#18765000
b10 ;
1>
b1001000 g
1M
1S
b10 )
b10 7
1P
0N
0=
1W
b1 <
1#
1x
0o
1n
b1 m
b0 d
b1 |
1-
#18770000
0-
b10110 +
b10110 5
01
b11101010100 3
#18775000
b11 ;
0>
1X
1?
1N
1Q
0O
b11 )
b11 7
1T
0q
0p
b0 |
b10 <
1-
#18780000
0-
b10010100 +
b10010100 5
11
b11101010101 3
#18785000
b0 ;
0r
1U
1R
1O
b1 )
b1 7
0P
0Q
0?
1@
0X
b11 <
1-
#18790000
0-
b11011111 +
b11011111 5
01
0.
b11101010110 3
#18795000
b1 ;
1=
0@
0N
b11 )
b11 7
1P
0O
b0 <
1-
#18800000
0-
1,
b10000010 +
b10000010 5
1.
b11101010111 3
#18805000
b10 ;
1>
b1 )
b1 7
0P
0=
b1 <
1$
1w
0#
0x
0n
b0 m
b1 d
1-
#18810000
0-
b10001101 +
b10001101 5
11
02
0.
b11101011000 3
#18815000
b11 ;
0>
1?
1O
0S
b10 <
1-
#18820000
0-
0,
b11001 +
b11001 5
00
1.
b11101011001 3
#18825000
b0 ;
0L
0T
0U
b10 )
b10 7
1P
0?
1@
b11 <
1-
#18830000
0-
1,
b10110100 +
b10110100 5
12
10
b11101011010 3
#18835000
b1 ;
1=
0@
1N
1Q
0R
1S
0M
1L
b0 <
1-
#18840000
0-
0,
b10000010 +
b10000010 5
01
00
b11101011011 3
#18845000
b10 ;
1>
0L
1M
b11 )
b11 7
1T
0O
0=
b1 <
1o
b10 d
1-
#18850000
0-
1,
b11101000 +
b11101000 5
11
02
10
b11101011100 3
#18855000
b11 ;
0>
1?
0Q
b1 )
b1 7
0P
1O
1R
1U
0S
0M
1L
b10 <
1-
#18860000
0-
0,
b111010 +
b111010 5
b11101011101 3
#18865000
b0 ;
1M
0T
0U
b10 )
b10 7
1P
0N
0?
1@
b11 <
1-
#18870000
0-
1,
b11110100 +
b11110100 5
12
00
b11101011110 3
#18875000
b1 ;
1=
0@
1N
1Q
0R
1S
0L
b0 <
1-
#18880000
0-
0,
b10011011 +
b10011011 5
02
10
0.
b11101011111 3
#18885000
b10 ;
1>
1L
0M
0S
b11 )
b11 7
1T
0=
b1 <
0$
0w
1#
1x
0o
b11 d
1-
#18890000
0-
b10111101 +
b10111101 5
1.
b11101100000 3
#18895000
b11 ;
0>
1?
b10 )
b10 7
0T
1M
1p
b10 <
1-
#18900000
0-
1,
b10010100 +
b10010100 5
12
00
0.
b11101100001 3
#18905000
b0 ;
0L
1S
0?
1@
b11 <
1-
#18910000
0-
0,
b100100 +
b100100 5
01
10
b11101100010 3
#18915000
b1 ;
1=
0@
0O
b11 )
b11 7
1T
0M
1L
b0 <
1-
#18920000
0-
1,
b1111011 +
b1111011 5
b11101100011 3
#18925000
b10 ;
1>
1M
1U
1R
b1 )
b1 7
0P
0Q
0=
b1 <
0#
0x
1o
1n
b1 m
b100 d
1-
#18930000
0-
b10010111 +
b10010111 5
11
00
b11101100100 3
#18935000
b11 ;
0>
1?
0N
1O
0L
0p
b10 <
1-
#18940000
0-
0,
b10011001 +
b10011001 5
b11101100101 3
#18945000
b0 ;
0M
b11 )
b11 7
1P
0?
1@
b11 <
1-
#18950000
0-
b10111000 +
b10111000 5
10
1.
b11101100110 3
#18955000
b1 ;
1=
0@
1N
1Q
0K
1L
b0 <
1-
#18960000
0-
1,
b1110011 +
b1110011 5
b11101100111 3
#18965000
b10 ;
1>
1M
0J
0=
0W
b1 <
1#
1x
0n
b0 m
b101 d
1-
#18970000
0-
0,
b11000001 +
b11000001 5
02
b11101101000 3
#18975000
b11 ;
0>
1?
0S
1K
b10 <
1-
#18980000
0-
b1001001 +
b1001001 5
01
12
00
b11101101001 3
#18985000
b0 ;
0L
1S
b10 )
b10 7
0T
0U
0O
1J
0?
1@
b11 <
1-
#18990000
0-
b1011 +
b1011 5
10
0.
b11101101010 3
#18995000
b1 ;
1=
0@
0Q
0P
0R
b1 )
b1 7
1T
0M
1L
b0 <
1-
#19000000
0-
b11101010 +
b11101010 5
11
b11101101011 3
#19005000
b10 ;
1>
1M
1U
1R
1O
0N
0=
1W
b1 <
0o
b110 d
1-
#19010000
0-
b1101100 +
b1101100 5
01
02
00
b11101101100 3
#19015000
b11 ;
0>
1?
b11 )
b11 7
1P
0O
0S
0L
1p
b10 <
1-
#19020000
0-
b1010101 +
b1010101 5
1.
b11101101101 3
#19025000
b0 ;
0M
0T
0U
b0 )
b0 7
0P
0?
1@
b11 <
1-
#19030000
0-
1,
b10111010 +
b10111010 5
0.
b11101101110 3
#19035000
b1 ;
1=
0@
0R
0K
b0 <
1-
#19040000
0-
0,
b101111 +
b101111 5
12
b11101101111 3
#19045000
b10 ;
1>
1S
1Y
0J
0=
0W
1X
b1 <
0#
0x
1o
1n
b1 m
b111 d
b1 |
1-
#19050000
0-
b111110 +
b111110 5
02
1.
b11101110000 3
#19055000
b11 l
1j
b11 ;
0>
1?
b1 )
b1 7
1T
0S
1q
0p
b10 <
1-
#19060000
1j
b11 l
0-
1,
b10100100 +
b10100100 5
11
10
0.
b11101110001 3
#19065000
b0 ;
0j
1r
1L
b0 )
b0 7
0T
1O
0?
1@
b11 <
b11 s
1_
b0 |
1-
#19070000
0-
b1011100 +
b1011100 5
12
00
1.
b11101110010 3
#19075000
b1 ;
1=
0@
b10 )
b10 7
1P
1S
1M
0L
b0 <
1-
#19080000
0-
0,
b10100111 +
b10100111 5
b11101110011 3
#19085000
b10 ;
1>
0M
b11 )
b11 7
1T
1Q
1N
0=
b1 <
1#
1x
1`
0n
b0 m
b0 d
1-
#19090000
0-
1,
b110111 +
b110111 5
01
10
0.
b11101110100 3
#19095000
b11 ;
0>
0X
1?
0O
1R
1U
1L
0q
b10 <
1-
#19100000
0-
b101110 +
b101110 5
00
1.
b11101110101 3
#19105000
b0 ;
0r
0L
1M
b1 )
b1 7
0P
0Q
0?
1@
b11 <
1-
#19110000
0-
b10011011 +
b10011011 5
02
10
0.
b11101110110 3
#19115000
b1 ;
1=
0@
0N
0S
0M
1L
b0 <
1-
#19120000
0-
b1011110 +
b1011110 5
b11101110111 3
#19125000
b10 ;
1>
1M
b0 )
b0 7
0T
0U
0Y
0=
b1 <
1a
0o
b1 d
1-
#19130000
0-
0,
b11111000 +
b11111000 5
12
1.
b11101111000 3
#19135000
b11 ;
0>
1?
0R
1S
1K
0_
b10 <
1-
#19140000
0-
b1000001 +
b1000001 5
11
0.
b11101111001 3
#19145000
b0 ;
b1 )
b1 7
1T
1O
1J
0?
1@
1X
b11 <
1-
#19150000
0-
b10101100 +
b10101100 5
02
b11101111010 3
#19155000
b1 ;
1=
0@
b11 )
b11 7
1P
1R
1U
0S
b0 <
1-
#19160000
0-
b11111100 +
b11111100 5
12
00
1.
b11101111011 3
#19165000
b10 ;
1>
b100 l
0L
1S
b10 )
b10 7
0T
0U
1Q
1N
0=
1W
0X
b1 <
1$
1w
0#
0x
1b
0`
1o
b10 d
1-
#19170000
b100 l
0-
1,
b1110010 +
b1110010 5
02
b11101111100 3
#19175000
b11 ;
0>
1?
0R
b11 )
b11 7
1T
0S
0M
0t
b100 s
b10 <
1-
#19180000
0-
b100001 +
b100001 5
12
10
b11101111101 3
#19185000
b0 ;
1L
0K
1S
b10 )
b10 7
0T
0?
1@
b11 <
1e
1-
#19190000
0-
0,
b101100 +
b101100 5
01
02
b11101111110 3
#19195000
b1 ;
1=
0@
0J
0O
b11 )
b11 7
1T
0S
1M
0e
b0 <
1-
#19200000
0-
1,
b10001 +
b10001 5
0.
b11101111111 3
#19205000
b10 ;
1>
1K
0T
b0 )
b0 7
0P
0Q
0=
0W
b1 <
1#
1x
1c
0a
0o
b11 d
1e
0u
1-
#19210000
0-
0,
b11101001 +
b11101001 5
11
00
b11110000000 3
#19215000
b11 ;
0>
1?
1J
0N
1O
0L
0e
b0 d
1o
b10 <
1-
#19220000
0-
b1000 +
b1000 5
01
10
b11110000001 3
#19225000
b0 ;
1L
0M
0O
b10 )
b10 7
1P
0?
1@
1X
b11 <
1-
#19230000
0-
1,
b1010010 +
b1010010 5
11
12
00
1.
b11110000010 3
#19235000
b1 ;
1=
0@
b0 )
b0 7
0P
1O
1S
1M
0L
1e
b0 <
1-
#19240000
0-
0,
b11001011 +
b11001011 5
0.
b11110000011 3
#19245000
b10 ;
1>
0M
1T
b11 )
b11 7
1P
1Y
0=
1W
b1 <
0z
0b
0e
b1 |
1-
#19250000
0-
1,
b1100001 +
b1100001 5
01
10
1.
b11110000100 3
#19255000
b11 ;
0>
1?
1N
1Q
0O
1R
1U
0K
1L
b0 |
1e
b10 <
1-
#19260000
0-
b10001010 +
b10001010 5
b11110000101 3
#19265000
b0 ;
1M
b1 )
b1 7
0P
0Q
0J
0?
1@
0X
b11 <
1-
#19270000
0-
b10010000 +
b10010000 5
b11110000110 3
#19275000
b101 l
b1 ;
1=
0@
0N
1K
b0 <
1-
#19280000
0-
b1 +
b1 5
0.
b11110000111 3
#19285000
b10 ;
1>
0Y
1J
0=
b1 <
b101 s
0$
0w
0{
0c
1-
#19290000
0-
b1100101 +
b1100101 5
02
b11110001000 3
#19295000
b11 ;
0>
1?
0S
b10 <
1-
#19300000
0-
b1010001 +
b1010001 5
11
1.
b11110001001 3
#19305000
b0 ;
b0 )
b0 7
0T
0U
1O
0?
1@
b11 <
1-
#19310000
0-
0,
b10000110 +
b10000110 5
01
12
00
b11110001010 3
#19315000
b0 l
b1 ;
1=
0@
b10 )
b10 7
1P
0O
0R
1S
0L
0e
b0 <
1-
#19320000
0-
b10101001 +
b10101001 5
11
02
0.
b11110001011 3
#19325000
b10 ;
1>
0M
0S
1T
1O
b1 )
b1 7
0P
1Y
0=
1X
b1 <
b0 s
1"
1y
1-
#19330000
b1 l
1k
0-
1,
b110010 +
b110010 5
01
12
10
b11110001100 3
#19335000
0k
b0 ;
0>
1?
1P
0O
b10 )
b10 7
0T
1S
0K
1L
1F
b10000000 f
1t
1e
b1 s
b10 <
1-
#19340000
0-
b1000010 +
b1000010 5
11
02
00
1.
b11110001101 3
#19345000
b1 ;
b10000000 g
0L
1M
0S
1T
1O
b1 )
b1 7
0P
0J
0?
1@
b0 <
1-
#19350000
0-
b1011101 +
b1011101 5
12
b11110001110 3
#19355000
b10 ;
1>
1=
0@
1P
b10 )
b10 7
0T
1S
0M
b1 <
1-
#19360000
0-
0,
b10101001 +
b10101001 5
02
0.
b11110001111 3
#19365000
b11 ;
0>
0S
b11 )
b11 7
1T
1Q
1N
1?
0=
0W
b10 <
0e
1u
1-
#19370000
0-
b111100 +
b111100 5
01
12
10
b11110010000 3
#19375000
b0 ;
0X
1@
0?
0O
b10 )
b10 7
0T
1S
1L
b11 <
1-
#19380000
0-
1,
b11111101 +
b11111101 5
11
00
1.
b11110010001 3
#19385000
b1 ;
0L
1M
1T
1O
b1 )
b1 7
0P
0Q
0@
1=
b0 <
1-
#19390000
0-
b10000001 +
b10000001 5
01
02
10
b11110010010 3
#19395000
b10 ;
1>
0=
0Y
0N
b11 )
b11 7
1P
0O
1R
1U
0S
0M
1L
b1 d
1z
b1 <
1-
#19400000
0-
b100 +
b100 5
12
b11110010011 3
#19405000
b11 ;
0>
1M
1S
0T
0U
b0 )
b0 7
0P
1?
b10 <
1-
#19410000
0-
0,
b11100 +
b11100 5
b11110010100 3
#19415000
b0 ;
1@
0?
0R
b1 )
b1 7
1T
1K
b11 <
1-
#19420000
0-
1,
b10111110 +
b10111110 5
02
b11110010101 3
#19425000
b1 ;
0S
1U
1R
1J
0@
1=
1X
b0 <
1-
#19430000
0-
b10111001 +
b10111001 5
00
b11110010110 3
#19435000
b10 ;
1>
0X
1W
0=
0U
b0 )
b0 7
0T
0L
b10 d
0o
1{
0"
0y
b1 <
1-
#19440000
0-
b1101110 +
b1101110 5
b11110010111 3
#19445000
b11 ;
0>
0F
0M
0R
1?
b10 <
1-
#19450000
0-
0,
b11010100 +
b11010100 5
0.
b11110011000 3
#19455000
b0 ;
1X
1@
0?
0K
b11 <
1-
#19460000
0-
b10011111 +
b10011111 5
11
12
b11110011001 3
#19465000
b1 ;
1S
1O
0J
0@
1=
b0 <
1-
#19470000
0-
b10011110 +
b10011110 5
01
1.
b11110011010 3
#19475000
b10 ;
1>
0W
0=
1Y
1P
0O
b11 )
b11 7
1T
b1 |
b11 d
1o
0#
0x
1$
1w
b1 <
1-
#19480000
0-
1,
b111100 +
b111100 5
0.
b11110011011 3
#19485000
b11 ;
0>
1U
1R
b1 )
b1 7
0P
1?
b10 <
b0 |
1-
#19490000
0-
b1111110 +
b1111110 5
11
02
10
1.
b11110011100 3
#19495000
b0 ;
0X
1@
0?
1O
0S
1L
b11 <
1-
#19500000
0-
b110100 +
b110100 5
01
12
00
b11110011101 3
#19505000
b1 ;
0L
1M
1S
0T
0U
0O
b10 )
b10 7
1P
0@
1=
b0 <
1-
#19510000
0-
b1111010 +
b1111010 5
11
10
b11110011110 3
#19515000
b10 ;
1>
0=
0Y
0P
1O
0R
b1 )
b1 7
1T
0M
1L
b100 d
0o
1#
1x
0$
0w
b1 <
1-
#19520000
0-
0,
b10110110 +
b10110110 5
01
00
0.
b11110011111 3
#19525000
b11 ;
0>
0L
1M
1U
1R
0O
b11 )
b11 7
1P
1?
1X
b10 <
1-
#19530000
0-
1,
b1001111 +
b1001111 5
11
02
b11110100000 3
#19535000
b0 ;
0X
1@
0?
b1 )
b1 7
0P
1O
0S
0M
b11 <
1-
#19540000
0-
b10010100 +
b10010100 5
10
b11110100001 3
#19545000
b1 ;
1L
0T
0U
b10 )
b10 7
1P
0@
1=
b0 <
1-
#19550000
0-
0,
b1111010 +
b1111010 5
00
1.
b11110100010 3
#19555000
b10 ;
1>
0=
1N
1Q
0R
1M
0L
b101 d
1o
0#
0x
1$
1w
b1 <
1-
#19560000
0-
b11001000 +
b11001000 5
01
12
b11110100011 3
#19565000
b11 ;
0>
0M
1S
0O
1?
b10 <
1-
#19570000
0-
1,
b100 +
b100 5
11
b11110100100 3
#19575000
b0 ;
1@
0?
0Q
0P
1O
b1 )
b1 7
1T
b11 <
1-
#19580000
0-
b10110100 +
b10110100 5
0.
b11110100101 3
#19585000
b1 ;
1U
1R
b11 )
b11 7
1P
0N
0@
1=
b0 <
1-
#19590000
0-
0,
b1001100 +
b1001100 5
01
1.
b11110100110 3
#19595000
b10 ;
1>
0=
1N
1Q
0O
b110 d
0o
1#
1x
0$
0w
b1 <
1-
#19600000
0-
1,
b10001 +
b10001 5
0.
b11110100111 3
#19605000
b11 ;
0>
b1 )
b1 7
0P
0Q
1?
b10 <
1-
#19610000
0-
0,
b10101000 +
b10101000 5
1.
b11110101000 3
#19615000
b0 ;
1@
0?
0N
b11 <
1-
#19620000
0-
1,
b101001 +
b101001 5
11
02
10
0.
b11110101001 3
#19625000
b1 ;
1L
0S
1O
0@
1=
b0 <
1-
#19630000
0-
b10011 +
b10011 5
00
1.
b11110101010 3
#19635000
b10 ;
1>
0=
1P
0U
b10 )
b10 7
0T
1M
0L
b111 d
1o
0#
0x
1$
1w
b1 <
1-
#19640000
0-
0,
b1010101 +
b1010101 5
01
10
0.
b11110101011 3
#19645000
b10 l
1i
1v
b11 ;
0>
1p
1q
1L
0M
0R
0O
1Q
1N
1?
b10 <
1-
#19650000
0-
b10111111 +
b10111111 5
11
12
00
b11110101100 3
#19655000
0i
0v
b0 ;
1@
0?
0Q
b0 )
b0 7
0P
1O
1S
1M
0L
1r
1h
b10 s
b11 <
1-
#19660000
0-
1,
b1001101 +
b1001101 5
01
02
1.
b11110101101 3
#19665000
b1 ;
0h
b1001101 f
0M
0S
1T
0O
b11 )
b11 7
1P
0N
0@
1=
b0 <
1-
#19670000
0-
b11000111 +
b11000111 5
12
10
0.
b11110101110 3
#19675000
b10 ;
1>
1X
0=
1Y
0P
b0 )
b0 7
0T
1S
1L
b1001101 g
b0 d
b1 m
1n
0o
1#
1x
0$
0w
b1 <
1-
#19680000
0-
b1010001 +
b1010001 5
02
00
b11110101111 3
#19685000
b11 ;
0>
0q
0L
1M
0S
b1 )
b1 7
1T
1?
b10 <
1-
#19690000
0-
0,
b11010001 +
b11010001 5
11
12
b11110110000 3
#19695000
b0 ;
1@
0?
1O
b0 )
b0 7
0T
1S
0M
0r
b11 <
1-
#19700000
0-
b10111000 +
b10111000 5
10
1.
b11110110001 3
#19705000
b1 ;
1L
1T
b11 )
b11 7
1P
0@
1=
b0 <
1-
#19710000
0-
b11101000 +
b11101000 5
01
00
0.
b11110110010 3
#19715000
b10 ;
1>
0=
1N
1Q
0O
1R
1U
1M
0L
b1 d
b10 m
0#
0x
b1 <
1-
#19720000
0-
b11100101 +
b11100101 5
11
02
b11110110011 3
#19725000
b11 ;
0>
0p
0M
0S
1O
b1 )
b1 7
0P
0Q
1?
0X
b10 <
1-
#19730000
0-
b1001110 +
b1001110 5
12
1.
b11110110100 3
#19735000
b0 ;
1@
0?
0N
1P
0U
b10 )
b10 7
0T
1S
b11 <
1-
#19740000
0-
1,
b101011 +
b101011 5
01
02
10
0.
b11110110101 3
#19745000
b1 ;
1L
0S
b11 )
b11 7
1T
0R
0O
1Q
1N
0@
1=
b0 <
1-
#19750000
0-
b10011001 +
b10011001 5
11
12
00
1.
b11110110110 3
#19755000
b10 ;
1>
0=
0Y
0Q
0P
1O
b0 )
b0 7
0T
1S
1M
0L
b10 d
b0 m
0n
1$
1w
b1 <
1-
#19760000
0-
b10101110 +
b10101110 5
01
b11110110111 3
#19765000
b11 ;
0>
1p
0M
1T
0O
b11 )
b11 7
1P
0N
1?
b10 <
1-
#19770000
0-
0,
b11011010 +
b11011010 5
11
b11110111000 3
#19775000
b0 ;
1X
1@
0?
b1 )
b1 7
0P
1O
1R
1U
b11 <
1-
#19780000
0-
1,
b11000111 +
b11000111 5
01
02
10
b11110111001 3
#19785000
b1 ;
1L
0S
0O
b11 )
b11 7
1P
0@
1=
0X
b0 <
1-
#19790000
0-
b11010 +
b11010 5
12
b11110111010 3
#19795000
b10 ;
1>
0=
0P
0U
b0 )
b0 7
0T
1S
1M
b11 d
b1 m
1n
1o
b1 <
1-
#19800000
0-
b11101111 +
b11101111 5
00
0.
b11110111011 3
#19805000
b11 ;
0>
0L
1K
b1 )
b1 7
1T
0R
1?
b10 <
1-
#19810000
0-
0,
b11110111 +
b11110111 5
10
1.
b11110111100 3
#19815000
b0 ;
1X
1@
0?
1J
1R
1U
0M
1L
b11 <
1-
#19820000
0-
b10111000 +
b10111000 5
02
00
b11110111101 3
#19825000
b1 ;
0L
1M
0S
0@
1=
0X
b0 <
1-
#19830000
0-
b10100000 +
b10100000 5
11
12
10
b11110111110 3
#19835000
b10 ;
1>
1W
0=
1O
0U
b0 )
b0 7
0T
1S
0M
1L
b100 d
b10 m
1#
1x
0$
0w
b1 <
1-
#19840000
0-
1,
b11100111 +
b11100111 5
02
00
0.
b11110111111 3
#19845000
b11 ;
0>
0p
0L
1M
0S
1T
0R
b11 )
b11 7
1P
1?
b10 <
1-
#19850000
0-
b1010 +
b1010 5
01
12
b11111000000 3
#19855000
b0 ;
1X
1@
0?
1N
1Q
0O
b10 )
b10 7
0T
1S
0M
b11 <
1-
#19860000
0-
0,
b101100 +
b101100 5
b11111000001 3
#19865000
b1 ;
0K
1T
b1 )
b1 7
0P
0Q
0@
1=
0X
b0 <
1-
#19870000
0-
1,
b10001100 +
b10001100 5
02
10
b11111000010 3
#19875000
b10 ;
1>
0W
0=
0J
0N
1R
1U
0S
1L
b101 d
b0 m
0n
b1 <
1-
#19880000
0-
0,
b10000000 +
b10000000 5
11
12
b11111000011 3
#19885000
b11 ;
0>
1M
1S
b0 )
b0 7
0T
0U
1O
1?
b10 <
1-
#19890000
0-
1,
b11001000 +
b11001000 5
01
02
b11111000100 3
#19895000
b0 ;
1@
0?
1P
0O
0R
b11 )
b11 7
1T
0S
1K
b11 <
1-
#19900000
0-
b10111011 +
b10111011 5
11
00
b11111000101 3
#19905000
b1 ;
0L
0T
1O
b0 )
b0 7
0P
1J
0@
1=
1X
b0 <
1-
#19910000
0-
0,
b1010 +
b1010 5
01
12
1.
b11111000110 3
#19915000
b10 ;
1>
1W
0=
1Y
b10 )
b10 7
1P
0O
1S
0M
b1 |
b110 d
0o
b1 <
1-
#19920000
0-
1,
b1100000 +
b1100000 5
11
10
b11111000111 3
#19925000
b11 ;
0>
1p
1L
0K
1T
1O
b1 )
b1 7
0P
1?
b10 <
b0 |
1-
#19930000
0-
b0 +
b0 5
02
00
b11111001000 3
#19935000
b0 ;
1@
0?
0J
b11 )
b11 7
1P
1R
1U
0S
1M
0L
b11 <
1-
#19940000
0-
b100111 +
b100111 5
12
10
b11111001001 3
#19945000
b1 ;
1L
0M
1S
b10 )
b10 7
0T
0U
1Q
1N
0@
1=
0X
b0 <
1-
#19950000
0-
0,
b10 +
b10 5
01
00
0.
b11111001010 3
#19955000
b10 ;
1>
0W
0=
0Y
0O
0R
b11 )
b11 7
1T
1M
0L
b111 d
b1 m
1n
1o
0#
0x
b1 <
1-
#19960000
0-
1,
b1011011 +
b1011011 5
b11111001011 3
#19965000
b11 l
1j
b11 ;
0>
0p
1q
0M
1U
1R
b1 )
b1 7
0P
0Q
1?
b10 <
1-
#19970000
0-
b10111101 +
b10111101 5
02
1.
b11111001100 3
#19975000
0j
b0 ;
1@
0?
0N
0S
1r
1_
b11 s
b11 <
1-
#19980000
0-
0,
b1111010 +
b1111010 5
11
12
10
b11111001101 3
#19985000
b1 ;
1L
1S
b0 )
b0 7
0T
0U
1O
0@
1=
b0 <
1-
#19990000
0-
b1111000 +
b1111000 5
01
02
b11111001110 3
#19995000
b10 ;
1>
0=
1P
0O
0R
b11 )
b11 7
1T
0S
1M
b1 |
b0 d
b0 m
0n
1`
1#
1x
b1 <
1-
#20000000
0-
b1000010 +
b1000010 5
11
b11111001111 3
#20005000
b11 ;
0>
1p
0q
1K
0T
1O
b0 )
b0 7
0P
1?
1X
b10 <
b0 |
1-
#20010000
0-
b11010111 +
b11010111 5
12
0.
b11111010000 3
#20015000
b0 ;
1@
0?
1J
b10 )
b10 7
1P
1S
0r
b11 <
1-
#20020000
0-
b10001010 +
b10001010 5
01
02
00
b11111010001 3
#20025000
b1 ;
0L
0S
b11 )
b11 7
1T
0O
1Q
1N
0@
1=
b0 <
1-
#20030000
0-
1,
b1000001 +
b1000001 5
10
1.
b11111010010 3
#20035000
b10 ;
1>
0X
1W
0=
0Q
0P
b0 )
b0 7
0T
0M
1L
b1 d
b1 m
1n
0o
1a
b1 <
1-
#20040000
0-
b10111 +
b10111 5
11
b11111010011 3
#20045000
b11 ;
0>
0p
1M
1O
0N
1?
b10 <
0_
1-
#20050000
0-
0,
b11010111 +
b11010111 5
01
00
0.
b11111010100 3
#20055000
b0 ;
1X
1@
0?
b10 )
b10 7
1P
0O
0L
b11 <
1-
#20060000
0-
1,
11
12
b11111010101 3
#20065000
b1 ;
0M
1S
1O
b0 )
b0 7
0P
0@
1=
b0 <
1-
#20070000
0-
b11101 +
b11101 5
02
10
1.
b11111010110 3
#20075000
b100 l
b10 ;
1>
0=
1Y
1P
b11 )
b11 7
1T
0S
0K
1L
b1 |
b10 d
b0 m
0n
0`
1b
0#
0x
1$
1w
b1 <
1-
#20080000
0-
b10011011 +
b10011011 5
12
00
0.
b11111010111 3
#20085000
b11 ;
0>
1p
0L
1M
1S
b10 )
b10 7
0T
1Q
1N
0J
1?
b10 <
b100 s
0t
b0 |
1-
#20090000
0-
0,
b1000010 +
b1000010 5
01
b11111011000 3
#20095000
b0 ;
0X
1@
0?
0O
b11 )
b11 7
1T
0M
b11 <
1-
#20100000
0-
b11010000 +
b11010000 5
11
10
b11111011001 3
#20105000
b1 ;
1L
1U
1R
1O
b1 )
b1 7
0P
0Q
0@
1=
b0 <
1-
#20110000
0-
b110001 +
b110001 5
00
1.
b11111011010 3
#20115000
b10 ;
1>
0W
0=
0Y
0N
b11 )
b11 7
1P
1M
0L
0u
b11 d
b1 m
1n
1o
0a
1c
0$
0w
b1 <
1-
#20120000
0-
1,
b1000010 +
b1000010 5
01
02
10
b11111011011 3
#20125000
b11 ;
0>
0p
1L
0M
0S
0O
1Q
1N
1?
b10 <
b0 m
b0 d
1e
1-
#20130000
0-
0,
b1000011 +
b1000011 5
12
00
0.
b11111011100 3
#20135000
b0 ;
1@
0?
0Q
0P
0U
b0 )
b0 7
0T
1S
1M
0L
0e
b11 <
1-
#20140000
0-
b1110001 +
b1110001 5
b11111011101 3
#20145000
b1 ;
0M
b1 )
b1 7
1T
0R
0N
0@
1=
b0 <
1-
#20150000
0-
b11011101 +
b11011101 5
b11111011110 3
#20155000
b10 ;
1>
1X
0=
1Y
1R
1U
0n
0b
0z
1#
1x
1$
1w
b1 <
1-
#20160000
0-
1,
b10000000 +
b10000000 5
11
b11111011111 3
#20165000
b11 ;
0>
1O
1?
0X
b10 <
1e
1-
#20170000
0-
b10110000 +
b10110000 5
10
b11111100000 3
#20175000
b0 ;
1@
0?
b11 )
b11 7
1P
1L
b11 <
1-
#20180000
0-
0,
b1000100 +
b1000100 5
01
02
b11111100001 3
#20185000
b1 ;
b101 l
1M
0S
0O
1Q
1N
0@
1=
b0 <
0e
1-
#20190000
b101 l
0-
1,
b11111001 +
b11111001 5
11
12
b11111100010 3
#20195000
b10 ;
1>
0=
0Y
0Q
0P
1O
0U
b0 )
b0 7
0T
1S
1K
1e
0c
0{
0$
0w
b101 s
b1 <
1-
#20200000
0-
0,
b1111110 +
b1111110 5
02
b11111100011 3
#20205000
b11 ;
0>
0S
1T
0R
b11 )
b11 7
1P
0N
1J
1?
b10 <
0e
1-
#20210000
0-
b1110111 +
b1110111 5
01
b11111100100 3
#20215000
b0 ;
1X
1@
0?
1N
1Q
0O
b10 )
b10 7
0T
b11 <
1-
#20220000
0-
1,
b11000101 +
b11000101 5
00
b11111100101 3
#20225000
b1 ;
b0 l
0L
b0 )
b0 7
0P
0Q
0@
1=
0X
b0 <
1e
1-
#20230000
0-
b1101100 +
b1101100 5
12
10
b11111100110 3
#20235000
b1 l
1k
b10 ;
1>
1W
0=
0N
1S
0M
1L
b1 |
1"
1y
b0 s
b1 <
1-
#20240000
0k
b0 l
0-
0,
b101010 +
b101010 5
11
b11111100111 3
#20245000
b11 ;
0>
1F
1M
b1 )
b1 7
1T
1O
1?
1X
b10 <
0e
1-
#20250000
b1 l
1k
0-
1,
b1100110 +
b1100110 5
b11111101000 3
#20255000
0k
b0 ;
1@
0?
b11 )
b11 7
1P
1R
1U
b10000000 f
b0 |
1t
1e
b1 s
b11 <
1-
#20260000
0-
b11111 +
b11111 5
00
b11111101001 3
#20265000
b1 ;
b10000000 g
0L
1Q
1N
0@
1=
0X
b0 <
1-
#20270000
0-
b100100 +
b100100 5
02
10
1.
b11111101010 3
#20275000
b10 ;
1>
0=
0S
0M
1L
1u
b1 <
1-
#20280000
0-
0,
b10100110 +
b10100110 5
00
0.
b11111101011 3
#20285000
b11 ;
0>
0L
1M
b10 )
b10 7
0T
0U
1?
b10 <
0e
1-
#20290000
0-
b1010010 +
b1010010 5
10
b11111101100 3
#20295000
b0 ;
1@
0?
0R
0M
1L
b11 <
1-
#20300000
0-
1,
b1001111 +
b1001111 5
00
b11111101101 3
#20305000
b1 A
b1 ;
0L
1M
0@
1=
b0 <
1-
#20310000
0-
0,
b1110001 +
b1110001 5
01
b11111101110 3
#20315000
b10 ;
1>
0=
0O
0M
b1 d
1z
b1 <
b1 B
1-
#20320000
0-
1,
b11001 +
b11001 5
1.
b11111101111 3
#20325000
b0 ;
0>
0K
b0 )
b0 7
0P
0Q
1?
b10 <
1-
#20330000
0-
0,
b10100100 +
b10100100 5
11
b11111110000 3
#20335000
b1 ;
1@
0?
0J
0N
1O
b0 <
1-
#20340000
0-
b10100110 +
b10100110 5
0.
b11111110001 3
#20345000
b10 ;
1>
b10 )
b10 7
1P
0@
1=
1X
b1 <
1-
#20350000
0-
b10111101 +
b10111101 5
01
10
1.
b11111110010 3
#20355000
b11 ;
0>
0W
0=
1?
1Y
1N
1Q
0O
1L
b10 d
0o
1{
0"
0y
b10 <
1-
#20360000
0-
b11100101 +
b11100101 5
b11111110011 3
#20365000
b0 ;
0F
1M
b0 )
b0 7
0P
0Q
0?
1@
0X
b11 <
1-
#20370000
0-
b111110 +
b111110 5
00
b11111110100 3
#20375000
b1 ;
1=
0@
0N
1K
0L
b0 <
1-
#20380000
0-
1,
b10100111 +
b10100111 5
12
0.
b11111110101 3
#20385000
b10 ;
1>
0M
1S
1J
0=
1W
1X
b1 <
0#
0x
1o
b11 d
b1 |
1-
#20390000
0-
b10100101 +
b10100101 5
1.
b11111110110 3
#20395000
b11 ;
0>
1?
b1 )
b1 7
1T
0K
b10 <
1-
#20400000
0-
b110001 +
b110001 5
02
10
b11111110111 3
#20405000
b0 ;
1L
0S
1U
1R
0J
0?
1@
b11 <
b0 |
1-
#20410000
0-
0,
b11000101 +
b11000101 5
0.
b11111111000 3
#20415000
b1 ;
0X
1=
0@
0U
b0 )
b0 7
0T
1M
b0 <
1-
#20420000
0-
1,
b1001100 +
b1001100 5
11
12
00
b11111111001 3
#20425000
b10 ;
1>
0L
1K
1S
0R
1O
0Y
0=
0W
b1 <
1#
1x
0o
b100 d
b1 |
1-
#20430000
0-
0,
b1110010 +
b1110010 5
02
b11111111010 3
#20435000
b11 ;
0>
1X
1?
1J
1P
b11 )
b11 7
1T
0S
0M
b10 <
1-
#20440000
0-
b11100000 +
b11100000 5
01
12
10
b11111111011 3
#20445000
b0 ;
1L
0K
1S
b10 )
b10 7
0T
0O
1Q
1N
0?
1@
b11 <
b0 |
1-
#20450000
0-
b1001100 +
b1001100 5
11
02
00
b11111111100 3
#20455000
b0 A
1\
b1 ;
0X
1=
0@
0J
0Q
0P
1O
b1 )
b1 7
1T
0S
1M
0L
b0 <
1-
#20460000
0-
b10100011 +
b10100011 5
01
b11111111101 3
#20465000
1'
0\
b10 ;
1>
1[
0M
0T
0O
b10 )
b10 7
1P
0N
0=
b0 B
b1 <
0#
0x
1o
b101 d
1-
#20470000
0-
1,
b11110001 +
b11110001 5
12
1.
b11111111110 3
#20475000
0'
b11 ;
0>
1X
1?
b0 )
b0 7
0P
1S
0[
b10 <
1-
#20480000
0-
0,
b11011101 +
b11011101 5
11
02
10
b11111111111 3
#20485000
b0 ;
1L
0S
b1 )
b1 7
1T
1O
0?
1@
b11 <
1-
#20490000
0-
b1011011 +
b1011011 5
00
0.
b100000000000 3
#20495000
b1 ;
1=
0@
1P
b10 )
b10 7
0T
1M
0L
b0 <
1-
#20500000
0-
b11010010 +
b11010010 5
01
12
1.
b100000000001 3
#20505000
b10 ;
1>
0M
1S
0O
1Q
1N
1Y
0=
b1 <
1#
1x
0o
b110 d
1-
#20510000
0-
1,
b10110000 +
b10110000 5
02
b100000000010 3
#20515000
b11 ;
0>
0X
1?
0Q
0P
b1 )
b1 7
1T
0S
b10 <
1-
#20520000
0-
b11010000 +
b11010000 5
11
12
0.
b100000000011 3
#20525000
b0 ;
1S
b0 )
b0 7
0T
1O
0N
0?
1@
b11 <
1-
#20530000
0-
0,
b1011001 +
b1011001 5
10
b100000000100 3
#20535000
b1 ;
1X
1=
0@
1P
b11 )
b11 7
1T
1L
b0 <
1-
#20540000
0-
b1110110 +
b1110110 5
01
02
00
1.
b100000000101 3
#20545000
b10 ;
1>
0L
1M
0S
1U
1R
0O
1Q
1N
0=
b1 <
1$
1w
0#
0x
1o
b111 d
1-
#20550000
0-
b10010001 +
b10010001 5
10
0.
b100000000110 3
#20555000
b10 l
1i
1v
b11 ;
0>
0X
1?
0Q
0P
0U
b0 )
b0 7
0T
0M
1L
1q
1p
b10 <
1-
#20560000
1i
1v
b10 l
0-
1,
b101100 +
b101100 5
12
00
b100000000111 3
#20565000
b0 ;
0i
0v
1h
1r
0L
1M
1S
0R
0N
0?
1@
b11 <
b10 s
1%
1^
1-
#20570000
0-
b1010011 +
b1010011 5
11
02
10
1.
b100000001000 3
#20575000
b1 ;
1X
1=
0@
1O
b1 )
b1 7
1T
0S
0M
1L
b1010011 f
0h
0%
0^
b0 <
1-
#20580000
0-
b1100101 +
b1100101 5
01
b100000001001 3
#20585000
b10 ;
1>
b1010011 g
1M
0T
0O
b10 )
b10 7
1P
0=
b1 <
0$
0w
1#
1x
0o
1n
b1 m
b0 d
1-
#20590000
0-
b11001001 +
b11001001 5
00
b100000001010 3
#20595000
b11 ;
0>
1?
b0 )
b0 7
0P
1K
0L
0q
b10 <
1-
#20600000
0-
0,
b10100011 +
b10100011 5
12
10
0.
b100000001011 3
#20605000
b0 ;
0r
1L
0M
1S
1J
0?
1@
b11 <
1-
#20610000
0-
b101001 +
b101001 5
00
b100000001100 3
#20615000
b1 ;
1=
0@
b1 )
b1 7
1T
1M
0L
b0 <
1-
#20620000
0-
b11010000 +
b11010000 5
11
b100000001101 3
#20625000
b10 ;
1>
0M
1U
1R
1O
0=
1W
b1 <
0#
0x
b10 m
b1 d
1-
#20630000
0-
1,
b110010 +
b110010 5
01
02
10
b100000001110 3
#20635000
b11 ;
0>
0X
1?
b11 )
b11 7
1P
0O
0S
0K
1L
b10 <
1-
#20640000
0-
b11110100 +
b11110100 5
b100000001111 3
#20645000
b0 ;
1M
0T
0U
b0 )
b0 7
0P
0J
0?
1@
b11 <
1-
#20650000
0-
b10011 +
b10011 5
12
b100000010000 3
#20655000
b1 ;
1=
0@
0R
1S
1K
b0 <
1-
#20660000
0-
b11000010 +
b11000010 5
02
b100000010001 3
#20665000
b10 ;
1>
0S
b1 )
b1 7
1T
1J
0=
1X
b1 <
b11 m
b10 d
b1 |
1-
#20670000
0-
b1100 +
b1100 5
00
1.
b100000010010 3
#20675000
b11 ;
0>
1?
b0 )
b0 7
0T
0L
0p
b0 |
b10 <
1-
#20680000
0-
0,
b11101 +
b11101 5
10
b100000010011 3
#20685000
b0 ;
1L
0M
0?
1@
b11 <
1-
#20690000
0-
b10001100 +
b10001100 5
12
00
b100000010100 3
#20695000
b1 ;
1=
0@
1S
1M
0L
b0 <
1-
#20700000
0-
b1 +
b1 5
10
b100000010101 3
#20705000
b10 ;
1>
1L
0M
b1 )
b1 7
1T
0=
b1 <
1$
1w
0n
b0 m
b11 d
b1 |
1-
#20710000
0-
1,
b10001 +
b10001 5
00
b100000010110 3
#20715000
b11 ;
0>
1?
1R
1U
1M
0L
b0 |
b10 <
1-
#20720000
0-
b11101110 +
b11101110 5
11
02
b100000010111 3
#20725000
b0 ;
0M
0S
1O
0?
1@
0X
b11 <
1-
#20730000
0-
0,
b10011011 +
b10011011 5
b100000011000 3
#20735000
b1 ;
1=
0@
1P
0U
b10 )
b10 7
0T
0K
b0 <
1-
#20740000
0-
b1010001 +
b1010001 5
12
10
b100000011001 3
#20745000
b10 ;
1>
1L
1S
0R
1Q
1N
0Y
0J
0=
0W
b1 <
1o
b100 d
1-
#20750000
0-
b11101110 +
b11101110 5
01
02
b100000011010 3
#20755000
b11 ;
0>
1?
0O
b11 )
b11 7
1T
0S
1M
1p
b10 <
1-
#20760000
0-
1,
b11110111 +
b11110111 5
0.
b100000011011 3
#20765000
b0 ;
1K
0T
b0 )
b0 7
0P
0Q
0?
1@
b11 <
1-
#20770000
0-
b1111010 +
b1111010 5
11
b100000011100 3
#20775000
b1 ;
1=
0@
1J
0N
1O
b0 <
1-
#20780000
0-
b10100 +
b10100 5
b100000011101 3
#20785000
b10 ;
1>
b10 )
b10 7
1P
1Y
0=
1W
1X
b1 <
0$
0w
1#
1x
0o
1n
b1 m
b101 d
b1 |
1-
#20790000
0-
0,
b11111 +
b11111 5
01
12
00
1.
b100000011110 3
#20795000
b11 ;
0>
1?
1N
1Q
0O
1S
0L
0p
b0 |
b10 <
1-
#20800000
0-
b11011100 +
b11011100 5
b100000011111 3
#20805000
b0 ;
0M
1T
b1 )
b1 7
0P
0Q
0?
1@
0X
b11 <
1-
#20810000
0-
b10100011 +
b10100011 5
0.
b100000100000 3
#20815000
b1 ;
1=
0@
0N
1R
1U
0K
b0 <
1-
#20820000
0-
1,
b1001001 +
b1001001 5
11
1.
b100000100001 3
#20825000
b10 ;
1>
1O
0Y
0J
0=
0W
b1 <
1$
1w
0#
0x
0n
b0 m
b110 d
1-
#20830000
0-
0,
b100011 +
b100011 5
01
02
10
b100000100010 3
#20835000
b11 ;
0>
1?
b11 )
b11 7
1P
0O
0S
1L
1p
b10 <
1-
#20840000
0-
1,
b1 +
b1 5
11
12
b100000100011 3
#20845000
b0 ;
1M
1S
0T
0U
1O
b0 )
b0 7
0P
0?
1@
b11 <
1-
#20850000
0-
0,
b110101 +
b110101 5
00
0.
b100000100100 3
#20855000
b1 ;
1=
0@
1P
0R
b11 )
b11 7
1T
1K
0L
b0 <
1-
#20860000
0-
1,
b11110001 +
b11110001 5
01
02
10
1.
b100000100101 3
#20865000
b10 ;
1>
1L
0M
0S
1U
1R
0O
1Q
1N
1Y
1J
0=
1W
1X
b1 <
1o
1n
b1 m
b111 d
1-
#20870000
0-
0,
b11100 +
b11100 5
12
b100000100110 3
#20875000
b11 l
1j
b11 ;
0>
0X
1?
0Q
0P
0U
b0 )
b0 7
0T
1S
1M
1q
0p
b10 <
1-
#20880000
0-
b10100010 +
b10100010 5
11
02
00
0.
b100000100111 3
#20885000
b0 ;
0j
1r
0L
0S
b1 )
b1 7
1T
0R
1O
0N
0?
1@
b11 <
b11 s
1_
1-
#20890000
0-
1,
b10111111 +
b10111111 5
01
10
b100000101000 3
#20895000
b1 ;
1X
1=
0@
1P
0O
b10 )
b10 7
0T
0M
1L
b0 <
1-
#20900000
0-
b11001110 +
b11001110 5
00
b100000101001 3
#20905000
b10 ;
1>
0L
1M
b0 )
b0 7
0P
0=
b1 <
0$
0w
1#
1x
1`
0n
b0 m
b0 d
1-
#20910000
0-
0,
b11000001 +
b11000001 5
12
b100000101010 3
#20915000
b11 ;
0>
1?
1S
0M
0q
1p
b10 <
1-
#20920000
0-
b111111 +
b111111 5
1.
b100000101011 3
#20925000
b0 ;
0r
0K
b1 )
b1 7
1T
0?
1@
b11 <
1-
#20930000
0-
1,
b1101001 +
b1101001 5
11
b100000101100 3
#20935000
b1 ;
1=
0@
0J
1O
1R
1U
b0 <
1-
#20940000
0-
0,
b10000001 +
b10000001 5
10
0.
b100000101101 3
#20945000
b10 ;
1>
1L
b11 )
b11 7
1P
0Y
0=
0W
0X
b1 <
1a
0o
1n
b1 m
b1 d
1-
#20950000
0-
b10111011 +
b10111011 5
00
b100000101110 3
#20955000
b11 ;
0>
1?
1N
1Q
1M
0L
0_
b10 <
1-
#20960000
0-
b1101101 +
b1101101 5
10
b100000101111 3
#20965000
b0 ;
1L
0M
0?
1@
b11 <
1-
#20970000
0-
1,
b1111011 +
b1111011 5
02
1.
b100000110000 3
#20975000
b1 ;
1=
0@
0S
1M
b0 <
1-
#20980000
0-
b10010 +
b10010 5
12
00
b100000110001 3
#20985000
b10 ;
1>
b100 l
0L
1K
1S
b10 )
b10 7
0T
0U
0=
b1 <
1$
1w
0#
0x
1b
0`
b10 m
b10 d
1-
#20990000
0-
b1011111 +
b1011111 5
10
b100000110010 3
#20995000
b11 ;
0>
1?
1J
0R
b11 )
b11 7
1T
0M
1L
0p
0t
b100 s
b10 <
1-
#21000000
0-
b1011 +
b1011 5
01
02
b100000110011 3
#21005000
b0 ;
1M
0S
1U
1R
0O
0?
1@
b11 <
1e
1-
#21010000
0-
0,
b1001010 +
b1001010 5
11
12
0.
b100000110100 3
#21015000
b1 ;
1=
0@
0Q
0P
1O
0U
b0 )
b0 7
0T
1S
0e
b0 <
1-
#21020000
0-
b11001000 +
b11001000 5
02
00
b100000110101 3
#21025000
b10 ;
1>
0L
0S
1T
0R
b11 )
b11 7
1P
0N
0=
1W
b1 <
1c
0a
0n
b0 m
b11 d
0u
b1 |
1-
#21030000
0-
b11000010 +
b11000010 5
b100000110110 3
#21035000
b11 ;
0>
1X
1?
1N
1Q
b10 )
b10 7
0T
0M
b0 |
b0 d
1o
b10 <
1-
#21040000
0-
b11001101 +
b11001101 5
12
1.
b100000110111 3
#21045000
b0 ;
0K
1S
0?
1@
0X
b11 <
1-
#21050000
0-
b1111100 +
b1111100 5
10
0.
b100000111000 3
#21055000
b1 ;
1=
0@
0J
b11 )
b11 7
1T
1L
b0 <
1-
#21060000
0-
1,
b1110011 +
b1110011 5
01
00
1.
b100000111001 3
#21065000
b10 ;
1>
0L
1M
1U
1R
0O
0=
0W
b1 <
0$
0w
0z
0b
1e
1-
#21070000
0-
0,
b110110 +
b110110 5
02
10
b100000111010 3
#21075000
b11 ;
0>
1?
0Q
b1 )
b1 7
0P
0S
0M
1L
0e
b10 <
1-
#21080000
0-
b110100 +
b110100 5
11
00
0.
b100000111011 3
#21085000
b0 ;
0L
1M
b0 )
b0 7
0T
0U
1O
0N
0?
1@
b11 <
1-
#21090000
0-
b10110110 +
b10110110 5
1.
b100000111100 3
#21095000
b101 l
b1 ;
1=
0@
b10 )
b10 7
1P
0R
0M
b0 <
1-
#21100000
b101 l
0-
1,
b111 +
b111 5
01
12
10
0.
b100000111101 3
#21105000
b10 ;
1>
1L
1S
0O
1Q
1N
1Y
0=
1X
b1 <
b101 s
1#
1x
0{
0c
1e
1-
#21110000
0-
b100101 +
b100101 5
11
02
1.
b100000111110 3
#21115000
b11 ;
0>
0X
1?
0Q
0P
1O
b1 )
b1 7
1T
0S
1M
b10 <
1-
#21120000
0-
0,
b11011000 +
b11011000 5
01
00
b100000111111 3
#21125000
b0 ;
0L
1K
0T
0O
b10 )
b10 7
1P
0N
0?
1@
b11 <
0e
1-
#21130000
0-
1,
b10100001 +
b10100001 5
10
0.
b100001000000 3
#21135000
b0 l
b1 ;
1X
1=
0@
1J
b0 )
b0 7
0P
0M
1L
1e
b0 <
1-
#21140000
b0 l
0-
0,
b10011110 +
b10011110 5
11
00
b100001000001 3
#21145000
b10 ;
1>
0L
1M
1O
0=
1W
b1 <
b0 s
1"
1y
0e
b1 |
1-
#21150000
0-
b1000010 +
b1000010 5
1.
b100001000010 3
#21155000
b11 ;
0>
1?
b10 )
b10 7
1P
0M
1F
b10 <
1-
#21160000
b1 l
1k
0-
1,
b11111 +
b11111 5
10
0.
b100001000011 3
#21165000
b0 ;
0k
b10000000 f
1L
0K
1Q
1N
0?
1@
b11 <
b1 s
1e
1t
b0 |
1-
#21170000
0-
0,
b1010110 +
b1010110 5
01
00
1.
b100001000100 3
#21175000
b1 ;
0X
1=
0@
0J
0O
1M
0L
b10000000 g
0e
b0 <
1-
#21180000
0-
1,
b11011101 +
b11011101 5
10
b100001000101 3
#21185000
b10 ;
1>
1L
0M
b0 )
b0 7
0P
0Q
0Y
0=
0W
b1 <
1u
1-
#21190000
0-
0,
b101011 +
b101011 5
11
00
0.
b100001000110 3
#21195000
b11 ;
0>
1?
0N
1O
1M
0L
b10 <
1-
#21200000
0-
1,
b1001001 +
b1001001 5
01
10
b100001000111 3
#21205000
b0 ;
1L
0M
0O
b10 )
b10 7
1P
0?
1@
1X
b11 <
1-
#21210000
0-
b100011 +
b100011 5
11
1.
b100001001000 3
#21215000
b1 ;
1=
0@
b0 )
b0 7
0P
1O
1M
b0 <
1-
#21220000
0-
0,
b10101110 +
b10101110 5
01
0.
b100001001001 3
#21225000
b11 ;
1>
1K
0O
b10 )
b10 7
1P
1Y
0=
b1 <
1z
b1 d
b1 |
1-
#21230000
0-
1,
b1011101 +
b1011101 5
b100001001010 3
#21235000
b0 ;
0>
1?
1J
b0 )
b0 7
0P
b0 |
b11 <
1-
#21240000
0-
0,
b11100110 +
b11100110 5
12
00
b100001001011 3
#21245000
b1 ;
0L
1S
0?
1@
b0 <
1-
#21250000
0-
b10111011 +
b10111011 5
b100001001100 3
#21255000
b10 ;
1>
1=
0@
b1 )
b1 7
1T
0M
b1 <
1-
#21260000
0-
1,
b1101000 +
b1101000 5
10
b100001001101 3
#21265000
b0 ;
0>
1L
0K
1U
1R
1?
0=
1W
b10 <
0"
0y
1{
0o
b10 d
1-
#21270000
0-
0,
b10001110 +
b10001110 5
11
00
1.
b100001001110 3
#21275000
b1 ;
0X
1@
0?
0J
1O
1M
0L
0F
b0 <
1-
#21280000
0-
b10100011 +
b10100011 5
0.
b100001001111 3
#21285000
b10 ;
1>
0M
b11 )
b11 7
1P
0@
1=
b1 <
1-
#21290000
0-
1,
b10110101 +
b10110101 5
01
10
1.
b100001010000 3
#21295000
b11 ;
0>
0W
0=
1?
0Y
1N
1Q
0O
1L
b11 d
1o
0#
0x
1$
1w
b10 <
1-
#21300000
0-
b1001010 +
b1001010 5
00
b100001010001 3
#21305000
b0 ;
0L
1M
b1 )
b1 7
0P
0Q
0?
1@
b11 <
1-
#21310000
0-
b1100110 +
b1100110 5
02
0.
b100001010010 3
#21315000
b1 ;
1=
0@
0N
0S
0M
b0 <
1-
#21320000
0-
b1111011 +
b1111011 5
10
1.
b100001010011 3
#21325000
b10 ;
1>
1L
b0 )
b0 7
0T
0U
0=
b1 <
0$
0w
1#
1x
0o
b100 d
1-
#21330000
0-
0,
b1111111 +
b1111111 5
11
b100001010100 3
#21335000
b11 ;
0>
1?
1O
0R
1M
b10 <
1-
#21340000
0-
b1100001 +
b1100001 5
12
00
b100001010101 3
#21345000
b0 ;
0L
1K
1S
b10 )
b10 7
1P
0?
1@
1X
b11 <
1-
#21350000
0-
1,
b10011000 +
b10011000 5
10
0.
b100001010110 3
#21355000
b1 ;
1=
0@
1J
1N
1Q
b11 )
b11 7
1T
0M
1L
b0 <
1-
#21360000
0-
0,
b1001011 +
b1001011 5
01
02
00
1.
b100001010111 3
#21365000
b10 ;
1>
0L
1M
0S
1U
1R
0O
0=
1W
0X
b1 <
1$
1w
0#
0x
1o
b101 d
1-
#21370000
0-
1,
b10100001 +
b10100001 5
12
10
b100001011000 3
#21375000
b11 ;
0>
1?
0Q
0P
0U
b0 )
b0 7
0T
1S
0M
1L
b10 <
1-
#21380000
0-
b11000110 +
b11000110 5
02
b100001011001 3
#21385000
b0 ;
1M
0S
b1 )
b1 7
1T
0R
0N
0?
1@
b11 <
1-
#21390000
0-
0,
b1011011 +
b1011011 5
11
b100001011010 3
#21395000
b1 ;
1X
1=
0@
1O
b0 )
b0 7
0T
b0 <
1-
#21400000
0-
1,
b11000001 +
b11000001 5
01
b100001011011 3
#21405000
b10 ;
1>
0O
b10 )
b10 7
1P
1Y
0=
b1 <
0$
0w
1#
1x
0o
b110 d
b1 |
1-
#21410000
0-
b1101000 +
b1101000 5
12
00
0.
b100001011100 3
#21415000
b11 ;
0>
1?
b0 )
b0 7
0P
1S
0L
b0 |
b10 <
1-
#21420000
0-
0,
b1000001 +
b1000001 5
02
1.
b100001011101 3
#21425000
b0 ;
0M
0S
b1 )
b1 7
1T
0?
1@
b11 <
1-
#21430000
0-
1,
b1000100 +
b1000100 5
10
0.
b100001011110 3
#21435000
b1 ;
1=
0@
b0 )
b0 7
0T
0K
1L
b0 <
1-
#21440000
0-
b10101110 +
b10101110 5
11
12
1.
b100001011111 3
#21445000
b10 ;
1>
1M
1S
1O
0J
0=
0W
b1 <
1$
1w
0#
0x
1o
b111 d
b1 |
1-
#21450000
0-
0,
b11101101 +
b11101101 5
02
00
0.
b100001100000 3
#21455000
b10 l
1i
1v
b11 ;
0>
1?
1P
b11 )
b11 7
1T
0S
1K
0L
1q
1p
b10 <
1-
#21460000
1i
1v
b10 l
0-
1,
b1000110 +
b1000110 5
12
10
b100001100001 3
#21465000
b0 ;
0i
0v
1h
1r
1L
0M
1S
b10 )
b10 7
0T
1Q
1N
1J
0?
1@
b11 <
b10 s
1%
1^
b0 |
1-
#21470000
0-
b1111101 +
b1111101 5
00
1.
b100001100010 3
#21475000
b1 ;
0X
1=
0@
b11 )
b11 7
1T
1M
0L
b1111101 f
0h
0%
0^
b0 <
1-
#21480000
0-
0,
b10110101 +
b10110101 5
02
10
0.
b100001100011 3
#21485000
b10 ;
1>
b1111101 g
1L
0M
0S
1U
1R
0Y
0=
1W
b1 <
0$
0w
1#
1x
0o
1n
b1 m
b0 d
1-
#21490000
0-
1,
b10000010 +
b10000010 5
12
b100001100100 3
#21495000
b11 ;
0>
1?
0U
b10 )
b10 7
0T
1S
1M
0q
b10 <
1-
#21500000
0-
0,
b1011100 +
b1011100 5
02
1.
b100001100101 3
#21505000
b0 ;
0r
0S
b11 )
b11 7
1T
0R
0?
1@
b11 <
1-
#21510000
0-
b1100000 +
b1100000 5
01
12
b100001100110 3
#21515000
b1 ;
1=
0@
0O
b10 )
b10 7
0T
1S
b0 <
1-
#21520000
0-
1,
b1011101 +
b1011101 5
11
02
00
b100001100111 3
#21525000
b10 ;
1>
0L
0S
1T
1O
b1 )
b1 7
0P
0Q
0=
b1 <
1$
1w
0#
0x
b10 m
b1 d
1-
#21530000
0-
0,
b1111000 +
b1111000 5
12
0.
b100001101000 3
#21535000
b11 ;
0>
1?
0N
1P
b10 )
b10 7
0T
1S
0M
0p
b10 <
1-
#21540000
0-
1,
b11011010 +
b11011010 5
01
02
10
b100001101001 3
#21545000
b0 ;
1L
0K
0S
b11 )
b11 7
1T
0O
1Q
1N
0?
1@
1X
b11 <
1-
#21550000
0-
b1101110 +
b1101110 5
11
00
b100001101010 3
#21555000
b1 ;
0X
1=
0@
0J
0Q
0P
1O
b0 )
b0 7
0T
1M
0L
b0 <
1-
#21560000
0-
0,
b10000110 +
b10000110 5
01
10
b100001101011 3
#21565000
b10 ;
1>
1L
0M
0O
b10 )
b10 7
1P
0N
0=
0W
b1 <
0$
0w
0n
b0 m
b10 d
b1 |
1-
#21570000
0-
1,
b1000111 +
b1000111 5
b100001101100 3
#21575000
b11 ;
0>
1X
1?
b0 )
b0 7
0P
1M
1p
b0 |
b10 <
1-
#21580000
0-
0,
b111 +
b111 5
11
12
00
b100001101101 3
#21585000
b0 ;
0L
1K
1S
1O
0?
1@
b11 <
1-
#21590000
0-
1,
b10101010 +
b10101010 5
02
1.
b100001101110 3
#21595000
b1 ;
1=
0@
1J
1P
b11 )
b11 7
1T
0S
0M
b0 <
1-
#21600000
0-
b110001 +
b110001 5
01
12
b100001101111 3
#21605000
b10 ;
1>
0K
1S
b10 )
b10 7
0T
0O
1Q
1N
1Y
0=
1W
b1 <
1$
1w
1o
1n
b1 m
b11 d
1-
#21610000
0-
0,
b11001 +
b11001 5
02
0.
b100001110000 3
#21615000
b11 ;
0>
0X
1?
0J
0Q
0P
b1 )
b1 7
1T
0S
b10 <
1-
#21620000
0-
1,
b10011111 +
b10011111 5
10
1.
b100001110001 3
#21625000
b0 ;
1L
b0 )
b0 7
0T
0N
0?
1@
b11 <
1-
#21630000
0-
0,
b1010010 +
b1010010 5
11
12
00
b100001110010 3
#21635000
b1 ;
1X
1=
0@
1O
1S
1M
0L
b0 <
1-
#21640000
0-
1,
b10111010 +
b10111010 5
01
02
10
b100001110011 3
#21645000
b10 ;
1>
1L
0M
0S
1T
0O
b11 )
b11 7
1P
0=
0W
b1 <
0$
0w
1#
1x
b10 m
b100 d
b1 |
1-
#21650000
0-
b10110101 +
b10110101 5
b100001110100 3
#21655000
b11 ;
0>
1?
0P
b0 )
b0 7
0T
1M
b0 |
b10 <
1-
#21660000
0-
b10110000 +
b10110000 5
12
00
0.
b100001110101 3
#21665000
b0 ;
0L
1K
1S
0?
1@
b11 <
1-
#21670000
0-
b11110100 +
b11110100 5
11
02
b100001110110 3
#21675000
b1 ;
1=
0@
1J
1O
b1 )
b1 7
1T
0S
0M
b0 <
1-
#21680000
0-
0,
b1100100 +
b1100100 5
12
10
b100001110111 3
#21685000
b10 ;
1>
1L
0K
1S
0T
b10 )
b10 7
1P
0=
1W
b1 <
b11 m
b101 d
1-
#21690000
0-
1,
b11000011 +
b11000011 5
02
b100001111000 3
#21695000
b11 ;
0>
1?
0J
1N
1Q
b11 )
b11 7
1T
0S
1M
b10 <
1-
#21700000
0-
b11100000 +
b11100000 5
b100001111001 3
#21705000
b0 ;
1K
b10 )
b10 7
0T
0?
1@
0X
b11 <
1-
#21710000
0-
b11101100 +
b11101100 5
01
00
b100001111010 3
#21715000
b1 ;
1=
0@
1J
0O
0L
b0 <
1-
#21720000
0-
0,
b1001101 +
b1001101 5
12
b100001111011 3
#21725000
b10 ;
1>
0M
1S
b0 )
b0 7
0P
0Q
0Y
0=
b1 <
b100 m
b110 d
1-
#21730000
0-
b1111000 +
b1111000 5
11
02
10
b100001111100 3
#21735000
b11 ;
0>
1?
0N
1O
b1 )
b1 7
1T
0S
0K
1L
b10 <
1-
#21740000
0-
1,
b110 +
b110 5
12
b100001111101 3
#21745000
b0 ;
1M
1S
0T
b10 )
b10 7
1P
0J
0?
1@
1X
b11 <
1-
#21750000
0-
0,
b111101 +
b111101 5
01
1.
b100001111110 3
#21755000
b1 ;
1=
0@
1N
1Q
0O
b11 )
b11 7
1T
1K
b0 <
1-
#21760000
0-
1,
b10111011 +
b10111011 5
00
0.
b100001111111 3
#21765000
b10 ;
1>
0L
1U
1R
b1 )
b1 7
0P
0Q
1J
0=
0X
b1 <
b101 m
b111 d
1-
#21770000
0-
b10100000 +
b10100000 5
10
1.
b100010000000 3
#21775000
b11 l
1j
b11 ;
0>
1?
0N
0M
1L
1q
0p
b10 <
1-
#21780000
1j
b11 l
0-
0,
b110101 +
b110101 5
11
02
00
b100010000001 3
#21785000
b0 ;
0j
1r
0L
1M
0S
1O
0?
1@
b11 <
b11 s
1_
1-
#21790000
0-
1,
b11000101 +
b11000101 5
12
0.
b100010000010 3
#21795000
b1 ;
1=
0@
1P
0U
b10 )
b10 7
0T
1S
0M
b0 <
1-
#21800000
0-
b11010000 +
b11010000 5
02
1.
b100010000011 3
#21805000
b10 ;
1>
0K
0S
b11 )
b11 7
1T
0R
1Q
1N
0=
b1 <
1`
0n
b0 m
b0 d
1-
#21810000
0-
0,
b100 +
b100 5
0.
b100010000100 3
#21815000
b11 ;
0>
1?
0J
b10 )
b10 7
0T
0q
1p
b10 <
1-
#21820000
0-
1,
b10101 +
b10101 5
1.
b100010000101 3
#21825000
b0 ;
0r
0?
1@
b11 <
1-
#21830000
0-
0,
b11011011 +
b11011011 5
01
12
10
0.
b100010000110 3
#21835000
b1 ;
1=
0@
0O
1S
1L
b0 <
1-
#21840000
0-
b10011011 +
b10011011 5
02
00
1.
b100010000111 3
#21845000
b10 ;
1>
0L
1M
0S
1T
b1 )
b1 7
0P
0Q
0=
0W
b1 <
1a
0o
1n
b1 m
b1 d
1-
#21850000
0-
b110101 +
b110101 5
12
10
b100010001000 3
#21855000
b11 ;
0>
1?
0N
b0 )
b0 7
0T
1S
0M
1L
0p
0_
b10 <
1-
#21860000
0-
b10100110 +
b10100110 5
11
02
00
0.
b100010001001 3
#21865000
b0 ;
0L
1M
0S
b1 )
b1 7
1T
1O
0?
1@
1X
b11 <
1-
#21870000
0-
1,
b1000100 +
b1000100 5
12
10
b100010001010 3
#21875000
b1 ;
1=
0@
1P
b10 )
b10 7
0T
1S
0M
1L
b0 <
1-
#21880000
0-
0,
b10001001 +
b10001001 5
01
b100010001011 3
#21885000
b10 ;
1>
b100 l
1M
b11 )
b11 7
1T
0O
1Q
1N
1Y
0=
b1 <
0#
0x
1b
0`
0n
b0 m
b10 d
1-
#21890000
0-
b10110110 +
b10110110 5
b100010001100 3
#21895000
b11 ;
0>
0X
1?
0Q
b1 )
b1 7
0P
1R
1U
1K
1p
0t
b100 s
b10 <
1-
#21900000
0-
1,
b1100100 +
b1100100 5
11
00
b100010001101 3
#21905000
b0 ;
0L
1O
0N
1J
0?
1@
b11 <
1e
1-
#21910000
0-
b10010001 +
b10010001 5
01
02
10
b100010001110 3
#21915000
b1 ;
1=
0@
b11 )
b11 7
1P
0O
0S
0M
1L
b0 <
1-
#21920000
0-
0,
b110011 +
b110011 5
12
00
1.
b100010001111 3
#21925000
b10 ;
1>
0L
1M
1S
0T
0U
b0 )
b0 7
0P
0Y
0=
1W
b1 <
1c
0a
1o
1n
b1 m
b11 d
0e
0u
1-
#21930000
0-
1,
b10000001 +
b10000001 5
11
10
b100010010000 3
#21935000
b11 ;
0>
1?
1O
0R
b1 )
b1 7
1T
0M
1L
0p
1e
b0 d
b0 m
b10 <
1-
#21940000
0-
b11000101 +
b11000101 5
0.
b100010010001 3
#21945000
b0 ;
1M
1U
1R
b11 )
b11 7
1P
0?
1@
1X
b11 <
1-
#21950000
0-
0,
b11010010 +
b11010010 5
01
02
1.
b100010010010 3
#21955000
b1 ;
0X
1=
0@
1N
1Q
0O
0S
0e
b0 <
1-
#21960000
0-
b10010100 +
b10010100 5
11
12
00
0.
b100010010011 3
#21965000
b10 ;
1>
0L
1S
0T
0U
1O
b0 )
b0 7
0P
0Q
0=
b1 <
1$
1w
1#
1x
0z
0b
0n
1-
#21970000
0-
1,
b11110100 +
b11110100 5
01
02
10
1.
b100010010100 3
#21975000
b11 ;
0>
1?
0N
1P
0O
0R
b11 )
b11 7
1T
0S
0M
1L
1e
b10 <
1-
#21980000
0-
0,
b11011 +
b11011 5
11
12
00
0.
b100010010101 3
#21985000
b0 ;
0L
1M
1S
0T
1O
b0 )
b0 7
0P
0?
1@
1X
b11 <
0e
1-
#21990000
0-
1,
b10110110 +
b10110110 5
01
10
1.
b100010010110 3
#21995000
b101 l
b1 ;
1=
0@
1P
0O
b11 )
b11 7
1T
0M
1L
1e
b0 <
1-
#22000000
b101 l
0-
0,
b10010110 +
b10010110 5
11
02
0.
b100010010111 3
#22005000
b10 ;
1>
1M
0S
1U
1R
1O
b1 )
b1 7
0P
1Y
0=
b1 <
b101 s
0$
0w
0{
0c
0e
1-
#22010000
0-
1,
b11010 +
b11010 5
b100010011000 3
#22015000
b11 ;
0>
0X
1?
1P
0U
b10 )
b10 7
0T
1e
b10 <
1-
#22020000
0-
b11010011 +
b11010011 5
01
12
1.
b100010011001 3
#22025000
b0 ;
1S
0R
0O
1Q
1N
0?
1@
b11 <
1-
#22030000
0-
0,
b11111011 +
b11111011 5
02
00
0.
b100010011010 3
#22035000
b0 l
b1 ;
1=
0@
0Q
0P
b1 )
b1 7
1T
0S
0L
0e
b0 <
1-
#22040000
0-
b11 +
b11 5
12
10
b100010011011 3
#22045000
b10 ;
1>
1L
0M
1S
b0 )
b0 7
0T
0N
0Y
0=
b1 <
b0 s
1"
1y
1-
#22050000
b1 l
1k
0-
1,
b1010000 +
b1010000 5
00
1.
b100010011100 3
#22055000
0k
b11 ;
0>
1X
1?
b1 )
b1 7
1T
1M
0L
1F
b10000000 f
1t
1e
b1 s
b10 <
1-
#22060000
0-
b11100 +
b11100 5
02
10
0.
b100010011101 3
#22065000
b0 ;
b10000000 g
1L
0M
0S
1U
1R
0?
1@
b11 <
1-
#22070000
0-
b1010001 +
b1010001 5
11
12
1.
b100010011110 3
#22075000
b1 ;
0X
1=
0@
1O
0U
b0 )
b0 7
0T
1S
1M
b0 <
1-
#22080000
0-
0,
b11011011 +
b11011011 5
01
02
00
0.
b100010011111 3
#22085000
b10 ;
1>
0L
0S
1T
0R
0O
b11 )
b11 7
1P
0=
b1 <
0e
1u
b1 |
1-
#22090000
0-
1,
b1010010 +
b1010010 5
11
12
b100010100000 3
#22095000
b11 ;
0>
1X
1?
0P
1O
b0 )
b0 7
0T
1S
0M
b0 |
b10 <
1-
#22100000
0-
0,
b11100000 +
b11100000 5
01
02
10
b100010100001 3
#22105000
b0 ;
1L
0K
0S
1T
0O
b11 )
b11 7
1P
0?
1@
b11 <
1-
#22110000
0-
1,
b10001011 +
b10001011 5
b100010100010 3
#22115000
b1 ;
1=
0@
0J
0P
b0 )
b0 7
0T
1M
b0 <
1-
#22120000
0-
b11111101 +
b11111101 5
12
1.
b100010100011 3
#22125000
b11 ;
1>
1K
1S
1Y
0=
0W
b1 <
1z
b1 d
b1 |
1-
#22130000
0-
0,
b10100011 +
b10100011 5
11
02
00
b100010100100 3
#22135000
b0 ;
0>
1?
1J
1O
b1 )
b1 7
1T
0S
0L
b11 <
1-
#22140000
0-
b101010 +
b101010 5
01
12
10
b100010100101 3
#22145000
b1 ;
1L
0M
1S
0T
0O
b10 )
b10 7
1P
0?
1@
b0 <
b0 |
1-
#22150000
0-
b111100 +
b111100 5
11
0.
b100010100110 3
#22155000
b10 ;
1>
1=
0@
0P
1O
b1 )
b1 7
1T
1M
b1 <
1-
#22160000
0-
b111111 +
b111111 5
01
02
00
b100010100111 3
#22165000
b11 ;
0>
0L
0S
1U
1R
0O
b11 )
b11 7
1P
1?
0=
1W
b10 <
0"
0y
1{
0o
b10 d
1-
#22170000
0-
1,
b1010100 +
b1010100 5
11
b100010101000 3
#22175000
b0 ;
0X
1@
0?
0P
1O
0U
b0 )
b0 7
0T
0M
0F
b11 <
1-
#22180000
0-
b11100111 +
b11100111 5
12
1.
b100010101001 3
#22185000
b1 ;
0K
1S
0R
b10 )
b10 7
1P
0@
1=
b0 <
1-
#22190000
0-
0,
b10110000 +
b10110000 5
10
b100010101010 3
#22195000
b10 ;
1>
1X
0W
0=
0J
1N
1Q
b11 )
b11 7
1T
1L
b11 d
1o
0#
0x
1$
1w
b1 <
1-
#22200000
0-
1,
b11011101 +
b11011101 5
01
02
b100010101011 3
#22205000
b11 ;
0>
1M
0S
1U
1R
0O
1?
0X
b10 <
1-
#22210000
0-
b110000 +
b110000 5
12
b100010101100 3
#22215000
b0 ;
1@
0?
0Q
0P
0U
b0 )
b0 7
0T
1S
1K
b11 <
1-
#22220000
0-
b100 +
b100 5
02
00
b100010101101 3
#22225000
b1 ;
0L
0S
b1 )
b1 7
1T
0R
0N
1J
0@
1=
b0 <
1-
#22230000
0-
b1000010 +
b1000010 5
12
b100010101110 3
#22235000
b10 ;
1>
1X
1W
0=
b0 )
b0 7
0T
1S
0M
b100 d
0o
1#
1x
0$
0w
b1 <
1-
#22240000
0-
b1001000 +
b1001000 5
11
02
b100010101111 3
#22245000
b11 ;
0>
0K
0S
b1 )
b1 7
1T
1O
1?
b10 <
1-
#22250000
0-
b1000011 +
b1000011 5
b100010110000 3
#22255000
b0 ;
1@
0?
0J
1P
b10 )
b10 7
0T
b11 <
1-
#22260000
0-
0,
b11110001 +
b11110001 5
12
0.
b100010110001 3
#22265000
b1 ;
1S
1Q
1N
0@
1=
b0 <
1-
#22270000
0-
b11001 +
b11001 5
10
b100010110010 3
#22275000
b10 ;
1>
0X
0W
0=
0Y
b11 )
b11 7
1T
1L
b101 d
1o
0#
0x
b1 <
1-
#22280000
0-
1,
b1010111 +
b1010111 5
02
00
1.
b100010110011 3
#22285000
b11 ;
0>
0L
1M
0S
1U
1R
1?
b10 <
1-
#22290000
0-
b11000101 +
b11000101 5
01
b100010110100 3
#22295000
b0 ;
1@
0?
0O
0U
b10 )
b10 7
0T
0M
b11 <
1-
#22300000
0-
b10000100 +
b10000100 5
11
12
b100010110101 3
#22305000
b1 ;
1S
0R
1O
b0 )
b0 7
0P
0Q
0@
1=
b0 <
1-
#22310000
0-
b111110 +
b111110 5
0.
b100010110110 3
#22315000
b10 ;
1>
0=
0N
1P
b11 )
b11 7
1T
b1 |
b110 d
0o
1#
1x
b1 <
1-
#22320000
0-
b11011100 +
b11011100 5
10
1.
b100010110111 3
#22325000
b11 ;
0>
1L
1U
1R
1Q
1N
1?
1X
b10 <
b0 |
1-
#22330000
0-
0,
b1011110 +
b1011110 5
01
02
00
0.
b100010111000 3
#22335000
b0 ;
0X
1@
0?
0O
0S
1M
0L
b11 <
1-
#22340000
0-
1,
b110110 +
b110110 5
12
1.
b100010111001 3
#22345000
b1 ;
0M
1S
0T
0U
b0 )
b0 7
0P
0Q
0@
1=
b0 <
1-
#22350000
0-
b11000 +
b11000 5
11
02
b100010111010 3
#22355000
b10 ;
1>
0=
0N
1O
0R
b1 )
b1 7
1T
0S
b1 |
b111 d
1o
0#
0x
1$
1w
b1 <
1-
#22360000
0-
0,
b10010001 +
b10010001 5
0.
b100010111011 3
#22365000
b10 l
1i
1v
b11 ;
0>
1p
1q
0T
b10 )
b10 7
1P
1?
1X
b10 <
b0 |
1-
#22370000
1i
1v
b10 l
0-
1,
b11010111 +
b11010111 5
12
10
1.
b100010111100 3
#22375000
0i
0v
b0 ;
1@
0?
1N
1Q
1S
1L
1r
1h
1%
1^
b10 s
b11 <
1-
#22380000
0-
0,
b11000111 +
b11000111 5
00
0.
b100010111101 3
#22385000
b1 ;
0h
b11000111 f
0L
1M
b11 )
b11 7
1T
0@
1=
0X
b0 <
0%
0^
1-
#22390000
0-
1,
b1000000 +
b1000000 5
10
b100010111110 3
#22395000
b10 ;
1>
0=
1R
1U
0M
1L
b11000111 g
b0 d
b1 m
1n
0o
1#
1x
0$
0w
b1 <
1-
#22400000
0-
0,
b1101010 +
b1101010 5
00
b100010111111 3
#22405000
b11 ;
0>
0q
0L
1M
1?
b10 <
1-
#22410000
0-
1,
b11100 +
b11100 5
01
10
b100011000000 3
#22415000
b0 ;
1@
0?
0O
0M
1L
0r
b11 <
1-
#22420000
0-
b111011 +
b111011 5
11
00
1.
b100011000001 3
#22425000
b1 ;
0L
1M
1O
b1 )
b1 7
0P
0Q
0@
1=
b0 <
1-
#22430000
0-
0,
b10111111 +
b10111111 5
10
0.
b100011000010 3
#22435000
b10 ;
1>
0=
0N
b11 )
b11 7
1P
0M
1L
b1 d
b10 m
0#
0x
b1 <
1-
#22440000
0-
1,
b1001000 +
b1001000 5
01
b100011000011 3
#22445000
b11 ;
0>
1M
0O
1Q
1N
1?
b10 <
1-
#22450000
0-
0,
b10100111 +
b10100111 5
b100011000100 3
#22455000
b0 ;
1@
0?
0Q
b1 )
b1 7
0P
1K
b11 <
1-
#22460000
0-
1,
b1000001 +
b1000001 5
1.
b100011000101 3
#22465000
b1 ;
0N
1J
0@
1=
b0 <
1-
#22470000
0-
b10100101 +
b10100101 5
02
00
b100011000110 3
#22475000
b10 ;
1>
1W
0=
0S
0L
b10 d
b11 m
1$
1w
b1 <
1-
#22480000
0-
b110 +
b110 5
12
0.
b100011000111 3
#22485000
b11 ;
0>
0M
1S
b0 )
b0 7
0T
0U
1?
b10 <
1-
#22490000
0-
0,
b1001100 +
b1001100 5
02
10
1.
b100011001000 3
#22495000
b0 ;
1@
0?
0R
b1 )
b1 7
1T
0S
0K
1L
b11 <
1-
#22500000
0-
1,
b11110001 +
b11110001 5
12
00
0.
b100011001001 3
#22505000
b1 ;
0L
1M
1S
b0 )
b0 7
0T
0J
0@
1=
1X
b0 <
1-
#22510000
0-
b1 +
b1 5
02
10
1.
b100011001010 3
#22515000
b10 ;
1>
0W
0=
1Y
b1 )
b1 7
1T
0S
0M
1L
b1 |
b11 d
b100 m
b1 <
1-
#22520000
0-
b11101111 +
b11101111 5
b100011001011 3
#22525000
b11 ;
0>
0p
1M
b0 )
b0 7
0T
1?
b10 <
b0 |
1-
#22530000
0-
b1011110 +
b1011110 5
00
b100011001100 3
#22535000
b0 ;
1@
0?
1K
0L
b11 <
1-
#22540000
0-
0,
b11101010 +
b11101010 5
12
10
0.
b100011001101 3
#22545000
b1 ;
1L
0M
1S
1J
0@
1=
b0 <
1-
#22550000
0-
b111110 +
b111110 5
11
02
1.
b100011001110 3
#22555000
b10 ;
1>
1W
0=
1O
b1 )
b1 7
1T
0S
1M
b1 |
b100 d
b0 m
0n
b1 <
1-
#22560000
0-
1,
b10001010 +
b10001010 5
00
0.
b100011001111 3
#22565000
b11 ;
0>
0L
0T
b10 )
b10 7
1P
1?
b10 <
b0 |
1-
#22570000
0-
b111010 +
b111010 5
01
12
10
1.
b100011010000 3
#22575000
b0 ;
1@
0?
1N
1Q
0O
1S
0M
1L
b11 <
1-
#22580000
0-
b11011000 +
b11011000 5
02
b100011010001 3
#22585000
b1 ;
1M
0S
1T
b1 )
b1 7
0P
0Q
0@
1=
0X
b0 <
1-
#22590000
0-
0,
b11010110 +
b11010110 5
11
12
00
b100011010010 3
#22595000
b10 ;
1>
0=
0Y
0N
1O
b0 )
b0 7
0T
1S
0L
b101 d
1o
b1 <
1-
#22600000
0-
1,
b11001110 +
b11001110 5
0.
b100011010011 3
#22605000
b11 ;
0>
0M
1T
b11 )
b11 7
1P
1?
1X
b10 <
1-
#22610000
0-
b101111 +
b101111 5
1.
b100011010100 3
#22615000
b0 ;
1@
0?
1N
1Q
1R
1U
0K
b11 <
1-
#22620000
0-
0,
b1010010 +
b1010010 5
0.
b100011010101 3
#22625000
b1 ;
0J
0@
1=
0X
b0 <
1-
#22630000
0-
b1101111 +
b1101111 5
01
10
b100011010110 3
#22635000
b10 ;
1>
0W
0=
0O
1L
b110 d
0o
1#
1x
0$
0w
b1 <
1-
#22640000
0-
1,
b10110011 +
b10110011 5
11
1.
b100011010111 3
#22645000
b11 ;
0>
1p
1M
1O
b1 )
b1 7
0P
0Q
1?
b10 <
1-
#22650000
0-
b11001001 +
b11001001 5
02
0.
b100011011000 3
#22655000
b0 ;
1@
0?
0N
b11 )
b11 7
1P
0S
1K
b11 <
1-
#22660000
0-
0,
b11101 +
b11101 5
12
00
b100011011001 3
#22665000
b1 ;
0L
1S
b10 )
b10 7
0T
0U
1Q
1N
1J
0@
1=
b0 <
1-
#22670000
0-
b1010011 +
b1010011 5
1.
b100011011010 3
#22675000
b10 ;
1>
1W
0=
0R
b11 )
b11 7
1T
0M
b111 d
b1 m
1n
1o
0#
0x
1$
1w
b1 <
1-
#22680000
0-
1,
b100010 +
b100010 5
01
02
0.
b100011011011 3
#22685000
b11 l
1j
b11 ;
0>
1q
0K
0S
1U
1R
0O
1?
b10 <
1-
#22690000
1j
b11 l
0-
0,
b1110110 +
b1110110 5
11
1.
b100011011100 3
#22695000
0j
b0 ;
1@
0?
0J
0Q
0P
1O
0U
b0 )
b0 7
0T
1r
1_
b11 s
b11 <
1-
#22700000
0-
b11001010 +
b11001010 5
01
10
b100011011101 3
#22705000
b1 ;
1L
0R
0O
b10 )
b10 7
1P
0N
0@
1=
b0 <
1-
#22710000
0-
b1001010 +
b1001010 5
11
00
b100011011110 3
#22715000
b10 ;
1>
1X
0W
0=
1Y
b0 )
b0 7
0P
1O
1M
0L
b0 d
b10 m
1`
1#
1x
0$
0w
b1 <
1-
#22720000
0-
b1000110 +
b1000110 5
0.
b100011011111 3
#22725000
b11 ;
0>
0q
0M
b10 )
b10 7
1P
1?
b10 <
1-
#22730000
0-
1,
b10010101 +
b10010101 5
12
1.
b100011100000 3
#22735000
b0 ;
1@
0?
1N
1Q
1S
0r
b11 <
1-
#22740000
0-
0,
b10111010 +
b10111010 5
10
0.
b100011100001 3
#22745000
b1 ;
1L
b11 )
b11 7
1T
0@
1=
0X
b0 <
1-
#22750000
0-
1,
b11010001 +
b11010001 5
02
b100011100010 3
#22755000
b10 ;
1>
0=
0Y
1R
1U
0S
1M
b1 d
b11 m
1a
b1 <
1-
#22760000
0-
b111110 +
b111110 5
01
12
b100011100011 3
#22765000
b11 ;
0>
1K
1S
b10 )
b10 7
0T
0U
0O
1?
b10 <
0_
1-
#22770000
0-
b11011010 +
b11011010 5
11
1.
b100011100100 3
#22775000
b0 ;
1@
0?
1J
0Q
0P
1O
0R
b1 )
b1 7
1T
b11 <
1-
#22780000
0-
0,
b1111111 +
b1111111 5
00
0.
b100011100101 3
#22785000
b1 ;
0L
1U
1R
b11 )
b11 7
1P
0N
0@
1=
b0 <
1-
#22790000
0-
b10110101 +
b10110101 5
10
1.
b100011100110 3
#22795000
b100 l
b10 ;
1>
1W
0=
1N
1Q
0M
1L
b10 d
b100 m
0`
1b
b1 <
1-
#22800000
b100 l
0-
1,
b101100 +
b101100 5
02
0.
b100011100111 3
#22805000
b11 ;
0>
1M
0S
1?
b10 <
b100 s
0t
1-
#22810000
0-
b10111 +
b10111 5
01
00
b100011101000 3
#22815000
b0 ;
1@
0?
0O
0U
b10 )
b10 7
0T
0L
1e
b11 <
1-
#22820000
0-
0,
b10011001 +
b10011001 5
11
10
1.
b100011101001 3
#22825000
b1 ;
1L
0M
0R
1O
b0 )
b0 7
0P
0Q
0@
1=
b0 <
0e
1-
#22830000
0-
1,
b1010 +
b1010 5
01
00
b100011101010 3
#22835000
b10 ;
1>
0=
0N
b10 )
b10 7
1P
0O
1M
0L
b1 |
0u
1e
b11 d
b101 m
0a
1c
0#
0x
b1 <
1-
#22840000
0-
b10101010 +
b10101010 5
12
0.
b100011101011 3
#22845000
b11 ;
0>
0p
0M
1S
b0 )
b0 7
0P
1?
1X
b10 <
b0 m
b0 d
b0 |
1-
#22850000
0-
b1101001 +
b1101001 5
10
b100011101100 3
#22855000
b0 ;
1@
0?
b1 )
b1 7
1T
0K
1L
b11 <
1-
#22860000
0-
b10011011 +
b10011011 5
11
1.
b100011101101 3
#22865000
b1 ;
1M
1U
1R
1O
0J
0@
1=
b0 <
1-
#22870000
0-
0,
b10000110 +
b10000110 5
00
0.
b100011101110 3
#22875000
b10 ;
1>
0X
0W
0=
b11 )
b11 7
1P
1K
0L
0e
0n
0b
0z
1#
1x
1$
1w
b1 <
1-
#22880000
0-
b10010110 +
b10010110 5
01
02
b100011101111 3
#22885000
b11 ;
0>
0M
0S
0O
1Q
1N
1J
1?
b10 <
1-
#22890000
0-
b10111101 +
b10111101 5
11
10
1.
b100011110000 3
#22895000
b0 ;
1@
0?
0Q
0P
1O
0U
b0 )
b0 7
0T
0K
1L
b11 <
1-
#22900000
0-
b10101101 +
b10101101 5
00
0.
b100011110001 3
#22905000
b101 l
b1 ;
0L
1M
0R
b10 )
b10 7
1P
0N
0J
0@
1=
b0 <
1-
#22910000
b101 l
0-
1,
b111001 +
b111001 5
12
b100011110010 3
#22915000
b10 ;
1>
1X
0=
1Y
1N
1Q
1S
0M
1e
0c
0{
0$
0w
b101 s
b1 <
1-
#22920000
0-
0,
b1000101 +
b1000101 5
b100011110011 3
#22925000
b11 ;
0>
b11 )
b11 7
1T
1?
0X
b10 <
0e
1-
#22930000
0-
b10111100 +
b10111100 5
01
10
1.
b100011110100 3
#22935000
b0 ;
1@
0?
0O
1R
1U
1L
b11 <
1-
#22940000
0-
1,
b1101000 +
b1101000 5
11
0.
b100011110101 3
#22945000
b1 ;
b0 l
1M
1O
b1 )
b1 7
0P
0Q
0@
1=
b0 <
1e
1-
#22950000
b0 l
0-
0,
b10100110 +
b10100110 5
02
1.
b100011110110 3
#22955000
b10 ;
1>
0=
0Y
0N
b11 )
b11 7
1P
0S
1K
0e
1"
1y
b0 s
b1 <
1-
#22960000
b1 l
1k
0-
1,
b10111 +
b10111 5
b100011110111 3
#22965000
b11 ;
0>
0k
b10000000 f
1F
b10 )
b10 7
0T
0U
1Q
1N
1J
1?
b10 <
b1 s
1e
1t
1-
#22970000
0-
0,
b10010 +
b10010 5
01
12
b100011111000 3
#22975000
b0 ;
1@
0?
0O
0R
1S
b10000000 g
0e
b11 <
1-
#22980000
0-
1,
b11011 +
b11011 5
11
0.
b100011111001 3
#22985000
b1 A
b1 ;
1T
1O
b1 )
b1 7
0P
0Q
0@
1=
b0 <
1-
#22990000
0-
b111101 +
b111101 5
01
b100011111010 3
#22995000
b10 ;
1>
1W
0=
0N
b11 )
b11 7
1P
0O
1R
1U
1u
b1 <
b1 B
1-
#23000000
0-
b1100010 +
b1100010 5
b100011111011 3
#23005000
b11 ;
0>
b1 )
b1 7
0P
1?
b10 <
1-
#23010000
0-
b10110 +
b10110 5
11
b100011111100 3
#23015000
b0 ;
1@
0?
1O
b11 <
1-
#23020000
0-
b1101011 +
b1101011 5
02
00
b100011111101 3
#23025000
b10 A
b1 ;
0L
0S
b11 )
b11 7
1P
0@
1=
b0 <
1-
#23030000
0-
0,
b110000 +
b110000 5
01
b100011111110 3
#23035000
b10 ;
1>
0=
1N
1Q
0O
0U
b10 )
b10 7
0T
0M
b1 d
1z
b1 <
b10 B
1-
#23040000
0-
b11001010 +
b11001010 5
11
12
1.
b100011111111 3
#23045000
b0 ;
0>
0K
1S
0R
1O
b0 )
b0 7
0P
0Q
1?
b10 <
1-
#23050000
0-
1,
b11011000 +
b11011000 5
10
b100100000000 3
#23055000
b1 ;
1@
0?
0J
0N
1P
b11 )
b11 7
1T
1L
b0 <
1-
#23060000
0-
0,
b1010011 +
b1010011 5
01
00
b100100000001 3
#23065000
b0 A
1\
b10 ;
1>
0L
1M
1U
1R
0O
1Q
1N
0@
1=
1X
b1 <
1-
#23070000
0-
b10110010 +
b10110010 5
10
0.
b100100000010 3
#23075000
1'
b11 ;
0>
0\
0X
0W
0=
1?
0Q
b1 )
b1 7
0P
0M
1L
1[
b10 d
0o
1{
0"
0y
b10 <
b0 B
1-
#23080000
0-
b11101010 +
b11101010 5
02
00
1.
b100100000011 3
#23085000
0'
b0 ;
0F
0[
0L
1M
0S
0N
0?
1@
b11 <
1-
#23090000
0-
1,
b10000011 +
b10000011 5
0.
b100100000100 3
#23095000
b1 ;
1=
0@
0U
b0 )
b0 7
0T
0M
b0 <
1-
#23100000
0-
0,
b10000111 +
b10000111 5
12
1.
b100100000101 3
#23105000
b10 ;
1>
1S
0R
0=
b1 <
1$
1w
0#
0x
1o
b11 d
b1 |
1-
#23110000
0-
b10001100 +
b10001100 5
b100100000110 3
#23115000
b11 ;
0>
1X
1?
b1 )
b1 7
1T
b10 <
1-
#23120000
0-
1,
b1101110 +
b1101110 5
11
b100100000111 3
#23125000
b0 ;
1U
1R
1O
0?
1@
b11 <
b0 |
1-
#23130000
0-
b101100 +
b101100 5
01
b100100001000 3
#23135000
b1 ;
0X
1=
0@
b11 )
b11 7
1P
0O
b0 <
1-
#23140000
0-
0,
b110011 +
b110011 5
11
02
10
b100100001001 3
#23145000
b10 ;
1>
1L
0S
1O
b1 )
b1 7
0P
0=
b1 <
0$
0w
1#
1x
0o
b100 d
1-
#23150000
0-
1,
b11001 +
b11001 5
01
12
0.
b100100001010 3
#23155000
b11 ;
0>
1?
1P
0O
0U
b10 )
b10 7
0T
1S
1M
b10 <
1-
#23160000
0-
0,
b1111100 +
b1111100 5
11
b100100001011 3
#23165000
b0 ;
1K
1T
0R
1O
b1 )
b1 7
0P
0?
1@
b11 <
1-
#23170000
0-
b11111000 +
b11111000 5
01
b100100001100 3
#23175000
b1 ;
1X
1=
0@
1J
b11 )
b11 7
1P
0O
1R
1U
b0 <
1-
#23180000
0-
1,
b11101 +
b11101 5
02
b100100001101 3
#23185000
b10 ;
1>
0S
b1 )
b1 7
0P
0=
1W
0X
b1 <
0#
0x
1o
b101 d
1-
#23190000
0-
b10011010 +
b10011010 5
11
00
1.
b100100001110 3
#23195000
b11 ;
0>
1?
1O
0U
b0 )
b0 7
0T
0L
b10 <
1-
#23200000
0-
0,
b10001001 +
b10001001 5
01
10
b100100001111 3
#23205000
b0 ;
1L
0M
0R
0O
b10 )
b10 7
1P
0?
1@
b11 <
1-
#23210000
0-
1,
b10100101 +
b10100101 5
00
0.
b100100010000 3
#23215000
b1 ;
1X
1=
0@
b0 )
b0 7
0P
1M
0L
b0 <
1-
#23220000
0-
0,
b100110 +
b100110 5
11
10
b100100010001 3
#23225000
b10 ;
1>
1L
0M
1O
1Y
0=
b1 <
1#
1x
0o
b110 d
b1 |
1-
#23230000
0-
1,
b11110100 +
b11110100 5
00
1.
b100100010010 3
#23235000
b11 ;
0>
1?
b10 )
b10 7
1P
1M
0L
b10 <
1-
#23240000
0-
0,
b10001010 +
b10001010 5
0.
b100100010011 3
#23245000
b0 ;
0M
1Q
1N
0?
1@
b11 <
b0 |
1-
#23250000
0-
1,
b1110100 +
b1110100 5
01
12
10
b100100010100 3
#23255000
b1 ;
0X
1=
0@
0O
1S
0K
1L
b0 <
1-
#23260000
0-
b101011 +
b101011 5
02
00
b100100010101 3
#23265000
b10 ;
1>
0L
1M
0S
1T
b1 )
b1 7
0P
0Q
0Y
0J
0=
0W
b1 <
0#
0x
1o
b111 d
1-
#23270000
0-
b11000111 +
b11000111 5
11
12
10
b100100010110 3
#23275000
b10 l
1i
1v
b11 ;
0>
1?
0N
1O
b0 )
b0 7
0T
1S
0M
1L
1q
1p
b10 <
1-
#23280000
1i
1v
b10 l
0-
0,
b10000101 +
b10000101 5
1.
b100100010111 3
#23285000
b0 ;
0i
0v
1h
1r
1M
1T
b11 )
b11 7
1P
0?
1@
1X
b11 <
b10 s
1-
#23290000
0-
1,
b1110010 +
b1110010 5
01
02
00
b100100011000 3
#23295000
b1 ;
1=
0@
1N
1Q
0O
1R
1U
0S
1K
0L
b1110010 f
0h
b0 <
1-
#23300000
0-
b1000110 +
b1000110 5
10
b100100011001 3
#23305000
b10 ;
1>
b1110010 g
1L
0M
0T
0U
b0 )
b0 7
0P
0Q
1J
0=
1W
0X
b1 <
1#
1x
0o
1n
b1 m
b0 d
1-
#23310000
0-
b11100110 +
b11100110 5
12
b100100011010 3
#23315000
b11 ;
0>
1?
0N
0R
1S
1M
0q
0p
b10 <
1-
#23320000
0-
0,
b10000000 +
b10000000 5
11
00
0.
b100100011011 3
#23325000
b0 ;
0r
0L
b1 )
b1 7
1T
1O
0?
1@
1X
b11 <
1-
#23330000
0-
1,
b11111 +
b11111 5
b100100011100 3
#23335000
b1 ;
1=
0@
b11 )
b11 7
1P
1R
1U
0M
b0 <
1-
#23340000
0-
b1101110 +
b1101110 5
02
b100100011101 3
#23345000
b10 ;
1>
0K
0S
1Q
1N
0=
0X
b1 <
0#
0x
0n
b0 m
b1 d
1-
#23350000
0-
b110010 +
b110010 5
01
b100100011110 3
#23355000
b11 ;
0>
1?
0J
0O
0U
b10 )
b10 7
0T
1p
b10 <
1-
#23360000
0-
b11010011 +
b11010011 5
1.
b100100011111 3
#23365000
b0 ;
0R
b0 )
b0 7
0P
0Q
0?
1@
b11 <
1-
#23370000
0-
0,
b1111100 +
b1111100 5
11
10
0.
b100100100000 3
#23375000
b1 ;
1=
0@
0N
1O
1L
b0 <
1-
#23380000
0-
b1111001 +
b1111001 5
01
00
1.
b100100100001 3
#23385000
b10 ;
1>
0L
1M
0O
b10 )
b10 7
1P
1Y
0=
0W
1X
b1 <
1$
1w
1o
1n
b1 m
b10 d
b1 |
1-
#23390000
0-
b11010010 +
b11010010 5
11
12
10
0.
b100100100010 3
#23395000
b11 ;
0>
1?
b0 )
b0 7
0P
1O
1S
0M
1L
0p
b0 |
b10 <
1-
#23400000
0-
1,
b11011011 +
b11011011 5
02
00
1.
b100100100011 3
#23405000
b0 ;
0L
1M
0S
1T
b11 )
b11 7
1P
0?
1@
b11 <
1-
#23410000
0-
b1101100 +
b1101100 5
10
b100100100100 3
#23415000
b1 ;
1=
0@
1N
1Q
b10 )
b10 7
0T
0M
1L
b0 <
1-
#23420000
0-
0,
b1111110 +
b1111110 5
00
b100100100101 3
#23425000
b10 ;
1>
0L
1M
0Y
0=
0X
b1 <
0$
0w
1#
1x
0n
b0 m
b11 d
1-
#23430000
0-
1,
b11001101 +
b11001101 5
b100100100110 3
#23435000
b11 ;
0>
1?
0M
b10 <
1-
#23440000
0-
b1000 +
b1000 5
12
10
b100100100111 3
#23445000
b0 ;
1L
1S
0?
1@
b11 <
1-
#23450000
0-
0,
b10000101 +
b10000101 5
02
00
b100100101000 3
#23455000
b1 ;
1=
0@
b11 )
b11 7
1T
0S
1M
0L
b0 <
1-
#23460000
0-
b10010100 +
b10010100 5
b100100101001 3
#23465000
b10 ;
1>
0M
b10 )
b10 7
0T
0=
b1 <
0o
b100 d
1-
#23470000
0-
1,
b0 +
b0 5
12
10
b100100101010 3
#23475000
b11 ;
0>
1?
1S
1L
1p
b10 <
1-
#23480000
0-
b1010000 +
b1010000 5
01
02
b100100101011 3
#23485000
b0 ;
1M
0S
b11 )
b11 7
1T
0O
0?
1@
b11 <
1-
#23490000
0-
0,
b110101 +
b110101 5
0.
b100100101100 3
#23495000
b1 ;
1=
0@
0Q
0P
b0 )
b0 7
0T
1K
b0 <
1-
#23500000
0-
1,
b11110011 +
b11110011 5
11
b100100101101 3
#23505000
b10 ;
1>
1O
0N
1J
0=
1W
b1 <
0#
0x
1o
1n
b1 m
b101 d
b1 |
1-
#23510000
0-
b1111011 +
b1111011 5
01
12
b100100101110 3
#23515000
b11 ;
0>
1X
1?
b10 )
b10 7
1P
0O
1S
b10 <
1-
#23520000
0-
b0 +
b0 5
11
02
1.
b100100101111 3
#23525000
b0 ;
0S
1T
1O
b1 )
b1 7
0P
0?
1@
b11 <
b0 |
1-
#23530000
0-
0,
b1001011 +
b1001011 5
01
00
0.
b100100110000 3
#23535000
b1 ;
1=
0@
1P
0O
b10 )
b10 7
0T
0L
b0 <
1-
#23540000
0-
b1110111 +
b1110111 5
11
10
b100100110001 3
#23545000
b10 ;
1>
1L
0M
1O
b0 )
b0 7
0P
1Y
0=
b1 <
1#
1x
b10 m
b110 d
1-
#23550000
0-
b110110 +
b110110 5
b100100110010 3
#23555000
b11 ;
0>
1?
b10 )
b10 7
1P
1M
b10 <
1-
#23560000
0-
1,
b11101010 +
b11101010 5
01
b100100110011 3
#23565000
b0 ;
0O
1Q
1N
0?
1@
b11 <
1-
#23570000
0-
0,
b11100000 +
b11100000 5
11
12
00
b100100110100 3
#23575000
b1 ;
0X
1=
0@
0Q
b0 )
b0 7
0P
1O
1S
0L
b0 <
1-
#23580000
0-
b10000000 +
b10000000 5
01
02
b100100110101 3
#23585000
b10 ;
1>
0M
0S
1T
0O
b11 )
b11 7
1P
0N
0Y
0=
b1 <
b11 m
b111 d
b1 |
1-
#23590000
0-
1,
b110000 +
b110000 5
11
1.
b100100110110 3
#23595000
b11 l
1j
b11 ;
0>
1X
1?
0P
1O
b0 )
b0 7
0T
0K
1q
0p
b0 |
b10 <
1-
#23600000
0-
b11111010 +
b11111010 5
01
12
b100100110111 3
#23605000
b0 ;
0j
1r
1S
0O
b10 )
b10 7
1P
0J
0?
1@
b11 <
b11 s
1_
1-
#23610000
0-
0,
b10100001 +
b10100001 5
11
02
b100100111000 3
#23615000
b1 ;
1=
0@
0P
1O
b1 )
b1 7
1T
0S
b0 <
1-
#23620000
0-
1,
b110010 +
b110010 5
01
12
10
b100100111001 3
#23625000
b10 ;
1>
1L
1S
0T
0O
b10 )
b10 7
1P
1Y
0=
0W
b1 <
1`
0n
b0 m
b0 d
1-
#23630000
0-
b11011111 +
b11011111 5
b100100111010 3
#23635000
b11 ;
0>
1?
0P
b1 )
b1 7
1T
1M
0q
b10 <
1-
#23640000
0-
0,
b100110 +
b100110 5
11
00
0.
b100100111011 3
#23645000
b0 ;
0r
0L
1K
1U
1R
1O
0?
1@
b11 <
1-
#23650000
0-
1,
b1111010 +
b1111010 5
01
02
10
1.
b100100111100 3
#23655000
b1 ;
0X
1=
0@
1J
b11 )
b11 7
1P
0O
0S
0M
1L
b0 <
1-
#23660000
0-
b11000 +
b11000 5
00
0.
b100100111101 3
#23665000
b10 ;
1>
0L
1M
0T
0U
b0 )
b0 7
0P
0Y
0=
1W
b1 <
1a
0o
b1 d
1-
#23670000
0-
b10001 +
b10001 5
11
10
1.
b100100111110 3
#23675000
b11 ;
0>
1?
1O
0R
0M
1L
1p
0_
b10 <
1-
#23680000
0-
0,
b10111110 +
b10111110 5
01
00
b100100111111 3
#23685000
b0 ;
0L
1M
0O
b10 )
b10 7
1P
0?
1@
1X
b11 <
1-
#23690000
0-
1,
b10011001 +
b10011001 5
12
b100101000000 3
#23695000
b1 ;
1=
0@
b0 )
b0 7
0P
1S
0M
b0 <
1-
#23700000
0-
0,
b100010 +
b100010 5
10
b100101000001 3
#23705000
b10 ;
1>
b100 l
1L
0K
b1 )
b1 7
1T
1Y
0=
b1 <
1$
1w
0#
0x
1b
0`
1o
1n
b1 m
b10 d
b1 |
1-
#23710000
0-
b100011 +
b100011 5
0.
b100101000010 3
#23715000
b11 ;
0>
1?
0J
1R
1U
1M
0p
b0 |
0t
b100 s
b10 <
1-
#23720000
0-
1,
b11100 +
b11100 5
b100101000011 3
#23725000
b0 ;
1K
0?
1@
0X
b11 <
1e
1-
#23730000
0-
b11011100 +
b11011100 5
02
1.
b100101000100 3
#23735000
b1 ;
1=
0@
1J
0S
b0 <
1-
#23740000
0-
b1001 +
b1001 5
12
b100101000101 3
#23745000
b10 ;
1>
1S
b0 )
b0 7
0T
0U
0Y
0=
b1 <
0$
0w
1c
0a
0n
b0 m
b11 d
0u
1-
#23750000
0-
b10010110 +
b10010110 5
11
02
b100101000110 3
#23755000
b11 ;
0>
1?
1O
0R
b1 )
b1 7
1T
0S
b0 d
b10 <
1-
#23760000
0-
0,
b10110111 +
b10110111 5
00
b100101000111 3
#23765000
b0 ;
0L
0T
b10 )
b10 7
1P
0?
1@
1X
b11 <
0e
1-
#23770000
0-
1,
b10011010 +
b10011010 5
01
12
b100101001000 3
#23775000
b1 ;
1=
0@
1N
1Q
0O
1S
0M
1e
b0 <
1-
#23780000
0-
0,
b10000 +
b10000 5
11
10
b100101001001 3
#23785000
b10 ;
1>
1L
0K
1T
1O
b1 )
b1 7
0P
0Q
0=
0X
b1 <
0z
0b
0e
1-
#23790000
0-
b1111 +
b1111 5
00
b100101001010 3
#23795000
b11 ;
0>
1?
0J
0N
b11 )
b11 7
1P
1R
1U
1M
0L
b10 <
1-
#23800000
0-
b10010100 +
b10010100 5
01
02
b100101001011 3
#23805000
b0 ;
0M
0S
0O
1Q
1N
0?
1@
b11 <
1-
#23810000
0-
b11001000 +
b11001000 5
12
10
b100101001100 3
#23815000
b101 l
b1 ;
1=
0@
0Q
0P
0U
b0 )
b0 7
0T
1S
1L
b0 <
1-
#23820000
0-
b100001 +
b100001 5
02
0.
b100101001101 3
#23825000
b10 ;
1>
1M
0S
b1 )
b1 7
1T
0R
0N
0=
0W
b1 <
b101 s
1#
1x
0{
0c
b1 |
1-
#23830000
0-
1,
b10101001 +
b10101001 5
11
12
00
1.
b100101001110 3
#23835000
b11 ;
0>
1X
1?
1O
b0 )
b0 7
0T
1S
1K
0L
b0 |
1e
b10 <
1-
#23840000
0-
b10110 +
b10110 5
02
10
0.
b100101001111 3
#23845000
b0 ;
1L
0M
0S
1T
b11 )
b11 7
1P
1J
0?
1@
b11 <
1-
#23850000
0-
b10000110 +
b10000110 5
01
1.
b100101010000 3
#23855000
b0 l
b1 ;
1=
0@
1N
1Q
0O
b10 )
b10 7
0T
1M
b0 <
1-
#23860000
b0 l
0-
0,
b1010100 +
b1010100 5
11
00
b100101010001 3
#23865000
b10 ;
1>
0L
1O
b0 )
b0 7
0P
0Q
0=
1W
0X
b1 <
b0 s
1"
1y
0e
1-
#23870000
0-
b10110001 +
b10110001 5
01
12
b100101010010 3
#23875000
b11 ;
0>
1?
0N
b10 )
b10 7
1P
0O
1S
0M
1F
b10 <
1-
#23880000
b1 l
1k
0-
1,
b101111 +
b101111 5
02
10
b100101010011 3
#23885000
b0 ;
0k
b10000000 f
1L
0K
0S
1T
b1 )
b1 7
0P
0?
1@
1X
b11 <
b1 s
1e
1t
1-
#23890000
0-
b111 +
b111 5
00
0.
b100101010100 3
#23895000
b1 ;
1=
0@
0J
b0 )
b0 7
0T
1M
0L
b10000000 g
b0 <
1-
#23900000
0-
b11001010 +
b11001010 5
11
12
10
b100101010101 3
#23905000
b10 ;
1>
1L
0M
1S
1O
1Y
0=
0W
b1 <
1u
b1 |
1-
#23910000
0-
0,
b11000010 +
b11000010 5
01
02
00
b100101010110 3
#23915000
b11 ;
0>
1?
1P
0O
b11 )
b11 7
1T
0S
1M
0L
0e
b10 <
1-
#23920000
0-
1,
b11110010 +
b11110010 5
12
1.
b100101010111 3
#23925000
b0 ;
0M
1S
0T
b0 )
b0 7
0P
0?
1@
b11 <
b0 |
1-
#23930000
0-
b11011001 +
b11011001 5
02
10
0.
b100101011000 3
#23935000
b1 ;
1=
0@
b1 )
b1 7
1T
0S
1L
b0 <
1-
#23940000
0-
0,
b11110011 +
b11110011 5
11
12
00
1.
b100101011001 3
#23945000
b10 ;
1>
0L
1M
1S
b0 )
b0 7
0T
1O
0=
b1 <
1z
b1 d
1-
#23950000
0-
1,
b111000 +
b111000 5
01
10
b100101011010 3
#23955000
b11 ;
0>
1?
1P
0O
b11 )
b11 7
1T
0M
1L
b10 <
1-
#23960000
0-
b10000010 +
b10000010 5
02
00
b100101011011 3
#23965000
b0 ;
0L
1M
0S
1U
1R
b1 )
b1 7
0P
0?
1@
b11 <
1-
#23970000
0-
b10001111 +
b10001111 5
10
0.
b100101011100 3
#23975000
b1 ;
0X
1=
0@
0U
b0 )
b0 7
0T
0M
1L
b0 <
1-
#23980000
0-
0,
b101100 +
b101100 5
11
12
00
1.
b100101011101 3
#23985000
b10 ;
1>
0L
1M
1S
0R
1O
0Y
0=
b1 <
0"
0y
1{
0o
b10 d
b1 |
1-
#23990000
0-
b1110 +
b1110 5
01
02
10
b100101011110 3
#23995000
b11 ;
0>
1X
1?
1P
0O
b11 )
b11 7
1T
0S
0M
1L
0F
b10 <
1-
#24000000
0-
1,
b1100111 +
b1100111 5
11
b100101011111 3
#24005000
b0 ;
1M
0T
1O
b0 )
b0 7
0P
0?
1@
b11 <
b0 |
1-
#24010000
0-
b11001000 +
b11001000 5
01
00
b100101100000 3
#24015000
b1 ;
1=
0@
b10 )
b10 7
1P
0O
1K
0L
b0 <
1-
#24020000
0-
b11000001 +
b11000001 5
11
0.
b100101100001 3
#24025000
b10 ;
1>
0M
1O
b0 )
b0 7
0P
1Y
1J
0=
1W
b1 <
0#
0x
1o
b11 d
1-
#24030000
0-
0,
b10100 +
b10100 5
01
12
10
1.
b100101100010 3
#24035000
b11 ;
0>
1?
b10 )
b10 7
1P
0O
1S
0K
1L
b10 <
1-
#24040000
0-
1,
b111001 +
b111001 5
02
b100101100011 3
#24045000
b0 ;
1M
0S
1T
b1 )
b1 7
0P
0J
0?
1@
b11 <
1-
#24050000
0-
0,
b10011101 +
b10011101 5
11
12
00
0.
b100101100100 3
#24055000
b1 ;
1=
0@
1O
b0 )
b0 7
0T
1S
1K
0L
b0 <
1-
#24060000
0-
1,
b1001100 +
b1001100 5
01
1.
b100101100101 3
#24065000
b10 ;
1>
0M
1T
0O
b11 )
b11 7
1P
1J
0=
b1 <
1#
1x
0o
b100 d
b1 |
1-
#24070000
0-
0,
b10001001 +
b10001001 5
11
10
b100101100110 3
#24075000
b11 ;
0>
1?
b1 )
b1 7
0P
1O
1R
1U
0K
1L
b0 |
b10 <
1-
#24080000
0-
b10110111 +
b10110111 5
01
00
b100101100111 3
#24085000
b0 ;
0L
1M
0O
b11 )
b11 7
1P
0J
0?
1@
0X
b11 <
1-
#24090000
0-
b1100011 +
b1100011 5
11
02
b100101101000 3
#24095000
b1 ;
1=
0@
b1 )
b1 7
0P
1O
0S
0M
b0 <
1-
#24100000
0-
1,
b1111100 +
b1111100 5
0.
b100101101001 3
#24105000
b10 ;
1>
0T
0U
b10 )
b10 7
1P
0Y
0=
0W
b1 <
0#
0x
1o
b101 d
1-
#24110000
0-
0,
b10111 +
b10111 5
01
12
10
b100101101010 3
#24115000
b11 ;
0>
1?
1N
1Q
0O
0R
1S
1L
b10 <
1-
#24120000
0-
b110011 +
b110011 5
02
1.
b100101101011 3
#24125000
b0 ;
1M
0S
1T
b1 )
b1 7
0P
0Q
0?
1@
b11 <
1-
#24130000
0-
b11011001 +
b11011001 5
b100101101100 3
#24135000
b1 ;
1=
0@
0N
b0 )
b0 7
0T
1K
b0 <
1-
#24140000
0-
1,
b101101 +
b101101 5
12
00
b100101101101 3
#24145000
b10 ;
1>
0L
1S
1Y
1J
0=
1W
1X
b1 <
1#
1x
0o
b110 d
b1 |
1-
#24150000
0-
0,
b100100 +
b100100 5
11
02
b100101101110 3
#24155000
b11 ;
0>
1?
1O
b1 )
b1 7
1T
0S
0M
b10 <
1-
#24160000
0-
1,
b1101001 +
b1101001 5
01
10
b100101101111 3
#24165000
b0 ;
1L
0K
0T
0O
b10 )
b10 7
1P
0?
1@
b11 <
b0 |
1-
#24170000
0-
0,
b10110000 +
b10110000 5
11
00
b100101110000 3
#24175000
b1 ;
1=
0@
0J
b0 )
b0 7
0P
1O
1M
0L
b0 <
1-
#24180000
0-
1,
b11110010 +
b11110010 5
12
10
b100101110001 3
#24185000
b10 ;
1>
1L
0M
1S
b10 )
b10 7
1P
0=
0W
b1 <
1$
1w
0#
0x
1o
b111 d
b1 |
1-
#24190000
0-
0,
b10010100 +
b10010100 5
01
02
0.
b100101110010 3
#24195000
b10 l
1i
1v
b11 ;
0>
1?
1N
1Q
0O
b11 )
b11 7
1T
0S
1M
1q
1p
b0 |
b10 <
1-
#24200000
1i
1v
b10 l
0-
1,
b10100111 +
b10100111 5
12
00
1.
b100101110011 3
#24205000
b0 ;
0i
0v
1h
1r
0L
1K
1S
0T
b0 )
b0 7
0P
0Q
0?
1@
0X
b11 <
b10 s
1%
1^
1-
#24210000
0-
0,
b1110011 +
b1110011 5
11
02
10
b100101110100 3
#24215000
b1 ;
1=
0@
1J
0N
1O
b1 )
b1 7
1T
0S
0M
1L
b1110011 f
0h
0%
0^
b0 <
1-
#24220000
0-
1,
b11101111 +
b11101111 5
12
0.
b100101110101 3
#24225000
b10 ;
1>
b1110011 g
1M
1S
0T
b10 )
b10 7
1P
0=
1W
1X
b1 <
0$
0w
1#
1x
0o
1n
b1 m
b0 d
1-
#24230000
0-
b11011110 +
b11011110 5
01
1.
b100101110110 3
#24235000
b11 ;
0>
1?
1N
1Q
0O
b11 )
b11 7
1T
0q
b10 <
1-
#24240000
0-
0,
b1101001 +
b1101001 5
11
02
00
0.
b100101110111 3
#24245000
b0 ;
0r
0L
0S
1U
1R
1O
b1 )
b1 7
0P
0Q
0?
1@
0X
b11 <
1-
#24250000
0-
1,
b11010001 +
b11010001 5
b100101111000 3
#24255000
b1 ;
1=
0@
0N
1P
0U
b10 )
b10 7
0T
0M
b0 <
1-
#24260000
0-
b11111 +
b11111 5
01
10
b100101111001 3
#24265000
b10 ;
1>
1L
0K
0R
0O
1Q
1N
0Y
0=
b1 <
0#
0x
b10 m
b1 d
1-
#24270000
0-
b10000010 +
b10000010 5
00
b100101111010 3
#24275000
b11 ;
0>
1?
0J
0Q
b0 )
b0 7
0P
1M
0L
b10 <
1-
#24280000
0-
0,
b1000000 +
b1000000 5
12
b100101111011 3
#24285000
b0 ;
0M
1S
0N
0?
1@
b11 <
1-
#24290000
0-
1,
b1000110 +
b1000110 5
11
10
b100101111100 3
#24295000
b1 ;
1X
1=
0@
1O
b1 )
b1 7
1T
1L
b0 <
1-
#24300000
0-
0,
b11110000 +
b11110000 5
01
b100101111101 3
#24305000
b10 ;
1>
1M
1U
1R
0O
b11 )
b11 7
1P
1Y
0=
0W
b1 <
b11 m
b10 d
1-
#24310000
0-
b11101000 +
b11101000 5
02
00
b100101111110 3
#24315000
b11 ;
0>
0X
1?
b1 )
b1 7
0P
0S
1K
0L
0p
b10 <
1-
#24320000
0-
b101010 +
b101010 5
11
b100101111111 3
#24325000
b0 ;
0M
b0 )
b0 7
0T
0U
1O
1J
0?
1@
b11 <
1-
#24330000
0-
b100011 +
b100011 5
01
10
1.
b100110000000 3
#24335000
b1 ;
1=
0@
b10 )
b10 7
1P
0O
0R
0K
1L
b0 <
1-
#24340000
0-
1,
b1001011 +
b1001011 5
12
00
b100110000001 3
#24345000
b10 ;
1>
0L
1M
1S
b0 )
b0 7
0P
0J
0=
1X
b1 <
1$
1w
0n
b0 m
b11 d
1-
#24350000
0-
b10010110 +
b10010110 5
11
10
0.
b100110000010 3
#24355000
b11 ;
0>
1?
1O
b1 )
b1 7
1T
0M
1L
b10 <
1-
#24360000
0-
0,
b1000000 +
b1000000 5
00
b100110000011 3
#24365000
b0 ;
0L
1M
1U
1R
b11 )
b11 7
1P
0?
1@
b11 <
1-
#24370000
0-
1,
b11110110 +
b11110110 5
01
1.
b100110000100 3
#24375000
b1 ;
0X
1=
0@
1N
1Q
0O
0M
b0 <
1-
#24380000
0-
b11101100 +
b11101100 5
02
10
0.
b100110000101 3
#24385000
b10 ;
1>
1L
0S
b1 )
b1 7
0P
0Q
0Y
0=
b1 <
0$
0w
1o
b100 d
1-
#24390000
0-
b11000111 +
b11000111 5
12
00
1.
b100110000110 3
#24395000
b11 ;
0>
1?
0N
0U
b0 )
b0 7
0T
1S
1M
0L
1p
b10 <
1-
#24400000
0-
0,
b11000100 +
b11000100 5
11
10
b100110000111 3
#24405000
b0 ;
1L
0M
b1 )
b1 7
1T
0R
1O
0?
1@
b11 <
1-
#24410000
0-
b1011000 +
b1011000 5
01
02
00
0.
b100110001000 3
#24415000
b1 ;
1X
1=
0@
b11 )
b11 7
1P
0O
1R
1U
0S
1M
0L
b0 <
1-
#24420000
0-
1,
b101100 +
b101100 5
11
12
1.
b100110001001 3
#24425000
b10 ;
1>
0M
1S
0T
0U
1O
b0 )
b0 7
0P
0=
0X
b1 <
1#
1x
0o
1n
b1 m
b101 d
1-
#24430000
0-
0,
b1100111 +
b1100111 5
0.
b100110001010 3
#24435000
b11 ;
0>
1?
1P
0R
b11 )
b11 7
1T
b10 <
1-
#24440000
0-
1,
b10011011 +
b10011011 5
02
10
b100110001011 3
#24445000
b0 ;
1L
0S
1U
1R
1Q
1N
0?
1@
1X
b11 <
1-
#24450000
0-
b10001 +
b10001 5
12
1.
b100110001100 3
#24455000
b1 ;
0X
1=
0@
0U
b10 )
b10 7
0T
1S
1M
b0 <
1-
#24460000
0-
b11011 +
b11011 5
01
b100110001101 3
#24465000
b10 ;
1>
1K
b11 )
b11 7
1T
0R
0O
0=
b1 <
1$
1w
0#
0x
b10 m
b110 d
1-
#24470000
0-
0,
b1101110 +
b1101110 5
11
b100110001110 3
#24475000
b11 ;
0>
1?
1J
0Q
b1 )
b1 7
0P
1O
1R
1U
b10 <
1-
#24480000
0-
1,
b10100 +
b10100 5
01
02
00
0.
b100110001111 3
#24485000
b0 ;
0L
0S
0O
b11 )
b11 7
1P
0N
0?
1@
b11 <
1-
#24490000
0-
b10100000 +
b10100000 5
11
12
10
1.
b100110010000 3
#24495000
b1 ;
1=
0@
0P
1O
0U
b0 )
b0 7
0T
1S
0M
1L
b0 <
1-
#24500000
0-
0,
b101 +
b101 5
02
b100110010001 3
#24505000
b10 ;
1>
1M
0S
1T
0R
b11 )
b11 7
1P
0=
1W
b1 <
b11 m
b111 d
b1 |
1-
#24510000
0-
1,
b10010001 +
b10010001 5
12
0.
b100110010010 3
#24515000
b11 l
1j
b11 ;
0>
1X
1?
1N
1Q
b10 )
b10 7
0T
1S
1q
0p
b0 |
b10 <
1-
#24520000
1j
b11 l
0-
0,
b11111 +
b11111 5
02
1.
b100110010011 3
#24525000
b0 ;
0j
1r
0S
b11 )
b11 7
1T
0?
1@
0X
b11 <
b11 s
1_
1-
#24530000
0-
1,
b101100 +
b101100 5
01
b100110010100 3
#24535000
b1 ;
1=
0@
0O
b10 )
b10 7
0T
b0 <
1-
#24540000
0-
0,
b1010011 +
b1010011 5
11
12
00
b100110010101 3
#24545000
b10 ;
1>
0L
1S
1O
b0 )
b0 7
0P
0Q
0=
b1 <
1`
0n
b0 m
b0 d
1-
#24550000
0-
b1100100 +
b1100100 5
01
0.
b100110010110 3
#24555000
b11 ;
0>
1?
0N
1P
0O
b11 )
b11 7
1T
0M
0q
1p
b10 <
1-
#24560000
0-
b11011100 +
b11011100 5
11
02
1.
b100110010111 3
#24565000
b0 ;
0r
0K
0S
1U
1R
1O
b1 )
b1 7
0P
0?
1@
1X
b11 <
1-
#24570000
0-
b11000011 +
b11000011 5
0.
b100110011000 3
#24575000
b1 ;
0X
1=
0@
0J
1P
0U
b10 )
b10 7
0T
b0 <
1-
#24580000
0-
1,
b11001001 +
b11001001 5
01
12
10
b100110011001 3
#24585000
b10 ;
1>
1L
1S
0R
0O
1Q
1N
0=
0W
b1 <
0$
0w
1a
1o
1n
b1 m
b1 d
1-
#24590000
0-
0,
b11001101 +
b11001101 5
1.
b100110011010 3
#24595000
b11 ;
0>
1?
0Q
0P
b1 )
b1 7
1T
1M
0_
b10 <
1-
#24600000
0-
1,
b10001101 +
b10001101 5
11
02
0.
b100110011011 3
#24605000
b0 ;
1K
0S
1U
1R
1O
0N
0?
1@
b11 <
1-
#24610000
0-
b1001 +
b1001 5
1.
b100110011100 3
#24615000
b1 ;
1=
0@
1J
1P
0U
b10 )
b10 7
0T
b0 <
1-
#24620000
0-
0,
b101001 +
b101001 5
12
00
0.
b100110011101 3
#24625000
b10 ;
1>
b100 l
0L
1S
0R
1Q
1N
0=
1W
b1 <
1#
1x
1b
0`
b10 m
b10 d
1-
#24630000
b100 l
0-
1,
b11100001 +
b11100001 5
02
10
1.
b100110011110 3
#24635000
b11 ;
0>
1?
b11 )
b11 7
1T
0S
0M
1L
0p
0t
b100 s
b10 <
1-
#24640000
0-
0,
b11100101 +
b11100101 5
01
00
0.
b100110011111 3
#24645000
b0 ;
0L
1M
b10 )
b10 7
0T
0O
0?
1@
b11 <
1-
#24650000
0-
b1000000 +
b1000000 5
11
1.
b100110100000 3
#24655000
b1 ;
1=
0@
0Q
b0 )
b0 7
0P
1O
0M
b0 <
1-
#24660000
0-
1,
b110100 +
b110100 5
01
b100110100001 3
#24665000
b10 ;
1>
0K
0O
b10 )
b10 7
1P
0N
0=
b1 <
0#
0x
1c
0a
0n
b0 m
b11 d
1e
0u
b1 |
1-
#24670000
0-
0,
b11001 +
b11001 5
12
10
0.
b100110100010 3
#24675000
b11 ;
0>
1X
1?
0J
b0 )
b0 7
0P
1S
1L
b0 |
0e
b0 d
b10 <
1-
#24680000
0-
1,
b10111100 +
b10111100 5
02
00
1.
b100110100011 3
#24685000
b0 ;
0L
1M
0S
b1 )
b1 7
1T
0?
1@
b11 <
1e
1-
#24690000
0-
0,
b10110001 +
b10110001 5
11
12
b100110100100 3
#24695000
b1 ;
1=
0@
1O
b0 )
b0 7
0T
1S
0M
0e
b0 <
1-
#24700000
0-
1,
b1101 +
b1101 5
02
10
0.
b100110100101 3
#24705000
b10 ;
1>
1L
0S
1T
b11 )
b11 7
1P
1Y
0=
0W
b1 <
1$
1w
1#
1x
0z
0b
1e
b1 |
1-
#24710000
0-
0,
b11101110 +
b11101110 5
01
12
00
b100110100110 3
#24715000
b11 ;
0>
1?
1N
1Q
0O
b10 )
b10 7
0T
1S
1M
0L
b0 |
0e
b10 <
1-
#24720000
0-
b11100 +
b11100 5
02
10
1.
b100110100111 3
#24725000
b0 ;
1L
0M
0S
1T
b1 )
b1 7
0P
0Q
0?
1@
0X
b11 <
1-
#24730000
0-
b1110011 +
b1110011 5
00
0.
b100110101000 3
#24735000
b101 l
b1 ;
1=
0@
0N
b0 )
b0 7
0T
1M
0L
b0 <
1-
#24740000
0-
b11110101 +
b11110101 5
11
12
10
b100110101001 3
#24745000
b10 ;
1>
1L
0M
1S
1O
0=
1X
b1 <
b101 s
0$
0w
0{
0c
b1 |
1-
#24750000
0-
b11010010 +
b11010010 5
01
02
00
b100110101010 3
#24755000
b11 ;
0>
1?
1P
0O
b11 )
b11 7
1T
0S
1M
0L
b10 <
1-
#24760000
0-
1,
b10111000 +
b10111000 5
11
12
1.
b100110101011 3
#24765000
b0 ;
0M
1S
0T
1O
b0 )
b0 7
0P
0?
1@
b11 <
1e
b0 |
1-
#24770000
0-
0,
b10011000 +
b10011000 5
01
02
10
0.
b100110101100 3
#24775000
b0 l
b1 ;
1=
0@
1P
0O
b11 )
b11 7
1T
0S
1L
0e
b0 <
1-
#24780000
b0 l
0-
1,
b1101111 +
b1101111 5
b100110101101 3
#24785000
b10 ;
1>
b1 l
1k
1M
0T
b0 )
b0 7
0P
0=
b1 <
b0 s
1"
1y
1e
1-
#24790000
0-
b10000110 +
b10000110 5
b100110101110 3
#24795000
0k
b0 ;
0>
1?
1K
1F
b10000000 f
1t
b1 s
b10 <
1-
#24800000
0-
0,
b10110101 +
b10110101 5
11
12
00
b100110101111 3
#24805000
b1 ;
b10000000 g
0L
1S
1O
1J
0?
1@
b0 <
0e
1-
#24810000
0-
1,
b10110001 +
b10110001 5
02
10
1.
b100110110000 3
#24815000
b10 ;
1>
1=
0@
1P
b11 )
b11 7
1T
0S
0M
1L
b1 <
1-
#24820000
0-
0,
b11000011 +
b11000011 5
01
0.
b100110110001 3
#24825000
b11 ;
0>
1M
b10 )
b10 7
0T
0O
1Q
1N
1?
0=
1W
b10 <
1u
1-
#24830000
0-
1,
b11010111 +
b11010111 5
12
1.
b100110110010 3
#24835000
b0 ;
0X
1@
0?
0Q
b0 )
b0 7
0P
1S
b11 <
1-
#24840000
0-
0,
b11100011 +
b11100011 5
11
02
00
b100110110011 3
#24845000
b1 ;
0L
0S
b1 )
b1 7
1T
1O
0N
0@
1=
b0 <
1-
#24850000
0-
1,
b10111010 +
b10111010 5
01
10
0.
b100110110100 3
#24855000
b10 ;
1>
1X
0=
1P
0O
b10 )
b10 7
0T
0M
1L
b1 d
1z
b1 <
1-
#24860000
0-
0,
b11011010 +
b11011010 5
b100110110101 3
#24865000
b11 ;
0>
1M
b0 )
b0 7
0P
1?
b10 <
1-
#24870000
0-
b10110101 +
b10110101 5
12
00
b100110110110 3
#24875000
b0 ;
1@
0?
1S
0L
b11 <
1-
#24880000
0-
b1001000 +
b1001000 5
11
10
1.
b100110110111 3
#24885000
b1 ;
1L
0M
b1 )
b1 7
1T
1O
0@
1=
b0 <
1-
#24890000
0-
b1100101 +
b1100101 5
01
00
b100110111000 3
#24895000
b10 ;
1>
0=
b11 )
b11 7
1P
0O
1R
1U
1M
0L
b10 d
0o
1{
0"
0y
b1 <
1-
#24900000
0-
1,
b10000110 +
b10000110 5
b100110111001 3
#24905000
b11 ;
0>
0F
0M
b1 )
b1 7
0P
1?
0X
b10 <
1-
#24910000
0-
b10101011 +
b10101011 5
02
0.
b100110111010 3
#24915000
b0 ;
1@
0?
0S
0K
b11 <
1-
#24920000
0-
0,
b10101 +
b10101 5
11
10
b100110111011 3
#24925000
b1 ;
1L
b0 )
b0 7
0T
0U
1O
0J
0@
1=
b0 <
1-
#24930000
0-
b10111111 +
b10111111 5
12
00
1.
b100110111100 3
#24935000
b10 ;
1>
0W
0=
0Y
b10 )
b10 7
1P
0R
1S
1M
0L
b1 |
b11 d
1o
0#
0x
1$
1w
b1 <
1-
#24940000
0-
1,
b11010 +
b11010 5
01
10
b100110111101 3
#24945000
b11 ;
0>
1L
0M
b11 )
b11 7
1T
0O
1Q
1N
1?
1X
b10 <
b0 |
1-
#24950000
0-
b10111001 +
b10111001 5
11
02
00
0.
b100110111110 3
#24955000
b0 ;
0X
1@
0?
0Q
b1 )
b1 7
0P
1O
1R
1U
0S
1M
0L
b11 <
1-
#24960000
0-
b11110011 +
b11110011 5
12
b100110111111 3
#24965000
b1 ;
0M
1S
0T
0U
b10 )
b10 7
1P
0N
0@
1=
b0 <
1-
#24970000
0-
b111001 +
b111001 5
01
02
10
b100111000000 3
#24975000
b10 ;
1>
0=
1N
1Q
0O
0R
b11 )
b11 7
1T
0S
1L
b100 d
0o
1#
1x
0$
0w
b1 <
1-
#24980000
0-
0,
b1110010 +
b1110010 5
11
12
00
1.
b100111000001 3
#24985000
b11 ;
0>
0L
1M
1S
0T
1O
b0 )
b0 7
0P
0Q
1?
b10 <
1-
#24990000
0-
b10001110 +
b10001110 5
02
b100111000010 3
#24995000
b0 ;
1@
0?
0N
1P
b11 )
b11 7
1T
0S
0M
b11 <
1-
#25000000
0-
1,
b10111010 +
b10111010 5
0.
b100111000011 3
#25005000
b1 ;
b10 )
b10 7
0T
1Q
1N
0@
1=
1X
b0 <
1-
#25010000
0-
b10101 +
b10101 5
01
10
1.
b100111000100 3
#25015000
b10 ;
1>
0X
0=
0O
1L
b101 d
1o
0#
0x
1$
1w
b1 <
1-
#25020000
0-
0,
b1010100 +
b1010100 5
00
b100111000101 3
#25025000
b11 ;
0>
0L
1M
b0 )
b0 7
0P
0Q
1?
b10 <
1-
#25030000
0-
1,
b100001 +
b100001 5
11
b100111000110 3
#25035000
b0 ;
1@
0?
0N
1O
0M
b11 <
1-
#25040000
0-
b1111011 +
b1111011 5
01
12
0.
b100111000111 3
#25045000
b1 ;
1S
0O
b10 )
b10 7
1P
0@
1=
1X
b0 <
1-
#25050000
0-
0,
b101100 +
b101100 5
02
b100111001000 3
#25055000
b10 ;
1>
0=
1Y
0P
b1 )
b1 7
1T
0S
b110 d
0o
1#
1x
0$
0w
b1 <
1-
#25060000
0-
1,
b101011 +
b101011 5
12
10
b100111001001 3
#25065000
b11 ;
0>
1L
1S
b0 )
b0 7
0T
1?
b10 <
1-
#25070000
0-
b10100110 +
b10100110 5
02
00
b100111001010 3
#25075000
b0 ;
1@
0?
b1 )
b1 7
1T
0S
1M
0L
b11 <
1-
#25080000
0-
0,
b11110110 +
b11110110 5
11
12
10
b100111001011 3
#25085000
b1 ;
1L
0M
1S
b0 )
b0 7
0T
1O
0@
1=
b0 <
1-
#25090000
0-
1,
b10111 +
b10111 5
01
02
b100111001100 3
#25095000
b10 ;
1>
0=
1P
0O
b11 )
b11 7
1T
0S
1M
b1 |
b111 d
1o
0#
0x
b1 <
1-
#25100000
0-
0,
b101110 +
b101110 5
11
1.
b100111001101 3
#25105000
b10 l
1i
1v
b11 ;
0>
1p
1q
1K
0T
1O
b0 )
b0 7
0P
1?
b10 <
b0 |
1-
#25110000
0-
b11101101 +
b11101101 5
00
b100111001110 3
#25115000
0i
0v
b0 ;
1@
0?
1J
b10 )
b10 7
1P
0L
1r
1h
b10 s
b11 <
1-
#25120000
0-
1,
b1101000 +
b1101000 5
12
b100111001111 3
#25125000
b1 ;
0h
b1101000 f
0M
1S
1Q
1N
0@
1=
b0 <
1-
#25130000
0-
b10111001 +
b10111001 5
01
02
0.
b100111010000 3
#25135000
b10 ;
1>
0X
1W
0=
0Y
0O
b11 )
b11 7
1T
0S
0K
b1101000 g
b0 d
b1 m
1n
0o
1#
1x
b1 <
1-
#25140000
0-
b11011110 +
b11011110 5
11
10
b100111010001 3
#25145000
b11 ;
0>
0p
0q
1L
0T
1O
b0 )
b0 7
0P
0Q
0J
1?
b10 <
1-
#25150000
0-
0,
b11000 +
b11000 5
12
00
b100111010010 3
#25155000
b0 ;
1@
0?
0N
b10 )
b10 7
1P
1S
1M
0L
0r
b11 <
1-
#25160000
0-
b10111111 +
b10111111 5
10
1.
b100111010011 3
#25165000
b1 ;
1L
0M
b11 )
b11 7
1T
1Q
1N
0@
1=
1X
b0 <
1-
#25170000
0-
1,
b100111 +
b100111 5
0.
b100111010100 3
#25175000
b10 ;
1>
0X
0W
0=
1R
1U
1M
b1 d
b0 m
0n
0#
0x
b1 <
1-
#25180000
0-
b11101010 +
b11101010 5
b100111010101 3
#25185000
b11 ;
0>
1K
1?
b10 <
1-
#25190000
0-
0,
b10110001 +
b10110001 5
01
b100111010110 3
#25195000
b0 ;
1@
0?
1J
0O
b11 <
1-
#25200000
0-
b101001 +
b101001 5
11
00
1.
b100111010111 3
#25205000
b1 ;
0L
1O
b1 )
b1 7
0P
0Q
0@
1=
b0 <
1-
#25210000
0-
1,
b11110010 +
b11110010 5
01
02
b100111011000 3
#25215000
b10 ;
1>
1W
0=
0N
b11 )
b11 7
1P
0O
0S
0M
b10 d
1o
1$
1w
b1 <
1-
#25220000
0-
b1101010 +
b1101010 5
11
12
10
0.
b100111011001 3
#25225000
b11 ;
0>
1L
0K
1S
0T
0U
1O
b0 )
b0 7
0P
1?
b10 <
1-
#25230000
0-
0,
b101010 +
b101010 5
b100111011010 3
#25235000
b0 ;
1@
0?
0J
1P
0R
b11 )
b11 7
1T
1M
b11 <
1-
#25240000
0-
b100 +
b100 5
01
02
b100111011011 3
#25245000
b1 ;
1K
0S
1U
1R
0O
1Q
1N
0@
1=
1X
b0 <
1-
#25250000
0-
b11010001 +
b11010001 5
00
b100111011100 3
#25255000
b10 ;
1>
0X
0=
1J
0Q
0P
0U
b0 )
b0 7
0T
0L
b11 d
0o
1#
1x
0$
0w
b1 <
1-
#25260000
0-
1,
b10001000 +
b10001000 5
12
b100111011101 3
#25265000
b11 ;
0>
1p
0M
1S
0R
0N
1?
b10 <
1-
#25270000
0-
b10110000 +
b10110000 5
10
1.
b100111011110 3
#25275000
b0 ;
1X
1@
0?
b1 )
b1 7
1T
0K
1L
b11 <
1-
#25280000
0-
b110010 +
b110010 5
11
02
0.
b100111011111 3
#25285000
b1 ;
1M
0S
1U
1R
1O
0J
0@
1=
b0 <
1-
#25290000
0-
0,
b10100110 +
b10100110 5
12
00
1.
b100111100000 3
#25295000
b10 ;
1>
0X
0W
0=
1P
0U
b10 )
b10 7
0T
1S
1K
0L
b100 d
b1 m
1n
1o
0#
0x
1$
1w
b1 <
1-
#25300000
0-
1,
b1111001 +
b1111001 5
0.
b100111100001 3
#25305000
b11 ;
0>
0p
0M
b11 )
b11 7
1T
0R
1Q
1N
1J
1?
b10 <
1-
#25310000
0-
b1100110 +
b1100110 5
02
b100111100010 3
#25315000
b0 ;
1@
0?
1R
1U
0S
0K
b11 <
1-
#25320000
0-
0,
b11000111 +
b11000111 5
1.
b100111100011 3
#25325000
b1 ;
b10 )
b10 7
0T
0U
0J
0@
1=
b0 <
1-
#25330000
0-
b11101100 +
b11101100 5
10
b100111100100 3
#25335000
b10 ;
1>
0=
0R
1L
b101 d
b0 m
0n
1#
1x
0$
0w
b1 <
1-
#25340000
0-
1,
b11100101 +
b11100101 5
12
b100111100101 3
#25345000
b11 ;
0>
1p
1M
1S
1?
b10 <
1-
#25350000
0-
0,
b11111111 +
b11111111 5
02
0.
b100111100110 3
#25355000
b0 ;
1@
0?
b11 )
b11 7
1T
0S
1K
b11 <
1-
#25360000
0-
b11101 +
b11101 5
01
12
b100111100111 3
#25365000
b1 ;
1S
b10 )
b10 7
0T
0O
1J
0@
1=
b0 <
1-
#25370000
0-
1,
b1111011 +
b1111011 5
00
b100111101000 3
#25375000
b10 ;
1>
1W
0=
0Q
0P
b1 )
b1 7
1T
0L
b110 d
b1 m
1n
0o
b1 <
1-
#25380000
0-
0,
b10100011 +
b10100011 5
1.
b100111101001 3
#25385000
b11 ;
0>
0M
1U
1R
0N
1?
b10 <
1-
#25390000
0-
1,
b10110101 +
b10110101 5
10
0.
b100111101010 3
#25395000
b0 ;
1@
0?
0K
1L
b11 <
1-
#25400000
0-
b1000001 +
b1000001 5
1.
b100111101011 3
#25405000
b1 ;
1M
0J
0@
1=
b0 <
1-
#25410000
0-
0,
b10110110 +
b10110110 5
11
00
b100111101100 3
#25415000
b10 ;
1>
0W
0=
1O
1K
0L
b111 d
b10 m
0#
0x
1$
1w
b1 <
1-
#25420000
0-
1,
b11011100 +
b11011100 5
10
b100111101101 3
#25425000
b11 l
1j
b11 ;
0>
0p
1q
1L
0M
b11 )
b11 7
1P
1J
1?
b10 <
1-
#25430000
1j
b11 l
0-
0,
b10100100 +
b10100100 5
02
00
0.
b100111101110 3
#25435000
0j
b0 ;
1@
0?
1N
1Q
0S
1M
0L
1r
1_
b11 s
b11 <
1-
#25440000
0-
1,
b11001001 +
b11001001 5
01
10
1.
b100111101111 3
#25445000
b1 ;
1L
0M
b10 )
b10 7
0T
0U
0O
0@
1=
b0 <
1-
#25450000
0-
b10001 +
b10001 5
11
0.
b100111110000 3
#25455000
b10 ;
1>
1W
0=
0Q
b0 )
b0 7
0P
1O
0R
1M
b0 d
b0 m
0n
1`
0$
0w
b1 <
1-
#25460000
0-
b10001101 +
b10001101 5
b100111110001 3
#25465000
b11 ;
0>
0q
b10 )
b10 7
1P
0N
1?
b10 <
1-
#25470000
0-
0,
b10000011 +
b10000011 5
12
00
b100111110010 3
#25475000
b0 ;
1X
1@
0?
1N
1Q
1S
0L
0r
b11 <
1-
#25480000
0-
1,
b0 +
b0 5
02
10
b100111110011 3
#25485000
b1 ;
1L
0M
0S
b11 )
b11 7
1T
0@
1=
0X
b0 <
1-
#25490000
0-
b11111010 +
b11111010 5
01
12
b100111110100 3
#25495000
b10 ;
1>
0=
0O
b10 )
b10 7
0T
1S
1M
b1 d
1o
1a
b1 <
1-
#25500000
0-
0,
b1100101 +
b1100101 5
11
02
1.
b100111110101 3
#25505000
b11 ;
0>
0S
1T
1O
b1 )
b1 7
0P
0Q
1?
b10 <
0_
1-
#25510000
0-
1,
b10111001 +
b10111001 5
01
00
0.
b100111110110 3
#25515000
b0 ;
1@
0?
0N
1P
0O
b10 )
b10 7
0T
0L
b11 <
1-
#25520000
0-
b1111011 +
b1111011 5
12
1.
b100111110111 3
#25525000
b1 ;
0M
1S
b0 )
b0 7
0P
0@
1=
1X
b0 <
1-
#25530000
0-
b100010 +
b100010 5
0.
b100111111000 3
#25535000
b100 l
b10 ;
1>
0=
1Y
b1 )
b1 7
1T
0K
b1 |
b10 d
0o
0`
1b
1#
1x
b1 <
1-
#25540000
0-
b1011 +
b1011 5
11
02
10
1.
b100111111001 3
#25545000
b11 ;
0>
1L
0S
1U
1R
1O
0J
1?
b10 <
b100 s
0t
b0 |
1-
#25550000
0-
b11011101 +
b11011101 5
01
0.
b100111111010 3
#25555000
b0 ;
0X
1@
0?
1P
0O
0U
b10 )
b10 7
0T
1M
1e
b11 <
1-
#25560000
0-
b111 +
b111 5
11
00
1.
b100111111011 3
#25565000
b1 ;
0L
1K
0R
1O
b0 )
b0 7
0P
0@
1=
b0 <
1-
#25570000
0-
b101000 +
b101000 5
01
12
b100111111100 3
#25575000
b10 ;
1>
1X
0=
1J
b10 )
b10 7
1P
0O
1S
0M
b1 |
0u
b11 d
1o
0a
1c
0#
0x
b1 <
1-
#25580000
0-
0,
b10110111 +
b10110111 5
02
b100111111101 3
#25585000
b11 ;
0>
0K
0S
1T
b1 )
b1 7
0P
1?
b10 <
b0 d
0e
b0 |
1-
#25590000
0-
1,
b10000111 +
b10000111 5
b100111111110 3
#25595000
b0 ;
1@
0?
0J
b0 )
b0 7
0T
1e
b11 <
1-
#25600000
0-
b11111101 +
b11111101 5
12
10
b100111111111 3
#25605000
b1 ;
1L
1S
0@
1=
b0 <
1-
#25610000
0-
0,
b10100000 +
b10100000 5
00
0.
b101000000000 3
#25615000
b10 ;
1>
0W
0=
b1 )
b1 7
1T
1M
0L
b1 |
0e
0b
0z
1#
1x
1$
1w
b1 <
1-
#25620000
0-
b111101 +
b111101 5
02
1.
b101000000001 3
#25625000
b11 ;
0>
0M
0S
1U
1R
1?
b10 <
b0 |
1-
#25630000
0-
1,
b10010001 +
b10010001 5
10
b101000000010 3
#25635000
b0 ;
0X
1@
0?
0U
b0 )
b0 7
0T
1L
1e
b11 <
1-
#25640000
0-
b11101111 +
b11101111 5
b101000000011 3
#25645000
b101 l
b1 ;
1M
0R
0@
1=
b0 <
1-
#25650000
b101 l
0-
0,
b1111101 +
b1111101 5
11
00
b101000000100 3
#25655000
b10 ;
1>
1X
0=
1O
1K
0L
b1 |
0e
0c
0{
0$
0w
b101 s
b1 <
1-
#25660000
0-
1,
b1100100 +
b1100100 5
01
0.
b101000000101 3
#25665000
b11 ;
0>
0M
0O
b10 )
b10 7
1P
1J
1?
b10 <
1e
1-
#25670000
0-
0,
b10101001 +
b10101001 5
11
10
b101000000110 3
#25675000
b0 ;
1@
0?
b0 )
b0 7
0P
1O
0K
1L
b0 |
0e
b11 <
1-
#25680000
0-
b10111110 +
b10111110 5
12
1.
b101000000111 3
#25685000
b0 l
b1 ;
1M
1S
b10 )
b10 7
1P
0J
0@
1=
b0 <
1-
#25690000
0-
b11011001 +
b11011001 5
01
00
0.
b101000001000 3
#25695000
b10 ;
1>
0=
1N
1Q
0O
b11 )
b11 7
1T
1K
0L
1"
1y
b0 s
b1 <
1-
#25700000
b1 l
1k
0-
1,
b10110001 +
b10110001 5
02
1.
b101000001001 3
#25705000
b11 ;
0>
0k
b10000000 f
1F
0M
0S
1U
1R
b1 )
b1 7
0P
0Q
1J
1?
0X
b10 <
b1 s
1e
1t
1-
#25710000
0-
b1001111 +
b1001111 5
11
b101000001010 3
#25715000
b0 ;
1@
0?
0N
1O
0U
b0 )
b0 7
0T
0K
b10000000 g
b11 <
1-
#25720000
0-
b111 +
b111 5
01
10
b101000001011 3
#25725000
b1 ;
1L
0R
0O
b10 )
b10 7
1P
0J
0@
1=
b0 <
1-
#25730000
0-
b11111 +
b11111 5
00
0.
b101000001100 3
#25735000
b10 ;
1>
1X
0=
b0 )
b0 7
0P
1M
0L
1u
b1 <
1-
#25740000
0-
b1111110 +
b1111110 5
12
b101000001101 3
#25745000
b11 ;
0>
0M
1S
1?
b10 <
1-
#25750000
0-
0,
b101100 +
b101100 5
1.
b101000001110 3
#25755000
b0 ;
1@
0?
b1 )
b1 7
1T
0e
b11 <
1-
#25760000
0-
1,
b11110101 +
b11110101 5
02
0.
b101000001111 3
#25765000
b1 ;
0S
1U
1R
0@
1=
b0 <
1-
#25770000
0-
0,
b10010011 +
b10010011 5
10
b101000010000 3
#25775000
b10 ;
1>
0X
0=
0Y
0U
b0 )
b0 7
0T
1L
b1 d
1z
b1 <
1-
#25780000
0-
1,
b10000011 +
b10000011 5
b101000010001 3
#25785000
b11 ;
0>
1M
0R
1?
b10 <
1-
#25790000
0-
b11001001 +
b11001001 5
12
b101000010010 3
#25795000
b0 ;
1X
1@
0?
1S
1K
b11 <
1-
#25800000
0-
b1110010 +
b1110010 5
11
1.
b101000010011 3
#25805000
b1 ;
b1 )
b1 7
1T
1O
1J
0@
1=
b0 <
1-
#25810000
0-
b111100 +
b111100 5
01
00
0.
b101000010100 3
#25815000
b10 ;
1>
1W
0=
1Y
b11 )
b11 7
1P
0O
1R
1U
0L
b10 d
0o
1{
0"
0y
b1 <
1-
#25820000
0-
b10110010 +
b10110010 5
11
10
1.
b101000010101 3
#25825000
b11 ;
0>
0F
1L
0M
1O
b1 )
b1 7
0P
1?
0X
b10 <
1-
#25830000
0-
b10101110 +
b10101110 5
0.
b101000010110 3
#25835000
b0 ;
1@
0?
b11 )
b11 7
1P
1M
b11 <
1-
#25840000
0-
b10111011 +
b10111011 5
b101000010111 3
#25845000
b1 ;
1Q
1N
0@
1=
b0 <
1-
#25850000
0-
b101100 +
b101100 5
02
00
1.
b101000011000 3
#25855000
b10 ;
1>
0=
0Y
0S
0L
b11 d
1o
0#
0x
1$
1w
b1 <
1-
#25860000
0-
b1111100 +
b1111100 5
01
10
0.
b101000011001 3
#25865000
b11 ;
0>
1L
0M
b10 )
b10 7
0T
0U
0O
1?
b10 <
1-
#25870000
0-
b11010010 +
b11010010 5
11
12
00
1.
b101000011010 3
#25875000
b0 ;
1@
0?
0Q
b0 )
b0 7
0P
1O
0R
1S
1M
0L
b11 <
1-
#25880000
0-
b1001011 +
b1001011 5
01
02
b101000011011 3
#25885000
b1 ;
0M
0S
1T
0O
b11 )
b11 7
1P
0N
0@
1=
b0 <
1-
#25890000
0-
b101100 +
b101100 5
11
12
b101000011100 3
#25895000
b10 ;
1>
1X
0=
1Y
0P
1O
b0 )
b0 7
0T
1S
0K
b100 d
0o
1#
1x
0$
0w
b1 <
1-
#25900000
0-
0,
b1101101 +
b1101101 5
01
b101000011101 3
#25905000
b11 ;
0>
1T
0O
b11 )
b11 7
1P
0J
1?
b10 <
1-
#25910000
0-
b1111110 +
b1111110 5
11
02
0.
b101000011110 3
#25915000
b0 ;
1@
0?
b1 )
b1 7
0P
1O
1R
1U
0S
b11 <
1-
#25920000
0-
1,
b110001 +
b110001 5
01
1.
b101000011111 3
#25925000
b1 ;
0T
0U
0O
b10 )
b10 7
1P
0@
1=
0X
b0 <
1-
#25930000
0-
0,
b10111111 +
b10111111 5
11
12
0.
b101000100000 3
#25935000
b10 ;
1>
0W
0=
0Y
b0 )
b0 7
0P
1O
0R
1S
b101 d
1o
0#
0x
b1 <
1-
#25940000
0-
b110010 +
b110010 5
01
02
b101000100001 3
#25945000
b11 ;
0>
0S
1T
0O
b11 )
b11 7
1P
1?
1X
b10 <
1-
#25950000
0-
1,
b1111111 +
b1111111 5
b101000100010 3
#25955000
b0 ;
1@
0?
0P
b0 )
b0 7
0T
b11 <
1-
#25960000
0-
b10111111 +
b10111111 5
11
12
10
1.
b101000100011 3
#25965000
b1 ;
1L
1S
1O
0@
1=
b0 <
1-
#25970000
0-
0,
b10010010 +
b10010010 5
b101000100100 3
#25975000
b10 ;
1>
0=
1Y
1P
b11 )
b11 7
1T
1M
b1 |
b110 d
0o
1#
1x
b1 <
1-
#25980000
0-
b11110111 +
b11110111 5
02
b101000100101 3
#25985000
b11 ;
0>
1K
0S
1U
1R
1Q
1N
1?
b10 <
b0 |
1-
#25990000
0-
b11000000 +
b11000000 5
01
b101000100110 3
#25995000
b0 ;
0X
1@
0?
1J
0O
0U
b10 )
b10 7
0T
b11 <
1-
#26000000
0-
b10011100 +
b10011100 5
11
12
b101000100111 3
#26005000
b1 ;
1S
0R
1O
b0 )
b0 7
0P
0Q
0@
1=
b0 <
1-
#26010000
0-
1,
b111110 +
b111110 5
02
0.
b101000101000 3
#26015000
b10 ;
1>
1W
0=
0Y
0N
1P
b11 )
b11 7
1T
0S
b1 |
b111 d
1o
0#
0x
b1 <
1-
#26020000
0-
b101010 +
b101010 5
01
12
1.
b101000101001 3
#26025000
b10 l
1i
1v
b11 ;
0>
1p
1q
1S
b10 )
b10 7
0T
0O
1Q
1N
1?
1X
b10 <
b0 |
1-
#26030000
0-
b1000101 +
b1000101 5
11
0.
b101000101010 3
#26035000
0i
0v
b0 ;
0X
1@
0?
0Q
0P
1O
b1 )
b1 7
1T
1r
1h
1%
1^
b10 s
b11 <
1-
#26040000
0-
b110100 +
b110100 5
01
00
b101000101011 3
#26045000
b1 ;
0h
b110100 f
0L
1U
1R
0O
b11 )
b11 7
1P
0N
0@
1=
b0 <
0%
0^
1-
#26050000
0-
b1111000 +
b1111000 5
11
02
10
b101000101100 3
#26055000
b10 ;
1>
0=
b1 )
b1 7
0P
1O
0S
0M
1L
b110100 g
b0 d
b1 m
1n
0o
1#
1x
b1 <
1-
#26060000
0-
b10011000 +
b10011000 5
01
12
00
b101000101101 3
#26065000
b11 ;
0>
0p
0q
0L
1M
1S
0T
0U
0O
b10 )
b10 7
1P
1?
b10 <
1-
#26070000
0-
0,
b10000100 +
b10000100 5
11
b101000101110 3
#26075000
b0 ;
1@
0?
0P
1O
0R
b1 )
b1 7
1T
0M
0r
b11 <
1-
#26080000
0-
1,
b10001000 +
b10001000 5
10
1.
b101000101111 3
#26085000
b1 ;
1L
0K
1U
1R
b11 )
b11 7
1P
0@
1=
1X
b0 <
1-
#26090000
0-
0,
b10010101 +
b10010101 5
01
00
b101000110000 3
#26095000
b10 ;
1>
0X
0W
0=
0J
1N
1Q
0O
1M
0L
b1 d
b0 m
0n
0#
0x
1$
1w
b1 <
1-
#26100000
0-
b11110100 +
b11110100 5
11
02
0.
b101000110001 3
#26105000
b11 ;
0>
0M
0S
1O
b1 )
b1 7
0P
0Q
1?
b10 <
1-
#26110000
0-
b11011 +
b11011 5
01
12
1.
b101000110010 3
#26115000
b0 ;
1@
0?
0N
1P
0O
0U
b10 )
b10 7
0T
1S
b11 <
1-
#26120000
0-
b1100011 +
b1100011 5
0.
b101000110011 3
#26125000
b1 ;
1T
0R
b1 )
b1 7
0P
0@
1=
b0 <
1-
#26130000
0-
b1110101 +
b1110101 5
11
10
1.
b101000110100 3
#26135000
b10 ;
1>
1X
0=
1Y
1O
1R
1U
1L
b10 d
1o
b1 <
1-
#26140000
0-
1,
b10110100 +
b10110100 5
01
0.
b101000110101 3
#26145000
b11 ;
0>
1p
1M
0O
b11 )
b11 7
1P
1?
0X
b10 <
1-
#26150000
0-
b11101111 +
b11101111 5
02
00
1.
b101000110110 3
#26155000
b0 ;
1@
0?
b1 )
b1 7
0P
0S
1K
0L
b11 <
1-
#26160000
0-
b11100110 +
b11100110 5
11
0.
b101000110111 3
#26165000
b1 ;
0M
b0 )
b0 7
0T
0U
1O
1J
0@
1=
b0 <
1-
#26170000
0-
0,
b11001010 +
b11001010 5
12
10
1.
b101000111000 3
#26175000
b10 ;
1>
1W
0=
0Y
b10 )
b10 7
1P
0R
1S
0K
1L
b1 |
b11 d
b1 m
1n
0o
1#
1x
0$
0w
b1 <
1-
#26180000
0-
1,
b1010010 +
b1010010 5
02
00
0.
b101000111001 3
#26185000
b11 ;
0>
0p
0L
1M
0S
b11 )
b11 7
1T
1Q
1N
0J
1?
1X
b10 <
b0 |
1-
#26190000
0-
0,
b10011100 +
b10011100 5
01
12
b101000111010 3
#26195000
b0 ;
0X
1@
0?
0O
b10 )
b10 7
0T
1S
0M
b11 <
1-
#26200000
0-
b1111100 +
b1111100 5
b101000111011 3
#26205000
b1 ;
1T
b1 )
b1 7
0P
0Q
0@
1=
b0 <
1-
#26210000
0-
1,
b11000110 +
b11000110 5
b101000111100 3
#26215000
b10 ;
1>
0W
0=
0N
1R
1U
b100 d
b0 m
0n
0#
0x
b1 <
1-
#26220000
0-
b11101101 +
b11101101 5
10
b101000111101 3
#26225000
b11 ;
0>
1p
1L
1?
b10 <
1-
#26230000
0-
0,
b1010111 +
b1010111 5
00
1.
b101000111110 3
#26235000
b0 ;
1@
0?
1M
0L
b11 <
1-
#26240000
0-
1,
b101010 +
b101010 5
11
02
b101000111111 3
#26245000
b1 ;
0M
0S
1O
0@
1=
b0 <
1-
#26250000
0-
0,
b11100 +
b11100 5
0.
b101001000000 3
#26255000
b10 ;
1>
0=
1P
0U
b10 )
b10 7
0T
b101 d
b1 m
1n
1o
b1 <
1-
#26260000
0-
1,
b1001101 +
b1001101 5
01
12
b101001000001 3
#26265000
b11 ;
0>
1S
0R
0O
1Q
1N
1?
b10 <
1-
#26270000
0-
b100001 +
b100001 5
11
10
1.
b101001000010 3
#26275000
b0 ;
1@
0?
0Q
0P
1O
b1 )
b1 7
1T
1L
b11 <
1-
#26280000
0-
b1000011 +
b1000011 5
01
02
b101001000011 3
#26285000
b1 ;
1M
0S
1U
1R
0O
b11 )
b11 7
1P
0N
0@
1=
b0 <
1-
#26290000
0-
0,
b1110010 +
b1110010 5
11
12
b101001000100 3
#26295000
b10 ;
1>
0=
0P
1O
0U
b0 )
b0 7
0T
1S
1K
b110 d
b10 m
1#
1x
b1 <
1-
#26300000
0-
b1000010 +
b1000010 5
00
b101001000101 3
#26305000
b11 ;
0>
0p
0L
1T
0R
b11 )
b11 7
1P
1J
1?
b10 <
1-
#26310000
0-
1,
b1100011 +
b1100011 5
02
10
b101001000110 3
#26315000
b0 ;
1X
1@
0?
1N
1Q
1R
1U
0S
0M
1L
b11 <
1-
#26320000
0-
0,
b1110011 +
b1110011 5
01
12
b101001000111 3
#26325000
b1 ;
1M
1S
b10 )
b10 7
0T
0U
0O
0@
1=
0X
b0 <
1-
#26330000
0-
b100011 +
b100011 5
00
0.
b101001001000 3
#26335000
b10 ;
1>
1W
0=
0Q
0P
0R
b1 )
b1 7
1T
0L
b111 d
b0 m
0n
b1 <
1-
#26340000
0-
1,
b1100010 +
b1100010 5
11
10
b101001001001 3
#26345000
b11 l
1j
b11 ;
0>
1q
1L
0M
1U
1R
1O
0N
1?
b10 <
1-
#26350000
0-
b11100110 +
b11100110 5
01
02
b101001001010 3
#26355000
0j
b0 ;
1@
0?
b11 )
b11 7
1P
0O
0S
1M
1r
1_
b11 s
b11 <
1-
#26360000
0-
0,
b110100 +
b110100 5
12
00
1.
b101001001011 3
#26365000
b1 ;
0L
1S
0T
0U
b0 )
b0 7
0P
0@
1=
b0 <
1-
#26370000
0-
b1101100 +
b1101100 5
11
02
10
b101001001100 3
#26375000
b10 ;
1>
0=
1O
0R
b1 )
b1 7
1T
0S
0M
1L
b1 |
b0 d
0o
1`
b1 <
1-
#26380000
0-
b101111 +
b101111 5
01
00
0.
b101001001101 3
#26385000
b11 ;
0>
0q
0L
1M
0T
0O
b10 )
b10 7
1P
1?
1X
b10 <
b0 |
1-
#26390000
0-
b101101 +
b101101 5
12
10
b101001001110 3
#26395000
b0 ;
1@
0?
b0 )
b0 7
0P
1S
0M
1L
0r
b11 <
1-
#26400000
0-
b10011111 +
b10011111 5
11
1.
b101001001111 3
#26405000
b1 ;
1M
b1 )
b1 7
1T
1O
0@
1=
b0 <
1-
#26410000
0-
1,
b11110010 +
b11110010 5
0.
b101001010000 3
#26415000
b10 ;
1>
0=
1Y
b11 )
b11 7
1P
1R
1U
b1 d
1o
1a
0#
0x
b1 <
1-
#26420000
0-
b10010111 +
b10010111 5
02
00
b101001010001 3
#26425000
b11 ;
0>
0L
0S
1Q
1N
1?
0X
b10 <
0_
1-
#26430000
0-
0,
b101010 +
b101010 5
01
b101001010010 3
#26435000
b0 ;
1@
0?
0O
0U
b10 )
b10 7
0T
0M
b11 <
1-
#26440000
0-
b10011110 +
b10011110 5
10
1.
b101001010011 3
#26445000
b1 ;
1L
0K
0R
b0 )
b0 7
0P
0Q
0@
1=
b0 <
1-
#26450000
0-
1,
b10101110 +
b10101110 5
00
b101001010100 3
#26455000
b100 l
b10 ;
1>
0W
0=
0J
0Y
0N
1M
0L
b1 |
b10 d
0o
0`
1b
1#
1x
b1 <
1-
#26460000
b100 l
0-
0,
b11010000 +
b11010000 5
11
10
b101001010101 3
#26465000
b11 ;
0>
1p
1L
0M
1O
1?
1X
b10 <
b100 s
0t
1-
#26470000
0-
1,
b1011101 +
b1011101 5
00
0.
b101001010110 3
#26475000
b0 ;
1@
0?
b10 )
b10 7
1P
1M
0L
1e
b11 <
1-
#26480000
0-
0,
b1110111 +
b1110111 5
01
12
10
b101001010111 3
#26485000
b1 ;
1L
0M
1S
0O
1Q
1N
0@
1=
b0 <
0e
b0 |
1-
#26490000
0-
1,
b110100 +
b110100 5
11
02
00
b101001011000 3
#26495000
b10 ;
1>
0X
0=
0Q
0P
1O
b1 )
b1 7
1T
0S
1M
0L
0u
1e
b11 d
b1 m
1n
1o
0a
1c
0#
0x
1$
1w
b1 <
1-
#26500000
0-
b10100001 +
b10100001 5
01
12
10
b101001011001 3
#26505000
b11 ;
0>
0p
1L
0M
1S
0T
0O
b10 )
b10 7
1P
0N
1?
b10 <
b0 m
b0 d
1-
#26510000
0-
0,
b1001010 +
b1001010 5
00
b101001011010 3
#26515000
b0 ;
1X
1@
0?
0P
b1 )
b1 7
1T
1M
0L
0e
b11 <
1-
#26520000
0-
1,
b11000110 +
b11000110 5
10
b101001011011 3
#26525000
b1 ;
1L
0M
1U
1R
0@
1=
b0 <
1e
1-
#26530000
0-
b1011101 +
b1011101 5
11
02
b101001011100 3
#26535000
b10 ;
1>
0X
0=
1O
0S
1M
0n
0b
0z
1#
1x
b1 <
1-
#26540000
0-
0,
b11111100 +
b11111100 5
01
12
00
1.
b101001011101 3
#26545000
b11 ;
0>
0L
1K
1S
0T
0U
0O
b10 )
b10 7
1P
1?
b10 <
0e
1-
#26550000
0-
b1010001 +
b1010001 5
02
b101001011110 3
#26555000
b0 ;
1@
0?
1J
0P
0R
b1 )
b1 7
1T
0S
0M
b11 <
1-
#26560000
0-
1,
b11000110 +
b11000110 5
b101001011111 3
#26565000
b1 ;
b101 l
0K
b0 )
b0 7
0T
0@
1=
1X
b0 <
1e
1-
#26570000
b101 l
0-
0,
b1001111 +
b1001111 5
10
0.
b101001100000 3
#26575000
b10 ;
1>
0=
0J
1Y
1L
b1 |
0e
0c
0{
0$
0w
b101 s
b1 <
1-
#26580000
0-
b11 +
b11 5
12
1.
b101001100001 3
#26585000
b11 ;
0>
1M
1S
1?
b10 <
1-
#26590000
0-
b11101000 +
b11101000 5
11
02
b101001100010 3
#26595000
b0 ;
1@
0?
1O
b1 )
b1 7
1T
0S
1K
b11 <
1-
#26600000
0-
b1000 +
b1000 5
12
0.
b101001100011 3
#26605000
b0 l
b1 ;
1S
0T
b10 )
b10 7
1P
1J
0@
1=
b0 <
b0 |
1-
#26610000
b0 l
0-
1,
b11100111 +
b11100111 5
02
b101001100100 3
#26615000
b1 l
1k
b10 ;
1>
1W
0=
1N
1Q
b11 )
b11 7
1T
0S
1e
1"
1y
b0 s
b1 <
1-
#26620000
0k
b0 l
0-
0,
b1101000 +
b1101000 5
00
1.
b101001100101 3
#26625000
b11 ;
0>
1F
0L
b10 )
b10 7
0T
1?
0X
b10 <
0e
1-
#26630000
0-
b110100 +
b110100 5
01
12
10
b101001100110 3
#26635000
b0 ;
1@
0?
0O
1S
0M
1L
b11 <
1-
#26640000
b1 l
1k
0-
1,
b1111110 +
b1111110 5
0.
b101001100111 3
#26645000
b1 ;
0k
b10000000 f
1M
1T
b1 )
b1 7
0P
0Q
0@
1=
b0 <
b1 s
1e
1t
1-
#26650000
0-
0,
b10000001 +
b10000001 5
11
b101001101000 3
#26655000
b10 ;
1>
0=
0Y
0N
1O
1R
1U
b10000000 g
1u
0e
b1 <
1-
#26660000
0-
1,
b101110 +
b101110 5
b101001101001 3
#26665000
b11 ;
0>
b11 )
b11 7
1P
1?
b10 <
1-
#26670000
0-
b101 +
b101 5
00
b101001101010 3
#26675000
b0 ;
1@
0?
1N
1Q
0L
b11 <
1-
#26680000
0-
0,
b11110100 +
b11110100 5
02
10
b101001101011 3
#26685000
b1 ;
1L
0M
0S
0@
1=
b0 <
1-
#26690000
0-
1,
b100010 +
b100010 5
01
00
1.
b101001101100 3
#26695000
b10 ;
1>
0=
0O
0U
b10 )
b10 7
0T
1M
0L
b1 d
1z
b1 <
1-
#26700000
0-
b11001000 +
b11001000 5
11
12
b101001101101 3
#26705000
b11 ;
0>
0M
1S
0R
1O
b0 )
b0 7
0P
0Q
1?
b10 <
1-
#26710000
0-
b100111 +
b100111 5
01
02
10
b101001101110 3
#26715000
b0 ;
1@
0?
0N
1P
0O
b11 )
b11 7
1T
0S
0K
1L
b11 <
1-
#26720000
0-
0,
b11010111 +
b11010111 5
12
00
0.
b101001101111 3
#26725000
b1 ;
0L
1M
1S
0T
b0 )
b0 7
0P
0J
0@
1=
1X
b0 <
1-
#26730000
0-
b1 +
b1 5
11
1.
b101001110000 3
#26735000
b10 ;
1>
0W
0=
1Y
1O
b1 )
b1 7
1T
0M
b1 |
b10 d
0o
1{
0"
0y
b1 <
1-
#26740000
0-
b10011110 +
b10011110 5
10
b101001110001 3
#26745000
b11 ;
0>
0F
1L
1U
1R
b11 )
b11 7
1P
1?
b10 <
b0 |
1-
#26750000
0-
b100101 +
b100101 5
00
0.
b101001110010 3
#26755000
b0 ;
0X
1@
0?
1N
1Q
1M
0L
b11 <
1-
#26760000
0-
1,
b1101111 +
b1101111 5
10
b101001110011 3
#26765000
b1 ;
1L
0M
0@
1=
b0 <
1-
#26770000
0-
0,
b1110000 +
b1110000 5
01
02
1.
b101001110100 3
#26775000
b10 ;
1>
0=
0Y
0O
0S
1M
b11 d
1o
0#
0x
1$
1w
b1 <
1-
#26780000
0-
b11101011 +
b11101011 5
11
00
b101001110101 3
#26785000
b11 ;
0>
0L
1K
0T
0U
1O
b0 )
b0 7
0P
0Q
1?
b10 <
1-
#26790000
0-
1,
b1011001 +
b1011001 5
01
0.
b101001110110 3
#26795000
b0 ;
1@
0?
1J
0N
b10 )
b10 7
1P
0O
0R
0M
b11 <
1-
#26800000
0-
0,
b1101100 +
b1101100 5
12
1.
b101001110111 3
#26805000
b1 ;
0K
1S
b0 )
b0 7
0P
0@
1=
1X
b0 <
1-
#26810000
0-
b100011 +
b100011 5
02
0.
b101001111000 3
#26815000
b10 ;
1>
0=
0J
1Y
b1 )
b1 7
1T
0S
b1 |
b100 d
0o
1#
1x
0$
0w
b1 <
1-
#26820000
0-
1,
b11111110 +
b11111110 5
11
12
b101001111001 3
#26825000
b11 ;
0>
1S
b0 )
b0 7
0T
1O
1?
b10 <
b0 |
1-
#26830000
0-
0,
b1101101 +
b1101101 5
01
02
10
1.
b101001111010 3
#26835000
b0 ;
1@
0?
1P
0O
b11 )
b11 7
1T
0S
1L
b11 <
1-
#26840000
0-
1,
b11010110 +
b11010110 5
11
00
0.
b101001111011 3
#26845000
b1 ;
0L
1M
0T
1O
b0 )
b0 7
0P
0@
1=
b0 <
1-
#26850000
0-
0,
b11011100 +
b11011100 5
01
12
b101001111100 3
#26855000
b10 ;
1>
0=
b10 )
b10 7
1P
0O
1S
0M
b1 |
b101 d
1o
0#
0x
b1 <
1-
#26860000
0-
b11011111 +
b11011111 5
02
b101001111101 3
#26865000
b11 ;
0>
0S
1T
b1 )
b1 7
0P
1?
b10 <
b0 |
1-
#26870000
0-
b101100 +
b101100 5
11
b101001111110 3
#26875000
b0 ;
1@
0?
1O
b0 )
b0 7
0T
b11 <
1-
#26880000
0-
b1100001 +
b1100001 5
10
b101001111111 3
#26885000
b1 ;
1L
b10 )
b10 7
1P
0@
1=
b0 <
1-
#26890000
0-
1,
b1110001 +
b1110001 5
1.
b101010000000 3
#26895000
b10 ;
1>
0=
1N
1Q
1M
b110 d
0o
1#
1x
b1 <
1-
#26900000
0-
b1001000 +
b1001000 5
00
0.
b101010000001 3
#26905000
b11 ;
0>
0L
1K
1?
0X
b10 <
1-
#26910000
0-
b11000011 +
b11000011 5
12
10
b101010000010 3
#26915000
b0 ;
1@
0?
1J
1S
0M
1L
b11 <
1-
#26920000
0-
b11010 +
b11010 5
01
00
b101010000011 3
#26925000
b1 ;
0L
1M
b11 )
b11 7
1T
0O
0@
1=
b0 <
1-
#26930000
0-
b111000 +
b111000 5
10
1.
b101010000100 3
#26935000
b10 ;
1>
1W
0=
0Y
0Q
b1 )
b1 7
0P
1R
1U
0M
1L
b111 d
1o
0#
0x
1$
1w
b1 <
1-
#26940000
0-
b10000 +
b10000 5
11
02
0.
b101010000101 3
#26945000
b10 l
1i
1v
b11 ;
0>
1p
1q
1M
0S
1O
0N
1?
b10 <
1-
#26950000
1i
1v
b10 l
0-
0,
b1010100 +
b1010100 5
01
1.
b101010000110 3
#26955000
0i
0v
b0 ;
1@
0?
1P
0O
0U
b10 )
b10 7
0T
1r
1h
b10 s
b11 <
1-
#26960000
0-
b1111100 +
b1111100 5
00
0.
b101010000111 3
#26965000
b1 ;
0h
b1111100 f
0L
0R
b0 )
b0 7
0P
0@
1=
b0 <
1-
#26970000
0-
b11001111 +
b11001111 5
10
b101010001000 3
#26975000
b10 ;
1>
1X
0=
1Y
0M
1L
b1111100 g
b1 |
b0 d
b1 m
1n
0o
1#
1x
0$
0w
b1 <
1-
#26980000
0-
1,
b11100010 +
b11100010 5
11
12
00
b101010001001 3
#26985000
b11 ;
0>
0p
0q
0L
1M
1S
1O
1?
b10 <
1-
#26990000
0-
b11110000 +
b11110000 5
10
b101010001010 3
#26995000
b0 ;
1@
0?
1P
b11 )
b11 7
1T
0M
1L
0r
b11 <
1-
#27000000
0-
b11100000 +
b11100000 5
01
b101010001011 3
#27005000
b1 ;
1M
1U
1R
0O
1Q
1N
0@
1=
b0 <
b0 |
1-
#27010000
0-
b1000011 +
b1000011 5
02
1.
b101010001100 3
#27015000
b10 ;
1>
0X
0=
0Y
0Q
b1 )
b1 7
0P
0S
b1 d
b0 m
0n
0#
0x
1$
1w
b1 <
1-
#27020000
0-
b1100110 +
b1100110 5
12
b101010001101 3
#27025000
b11 ;
0>
1S
b0 )
b0 7
0T
0U
0N
1?
b10 <
1-
#27030000
0-
0,
b11110100 +
b11110100 5
b101010001110 3
#27035000
b0 ;
1@
0?
0R
b1 )
b1 7
1T
b11 <
1-
#27040000
0-
b1001011 +
b1001011 5
02
0.
b101010001111 3
#27045000
b1 ;
0S
1U
1R
0@
1=
1X
b0 <
1-
#27050000
0-
b10011100 +
b10011100 5
12
00
1.
b101010010000 3
#27055000
b10 ;
1>
0X
0=
0U
b0 )
b0 7
0T
1S
0L
b10 d
1o
b1 <
1-
#27060000
0-
1,
b10111110 +
b10111110 5
11
02
10
0.
b101010010001 3
#27065000
b11 ;
0>
1p
1L
0M
0S
b1 )
b1 7
1T
0R
1O
1?
b10 <
1-
#27070000
0-
b10111101 +
b10111101 5
12
00
1.
b101010010010 3
#27075000
b0 ;
1X
1@
0?
1P
b10 )
b10 7
0T
1S
1M
0L
b11 <
1-
#27080000
0-
0,
b10100100 +
b10100100 5
01
0.
b101010010011 3
#27085000
b1 ;
0M
b11 )
b11 7
1T
0O
1Q
1N
0@
1=
b0 <
1-
#27090000
0-
1,
b11000011 +
b11000011 5
02
10
b101010010100 3
#27095000
b10 ;
1>
0X
0=
0Q
b1 )
b1 7
0P
1R
1U
0S
0K
1L
b11 d
b1 m
1n
0o
1#
1x
0$
0w
b1 <
1-
#27100000
0-
0,
b1101000 +
b1101000 5
1.
b101010010101 3
#27105000
b11 ;
0>
1M
b0 )
b0 7
0T
0U
0N
0J
1?
b10 <
1-
#27110000
0-
1,
b11000100 +
b11000100 5
11
12
00
0.
b101010010110 3
#27115000
b0 ;
1@
0?
1O
0R
1S
1K
0L
b11 <
1-
#27120000
0-
b1000001 +
b1000001 5
02
10
1.
b101010010111 3
#27125000
b1 ;
1L
0M
0S
1T
b11 )
b11 7
1P
1J
0@
1=
1X
b0 <
1-
#27130000
0-
0,
b11001111 +
b11001111 5
01
12
0.
b101010011000 3
#27135000
b10 ;
1>
0=
1Y
1N
1Q
0O
b10 )
b10 7
0T
1S
1M
b100 d
b10 m
0#
0x
b1 <
1-
#27140000
0-
1,
b1111110 +
b1111110 5
11
00
b101010011001 3
#27145000
b11 ;
0>
0L
1T
1O
b1 )
b1 7
0P
0Q
1?
0X
b10 <
1-
#27150000
0-
0,
b10101 +
b10101 5
02
10
b101010011010 3
#27155000
b0 ;
1@
0?
0N
b11 )
b11 7
1P
1R
1U
0S
0M
1L
b11 <
1-
#27160000
0-
1,
b11011001 +
b11011001 5
01
00
1.
b101010011011 3
#27165000
b1 ;
0L
1M
b10 )
b10 7
0T
0U
0O
1Q
1N
0@
1=
b0 <
1-
#27170000
0-
b10101001 +
b10101001 5
b101010011100 3
#27175000
b10 ;
1>
0=
0Y
0Q
b0 )
b0 7
0P
0R
0M
b101 d
b11 m
1$
1w
b1 <
1-
#27180000
0-
b1011010 +
b1011010 5
11
12
10
0.
b101010011101 3
#27185000
b11 ;
0>
1L
0K
1S
1O
0N
1?
b10 <
1-
#27190000
0-
b101010 +
b101010 5
1.
b101010011110 3
#27195000
b0 ;
1X
1@
0?
0J
1P
b11 )
b11 7
1T
1M
b11 <
1-
#27200000
0-
b11010110 +
b11010110 5
02
0.
b101010011111 3
#27205000
b1 ;
1K
0S
1U
1R
1Q
1N
0@
1=
b0 <
1-
#27210000
0-
0,
b11001 +
b11001 5
12
00
b101010100000 3
#27215000
b10 ;
1>
0X
0=
1J
0U
b10 )
b10 7
0T
1S
0L
b110 d
b100 m
0$
0w
b1 <
1-
#27220000
0-
b10010001 +
b10010001 5
01
1.
b101010100001 3
#27225000
b11 ;
0>
0M
b11 )
b11 7
1T
0R
0O
1?
b10 <
1-
#27230000
0-
b100100 +
b100100 5
02
0.
b101010100010 3
#27235000
b0 ;
1@
0?
0Q
b1 )
b1 7
0P
1R
1U
0S
0K
b11 <
1-
#27240000
0-
b101 +
b101 5
1.
b101010100011 3
#27245000
b1 ;
b0 )
b0 7
0T
0U
0N
0J
0@
1=
b0 <
1-
#27250000
0-
1,
b101111 +
b101111 5
11
12
10
0.
b101010100100 3
#27255000
b10 ;
1>
0W
0=
1O
0R
1S
1L
b1 |
b111 d
b101 m
b1 <
1-
#27260000
0-
0,
b1011100 +
b1011100 5
02
00
b101010100101 3
#27265000
b11 l
1j
b11 ;
0>
0p
1q
0L
1M
0S
1T
b11 )
b11 7
1P
1?
1X
b10 <
1-
#27270000
1j
b11 l
0-
1,
b1100001 +
b1100001 5
1.
b101010100110 3
#27275000
0j
b0 ;
1@
0?
1N
1Q
b10 )
b10 7
0T
0M
1r
b0 |
1_
b11 s
b11 <
1-
#27280000
0-
b10101000 +
b10101000 5
01
10
0.
b101010100111 3
#27285000
b1 ;
1L
0O
0@
1=
0X
b0 <
1-
#27290000
0-
b110 +
b110 5
11
12
00
b101010101000 3
#27295000
b10 ;
1>
0=
0Q
b0 )
b0 7
0P
1O
1S
1M
0L
b0 d
b0 m
0n
1`
b1 <
1-
#27300000
0-
b1010011 +
b1010011 5
b101010101001 3
#27305000
b11 ;
0>
0q
0M
1T
b11 )
b11 7
1P
0N
1?
b10 <
1-
#27310000
0-
b1111001 +
b1111001 5
01
10
b101010101010 3
#27315000
b0 ;
1X
1@
0?
1N
1Q
0O
1R
1U
1L
0r
b11 <
1-
#27320000
0-
0,
b11100100 +
b11100100 5
11
02
1.
b101010101011 3
#27325000
b1 ;
1M
0S
1O
b1 )
b1 7
0P
0Q
0@
1=
0X
b0 <
1-
#27330000
0-
1,
b11110111 +
b11110111 5
00
b101010101100 3
#27335000
b10 ;
1>
0=
0N
1P
0U
b10 )
b10 7
0T
1K
0L
b1 d
1o
1a
1$
1w
b1 <
1-
#27340000
0-
b10001111 +
b10001111 5
12
10
0.
b101010101101 3
#27345000
b11 ;
0>
1L
0M
1S
0R
1Q
1N
1J
1?
b10 <
0_
1-
#27350000
0-
b10010011 +
b10010011 5
01
00
1.
b101010101110 3
#27355000
b0 ;
1@
0?
0O
b11 )
b11 7
1T
1M
0L
b11 <
1-
#27360000
0-
b10011001 +
b10011001 5
11
0.
b101010101111 3
#27365000
b1 ;
0M
1U
1R
1O
b1 )
b1 7
0P
0Q
0@
1=
b0 <
1-
#27370000
0-
0,
b11001 +
b11001 5
02
b101010110000 3
#27375000
b100 l
b10 ;
1>
1W
0=
0N
b11 )
b11 7
1P
0S
0K
b10 d
0o
0`
1b
1#
1x
0$
0w
b1 <
1-
#27380000
0-
b101100 +
b101100 5
12
10
1.
b101010110001 3
#27385000
b11 ;
0>
1p
1L
1S
b10 )
b10 7
0T
0U
1Q
1N
0J
1?
b10 <
b100 s
0t
1-
#27390000
0-
1,
b100011 +
b100011 5
01
00
0.
b101010110010 3
#27395000
b0 ;
1@
0?
0O
0R
b11 )
b11 7
1T
1M
0L
1e
b11 <
1-
#27400000
0-
0,
b10001001 +
b10001001 5
10
1.
b101010110011 3
#27405000
b1 ;
1L
0M
1U
1R
b1 )
b1 7
0P
0Q
0@
1=
b0 <
0e
1-
#27410000
0-
1,
b101111 +
b101111 5
11
02
0.
b101010110100 3
#27415000
b10 ;
1>
0W
0=
0N
1O
0S
1M
0u
1e
b11 d
b1 m
1n
1o
0a
1c
0#
0x
1$
1w
b1 <
1-
#27420000
0-
b101101 +
b101101 5
1.
b101010110101 3
#27425000
b11 ;
0>
0p
1K
0T
0U
b10 )
b10 7
1P
1?
b10 <
b0 m
b0 d
1-
#27430000
0-
0,
b11111101 +
b11111101 5
01
00
0.
b101010110110 3
#27435000
b0 ;
1@
0?
1J
1N
1Q
0O
0R
0L
0e
b11 <
1-
#27440000
0-
1,
b11110011 +
b11110011 5
b101010110111 3
#27445000
b1 ;
0M
b0 )
b0 7
0P
0Q
0@
1=
b0 <
1e
1-
#27450000
0-
b11110000 +
b11110000 5
11
b101010111000 3
#27455000
b10 ;
1>
1W
0=
0N
1O
0K
b1 |
0n
0b
0z
1#
1x
b1 <
1-
#27460000
0-
b10110101 +
b10110101 5
12
10
b101010111001 3
#27465000
b11 ;
0>
1L
1S
b10 )
b10 7
1P
0J
1?
1X
b10 <
1-
#27470000
0-
b11010011 +
b11010011 5
01
02
1.
b101010111010 3
#27475000
b0 ;
1@
0?
1N
1Q
0O
b11 )
b11 7
1T
0S
1M
b0 |
b11 <
1-
#27480000
0-
b1111011 +
b1111011 5
11
0.
b101010111011 3
#27485000
b101 l
b1 ;
1K
0T
1O
b0 )
b0 7
0P
0Q
0@
1=
0X
b0 <
1-
#27490000
0-
b10101110 +
b10101110 5
00
1.
b101010111100 3
#27495000
b10 ;
1>
0=
1J
0N
b10 )
b10 7
1P
0L
b1 |
0c
0{
0$
0w
b101 s
b1 <
1-
#27500000
0-
b10110001 +
b10110001 5
12
10
b101010111101 3
#27505000
b11 ;
0>
1L
0M
1S
1Q
1N
1?
1X
b10 <
b0 |
1-
#27510000
0-
b1011 +
b1011 5
00
b101010111110 3
#27515000
b0 ;
0X
1@
0?
b11 )
b11 7
1T
1M
0L
b11 <
1-
#27520000
0-
0,
b10000011 +
b10000011 5
01
0.
b101010111111 3
#27525000
b1 ;
b0 l
0M
1U
1R
0O
0@
1=
b0 <
0e
1-
#27530000
b0 l
0-
1,
b1100010 +
b1100010 5
11
10
1.
b101011000000 3
#27535000
b1 l
1k
b10 ;
1>
0=
0Q
b1 )
b1 7
0P
1O
0K
1L
1e
1"
1y
b0 s
b1 <
1-
#27540000
0-
b11010010 +
b11010010 5
01
02
0.
b101011000001 3
#27545000
b11 ;
0>
0k
b10000000 f
1F
1M
0S
0O
b11 )
b11 7
1P
0N
0J
1?
b10 <
b1 s
1t
1-
#27550000
0-
b11111011 +
b11111011 5
00
1.
b101011000010 3
#27555000
b0 ;
1@
0?
0P
0U
b0 )
b0 7
0T
1K
0L
b10000000 g
b11 <
1-
#27560000
0-
0,
b11010111 +
b11010111 5
11
12
b101011000011 3
#27565000
b1 ;
0M
1S
0R
1O
1J
0@
1=
b0 <
0e
1-
#27570000
0-
1,
b10011 +
b10011 5
02
b101011000100 3
#27575000
b11 ;
1>
1X
0=
1Y
1P
b11 )
b11 7
1T
0S
0K
b1 |
1u
b1 <
1-
#27580000
0-
b11110011 +
b11110011 5
01
12
10
0.
b101011000101 3
#27585000
b0 ;
0>
1L
1S
b10 )
b10 7
0T
0O
1Q
1N
0J
1?
b11 <
b0 |
1-
#27590000
0-
0,
b1111110 +
b1111110 5
11
02
1.
b101011000110 3
#27595000
b1 ;
0X
1@
0?
0Q
0P
1O
b1 )
b1 7
1T
0S
1M
b0 <
1-
#27600000
0-
b10111110 +
b10111110 5
0.
b101011000111 3
#27605000
b11 ;
1>
1K
0T
b10 )
b10 7
1P
0N
0@
1=
b1 <
1-
#27610000
0-
1,
b10011111 +
b10011111 5
12
00
1.
b101011001000 3
#27615000
b0 ;
0>
1X
0=
1?
1J
1N
1Q
1S
0L
b1 d
1z
b11 <
1-
#27620000
0-
b11010101 +
b11010101 5
01
10
0.
b101011001001 3
#27625000
b1 ;
1L
0M
b11 )
b11 7
1T
0O
0?
1@
0X
b0 <
1-
#27630000
0-
b11110000 +
b11110000 5
11
02
1.
b101011001010 3
#27635000
b10 ;
1>
1=
0@
0Q
b1 )
b1 7
0P
1O
1R
1U
0S
1M
b1 <
1-
#27640000
0-
0,
b1101111 +
b1101111 5
12
00
0.
b101011001011 3
#27645000
b11 ;
0>
0L
1S
0T
0U
b10 )
b10 7
1P
0N
0Y
1?
0=
b10 <
0"
0y
1{
0o
b10 d
1-
#27650000
0-
b11100111 +
b11100111 5
10
b101011001100 3
#27655000
b0 ;
1@
0?
1N
1Q
0R
b11 )
b11 7
1T
0M
1L
0F
b11 <
1-
#27660000
0-
b1000110 +
b1000110 5
01
b101011001101 3
#27665000
b1 ;
1M
1U
1R
0O
0@
1=
b0 <
1-
#27670000
0-
b10000110 +
b10000110 5
02
b101011001110 3
#27675000
b10 ;
1>
0=
0Q
b1 )
b1 7
0P
0S
b11 d
1o
0#
0x
b1 <
1-
#27680000
0-
b11011100 +
b11011100 5
11
12
00
1.
b101011001111 3
#27685000
b11 ;
0>
0L
1S
b0 )
b0 7
0T
0U
1O
0N
1?
b10 <
1-
#27690000
0-
1,
b1010011 +
b1010011 5
01
10
0.
b101011010000 3
#27695000
b0 ;
1@
0?
1P
0O
0R
b11 )
b11 7
1T
0M
1L
b11 <
1-
#27700000
0-
0,
b10011101 +
b10011101 5
11
02
00
b101011010001 3
#27705000
b1 ;
0L
1M
0S
1U
1R
1O
b1 )
b1 7
0P
0@
1=
1X
b0 <
1-
#27710000
0-
b111 +
b111 5
10
b101011010010 3
#27715000
b10 ;
1>
0X
0=
1P
0U
b10 )
b10 7
0T
0M
1L
b100 d
0o
1#
1x
b1 <
1-
#27720000
0-
1,
b11101011 +
b11101011 5
01
00
1.
b101011010011 3
#27725000
b11 ;
0>
0L
1M
0R
0O
1Q
1N
1?
b10 <
1-
#27730000
0-
b10111110 +
b10111110 5
11
12
10
0.
b101011010100 3
#27735000
b0 ;
1@
0?
0Q
b0 )
b0 7
0P
1O
1S
0M
1L
b11 <
1-
#27740000
0-
0,
b10011110 +
b10011110 5
01
02
00
b101011010101 3
#27745000
b1 ;
0L
1M
0S
1T
0O
b11 )
b11 7
1P
0N
0@
1=
b0 <
1-
#27750000
0-
b11100101 +
b11100101 5
11
1.
b101011010110 3
#27755000
b10 ;
1>
1X
0=
1Y
0P
1O
b0 )
b0 7
0T
0M
b101 d
1o
0#
0x
1$
1w
b1 <
1-
#27760000
0-
b11111101 +
b11111101 5
12
10
0.
b101011010111 3
#27765000
b11 ;
0>
1L
0K
1S
b10 )
b10 7
1P
1?
b10 <
1-
#27770000
0-
1,
b10111111 +
b10111111 5
00
b101011011000 3
#27775000
b0 ;
1@
0?
0J
1N
1Q
b11 )
b11 7
1T
1M
0L
b11 <
1-
#27780000
0-
0,
b10111000 +
b10111000 5
02
b101011011001 3
#27785000
b1 ;
0M
0S
1U
1R
0@
1=
0X
b0 <
1-
#27790000
0-
1,
b10110111 +
b10110111 5
10
1.
b101011011010 3
#27795000
b10 ;
1>
0W
0=
0Y
0U
b10 )
b10 7
0T
1L
b110 d
0o
1#
1x
0$
0w
b1 <
1-
#27800000
0-
0,
b11101001 +
b11101001 5
01
12
0.
b101011011011 3
#27805000
b11 ;
0>
1M
1S
0R
0O
1?
b10 <
1-
#27810000
0-
b1010011 +
b1010011 5
11
02
b101011011100 3
#27815000
b0 ;
1@
0?
0Q
0P
1O
b1 )
b1 7
1T
0S
1K
b11 <
1-
#27820000
0-
1,
b10101010 +
b10101010 5
01
12
00
b101011011101 3
#27825000
b1 ;
0L
1S
0T
0O
b10 )
b10 7
1P
0N
1J
0@
1=
b0 <
1-
#27830000
0-
b10000 +
b10000 5
1.
b101011011110 3
#27835000
b10 ;
1>
1X
1W
0=
1Y
0P
b1 )
b1 7
1T
0M
b111 d
1o
0#
0x
1$
1w
b1 <
1-
#27840000
0-
b1000100 +
b1000100 5
02
10
0.
b101011011111 3
#27845000
b10 l
1i
1v
b11 ;
0>
1p
1q
1L
0K
0S
1U
1R
1?
b10 <
1-
#27850000
1i
1v
b10 l
0-
0,
b11100011 +
b11100011 5
11
1.
b101011100000 3
#27855000
0i
0v
b0 ;
0X
1@
0?
0J
1O
0U
b0 )
b0 7
0T
1M
1r
1h
b10 s
b11 <
1-
#27860000
0-
1,
b10000000 +
b10000000 5
01
b101011100001 3
#27865000
b1 ;
0h
1K
0R
0O
b10 )
b10 7
1P
0@
1=
b0 <
1-
#27870000
0-
b10111001 +
b10111001 5
12
00
0.
b101011100010 3
#27875000
b10 ;
1>
1X
0=
1J
b0 )
b0 7
0P
1S
0L
b0 d
b1 m
1n
0o
1#
1x
0$
0w
b1 <
1-
#27880000
0-
b11011 +
b11011 5
b101011100011 3
#27885000
b11 ;
0>
0p
0q
0M
b1 )
b1 7
1T
1?
b10 <
1-
#27890000
0-
0,
b10101101 +
b10101101 5
11
02
10
b101011100100 3
#27895000
b0 ;
1@
0?
1O
1R
1U
0S
0K
1L
0r
b11 <
1-
#27900000
0-
b11110111 +
b11110111 5
12
b101011100101 3
#27905000
b1 ;
1M
1S
0T
0U
b10 )
b10 7
1P
0J
0@
1=
0X
b0 <
1-
#27910000
0-
1,
b1001010 +
b1001010 5
02
00
1.
b101011100110 3
#27915000
b10 ;
1>
0W
0=
0Y
1N
1Q
0R
b11 )
b11 7
1T
0S
1K
0L
b1 d
b0 m
0n
0#
0x
1$
1w
b1 <
1-
#27920000
0-
0,
b11111100 +
b11111100 5
01
b101011100111 3
#27925000
b11 ;
0>
0M
b10 )
b10 7
0T
0O
1J
1?
b10 <
1-
#27930000
0-
b10010011 +
b10010011 5
11
12
10
b101011101000 3
#27935000
b0 ;
1@
0?
0Q
b0 )
b0 7
0P
1O
1S
0K
1L
b11 <
1-
#27940000
0-
1,
b111101 +
b111101 5
01
00
b101011101001 3
#27945000
b1 ;
0L
1M
1T
0O
b11 )
b11 7
1P
0N
0J
0@
1=
b0 <
1-
#27950000
0-
b100110 +
b100110 5
02
0.
b101011101010 3
#27955000
b10 ;
1>
1X
0=
1Y
b1 )
b1 7
0P
1R
1U
0S
0M
b10 d
1o
0$
0w
b1 <
1-
#27960000
0-
0,
b1101011 +
b1101011 5
11
10
b101011101011 3
#27965000
b11 ;
0>
1L
b0 )
b0 7
0T
0U
1O
1?
0X
b10 <
1-
#27970000
0-
b111100 +
b111100 5
01
12
00
b101011101100 3
#27975000
b0 ;
1@
0?
b10 )
b10 7
1P
0O
0R
1S
1M
0L
b11 <
1-
#27980000
0-
b10001 +
b10001 5
11
b101011101101 3
#27985000
b1 ;
0M
1T
1O
b1 )
b1 7
0P
0@
1=
1X
b0 <
1-
#27990000
0-
b11001100 +
b11001100 5
01
02
b101011101110 3
#27995000
b10 ;
1>
0=
b11 )
b11 7
1P
0O
1R
1U
0S
b11 d
0o
1#
1x
b1 <
1-
#28000000
0-
1,
b10110010 +
b10110010 5
12
10
1.
b101011101111 3
#28005000
b11 ;
0>
1L
1S
0T
0U
b0 )
b0 7
0P
1?
0X
b10 <
1-
#28010000
0-
b10100001 +
b10100001 5
11
00
b101011110000 3
#28015000
b0 ;
1@
0?
1O
0R
b1 )
b1 7
1T
1M
0L
b11 <
1-
#28020000
0-
0,
b1000101 +
b1000101 5
10
0.
b101011110001 3
#28025000
b1 ;
1L
0M
1U
1R
b11 )
b11 7
1P
0@
1=
1X
b0 <
1-
#28030000
0-
1,
b10011010 +
b10011010 5
01
1.
b101011110010 3
#28035000
b10 ;
1>
0X
0=
0Y
1N
1Q
0O
1M
b100 d
1o
0#
0x
1$
1w
b1 <
1-
#28040000
0-
b10101 +
b10101 5
02
00
b101011110011 3
#28045000
b11 ;
0>
0L
1K
0S
b1 )
b1 7
0P
0Q
1?
b10 <
1-
#28050000
0-
b11110111 +
b11110111 5
12
0.
b101011110100 3
#28055000
b0 ;
1@
0?
1J
0N
0U
b0 )
b0 7
0T
1S
0M
b11 <
1-
#28060000
0-
b10011111 +
b10011111 5
b101011110101 3
#28065000
b1 ;
0K
b1 )
b1 7
1T
0R
0@
1=
b0 <
1-
#28070000
0-
0,
b11011101 +
b11011101 5
02
10
1.
b101011110110 3
#28075000
b10 ;
1>
1X
0=
0J
1Y
1R
1U
0S
1L
b101 d
0o
1#
1x
0$
0w
b1 <
1-
#28080000
0-
1,
b1011101 +
b1011101 5
11
00
0.
b101011110111 3
#28085000
b11 ;
0>
0L
1M
b0 )
b0 7
0T
0U
1O
1?
0X
b10 <
1-
#28090000
0-
0,
b11110101 +
b11110101 5
01
1.
b101011111000 3
#28095000
b0 ;
1@
0?
b10 )
b10 7
1P
0O
0R
0M
b11 <
1-
#28100000
0-
1,
b11010 +
b11010 5
11
10
b101011111001 3
#28105000
b1 ;
1L
1O
b0 )
b0 7
0P
0@
1=
1X
b0 <
1-
#28110000
0-
0,
b1010010 +
b1010010 5
01
00
0.
b101011111010 3
#28115000
b10 ;
1>
0=
b10 )
b10 7
1P
0O
1M
0L
b1 |
b110 d
1o
0#
0x
b1 <
1-
#28120000
0-
1,
b11001110 +
b11001110 5
1.
b101011111011 3
#28125000
b11 ;
0>
0M
b0 )
b0 7
0P
1?
b10 <
b0 |
1-
#28130000
0-
0,
b10000001 +
b10000001 5
10
b101011111100 3
#28135000
b0 ;
1@
0?
1L
b11 <
1-
#28140000
0-
b10001000 +
b10001000 5
12
00
b101011111101 3
#28145000
b1 ;
0L
1M
1S
0@
1=
b0 <
1-
#28150000
0-
b11111000 +
b11111000 5
10
b101011111110 3
#28155000
b10 ;
1>
0=
b1 )
b1 7
1T
0M
1L
b1 |
b111 d
0o
1#
1x
b1 <
1-
#28160000
0-
b1110110 +
b1110110 5
02
00
b101011111111 3
#28165000
b11 l
1j
b11 ;
0>
1p
1q
0L
1M
0S
1U
1R
1?
b10 <
b0 |
1-
#28170000
1j
b11 l
0-
1,
b10110100 +
b10110100 5
11
12
10
b101100000000 3
#28175000
0j
b0 ;
0X
1@
0?
1O
0U
b0 )
b0 7
0T
1S
0M
1L
1r
1_
b11 s
b11 <
1-
#28180000
0-
0,
b10001110 +
b10001110 5
01
0.
b101100000001 3
#28185000
b1 ;
1M
1T
0R
0O
b11 )
b11 7
1P
0@
1=
b0 <
1-
#28190000
0-
b1001101 +
b1001101 5
00
b101100000010 3
#28195000
b10 ;
1>
1X
0=
b1 )
b1 7
0P
1R
1U
1K
0L
b0 d
b1 m
1n
1o
1`
0#
0x
b1 <
1-
#28200000
0-
b11011110 +
b11011110 5
11
02
10
1.
b101100000011 3
#28205000
b11 ;
0>
0p
0q
1L
0M
0S
1O
1J
1?
0X
b10 <
1-
#28210000
0-
1,
b1000111 +
b1000111 5
01
00
0.
b101100000100 3
#28215000
b0 ;
1@
0?
1P
0O
0U
b10 )
b10 7
0T
1M
0L
0r
b11 <
1-
#28220000
0-
b1110 +
b1110 5
12
10
b101100000101 3
#28225000
b1 ;
1L
0M
1S
0R
b0 )
b0 7
0P
0@
1=
b0 <
1-
#28230000
0-
0,
b11100111 +
b11100111 5
02
1.
b101100000110 3
#28235000
b10 ;
1>
1X
1W
0=
b1 )
b1 7
1T
0S
1M
b1 |
b1 d
b0 m
0n
1a
1#
1x
b1 <
1-
#28240000
0-
b11101 +
b11101 5
12
0.
b101100000111 3
#28245000
b11 ;
0>
1S
b0 )
b0 7
0T
1?
b10 <
0_
b0 |
1-
#28250000
0-
b1011001 +
b1011001 5
11
00
1.
b101100001000 3
#28255000
b0 ;
1@
0?
1O
b1 )
b1 7
1T
0L
b11 <
1-
#28260000
0-
b11011111 +
b11011111 5
0.
b101100001001 3
#28265000
b1 ;
0M
1U
1R
b11 )
b11 7
1P
0@
1=
b0 <
1-
#28270000
0-
b1101010 +
b1101010 5
02
10
1.
b101100001010 3
#28275000
b100 l
b10 ;
1>
0X
0=
0Y
1N
1Q
0S
0K
1L
b10 d
0o
0`
1b
b1 <
1-
#28280000
0-
b1000101 +
b1000101 5
01
12
00
b101100001011 3
#28285000
b11 ;
0>
0L
1M
1S
b10 )
b10 7
0T
0U
0O
0J
1?
b10 <
b100 s
0t
1-
#28290000
0-
1,
b10011101 +
b10011101 5
10
b101100001100 3
#28295000
b0 ;
1@
0?
0Q
0P
0R
b1 )
b1 7
1T
0M
1L
1e
b11 <
1-
#28300000
0-
b11110011 +
b11110011 5
11
b101100001101 3
#28305000
b1 ;
1M
1U
1R
1O
0N
0@
1=
b0 <
1-
#28310000
0-
0,
b11100111 +
b11100111 5
02
00
b101100001110 3
#28315000
b10 ;
1>
0W
0=
b11 )
b11 7
1P
0S
1K
0L
0u
0e
b11 d
1o
0a
1c
0#
0x
b1 <
1-
#28320000
0-
1,
b110111 +
b110111 5
01
0.
b101100001111 3
#28325000
b11 ;
0>
0M
b10 )
b10 7
0T
0U
0O
1Q
1N
1J
1?
b10 <
b0 d
1e
1-
#28330000
0-
b11011011 +
b11011011 5
12
10
b101100010000 3
#28335000
b0 ;
1@
0?
0Q
b0 )
b0 7
0P
0R
1S
0K
1L
b11 <
1-
#28340000
0-
b11011000 +
b11011000 5
11
00
1.
b101100010001 3
#28345000
b1 ;
0L
1M
b1 )
b1 7
1T
1O
0N
0J
0@
1=
b0 <
1-
#28350000
0-
b10001100 +
b10001100 5
10
0.
b101100010010 3
#28355000
b10 ;
1>
1X
0=
1Y
b11 )
b11 7
1P
1R
1U
0M
1L
0b
0z
1#
1x
1$
1w
b1 <
1-
#28360000
0-
b11010101 +
b11010101 5
01
b101100010011 3
#28365000
b11 ;
0>
1M
0O
1Q
1N
1?
0X
b10 <
1-
#28370000
0-
b11100010 +
b11100010 5
00
b101100010100 3
#28375000
b0 ;
1@
0?
0Q
b1 )
b1 7
0P
1K
0L
b11 <
1-
#28380000
0-
b10010101 +
b10010101 5
11
10
1.
b101100010101 3
#28385000
b101 l
b1 ;
1L
0M
1O
0N
1J
0@
1=
b0 <
1-
#28390000
0-
b11000110 +
b11000110 5
00
0.
b101100010110 3
#28395000
b10 ;
1>
1W
0=
0Y
b11 )
b11 7
1P
1M
0L
0c
0{
0$
0w
b101 s
b1 <
1-
#28400000
0-
0,
b10001111 +
b10001111 5
b101100010111 3
#28405000
b11 ;
0>
0M
1Q
1N
1?
b10 <
0e
1-
#28410000
0-
b11001010 +
b11001010 5
01
b101100011000 3
#28415000
b0 ;
1@
0?
0O
0K
b11 <
1-
#28420000
0-
b11110001 +
b11110001 5
11
10
b101100011001 3
#28425000
b0 l
b1 ;
1L
1O
b1 )
b1 7
0P
0Q
0J
0@
1=
b0 <
1-
#28430000
0-
b10110101 +
b10110101 5
02
1.
b101100011010 3
#28435000
b10 ;
1>
0W
0=
0N
b11 )
b11 7
1P
0S
1M
1"
1y
b0 s
b1 <
1-
#28440000
b1 l
1k
0-
1,
b1011000 +
b1011000 5
01
00
0.
b101100011011 3
#28445000
b0 ;
0>
0k
1F
0L
1K
b10 )
b10 7
0T
0U
0O
1Q
1N
1?
b10 <
b1 s
1e
1t
1-
#28450000
0-
b10100000 +
b10100000 5
11
12
1.
b101100011100 3
#28455000
b1 ;
1@
0?
1J
0Q
b0 )
b0 7
0P
1O
0R
1S
0M
b0 <
1-
#28460000
0-
b10000 +
b10000 5
10
0.
b101100011101 3
#28465000
b11 ;
1>
1L
0K
1T
b11 )
b11 7
1P
0N
0@
1=
b1 <
1-
#28470000
0-
b101 +
b101 5
02
00
b101100011110 3
#28475000
b0 ;
0>
1X
0=
1?
0J
1Y
1N
1Q
1R
1U
0S
1M
0L
1u
b11 <
1-
#28480000
0-
0,
b11110101 +
b11110101 5
10
1.
b101100011111 3
#28485000
b1 ;
1L
0M
b10 )
b10 7
0T
0U
0?
1@
0X
b0 <
0e
1-
#28490000
0-
1,
b1101110 +
b1101110 5
00
b101100100000 3
#28495000
b10 ;
1>
1=
0@
0R
1M
0L
b1 <
1-
#28500000
0-
b1110011 +
b1110011 5
b101100100001 3
#28505000
b11 ;
0>
0M
0Y
1?
0=
b10 <
1z
b1 d
1-
#28510000
0-
b101001 +
b101001 5
01
12
b101100100010 3
#28515000
b0 ;
1@
0?
0O
1S
b11 <
1-
#28520000
0-
b10101110 +
b10101110 5
11
10
b101100100011 3
#28525000
b1 A
b1 ;
1L
1T
1O
b1 )
b1 7
0P
0Q
0@
1=
b0 <
1-
#28530000
0-
0,
b10100111 +
b10100111 5
00
b101100100100 3
#28535000
b10 ;
1>
0=
0N
b11 )
b11 7
1P
1R
1U
1M
0L
b10 d
0o
1{
0"
0y
b1 <
b1 B
1-
#28540000
0-
1,
b1011101 +
b1011101 5
0.
b101100100101 3
#28545000
b11 ;
0>
0F
0M
1Q
1N
1?
b10 <
1-
#28550000
0-
b11110011 +
b11110011 5
02
10
b101100100110 3
#28555000
b0 ;
1@
0?
0S
1L
b11 <
1-
#28560000
0-
0,
b1011111 +
b1011111 5
12
b101100100111 3
#28565000
b0 A
1\
b1 ;
1M
1S
b10 )
b10 7
0T
0U
0@
1=
b0 <
1-
#28570000
0-
b11101011 +
b11101011 5
01
00
1.
b101100101000 3
#28575000
1'
b10 ;
1>
0\
0=
0O
0R
b11 )
b11 7
1T
1K
0L
1[
b11 d
1o
0#
0x
1$
1w
b1 <
b0 B
1-
#28580000
0-
1,
b10010000 +
b10010000 5
11
02
b101100101001 3
#28585000
0'
b11 ;
0>
0[
0M
0S
1U
1R
1O
b1 )
b1 7
0P
0Q
1J
1?
b10 <
1-
#28590000
0-
0,
b10001111 +
b10001111 5
12
0.
b101100101010 3
#28595000
b0 ;
1@
0?
0N
1P
0U
b10 )
b10 7
0T
1S
0K
b11 <
1-
#28600000
0-
1,
b11101010 +
b11101010 5
01
10
b101100101011 3
#28605000
b1 ;
1L
b11 )
b11 7
1T
0R
0O
1Q
1N
0J
0@
1=
b0 <
1-
#28610000
0-
b110011 +
b110011 5
02
1.
b101100101100 3
#28615000
b10 ;
1>
0=
0Q
b1 )
b1 7
0P
1R
1U
0S
1M
b100 d
0o
1#
1x
0$
0w
b1 <
1-
#28620000
0-
b1110010 +
b1110010 5
11
12
b101100101101 3
#28625000
b11 ;
0>
1K
1S
b0 )
b0 7
0T
0U
1O
0N
1?
b10 <
1-
#28630000
0-
0,
b11010110 +
b11010110 5
01
0.
b101100101110 3
#28635000
b0 ;
1@
0?
1J
1P
0O
0R
b11 )
b11 7
1T
b11 <
1-
#28640000
0-
b111 +
b111 5
11
1.
b101100101111 3
#28645000
b1 ;
1U
1R
1O
b1 )
b1 7
0P
0@
1=
1X
b0 <
1-
#28650000
0-
1,
b1011100 +
b1011100 5
01
00
b101100110000 3
#28655000
b10 ;
1>
0X
1W
0=
b11 )
b11 7
1P
0O
0L
b101 d
1o
0#
0x
1$
1w
b1 <
1-
#28660000
0-
b10001011 +
b10001011 5
11
10
b101100110001 3
#28665000
b11 ;
0>
1L
0M
1O
b1 )
b1 7
0P
1?
b10 <
1-
#28670000
0-
b1110 +
b1110 5
01
00
b101100110010 3
#28675000
b0 ;
1@
0?
b11 )
b11 7
1P
0O
1M
0L
b11 <
1-
#28680000
0-
0,
b1110110 +
b1110110 5
02
10
0.
b101100110011 3
#28685000
b1 ;
1L
0M
0S
b1 )
b1 7
0P
0@
1=
b0 <
1-
#28690000
0-
b1010 +
b1010 5
12
b101100110100 3
#28695000
b10 ;
1>
0=
0U
b0 )
b0 7
0T
1S
1M
b110 d
0o
1#
1x
0$
0w
b1 <
1-
#28700000
0-
1,
b1100101 +
b1100101 5
02
1.
b101100110101 3
#28705000
b11 ;
0>
0S
b1 )
b1 7
1T
0R
1?
b10 <
1-
#28710000
0-
0,
b11111111 +
b11111111 5
11
12
00
0.
b101100110110 3
#28715000
b0 ;
1X
1@
0?
1O
b0 )
b0 7
0T
1S
0L
b11 <
1-
#28720000
0-
b10001111 +
b10001111 5
01
1.
b101100110111 3
#28725000
b1 ;
0M
1T
0O
b11 )
b11 7
1P
0@
1=
b0 <
1-
#28730000
0-
1,
b11110111 +
b11110111 5
11
02
b101100111000 3
#28735000
b10 ;
1>
0=
1Y
b1 )
b1 7
0P
1O
1R
1U
0S
0K
b111 d
1o
0#
0x
1$
1w
b1 <
1-
#28740000
0-
0,
b11010001 +
b11010001 5
01
12
0.
b101100111001 3
#28745000
b10 l
1i
1v
b11 ;
0>
1p
1q
1S
0T
0U
0O
b10 )
b10 7
1P
0J
1?
0X
b10 <
1-
#28750000
1i
1v
b10 l
0-
1,
b1101111 +
b1101111 5
1.
b101100111010 3
#28755000
0i
0v
b0 ;
1@
0?
0P
0R
b1 )
b1 7
1T
1r
1h
1%
1^
b10 s
b11 <
1-
#28760000
0-
0,
b110011 +
b110011 5
02
b101100111011 3
#28765000
b1 ;
0h
b110011 f
0S
1U
1R
0@
1=
1X
b0 <
0%
0^
1-
#28770000
0-
b10011000 +
b10011000 5
11
b101100111100 3
#28775000
b10 ;
1>
0X
0W
0=
0Y
1O
0U
b0 )
b0 7
0T
b110011 g
b0 d
b1 m
1n
0o
1#
1x
0$
0w
b1 <
1-
#28780000
0-
1,
b10000111 +
b10000111 5
01
12
b101100111101 3
#28785000
b11 ;
0>
0q
1S
0R
0O
b10 )
b10 7
1P
1?
b10 <
1-
#28790000
0-
b11110110 +
b11110110 5
0.
b101100111110 3
#28795000
b0 ;
1X
1@
0?
0P
b1 )
b1 7
1T
0r
b11 <
1-
#28800000
0-
0,
b11101 +
b11101 5
11
02
10
1.
b101100111111 3
#28805000
b1 ;
1L
0S
1U
1R
1O
0@
1=
b0 <
1-
#28810000
0-
b101011 +
b101011 5
01
12
b101101000000 3
#28815000
b10 ;
1>
0X
0=
1P
0O
0U
b10 )
b10 7
0T
1S
1M
b1 d
b10 m
0#
0x
1$
1w
b1 <
1-
#28820000
0-
b100001 +
b100001 5
0.
b101101000001 3
#28825000
b11 ;
0>
1K
1T
0R
b1 )
b1 7
0P
1?
b10 <
1-
#28830000
0-
1,
b111101 +
b111101 5
00
1.
b101101000010 3
#28835000
b0 ;
1X
1@
0?
1J
1R
1U
0L
b11 <
1-
#28840000
0-
b10010101 +
b10010101 5
11
10
0.
b101101000011 3
#28845000
b1 ;
1L
0M
1O
0@
1=
0X
b0 <
1-
#28850000
0-
b10111 +
b10111 5
00
b101101000100 3
#28855000
b10 ;
1>
1W
0=
b11 )
b11 7
1P
1M
0L
b10 d
b11 m
0$
0w
b1 <
1-
#28860000
0-
0,
b10000111 +
b10000111 5
b101101000101 3
#28865000
b11 ;
0>
0p
0M
1Q
1N
1?
b10 <
1-
#28870000
0-
1,
b10010001 +
b10010001 5
01
02
10
1.
b101101000110 3
#28875000
b0 ;
1@
0?
0O
0S
0K
1L
b11 <
1-
#28880000
0-
b1111101 +
b1111101 5
11
00
b101101000111 3
#28885000
b1 ;
0L
1M
0T
0U
1O
b0 )
b0 7
0P
0Q
0J
0@
1=
b0 <
1-
#28890000
0-
b11000000 +
b11000000 5
12
0.
b101101001000 3
#28895000
b10 ;
1>
0W
0=
0N
b10 )
b10 7
1P
0R
1S
0M
b1 |
b11 d
b0 m
0n
b1 <
1-
#28900000
0-
b10100100 +
b10100100 5
01
02
10
1.
b101101001001 3
#28905000
b11 ;
0>
1L
0S
b11 )
b11 7
1T
0O
1Q
1N
1?
1X
b10 <
b0 |
1-
#28910000
0-
b11100011 +
b11100011 5
11
12
0.
b101101001010 3
#28915000
b0 ;
0X
1@
0?
0Q
0P
1O
b0 )
b0 7
0T
1S
1M
b11 <
1-
#28920000
0-
0,
b11000110 +
b11000110 5
02
00
b101101001011 3
#28925000
b1 ;
0L
1K
0S
1T
b11 )
b11 7
1P
0N
0@
1=
b0 <
1-
#28930000
0-
1,
b10101000 +
b10101000 5
12
b101101001100 3
#28935000
b10 ;
1>
1X
1W
0=
1J
1Y
1N
1Q
b10 )
b10 7
0T
1S
0M
b100 d
1o
b1 <
1-
#28940000
0-
b10010010 +
b10010010 5
01
02
10
b101101001101 3
#28945000
b11 ;
0>
1p
1L
0K
0S
b11 )
b11 7
1T
0O
1?
0X
b10 <
1-
#28950000
0-
b11010 +
b11010 5
11
00
b101101001110 3
#28955000
b0 ;
1@
0?
0J
0Q
0P
1O
b0 )
b0 7
0T
1M
0L
b11 <
1-
#28960000
0-
0,
b111111 +
b111111 5
12
1.
b101101001111 3
#28965000
b1 ;
0M
1S
b10 )
b10 7
1P
0N
0@
1=
b0 <
1-
#28970000
0-
1,
b11111010 +
b11111010 5
10
b101101010000 3
#28975000
b10 ;
1>
1X
0W
0=
1N
1Q
b11 )
b11 7
1T
1L
b101 d
b1 m
1n
0o
1#
1x
b1 <
1-
#28980000
0-
0,
b10010 +
b10010 5
01
00
b101101010001 3
#28985000
b11 ;
0>
0L
1M
1U
1R
0O
1?
0X
b10 <
1-
#28990000
0-
1,
b11010000 +
b11010000 5
10
0.
b101101010010 3
#28995000
b0 ;
1@
0?
0Q
b1 )
b1 7
0P
0M
1L
b11 <
1-
#29000000
0-
b11000110 +
b11000110 5
b101101010011 3
#29005000
b1 ;
1M
0N
0@
1=
b0 <
1-
#29010000
0-
b1110101 +
b1110101 5
11
02
1.
b101101010100 3
#29015000
b10 ;
1>
0=
0Y
1O
0S
1K
b110 d
b10 m
0#
0x
1$
1w
b1 <
1-
#29020000
0-
b1110010 +
b1110010 5
12
00
b101101010101 3
#29025000
b11 ;
0>
0p
0L
1S
0T
0U
b10 )
b10 7
1P
1J
1?
b10 <
1-
#29030000
0-
b1101010 +
b1101010 5
01
10
b101101010110 3
#29035000
b0 ;
1@
0?
1N
1Q
0O
0R
b11 )
b11 7
1T
0M
1L
b11 <
1-
#29040000
0-
b11011011 +
b11011011 5
11
02
b101101010111 3
#29045000
b1 ;
1M
0S
1U
1R
1O
b1 )
b1 7
0P
0Q
0@
1=
b0 <
1-
#29050000
0-
b10110011 +
b10110011 5
00
b101101011000 3
#29055000
b10 ;
1>
1W
0=
0N
1P
0U
b10 )
b10 7
0T
0L
b111 d
b0 m
0n
b1 <
1-
#29060000
0-
b11001111 +
b11001111 5
12
10
0.
b101101011001 3
#29065000
b11 l
1j
b11 ;
0>
1q
1L
0M
1S
0R
1Q
1N
1?
b10 <
1-
#29070000
1j
b11 l
0-
0,
b10010001 +
b10010001 5
01
b101101011010 3
#29075000
0j
b0 ;
1@
0?
0O
b11 )
b11 7
1T
1M
1r
1_
b11 s
b11 <
1-
#29080000
0-
b10001100 +
b10001100 5
02
00
b101101011011 3
#29085000
b1 ;
0L
0S
1U
1R
b1 )
b1 7
0P
0Q
0@
1=
b0 <
1-
#29090000
0-
1,
b11010011 +
b11010011 5
1.
b101101011100 3
#29095000
b10 ;
1>
0=
0N
0U
b0 )
b0 7
0T
0M
b0 d
1o
1`
b1 <
1-
#29100000
0-
0,
b10110000 +
b10110000 5
11
12
0.
b101101011101 3
#29105000
b11 ;
0>
1p
0q
0K
1S
0R
1O
1?
b10 <
1-
#29110000
0-
1,
b1101 +
b1101 5
01
b101101011110 3
#29115000
b0 ;
1X
1@
0?
0J
1P
0O
b11 )
b11 7
1T
0r
b11 <
1-
#29120000
0-
b11001100 +
b11001100 5
10
1.
b101101011111 3
#29125000
b1 ;
1L
1U
1R
b1 )
b1 7
0P
0@
1=
b0 <
1-
#29130000
0-
0,
b10000001 +
b10000001 5
11
b101101100000 3
#29135000
b10 ;
1>
0X
0W
0=
1O
1M
b1 d
b1 m
1n
0o
1a
1#
1x
0$
0w
b1 <
1-
#29140000
0-
b1110 +
b1110 5
01
00
b101101100001 3
#29145000
b11 ;
0>
0L
1K
0O
b11 )
b11 7
1P
1?
b10 <
0_
1-
#29150000
0-
1,
b11111001 +
b11111001 5
10
0.
b101101100010 3
#29155000
b0 ;
1@
0?
1J
b1 )
b1 7
0P
0M
1L
b11 <
1-
#29160000
0-
0,
b100001 +
b100001 5
02
b101101100011 3
#29165000
b1 ;
1M
0S
0@
1=
b0 <
1-
#29170000
0-
b1100000 +
b1100000 5
11
00
b101101100100 3
#29175000
b100 l
b10 ;
1>
1W
0=
1O
0U
b0 )
b0 7
0T
0L
b10 d
b10 m
0`
1b
0#
0x
b1 <
1-
#29180000
b100 l
0-
1,
b10110001 +
b10110001 5
01
12
1.
b101101100101 3
#29185000
b11 ;
0>
0p
0M
1S
0R
0O
b10 )
b10 7
1P
1?
b10 <
b100 s
0t
1-
#29190000
0-
b1100001 +
b1100001 5
02
10
b101101100110 3
#29195000
b0 ;
1X
1@
0?
0P
b1 )
b1 7
1T
0S
0K
1L
1e
b11 <
1-
#29200000
0-
b10110100 +
b10110100 5
b101101100111 3
#29205000
b1 ;
1M
b0 )
b0 7
0T
0J
0@
1=
b0 <
1-
#29210000
0-
0,
b11010010 +
b11010010 5
12
0.
b101101101000 3
#29215000
b10 ;
1>
0W
0=
1Y
1S
1K
b1 |
0u
0e
b11 d
b0 m
0n
0a
1c
1$
1w
b1 <
1-
#29220000
0-
1,
b11110000 +
b11110000 5
02
b101101101001 3
#29225000
b11 ;
0>
0S
b1 )
b1 7
1T
1J
1?
b10 <
1o
b0 d
1e
1-
#29230000
0-
0,
b111000 +
b111000 5
11
b101101101010 3
#29235000
b0 ;
1@
0?
1O
b0 )
b0 7
0T
b0 |
0e
b11 <
1-
#29240000
0-
b11000110 +
b11000110 5
01
12
00
1.
b101101101011 3
#29245000
b1 ;
0L
1S
0O
b10 )
b10 7
1P
0@
1=
b0 <
1-
#29250000
0-
b100011 +
b100011 5
02
10
0.
b101101101100 3
#29255000
b10 ;
1>
1W
0=
0P
b1 )
b1 7
1T
0S
0M
1L
0b
0z
1#
1x
b1 <
1-
#29260000
0-
b11010111 +
b11010111 5
00
1.
b101101101101 3
#29265000
b11 ;
0>
0L
1M
b0 )
b0 7
0T
1?
b10 <
1-
#29270000
0-
b10110100 +
b10110100 5
12
10
0.
b101101101110 3
#29275000
b0 ;
1@
0?
1S
0M
1L
b11 <
1-
#29280000
0-
b1111011 +
b1111011 5
02
b101101101111 3
#29285000
b101 l
b1 ;
1M
0S
b1 )
b1 7
1T
0@
1=
b0 <
1-
#29290000
b101 l
0-
1,
b1111 +
b1111 5
00
b101101110000 3
#29295000
b10 ;
1>
0=
b0 )
b0 7
0T
0L
1e
0c
0{
0$
0w
b101 s
b1 <
1-
#29300000
0-
0,
b10100010 +
b10100010 5
12
b101101110001 3
#29305000
b11 ;
0>
0M
1S
1?
b10 <
0e
1-
#29310000
0-
b10 +
b10 5
02
1.
b101101110010 3
#29315000
b0 ;
1@
0?
b1 )
b1 7
1T
0S
0K
b11 <
1-
#29320000
0-
1,
b10001 +
b10001 5
12
0.
b101101110011 3
#29325000
b1 ;
b0 l
1S
b0 )
b0 7
0T
0J
0@
1=
b0 <
1e
1-
#29330000
b0 l
0-
0,
b10101101 +
b10101101 5
11
b101101110100 3
#29335000
b10 ;
1>
0W
0=
1O
b1 )
b1 7
1T
b1 |
0e
1"
1y
b0 s
b1 <
1-
#29340000
0-
b10100010 +
b10100010 5
01
02
10
b101101110101 3
#29345000
b11 ;
0>
1F
1L
0S
1U
1R
0O
b11 )
b11 7
1P
1?
b10 <
b0 |
1-
#29350000
b1 l
1k
0-
1,
b1100110 +
b1100110 5
11
12
b101101110110 3
#29355000
0k
b0 ;
0X
1@
0?
0P
1O
0U
b0 )
b0 7
0T
1S
1M
b10000000 f
1t
1e
b1 s
b11 <
1-
#29360000
0-
0,
b1101110 +
b1101110 5
02
00
b101101110111 3
#29365000
b10000000 g
0L
1K
0S
1T
0R
b11 )
b11 7
1P
0@
1=
b0 <
0e
1-
#29370000
0-
b10111000 +
b10111000 5
1.
b101101111000 3
#29375000
b1 ;
1X
1W
0=
1J
1N
1Q
b10 )
b10 7
0T
0M
1u
1-
#29380000
0-
1,
b1111110 +
b1111110 5
01
b101101111001 3
#29385000
b11 ;
1>
0K
0O
0X
b1 <
1-
#29390000
0-
0,
b10101101 +
b10101101 5
12
0.
b101101111010 3
#29395000
b0 ;
0>
1?
0J
0Q
b0 )
b0 7
0P
1S
b11 <
1-
#29400000
0-
1,
b1110 +
b1110 5
11
02
10
1.
b101101111011 3
#29405000
b1 ;
1L
0S
b1 )
b1 7
1T
1O
0N
0?
1@
b0 <
1-
#29410000
0-
b111000 +
b111000 5
12
00
b101101111100 3
#29415000
b10 ;
1>
1X
1=
0@
1P
b10 )
b10 7
0T
1S
1M
0L
b1 <
1-
#29420000
0-
0,
b11010010 +
b11010010 5
01
b101101111101 3
#29425000
b11 ;
0>
0M
b11 )
b11 7
1T
0O
1Q
1N
1?
0=
0W
b10 <
1z
b1 d
1-
#29430000
0-
b1010 +
b1010 5
02
10
0.
b101101111110 3
#29435000
b0 ;
0X
1@
0?
0Q
b1 )
b1 7
0P
1R
1U
0S
1L
b11 <
1-
#29440000
0-
1,
b1011101 +
b1011101 5
12
b101101111111 3
#29445000
b1 ;
1M
1S
b0 )
b0 7
0T
0U
0N
0@
1=
b0 <
1-
#29450000
0-
0,
b10001010 +
b10001010 5
11
b101110000000 3
#29455000
b11 ;
1>
0=
0Y
1O
0R
b1 )
b1 7
1T
1K
b1 |
b10 d
0o
1{
0"
0y
b1 <
1-
#29460000
0-
b101111 +
b101111 5
01
02
00
b101110000001 3
#29465000
b0 ;
0>
0F
0L
0S
1U
1R
0O
b11 )
b11 7
1P
1J
1?
1X
b11 <
b0 |
1-
#29470000
0-
b1001110 +
b1001110 5
b101110000010 3
#29475000
b1 ;
0X
1@
0?
0P
0U
b0 )
b0 7
0T
0M
b0 <
1-
#29480000
0-
1,
b1011110 +
b1011110 5
11
b101110000011 3
#29485000
b10 ;
1>
0K
0R
1O
0@
1=
b1 <
1-
#29490000
0-
0,
b11001001 +
b11001001 5
12
b101110000100 3
#29495000
b11 ;
0>
1X
0=
1?
0J
1Y
b10 )
b10 7
1P
1S
b1 |
b11 d
1o
0#
0x
b10 <
1-
#29500000
0-
1,
b10000000 +
b10000000 5
01
b101110000101 3
#29505000
b0 ;
b11 )
b11 7
1T
0O
1Q
1N
0?
1@
b11 <
b0 |
1-
#29510000
0-
b10000010 +
b10000010 5
11
10
1.
b101110000110 3
#29515000
b1 ;
0X
1=
0@
0Q
b1 )
b1 7
0P
1O
1R
1U
1L
b0 <
1-
#29520000
0-
b11000010 +
b11000010 5
b101110000111 3
#29525000
b10 ;
1>
1M
b11 )
b11 7
1P
0N
0Y
0=
b1 <
1#
1x
0o
b100 d
1-
#29530000
0-
b10011001 +
b10011001 5
01
b101110001000 3
#29535000
b11 ;
0>
1?
1N
1Q
0O
1K
b10 <
1-
#29540000
0-
0,
b11001000 +
b11001000 5
11
00
0.
b101110001001 3
#29545000
b0 ;
0L
1O
b1 )
b1 7
0P
0Q
1J
0?
1@
b11 <
1-
#29550000
0-
b11011110 +
b11011110 5
01
02
10
b101110001010 3
#29555000
b1 ;
1=
0@
0N
b11 )
b11 7
1P
0O
0S
0M
1L
b0 <
1-
#29560000
0-
1,
b1010110 +
b1010110 5
1.
b101110001011 3
#29565000
b10 ;
1>
1M
0T
0U
b0 )
b0 7
0P
0=
1W
b1 <
1$
1w
0#
0x
1o
b101 d
1-
#29570000
0-
b1001101 +
b1001101 5
12
b101110001100 3
#29575000
b11 ;
0>
1?
0R
1S
b10 <
1-
#29580000
0-
0,
b1000110 +
b1000110 5
11
02
b101110001101 3
#29585000
b0 ;
0S
b1 )
b1 7
1T
1O
0?
1@
1X
b11 <
1-
#29590000
0-
1,
b100100 +
b100100 5
12
00
0.
b101110001110 3
#29595000
b1 ;
1=
0@
1P
b10 )
b10 7
0T
1S
0L
b0 <
1-
#29600000
0-
b11011001 +
b11011001 5
01
02
10
b101110001111 3
#29605000
b10 ;
1>
1L
0M
0S
b11 )
b11 7
1T
0O
1Q
1N
1Y
0=
b1 <
0$
0w
1#
1x
0o
b110 d
1-
#29610000
0-
b1110010 +
b1110010 5
12
00
1.
b101110010000 3
#29615000
b11 ;
0>
0X
1?
0Q
0P
b0 )
b0 7
0T
1S
1M
0L
b10 <
1-
#29620000
0-
0,
b11101111 +
b11101111 5
11
02
10
0.
b101110010001 3
#29625000
b0 ;
1L
0M
0S
b1 )
b1 7
1T
1O
0N
0?
1@
b11 <
1-
#29630000
0-
b1010110 +
b1010110 5
01
1.
b101110010010 3
#29635000
b1 ;
1X
1=
0@
1P
0O
b10 )
b10 7
0T
1M
b0 <
1-
#29640000
0-
b100100 +
b100100 5
11
12
00
0.
b101110010011 3
#29645000
b10 ;
1>
0L
1S
1O
b0 )
b0 7
0P
0=
b1 <
0#
0x
1o
b111 d
1-
#29650000
0-
1,
b10111010 +
b10111010 5
01
10
b101110010100 3
#29655000
b10 l
1i
1v
b11 ;
0>
1?
1P
0O
b11 )
b11 7
1T
0M
1L
1q
1p
b10 <
1-
#29660000
0-
b1011001 +
b1011001 5
11
b101110010101 3
#29665000
b0 ;
0i
0v
1h
1r
1M
1U
1R
1O
b1 )
b1 7
0P
0?
1@
b11 <
b10 s
1%
1^
1-
#29670000
0-
0,
b11010101 +
b11010101 5
02
b101110010110 3
#29675000
b1 ;
0X
1=
0@
b11 )
b11 7
1P
0S
b11010101 f
0h
0%
0^
b0 <
1-
#29680000
0-
1,
b11000100 +
b11000100 5
12
00
1.
b101110010111 3
#29685000
b10 ;
1>
b11010101 g
0L
1S
b10 )
b10 7
0T
0U
1Q
1N
0Y
0=
b1 <
1#
1x
0o
1n
b1 m
b0 d
1-
#29690000
0-
0,
b111110 +
b111110 5
01
02
b101110011000 3
#29695000
b11 ;
0>
1?
0O
0R
b11 )
b11 7
1T
0S
0M
0q
b10 <
1-
#29700000
0-
1,
b11110100 +
b11110100 5
11
12
0.
b101110011001 3
#29705000
b0 ;
0r
0K
1S
0T
1O
b0 )
b0 7
0P
0Q
0?
1@
b11 <
1-
#29710000
0-
0,
b11010010 +
b11010010 5
01
1.
b101110011010 3
#29715000
b1 ;
1=
0@
0J
0N
1P
0O
b11 )
b11 7
1T
b0 <
1-
#29720000
0-
b11101000 +
b11101000 5
02
0.
b101110011011 3
#29725000
b10 ;
1>
0S
1U
1R
b1 )
b1 7
0P
1Y
0=
0W
1X
b1 <
0#
0x
b10 m
b1 d
1-
#29730000
0-
1,
b110001 +
b110001 5
11
10
b101110011100 3
#29735000
b11 ;
0>
0X
1?
1O
0U
b0 )
b0 7
0T
1L
0p
b10 <
1-
#29740000
0-
0,
b10101111 +
b10101111 5
b101110011101 3
#29745000
b0 ;
1M
0R
b10 )
b10 7
1P
0?
1@
b11 <
1-
#29750000
0-
1,
b101101 +
b101101 5
1.
b101110011110 3
#29755000
b1 ;
1X
1=
0@
1N
1Q
1K
b0 <
1-
#29760000
0-
0,
b10101101 +
b10101101 5
12
00
0.
b101110011111 3
#29765000
b10 ;
1>
0L
1S
0Y
1J
0=
1W
0X
b1 <
0n
b0 m
b10 d
1-
#29770000
0-
b11011110 +
b11011110 5
01
1.
b101110100000 3
#29775000
b11 ;
0>
1?
0O
b11 )
b11 7
1T
0M
1p
b10 <
1-
#29780000
0-
1,
b11110110 +
b11110110 5
10
0.
b101110100001 3
#29785000
b0 ;
1L
0K
1U
1R
b1 )
b1 7
0P
0Q
0?
1@
b11 <
1-
#29790000
0-
b10101101 +
b10101101 5
02
00
1.
b101110100010 3
#29795000
b1 ;
1=
0@
0J
0N
0S
1M
0L
b0 <
1-
#29800000
0-
0,
b11011001 +
b11011001 5
b101110100011 3
#29805000
b10 ;
1>
0M
b0 )
b0 7
0T
0U
0=
0W
b1 <
1$
1w
1o
1n
b1 m
b11 d
1-
#29810000
0-
b11100 +
b11100 5
12
0.
b101110100100 3
#29815000
b11 ;
0>
1?
0R
1S
0p
b10 <
1-
#29820000
0-
1,
b11000 +
b11000 5
02
b101110100101 3
#29825000
b0 ;
0S
b1 )
b1 7
1T
0?
1@
1X
b11 <
1-
#29830000
0-
b10010110 +
b10010110 5
10
b101110100110 3
#29835000
b1 ;
1=
0@
b0 )
b0 7
0T
1L
b0 <
1-
#29840000
0-
b11100001 +
b11100001 5
00
1.
b101110100111 3
#29845000
b10 ;
1>
0L
1M
1Y
0=
b1 <
0$
0w
1#
1x
0n
b0 m
b100 d
b1 |
1-
#29850000
0-
0,
b1100 +
b1100 5
b101110101000 3
#29855000
b11 ;
0>
1?
0M
1p
b10 <
1-
#29860000
0-
b1 +
b1 5
11
10
0.
b101110101001 3
#29865000
b0 ;
1L
1O
0?
1@
b11 <
1-
#29870000
0-
1,
b10100110 +
b10100110 5
01
00
b101110101010 3
#29875000
b1 ;
1=
0@
b10 )
b10 7
1P
0O
1M
0L
b0 <
1-
#29880000
0-
0,
b1100100 +
b1100100 5
11
1.
b101110101011 3
#29885000
b10 ;
1>
0M
1O
b0 )
b0 7
0P
0=
b1 <
0o
1n
b1 m
b101 d
b0 |
1-
#29890000
0-
b1001110 +
b1001110 5
01
10
b101110101100 3
#29895000
b11 ;
0>
1?
b10 )
b10 7
1P
0O
1L
0p
b10 <
1-
#29900000
0-
b1100011 +
b1100011 5
11
00
b101110101101 3
#29905000
b0 ;
0L
1M
1O
b0 )
b0 7
0P
0?
1@
b11 <
1-
#29910000
0-
b1101010 +
b1101010 5
01
b101110101110 3
#29915000
b1 ;
1=
0@
b10 )
b10 7
1P
0O
0M
b0 <
1-
#29920000
0-
b11110011 +
b11110011 5
11
12
0.
b101110101111 3
#29925000
b10 ;
1>
1S
1O
b0 )
b0 7
0P
0=
b1 <
0#
0x
0n
b0 m
b110 d
1-
#29930000
0-
b1111101 +
b1111101 5
01
02
10
1.
b101110110000 3
#29935000
b11 ;
0>
1?
1P
0O
b11 )
b11 7
1T
0S
1L
1p
b10 <
1-
#29940000
0-
1,
b101111 +
b101111 5
12
00
b101110110001 3
#29945000
b0 ;
0L
1M
1S
0T
b0 )
b0 7
0P
0?
1@
b11 <
1-
#29950000
0-
0,
b11111100 +
b11111100 5
02
b101110110010 3
#29955000
b1 ;
1=
0@
b1 )
b1 7
1T
0S
0M
b0 <
1-
#29960000
0-
b1001010 +
b1001010 5
12
b101110110011 3
#29965000
b10 ;
1>
1S
b0 )
b0 7
0T
0=
b1 <
1$
1w
1o
1n
b1 m
b111 d
1-
#29970000
0-
1,
b100100 +
b100100 5
11
10
b101110110100 3
#29975000
b11 l
1j
b11 ;
0>
1?
1O
b1 )
b1 7
1T
1L
1q
b10 <
1-
#29980000
0-
b1111100 +
b1111100 5
01
02
b101110110101 3
#29985000
b0 ;
0j
1r
1M
0S
1U
1R
0O
b11 )
b11 7
1P
0?
1@
b11 <
b11 s
1_
1-
#29990000
0-
0,
b10110 +
b10110 5
11
00
b101110110110 3
#29995000
b1 ;
0X
1=
0@
0P
1O
0U
b0 )
b0 7
0T
1K
0L
b0 <
1-
#30000000
0-
1,
b11011100 +
b11011100 5
b101110110111 3
#30005000
b10 ;
1>
0M
0R
b10 )
b10 7
1P
0Y
1J
0=
1W
b1 <
0$
0w
1#
1x
1`
b10 m
b0 d
b1 |
1-
#30010000
0-
b11111110 +
b11111110 5
10
b101110111000 3
#30015000
b11 ;
0>
1X
1?
1N
1Q
0K
1L
0q
b0 |
b10 <
1-
#30020000
0-
0,
b11000101 +
b11000101 5
b101110111001 3
#30025000
b0 ;
0r
1M
0J
0?
1@
0X
b11 <
1-
#30030000
0-
b10010000 +
b10010000 5
12
00
0.
b101110111010 3
#30035000
b1 ;
1=
0@
1S
1K
0L
b0 <
1-
#30040000
0-
1,
b11000100 +
b11000100 5
01
b101110111011 3
#30045000
b10 ;
1>
0M
b11 )
b11 7
1T
0O
1J
0=
b1 <
1a
b11 m
b1 d
1-
#30050000
0-
b10100101 +
b10100101 5
1.
b101110111100 3
#30055000
b11 ;
0>
1?
0Q
b1 )
b1 7
0P
1R
1U
0K
0p
0_
b10 <
1-
#30060000
0-
0,
b10001101 +
b10001101 5
02
b101110111101 3
#30065000
b0 ;
0S
0N
0J
0?
1@
b11 <
1-
#30070000
0-
1,
b110111 +
b110111 5
12
10
b101110111110 3
#30075000
b1 ;
1=
0@
0U
b0 )
b0 7
0T
1S
1L
b0 <
1-
#30080000
0-
0,
b11001 +
b11001 5
02
0.
b101110111111 3
#30085000
b10 ;
1>
b100 l
1M
0S
b1 )
b1 7
1T
0R
0=
0W
b1 <
1b
0`
0n
b0 m
b10 d
b1 |
1-
#30090000
b100 l
0-
1,
b10010110 +
b10010110 5
11
00
1.
b101111000000 3
#30095000
b11 ;
0>
1X
1?
1O
b0 )
b0 7
0T
1K
0L
1p
b0 |
0t
b100 s
b10 <
1-
#30100000
0-
b1011010 +
b1011010 5
12
0.
b101111000001 3
#30105000
b0 ;
0M
1S
b10 )
b10 7
1P
1J
0?
1@
b11 <
1e
1-
#30110000
0-
0,
b101 +
b101 5
01
10
1.
b101111000010 3
#30115000
b1 ;
1=
0@
1N
1Q
0O
b11 )
b11 7
1T
0K
1L
0e
b0 <
1-
#30120000
0-
b10011110 +
b10011110 5
11
00
0.
b101111000011 3
#30125000
b10 ;
1>
0L
1M
1U
1R
1O
b1 )
b1 7
0P
0Q
0J
0=
0X
b1 <
1$
1w
1c
0a
0o
1n
b1 m
b11 d
0u
1-
#30130000
0-
b10100000 +
b10100000 5
01
02
1.
b101111000100 3
#30135000
b11 ;
0>
1?
0N
b11 )
b11 7
1P
0O
0S
0M
0p
b0 d
b0 m
1o
b10 <
1-
#30140000
0-
b11110 +
b11110 5
11
0.
b101111000101 3
#30145000
b0 ;
0T
0U
1O
b0 )
b0 7
0P
0?
1@
b11 <
1-
#30150000
0-
1,
b10111101 +
b10111101 5
01
12
10
b101111000110 3
#30155000
b1 ;
1=
0@
b10 )
b10 7
1P
0O
0R
1S
1L
1e
b0 <
1-
#30160000
0-
0,
b11001111 +
b11001111 5
02
00
b101111000111 3
#30165000
b10 ;
1>
0L
1M
0S
1T
b1 )
b1 7
0P
1Y
0=
1X
b1 <
0z
0b
0n
0e
1-
#30170000
0-
b10100110 +
b10100110 5
12
10
b101111001000 3
#30175000
b11 ;
0>
1?
b0 )
b0 7
0T
1S
0M
1L
b10 <
1-
#30180000
0-
1,
b11110000 +
b11110000 5
02
b101111001001 3
#30185000
b0 ;
1M
0S
b1 )
b1 7
1T
0?
1@
b11 <
1e
1-
#30190000
0-
b11011111 +
b11011111 5
11
00
b101111001010 3
#30195000
b101 l
b1 ;
1=
0@
1O
b0 )
b0 7
0T
1K
0L
b0 <
1-
#30200000
0-
b1011010 +
b1011010 5
b101111001011 3
#30205000
b10 ;
1>
0M
b10 )
b10 7
1P
1J
0=
1W
b1 <
b101 s
0$
0w
0{
0c
b1 |
1-
#30210000
0-
0,
b11001111 +
b11001111 5
b101111001100 3
#30215000
b11 ;
0>
1?
1N
1Q
0K
b0 |
0e
b10 <
1-
#30220000
0-
b110011 +
b110011 5
12
1.
b101111001101 3
#30225000
b0 ;
1S
0J
0?
1@
0X
b11 <
1-
#30230000
0-
b1000 +
b1000 5
0.
b101111001110 3
#30235000
b0 l
b1 ;
1=
0@
b11 )
b11 7
1T
b0 <
1-
#30240000
0-
b11100111 +
b11100111 5
10
1.
b101111001111 3
#30245000
b10 ;
1>
1L
1U
1R
0Y
0=
0W
b1 <
b0 s
1"
1y
1-
#30250000
b1 l
1k
0-
1,
b1000 +
b1000 5
01
00
b101111010000 3
#30255000
0k
b11 ;
0>
1?
0O
1M
0L
1F
b10000000 f
1t
1e
b1 s
b10 <
1-
#30260000
0-
0,
b10100 +
b10100 5
b101111010001 3
#30265000
b0 ;
b10000000 g
0M
b1 )
b1 7
0P
0Q
0?
1@
b11 <
0e
1-
#30270000
0-
1,
b10100100 +
b10100100 5
11
02
10
0.
b101111010010 3
#30275000
b1 ;
1=
0@
0N
1O
0S
1L
b0 <
1-
#30280000
0-
0,
b1010001 +
b1010001 5
01
12
00
b101111010011 3
#30285000
b10 ;
1>
0L
1M
1S
0T
0U
0O
b10 )
b10 7
1P
0=
b1 <
1u
1-
#30290000
0-
1,
b11110100 +
b11110100 5
11
02
10
b101111010100 3
#30295000
b11 ;
0>
1?
0P
1O
0R
b1 )
b1 7
1T
0S
0M
1L
b10 <
1-
#30300000
0-
b1101110 +
b1101110 5
1.
b101111010101 3
#30305000
b0 ;
1M
0T
b10 )
b10 7
1P
0?
1@
1X
b11 <
1-
#30310000
0-
b1011 +
b1011 5
01
12
00
b101111010110 3
#30315000
b1 A
1=
0@
1N
1Q
0O
1S
1K
0L
b0 <
1-
#30320000
0-
b110000 +
b110000 5
11
02
b101111010111 3
#30325000
b1 ;
0M
0S
1T
1O
b1 )
b1 7
0P
0Q
1J
0=
1W
0X
b1 B
1z
b1 d
1-
#30330000
0-
10
0.
b101111011000 3
#30335000
b11 ;
1>
0N
1P
b10 )
b10 7
0T
0K
1L
b1 <
1-
#30340000
0-
b110 +
b110 5
00
b101111011001 3
#30345000
b0 ;
0>
0L
1M
1Q
1N
0J
1?
1X
b11 <
1-
#30350000
0-
b11111001 +
b11111001 5
12
b101111011010 3
#30355000
b1 ;
0X
1@
0?
1S
0M
b0 <
1-
#30360000
0-
0,
b11010000 +
b11010000 5
02
10
b101111011011 3
#30365000
b0 A
1\
b10 ;
1>
1L
0S
b11 )
b11 7
1T
0@
1=
b1 <
1-
#30370000
0-
1,
b11111101 +
b11111101 5
b101111011100 3
#30375000
1'
b11 ;
0>
0\
0W
0=
1?
b10 )
b10 7
0T
1M
1[
b10 d
0o
1{
0"
0y
b10 <
b0 B
1-
#30380000
0-
0,
b110000 +
b110000 5
12
b101111011101 3
#30385000
0'
b0 ;
0F
0[
1K
1S
0?
1@
b11 <
1-
#30390000
0-
b1101001 +
b1101001 5
02
00
b101111011110 3
#30395000
b1 ;
1=
0@
1J
b11 )
b11 7
1T
0S
0L
b0 <
1-
#30400000
0-
b1111101 +
b1111101 5
12
10
1.
b101111011111 3
#30405000
b10 ;
1>
1L
0M
1S
b10 )
b10 7
0T
0=
1W
b1 <
1$
1w
0#
0x
1o
b11 d
1-
#30410000
0-
1,
b1001010 +
b1001010 5
01
00
0.
b101111100000 3
#30415000
b11 ;
0>
1?
0O
b11 )
b11 7
1T
1M
0L
b10 <
1-
#30420000
0-
b11001111 +
b11001111 5
1.
b101111100001 3
#30425000
b0 ;
0M
1U
1R
b1 )
b1 7
0P
0Q
0?
1@
b11 <
1-
#30430000
0-
b11001001 +
b11001001 5
11
10
b101111100010 3
#30435000
b1 ;
1=
0@
0N
1O
0K
1L
b0 <
1-
#30440000
0-
b111001 +
b111001 5
02
0.
b101111100011 3
#30445000
b10 ;
1>
1M
0S
b11 )
b11 7
1P
0J
0=
0W
b1 <
0$
0w
1#
1x
0o
b100 d
1-
#30450000
0-
b11110 +
b11110 5
1.
b101111100100 3
#30455000
b11 ;
0>
1?
1N
1Q
0U
b10 )
b10 7
0T
1K
b10 <
1-
#30460000
0-
0,
b10110110 +
b10110110 5
0.
b101111100101 3
#30465000
b0 ;
0R
1J
0?
1@
b11 <
1-
#30470000
0-
b10010111 +
b10010111 5
00
b101111100110 3
#30475000
b1 ;
1=
0@
0L
b0 <
1-
#30480000
0-
b11001001 +
b11001001 5
01
b101111100111 3
#30485000
b10 ;
1>
0M
0O
0=
1W
b1 <
0#
0x
1o
b101 d
1-
#30490000
0-
b1011110 +
b1011110 5
12
10
1.
b101111101000 3
#30495000
b11 ;
0>
1?
0Q
b0 )
b0 7
0P
1S
0K
1L
b10 <
1-
#30500000
0-
1,
b1101000 +
b1101000 5
11
02
0.
b101111101001 3
#30505000
b0 ;
1M
0S
b1 )
b1 7
1T
1O
0N
0J
0?
1@
b11 <
1-
#30510000
0-
b1011100 +
b1011100 5
01
12
00
b101111101010 3
#30515000
b1 ;
1X
1=
0@
1P
0O
b10 )
b10 7
0T
1S
1K
0L
b0 <
1-
#30520000
0-
0,
b100110 +
b100110 5
1.
b101111101011 3
#30525000
b10 ;
1>
0M
1T
b1 )
b1 7
0P
1Y
1J
0=
b1 <
1#
1x
0o
b110 d
1-
#30530000
0-
1,
b11111000 +
b11111000 5
11
0.
b101111101100 3
#30535000
b11 ;
0>
1?
1O
1R
1U
0K
b10 <
1-
#30540000
0-
b111010 +
b111010 5
01
10
b101111101101 3
#30545000
b0 ;
1L
0O
b11 )
b11 7
1P
0J
0?
1@
0X
b11 <
1-
#30550000
0-
0,
b11111101 +
b11111101 5
11
02
b101111101110 3
#30555000
b1 ;
1=
0@
b1 )
b1 7
0P
1O
0S
1M
b0 <
1-
#30560000
0-
1,
b1010010 +
b1010010 5
01
00
1.
b101111101111 3
#30565000
b10 ;
1>
0L
1K
0T
0U
0O
b10 )
b10 7
1P
0Y
0=
0W
b1 <
1$
1w
0#
0x
1o
b111 d
1-
#30570000
0-
0,
b1101011 +
b1101011 5
10
b101111110000 3
#30575000
b10 l
1i
1v
b11 ;
0>
1?
1J
b0 )
b0 7
0P
0R
0M
1L
1q
1p
b10 <
1-
#30580000
1i
1v
b10 l
0-
1,
b11010101 +
b11010101 5
12
b101111110001 3
#30585000
b0 ;
0i
0v
1h
1r
1M
1S
0?
1@
1X
b11 <
b10 s
1%
1^
1-
#30590000
0-
0,
b1111110 +
b1111110 5
0.
b101111110010 3
#30595000
b1 ;
1=
0@
b1 )
b1 7
1T
b1111110 f
0h
0%
0^
b0 <
1-
#30600000
0-
b10000100 +
b10000100 5
1.
b101111110011 3
#30605000
b10 ;
1>
b1111110 g
1U
1R
1Y
0=
1W
b1 <
0$
0w
1#
1x
0o
1n
b1 m
b0 d
1-
#30610000
0-
1,
b10110011 +
b10110011 5
11
02
0.
b101111110100 3
#30615000
b11 ;
0>
0X
1?
1O
0S
0q
0p
b10 <
1-
#30620000
0-
0,
b10101 +
b10101 5
01
00
1.
b101111110101 3
#30625000
b0 ;
0r
0L
0T
0U
0O
b10 )
b10 7
1P
0?
1@
b11 <
1-
#30630000
0-
b10011 +
b10011 5
11
b101111110110 3
#30635000
b1 ;
1=
0@
b0 )
b0 7
0P
1O
0R
0M
b0 <
1-
#30640000
0-
b10111110 +
b10111110 5
01
10
0.
b101111110111 3
#30645000
b10 ;
1>
1L
0K
0O
b10 )
b10 7
1P
0=
1X
b1 <
0#
0x
0n
b0 m
b1 d
b1 |
1-
#30650000
0-
b10001100 +
b10001100 5
b101111111000 3
#30655000
b11 ;
0>
1?
0J
b0 )
b0 7
0P
1M
1p
b0 |
b10 <
1-
#30660000
0-
1,
b1001011 +
b1001011 5
11
12
1.
b101111111001 3
#30665000
b0 ;
1K
1S
1O
0?
1@
b11 <
1-
#30670000
0-
b10011101 +
b10011101 5
01
02
b101111111010 3
#30675000
b1 ;
1=
0@
1J
1P
0O
b11 )
b11 7
1T
0S
b0 <
1-
#30680000
0-
b10110111 +
b10110111 5
0.
b101111111011 3
#30685000
b10 ;
1>
0T
b0 )
b0 7
0P
0=
b1 <
1o
1n
b1 m
b10 d
1-
#30690000
0-
b100001 +
b100001 5
12
00
1.
b101111111100 3
#30695000
b11 ;
0>
1?
1S
0L
b10 <
1-
#30700000
0-
b11011101 +
b11011101 5
11
0.
b101111111101 3
#30705000
b0 ;
0M
b1 )
b1 7
1T
1O
0?
1@
b11 <
1-
#30710000
0-
0,
b10000010 +
b10000010 5
01
02
10
b101111111110 3
#30715000
b1 ;
1=
0@
b11 )
b11 7
1P
0O
1R
1U
0S
0K
1L
b0 <
1-
#30720000
0-
b110110 +
b110110 5
11
12
b101111111111 3
#30725000
b10 ;
1>
1M
1S
0T
0U
1O
b0 )
b0 7
0P
0Y
0J
0=
0W
0X
b1 <
1#
1x
b10 m
b11 d
1-
#30730000
0-
1,
b10011 +
b10011 5
00
1.
b110000000000 3
#30735000
b11 ;
0>
1?
1P
0R
b11 )
b11 7
1T
1K
0L
b10 <
1-
#30740000
0-
b1001001 +
b1001001 5
01
02
b110000000001 3
#30745000
b0 ;
0M
0S
1U
1R
0O
1Q
1N
1J
0?
1@
1X
b11 <
1-
#30750000
0-
b11100111 +
b11100111 5
11
12
b110000000010 3
#30755000
b1 ;
0X
1=
0@
0Q
0P
1O
0U
b0 )
b0 7
0T
1S
0K
b0 <
1-
#30760000
0-
b10111000 +
b10111000 5
01
b110000000011 3
#30765000
b10 ;
1>
1T
0R
0O
b11 )
b11 7
1P
0N
0J
0=
b1 <
b11 m
b100 d
b1 |
1-
#30770000
0-
b11011111 +
b11011111 5
11
02
0.
b110000000100 3
#30775000
b11 ;
0>
1X
1?
b1 )
b1 7
0P
1O
1R
1U
0S
b0 |
b10 <
1-
#30780000
0-
b10000100 +
b10000100 5
10
1.
b110000000101 3
#30785000
b0 ;
1L
0T
0U
b10 )
b10 7
1P
0?
1@
0X
b11 <
1-
#30790000
0-
0,
b1000110 +
b1000110 5
00
b110000000110 3
#30795000
b1 ;
1=
0@
1N
1Q
0R
1M
0L
b0 <
1-
#30800000
0-
1,
b10001010 +
b10001010 5
12
b110000000111 3
#30805000
b10 ;
1>
0M
1S
0=
b1 <
b100 m
b101 d
1-
#30810000
0-
0,
b10101101 +
b10101101 5
b110000001000 3
#30815000
b11 ;
0>
1?
b11 )
b11 7
1T
b10 <
1-
#30820000
0-
1,
b10111110 +
b10111110 5
02
10
b110000001001 3
#30825000
b0 ;
1L
0S
1U
1R
0?
1@
b11 <
1-
#30830000
0-
0,
b1101011 +
b1101011 5
01
00
b110000001010 3
#30835000
b1 ;
1=
0@
0O
0U
b10 )
b10 7
0T
1M
0L
b0 <
1-
#30840000
0-
1,
b110101 +
b110101 5
11
12
0.
b110000001011 3
#30845000
b10 ;
1>
0M
1S
0R
1O
b0 )
b0 7
0P
0Q
0=
b1 <
b101 m
b110 d
1-
#30850000
0-
b1110010 +
b1110010 5
01
02
10
1.
b110000001100 3
#30855000
b11 ;
0>
1?
0N
1P
0O
b11 )
b11 7
1T
0S
1L
b10 <
1-
#30860000
0-
b1111101 +
b1111101 5
11
12
0.
b110000001101 3
#30865000
b0 ;
1M
1S
0T
1O
b0 )
b0 7
0P
0?
1@
1X
b11 <
1-
#30870000
0-
0,
b11001011 +
b11001011 5
01
00
b110000001110 3
#30875000
b1 ;
1=
0@
1P
0O
b11 )
b11 7
1T
1K
0L
b0 <
1-
#30880000
0-
1,
b1010000 +
b1010000 5
02
b110000001111 3
#30885000
b10 ;
1>
0M
0S
1U
1R
b1 )
b1 7
0P
1Y
1J
0=
1W
b1 <
16
b110 m
b111 d
1-
#30890000
0-
0,
b10000000 +
b10000000 5
12
10
b110000010000 3
#30895000
b11 ;
0>
0X
1?
0U
b0 )
b0 7
0T
1S
0K
1L
0p
b10 <
1-
#30900000
0-
b100101 +
b100101 5
b110000010001 3
#30905000
b0 ;
1M
b1 )
b1 7
1T
0R
0J
0?
1@
b11 <
1-
#30910000
0-
b111100 +
b111100 5
00
b110000010010 3
#30915000
b1 ;
1X
1=
0@
1R
1U
1K
0L
b0 <
1-
#30920000
0-
b10110010 +
b10110010 5
11
10
b110000010011 3
#30925000
b10 ;
1>
1L
0M
1O
0Y
1J
0=
0X
b1 <
0n
06
b0 m
1-
#30930000
0-
1,
b1101001 +
b1101001 5
02
1.
b110000010100 3
#30935000
b11 l
1j
b11 ;
0>
1?
b11 )
b11 7
1P
0S
1M
1q
b10 <
1-
#30940000
0-
b11010101 +
b11010101 5
12
b110000010101 3
#30945000
b0 ;
0j
1r
1S
b10 )
b10 7
0T
0U
1Q
1N
0?
1@
b11 <
b11 s
1_
1-
#30950000
0-
b10000 +
b10000 5
02
00
0.
b110000010110 3
#30955000
b1 ;
1=
0@
0R
b11 )
b11 7
1T
0S
0L
b0 <
1-
#30960000
0-
b1 +
b1 5
10
1.
b110000010111 3
#30965000
b10 ;
1>
1L
0M
b10 )
b10 7
0T
0=
b1 <
1`
0o
b0 d
1-
#30970000
0-
0,
b1001011 +
b1001011 5
01
00
b110000011000 3
#30975000
b11 ;
0>
1?
0O
1M
0L
0q
b10 <
1-
#30980000
0-
b10101000 +
b10101000 5
11
b110000011001 3
#30985000
b0 ;
0r
0M
1O
b0 )
b0 7
0P
0Q
0?
1@
b11 <
1-
#30990000
0-
1,
b10001100 +
b10001100 5
01
12
b110000011010 3
#30995000
b1 ;
1=
0@
0N
b10 )
b10 7
1P
0O
1S
0K
b0 <
1-
#31000000
0-
b10101000 +
b10101000 5
11
b110000011011 3
#31005000
b10 ;
1>
1T
1O
b1 )
b1 7
0P
1Y
0J
0=
0W
1X
b1 <
1$
1w
0#
0x
1a
1o
b1 d
1-
#31010000
0-
0,
b1111011 +
b1111011 5
01
b110000011100 3
#31015000
b11 ;
0>
1?
b11 )
b11 7
1P
0O
1R
1U
1p
0_
b10 <
1-
#31020000
0-
b1010111 +
b1010111 5
11
10
0.
b110000011101 3
#31025000
b0 ;
1L
1O
b1 )
b1 7
0P
0?
1@
0X
b11 <
1-
#31030000
0-
1,
b11000100 +
b11000100 5
01
02
00
b110000011110 3
#31035000
b1 ;
1=
0@
b11 )
b11 7
1P
0O
0S
1M
0L
b0 <
1-
#31040000
0-
0,
b11111 +
b11111 5
10
b110000011111 3
#31045000
b10 ;
1>
b100 l
1L
0M
0T
0U
b0 )
b0 7
0P
0Y
0=
b1 <
0$
0w
1#
1x
1b
0`
0o
1n
b1 m
b10 d
1-
#31050000
b100 l
0-
1,
b10001001 +
b10001001 5
11
1.
b110000100000 3
#31055000
b11 ;
0>
1?
1O
0R
1M
0t
b100 s
b10 <
1-
#31060000
0-
b111100 +
b111100 5
01
12
00
b110000100001 3
#31065000
b0 ;
0L
1K
1S
0O
b10 )
b10 7
1P
0?
1@
1X
b11 <
1e
1-
#31070000
0-
0,
b11010000 +
b11010000 5
11
0.
b110000100010 3
#31075000
b1 ;
1=
0@
1J
0P
1O
b1 )
b1 7
1T
0M
0e
b0 <
1-
#31080000
0-
b10100110 +
b10100110 5
02
b110000100011 3
#31085000
b10 ;
1>
0K
0S
1U
1R
b11 )
b11 7
1P
1Y
0=
1W
b1 <
1$
1w
0#
0x
1c
0a
b10 m
b11 d
0u
1-
#31090000
0-
1,
b10101100 +
b10101100 5
01
12
b110000100100 3
#31095000
b11 ;
0>
0X
1?
0J
1N
1Q
0O
0U
b10 )
b10 7
0T
1S
0p
1e
b0 d
b0 m
1o
b10 <
1-
#31100000
0-
b10101110 +
b10101110 5
02
10
1.
b110000100101 3
#31105000
b0 ;
1L
0S
1T
0R
b1 )
b1 7
0P
0Q
0?
1@
b11 <
1-
#31110000
0-
0,
b1101001 +
b1101001 5
00
b110000100110 3
#31115000
b1 ;
1=
0@
0N
b0 )
b0 7
0T
1M
0L
0e
b0 <
1-
#31120000
0-
b1001111 +
b1001111 5
11
10
0.
b110000100111 3
#31125000
b10 ;
1>
1L
0M
1O
0=
0W
1X
b1 <
1#
1x
0z
0b
0n
b1 |
1-
#31130000
0-
1,
b10001011 +
b10001011 5
01
00
1.
b110000101000 3
#31135000
b11 ;
0>
1?
b10 )
b10 7
1P
0O
1M
0L
1e
b10 <
1-
#31140000
0-
0,
b11000111 +
b11000111 5
12
10
b110000101001 3
#31145000
b0 ;
1L
0M
1S
b0 )
b0 7
0P
0?
1@
b11 <
0e
b0 |
1-
#31150000
0-
1,
b11011110 +
b11011110 5
11
02
0.
b110000101010 3
#31155000
b101 l
b1 ;
1=
0@
1O
b1 )
b1 7
1T
0S
1M
1e
b0 <
1-
#31160000
0-
b1110010 +
b1110010 5
01
12
00
1.
b110000101011 3
#31165000
b10 ;
1>
0L
1K
1S
0T
0O
b10 )
b10 7
1P
0=
b1 <
b101 s
0$
0w
0{
0c
1-
#31170000
0-
0,
b1100110 +
b1100110 5
02
10
b110000101100 3
#31175000
b11 ;
0>
1?
1J
0P
b1 )
b1 7
1T
0S
0M
1L
0e
b10 <
1-
#31180000
0-
1,
b10000000 +
b10000000 5
00
0.
b110000101101 3
#31185000
b0 ;
0L
1M
b0 )
b0 7
0T
0?
1@
b11 <
1e
1-
#31190000
0-
0,
b1110001 +
b1110001 5
11
10
b110000101110 3
#31195000
b0 l
b1 ;
1=
0@
1O
0M
1L
0e
b0 <
1-
#31200000
0-
b1111101 +
b1111101 5
1.
b110000101111 3
#31205000
b10 ;
1>
1M
b10 )
b10 7
1P
0=
1W
b1 <
b0 s
1"
1y
b1 |
1-
#31210000
b1 l
1k
0-
1,
b10011101 +
b10011101 5
01
12
00
0.
b110000110000 3
#31215000
0k
b11 ;
0>
1?
1N
1Q
0O
1S
0L
1F
b10000000 f
b0 |
1t
1e
b1 s
b10 <
1-
#31220000
0-
0,
b111001 +
b111001 5
02
b110000110001 3
#31225000
b0 ;
b10000000 g
0M
0S
1T
b1 )
b1 7
0P
0Q
0?
1@
0X
b11 <
0e
1-
#31230000
0-
1,
b1101 +
b1101 5
12
1.
b110000110010 3
#31235000
1=
0@
0N
b0 )
b0 7
0T
1S
0K
b0 <
1-
#31240000
0-
b100100 +
b100100 5
11
02
b110000110011 3
#31245000
b1 ;
0S
b1 )
b1 7
1T
1O
0J
0=
0W
1X
1u
b1 |
1-
#31250000
0-
0,
b10011110 +
b10011110 5
10
0.
b110000110100 3
#31255000
b10 ;
1>
1P
b10 )
b10 7
0T
1L
b0 |
b1 <
1-
#31260000
0-
b10010010 +
b10010010 5
01
12
b110000110101 3
#31265000
b11 ;
0>
1M
1S
0O
1Q
1N
1?
b10 <
1-
#31270000
0-
1,
b1100001 +
b1100001 5
11
02
00
1.
b110000110110 3
#31275000
b0 ;
0X
1@
0?
0Q
0P
1O
b1 )
b1 7
1T
0S
1K
0L
b11 <
1-
#31280000
0-
0,
b11111000 +
b11111000 5
12
0.
b110000110111 3
#31285000
b1 ;
0M
1S
0T
b10 )
b10 7
1P
0N
1J
0@
1=
b0 <
1-
#31290000
0-
1,
b100110 +
b100110 5
02
b110000111000 3
#31295000
b11 ;
1>
1X
1W
0=
1N
1Q
b11 )
b11 7
1T
0S
0K
b1 d
1z
b1 <
1-
#31300000
0-
b10110010 +
b10110010 5
01
12
10
1.
b110000111001 3
#31305000
b0 ;
0>
1L
1S
b10 )
b10 7
0T
0O
0J
1?
0X
b11 <
1-
#31310000
0-
0,
b1010111 +
b1010111 5
02
b110000111010 3
#31315000
b1 ;
1@
0?
0Q
0P
b1 )
b1 7
1T
0S
1M
b0 <
1-
#31320000
0-
1,
b1001101 +
b1001101 5
12
b110000111011 3
#31325000
b11 ;
1>
1K
1S
b0 )
b0 7
0T
0N
0@
1=
b1 <
1-
#31330000
0-
b11110011 +
b11110011 5
11
b110000111100 3
#31335000
b0 ;
0>
1X
0=
1?
1J
1O
b1 )
b1 7
1T
b1 |
b10 d
0o
1{
0"
0y
b11 <
1-
#31340000
0-
0,
b11100101 +
b11100101 5
01
00
b110000111101 3
#31345000
b1 ;
0F
0L
1U
1R
0O
b11 )
b11 7
1P
0?
1@
b0 <
b0 |
1-
#31350000
0-
b11101111 +
b11101111 5
02
0.
b110000111110 3
#31355000
b10 ;
1>
0X
1=
0@
b1 )
b1 7
0P
0S
0M
b1 <
1-
#31360000
0-
1,
b10010111 +
b10010111 5
12
b110000111111 3
#31365000
b11 ;
0>
0K
1S
b0 )
b0 7
0T
0U
0Y
1?
0=
b10 <
0#
0x
1o
b11 d
1-
#31370000
0-
0,
b11000101 +
b11000101 5
11
02
10
b110001000000 3
#31375000
b0 ;
1@
0?
0J
1O
0R
b1 )
b1 7
1T
0S
1L
b11 <
1-
#31380000
0-
1,
b10011110 +
b10011110 5
12
00
b110001000001 3
#31385000
b1 ;
0L
1M
1S
0T
b10 )
b10 7
1P
0@
1=
1X
b0 <
1-
#31390000
0-
b1110110 +
b1110110 5
02
1.
b110001000010 3
#31395000
b10 ;
1>
0W
0=
1Y
1N
1Q
b11 )
b11 7
1T
0S
0M
b100 d
0o
1#
1x
b1 <
1-
#31400000
0-
0,
b10001 +
b10001 5
12
b110001000011 3
#31405000
b11 ;
0>
1S
b10 )
b10 7
0T
1?
0X
b10 <
1-
#31410000
0-
1,
b11001100 +
b11001100 5
10
0.
b110001000100 3
#31415000
b0 ;
1@
0?
b11 )
b11 7
1T
1L
b11 <
1-
#31420000
0-
b11011000 +
b11011000 5
01
02
b110001000101 3
#31425000
b1 ;
1M
0S
1U
1R
0O
0@
1=
b0 <
1-
#31430000
0-
0,
b100001 +
b100001 5
11
12
1.
b110001000110 3
#31435000
b10 ;
1>
0=
0Y
0Q
0P
1O
0U
b0 )
b0 7
0T
1S
1K
b101 d
1o
0#
0x
1$
1w
b1 <
1-
#31440000
0-
b11010110 +
b11010110 5
01
02
00
b110001000111 3
#31445000
b11 ;
0>
0L
0S
1T
0R
0O
b11 )
b11 7
1P
0N
1J
1?
b10 <
1-
#31450000
0-
b1110001 +
b1110001 5
11
10
b110001001000 3
#31455000
b0 ;
1X
1@
0?
0P
1O
b0 )
b0 7
0T
0M
1L
b11 <
1-
#31460000
0-
b11010111 +
b11010111 5
12
00
0.
b110001001001 3
#31465000
b1 ;
0L
1M
1S
b10 )
b10 7
1P
0@
1=
b0 <
1-
#31470000
0-
b101 +
b101 5
01
02
1.
b110001001010 3
#31475000
b10 ;
1>
1W
0=
1Y
1N
1Q
0O
b11 )
b11 7
1T
0S
0M
b110 d
0o
1#
1x
0$
0w
b1 <
1-
#31480000
0-
b1001011 +
b1001011 5
11
12
0.
b110001001011 3
#31485000
b11 ;
0>
0K
1S
0T
1O
b0 )
b0 7
0P
0Q
1?
0X
b10 <
1-
#31490000
0-
1,
b1111011 +
b1111011 5
02
1.
b110001001100 3
#31495000
b0 ;
1@
0?
0J
0N
1P
b11 )
b11 7
1T
0S
b11 <
1-
#31500000
0-
b1001001 +
b1001001 5
01
b110001001101 3
#31505000
b1 ;
b10 )
b10 7
0T
0O
1Q
1N
0@
1=
1X
b0 <
1-
#31510000
0-
b1110000 +
b1110000 5
10
0.
b110001001110 3
#31515000
b10 ;
1>
0X
0W
0=
0Y
0Q
b0 )
b0 7
0P
1L
b111 d
1o
0#
0x
b1 <
1-
#31520000
0-
0,
b11110101 +
b11110101 5
11
00
1.
b110001001111 3
#31525000
b10 l
1i
1v
b11 ;
0>
1p
1q
0L
1M
1O
0N
1?
b10 <
1-
#31530000
1i
1v
b10 l
0-
1,
b10011101 +
b10011101 5
10
b110001010000 3
#31535000
0i
0v
b0 ;
1X
1@
0?
b10 )
b10 7
1P
0M
1L
1r
1h
1%
1^
b10 s
b11 <
1-
#31540000
0-
0,
b11000101 +
b11000101 5
01
b110001010001 3
#31545000
b1 ;
0h
b11000101 f
1M
0O
1Q
1N
0@
1=
b0 <
0%
0^
1-
#31550000
0-
b10100011 +
b10100011 5
11
12
00
0.
b110001010010 3
#31555000
b10 ;
1>
0X
0=
0Q
b0 )
b0 7
0P
1O
1S
1K
0L
b11000101 g
b0 d
b1 m
1n
0o
1#
1x
b1 <
1-
#31560000
0-
b10101010 +
b10101010 5
01
02
1.
b110001010011 3
#31565000
b11 ;
0>
0q
0M
0S
1T
0O
b11 )
b11 7
1P
0N
1J
1?
b10 <
1-
#31570000
0-
1,
b1011011 +
b1011011 5
11
12
0.
b110001010100 3
#31575000
b0 ;
1X
1@
0?
0P
1O
b0 )
b0 7
0T
1S
0K
0r
b11 <
1-
#31580000
0-
b10110001 +
b10110001 5
01
02
b110001010101 3
#31585000
b1 ;
0S
1T
0O
b11 )
b11 7
1P
0J
0@
1=
b0 <
1-
#31590000
0-
b11101000 +
b11101000 5
11
12
10
1.
b110001010110 3
#31595000
b10 ;
1>
0=
1Y
0P
1O
b0 )
b0 7
0T
1S
1L
b1 d
b10 m
0#
0x
1$
1w
b1 <
1-
#31600000
0-
b11101 +
b11101 5
01
00
b110001010111 3
#31605000
b11 ;
0>
0p
0L
1M
1T
0O
b11 )
b11 7
1P
1?
b10 <
1-
#31610000
0-
b1010101 +
b1010101 5
11
02
10
0.
b110001011000 3
#31615000
b0 ;
1@
0?
b1 )
b1 7
0P
1O
1R
1U
0S
0M
1L
b11 <
1-
#31620000
0-
0,
b1111101 +
b1111101 5
00
1.
b110001011001 3
#31625000
b1 ;
0L
1M
0T
0U
b10 )
b10 7
1P
0@
1=
0X
b0 <
1-
#31630000
0-
b1110 +
b1110 5
01
12
0.
b110001011010 3
#31635000
b10 ;
1>
0=
0Y
1N
1Q
0O
0R
1S
0M
b10 d
b0 m
0n
0$
0w
b1 <
1-
#31640000
0-
b11010100 +
b11010100 5
02
10
1.
b110001011011 3
#31645000
b11 ;
0>
1p
1L
0S
1T
b1 )
b1 7
0P
0Q
1?
b10 <
1-
#31650000
0-
b11110000 +
b11110000 5
00
b110001011100 3
#31655000
b0 ;
1@
0?
0N
b0 )
b0 7
0T
1M
0L
b11 <
1-
#31660000
0-
b1001001 +
b1001001 5
11
b110001011101 3
#31665000
b1 ;
0M
1O
0@
1=
1X
b0 <
1-
#31670000
0-
b1000011 +
b1000011 5
01
10
b110001011110 3
#31675000
b10 ;
1>
0=
1Y
b10 )
b10 7
1P
0O
1L
b1 |
b11 d
b1 m
1n
1o
1$
1w
b1 <
1-
#31680000
0-
1,
b1111000 +
b1111000 5
11
00
0.
b110001011111 3
#31685000
b11 ;
0>
0p
0L
1M
1O
b0 )
b0 7
0P
1?
b10 <
b0 |
1-
#31690000
0-
b1011110 +
b1011110 5
01
10
1.
b110001100000 3
#31695000
b0 ;
1@
0?
b10 )
b10 7
1P
0O
0M
1L
b11 <
1-
#31700000
0-
b11100010 +
b11100010 5
11
12
00
b110001100001 3
#31705000
b1 ;
0L
1M
1S
1O
b0 )
b0 7
0P
0@
1=
b0 <
1-
#31710000
0-
0,
b1001000 +
b1001000 5
01
02
b110001100010 3
#31715000
b10 ;
1>
0=
1P
0O
b11 )
b11 7
1T
0S
0M
b1 |
b100 d
b0 m
0n
1#
1x
0$
0w
b1 <
1-
#31720000
0-
1,
b10000100 +
b10000100 5
11
12
0.
b110001100011 3
#31725000
b11 ;
0>
1S
0T
1O
b0 )
b0 7
0P
1?
b10 <
b0 |
1-
#31730000
0-
0,
b1000 +
b1000 5
02
10
b110001100100 3
#31735000
b0 ;
1@
0?
1P
b11 )
b11 7
1T
0S
1L
b11 <
1-
#31740000
0-
1,
b100110 +
b100110 5
00
b110001100101 3
#31745000
b1 ;
0L
1M
b10 )
b10 7
0T
1Q
1N
0@
1=
b0 <
1-
#31750000
0-
b1110 +
b1110 5
12
1.
b110001100110 3
#31755000
b10 ;
1>
0X
0=
0Y
1S
0M
b101 d
0o
b1 <
1-
#31760000
0-
b1011001 +
b1011001 5
01
10
0.
b110001100111 3
#31765000
b11 ;
0>
1L
b11 )
b11 7
1T
0O
1?
b10 <
1-
#31770000
0-
b1010111 +
b1010111 5
1.
b110001101000 3
#31775000
b0 ;
1@
0?
0Q
b1 )
b1 7
0P
1R
1U
1M
b11 <
1-
#31780000
0-
b11000011 +
b11000011 5
02
b110001101001 3
#31785000
b1 ;
1K
0S
0N
0@
1=
b0 <
1-
#31790000
0-
b10110001 +
b10110001 5
11
12
00
b110001101010 3
#31795000
b10 ;
1>
1W
0=
1J
1O
0U
b0 )
b0 7
0T
1S
0L
b110 d
1o
0#
0x
1$
1w
b1 <
1-
#31800000
0-
b10101011 +
b10101011 5
02
10
b110001101011 3
#31805000
b11 ;
0>
1p
1L
0M
0S
1T
0R
b11 )
b11 7
1P
1?
b10 <
1-
#31810000
0-
0,
b11011011 +
b11011011 5
b110001101100 3
#31815000
b0 ;
1X
1@
0?
1N
1Q
b10 )
b10 7
0T
1M
b11 <
1-
#31820000
0-
b1011010 +
b1011010 5
01
12
0.
b110001101101 3
#31825000
b1 ;
1S
0O
0@
1=
0X
b0 <
1-
#31830000
0-
1,
b11001001 +
b11001001 5
11
00
b110001101110 3
#31835000
b10 ;
1>
0=
0Q
0P
1O
b1 )
b1 7
1T
0L
b111 d
b1 m
1n
0o
1#
1x
0$
0w
b1 <
1-
#31840000
0-
0,
b1010110 +
b1010110 5
01
02
b110001101111 3
#31845000
b11 l
1j
b11 ;
0>
1q
0M
0S
1U
1R
0O
b11 )
b11 7
1P
0N
1?
b10 <
1-
#31850000
0-
b11010111 +
b11010111 5
11
12
10
1.
b110001110000 3
#31855000
0j
b0 ;
1@
0?
0P
1O
0U
b0 )
b0 7
0T
1S
0K
1L
1r
1_
b11 s
b11 <
1-
#31860000
0-
1,
b11111110 +
b11111110 5
02
00
0.
b110001110001 3
#31865000
b1 ;
0L
1M
0S
1T
0R
b11 )
b11 7
1P
0J
0@
1=
b0 <
1-
#31870000
0-
b101101 +
b101101 5
1.
b110001110010 3
#31875000
b10 ;
1>
1X
0W
0=
1Y
1N
1Q
b10 )
b10 7
0T
0M
b0 d
b10 m
1`
0#
0x
1$
1w
b1 <
1-
#31880000
0-
b10001110 +
b10001110 5
01
10
b110001110011 3
#31885000
b11 ;
0>
0q
1L
0O
1?
0X
b10 <
1-
#31890000
0-
0,
b101001 +
b101001 5
12
0.
b110001110100 3
#31895000
b0 ;
1@
0?
0Q
b0 )
b0 7
0P
1S
1M
0r
b11 <
1-
#31900000
0-
b10111 +
b10111 5
02
00
b110001110101 3
#31905000
b1 ;
0L
1K
0S
b1 )
b1 7
1T
0N
0@
1=
b0 <
1-
#31910000
0-
b100 +
b100 5
11
12
b110001110110 3
#31915000
b10 ;
1>
1X
1W
0=
1J
1O
b0 )
b0 7
0T
1S
0M
b1 d
b11 m
1a
0$
0w
b1 <
1-
#31920000
0-
1,
b1101101 +
b1101101 5
01
02
1.
b110001110111 3
#31925000
b11 ;
0>
0p
0K
0S
1T
0O
b11 )
b11 7
1P
1?
b10 <
0_
1-
#31930000
0-
b10010001 +
b10010001 5
12
10
b110001111000 3
#31935000
b0 ;
1@
0?
0J
0P
b0 )
b0 7
0T
1S
1L
b11 <
1-
#31940000
0-
0,
b10011111 +
b10011111 5
11
b110001111001 3
#31945000
b1 ;
1M
b1 )
b1 7
1T
1O
0@
1=
b0 <
1-
#31950000
0-
b1000010 +
b1000010 5
02
00
b110001111010 3
#31955000
b100 l
b10 ;
1>
0W
0=
b11 )
b11 7
1P
1R
1U
0S
1K
0L
b10 d
b0 m
0n
0`
1b
1$
1w
b1 <
1-
#31960000
0-
b11101001 +
b11101001 5
01
b110001111011 3
#31965000
b11 ;
0>
1p
0M
b10 )
b10 7
0T
0U
0O
1Q
1N
1J
1?
0X
b10 <
b100 s
0t
1-
#31970000
0-
1,
b1011100 +
b1011100 5
b110001111100 3
#31975000
b0 ;
1@
0?
0Q
b0 )
b0 7
0P
0R
0K
1e
b11 <
1-
#31980000
0-
0,
b11001001 +
b11001001 5
11
0.
b110001111101 3
#31985000
b1 ;
1O
0N
0J
0@
1=
b0 <
0e
1-
#31990000
0-
1,
b10000001 +
b10000001 5
01
10
1.
b110001111110 3
#31995000
b10 ;
1>
1X
0=
b10 )
b10 7
1P
0O
1L
b1 |
0u
1e
b11 d
b1 m
1n
1o
0a
1c
0$
0w
b1 <
1-
#32000000
0-
b100000 +
b100000 5
11
00
b110001111111 3
#32005000
b11 ;
0>
0p
0L
1M
1O
b0 )
b0 7
0P
1?
b10 <
b0 m
b0 d
b0 |
1-
#32010000
0-
0,
b1101111 +
b1101111 5
01
12
10
b110010000000 3
#32015000
b0 ;
1@
0?
b10 )
b10 7
1P
0O
1S
0M
1L
0e
b11 <
1-
#32020000
0-
1,
b11111101 +
b11111101 5
02
b110010000001 3
#32025000
b1 ;
1M
0S
1T
b1 )
b1 7
0P
0@
1=
b0 <
1e
1-
#32030000
0-
0,
b110110 +
b110110 5
12
0.
b110010000010 3
#32035000
b10 ;
1>
0=
b0 )
b0 7
0T
1S
1K
0e
0n
0b
0z
1#
1x
1$
1w
b1 <
1-
#32040000
0-
b1101 +
b1101 5
1.
b110010000011 3
#32045000
b11 ;
0>
b1 )
b1 7
1T
1J
1?
b10 <
1-
#32050000
0-
b10101010 +
b10101010 5
11
0.
b110010000100 3
#32055000
b0 ;
1@
0?
1O
1R
1U
b11 <
1-
#32060000
0-
b111100 +
b111100 5
1.
b110010000101 3
#32065000
b101 l
b1 ;
b11 )
b11 7
1P
0@
1=
0X
b0 <
1-
#32070000
b101 l
0-
1,
b1010010 +
b1010010 5
02
00
b110010000110 3
#32075000
b10 ;
1>
1W
0=
0Y
1N
1Q
0S
0L
1e
0c
0{
0$
0w
b101 s
b1 <
1-
#32080000
0-
0,
b10010110 +
b10010110 5
01
b110010000111 3
#32085000
b11 ;
0>
0M
b10 )
b10 7
0T
0U
0O
1?
b10 <
0e
1-
#32090000
0-
1,
b10110110 +
b10110110 5
12
10
0.
b110010001000 3
#32095000
b0 ;
1@
0?
0Q
b0 )
b0 7
0P
0R
1S
0K
1L
1e
b11 <
1-
#32100000
0-
0,
b11011111 +
b11011111 5
00
b110010001001 3
#32105000
b1 ;
b0 l
0L
1M
b1 )
b1 7
1T
0N
0J
0@
1=
b0 <
0e
1-
#32110000
0-
b110001 +
b110001 5
1.
b110010001010 3
#32115000
b10 ;
1>
1X
0W
0=
1Y
1R
1U
0M
1"
1y
b0 s
b1 <
1-
#32120000
0-
b0 +
b0 5
11
02
10
0.
b110010001011 3
#32125000
b11 ;
0>
1F
1L
0S
1O
1?
0X
b10 <
1-
#32130000
b1 l
1k
0-
1,
b101110 +
b101110 5
01
12
00
b110010001100 3
#32135000
0k
b0 ;
1@
0?
1P
0O
0U
b10 )
b10 7
0T
1S
1M
0L
b10000000 f
1t
1e
b1 s
b11 <
1-
#32140000
0-
0,
b10111001 +
b10111001 5
02
10
1.
b110010001101 3
#32145000
b1 ;
b10000000 g
1L
0M
0S
1T
0R
b1 )
b1 7
0P
0@
1=
b0 <
0e
1-
#32150000
0-
b11111101 +
b11111101 5
00
b110010001110 3
#32155000
b10 ;
1>
1X
0=
b0 )
b0 7
0T
1M
0L
1u
b1 <
1-
#32160000
0-
1,
b10111100 +
b10111100 5
12
b110010001111 3
#32165000
b11 ;
0>
0M
1S
1?
b10 <
1-
#32170000
0-
b100100 +
b100100 5
11
02
10
b110010010000 3
#32175000
b0 ;
1@
0?
1O
b1 )
b1 7
1T
0S
1L
b11 <
1-
#32180000
0-
b10011001 +
b10011001 5
12
00
0.
b110010010001 3
#32185000
b1 ;
0L
1M
1S
0T
b10 )
b10 7
1P
0@
1=
b0 <
1-
#32190000
0-
0,
b1011101 +
b1011101 5
01
02
10
b110010010010 3
#32195000
b10 ;
1>
0=
1N
1Q
0O
b11 )
b11 7
1T
0S
0M
1L
b1 d
1z
b1 <
1-
#32200000
0-
b10011110 +
b10011110 5
b110010010011 3
#32205000
b11 ;
0>
1M
0T
b0 )
b0 7
0P
0Q
1?
0X
b10 <
1-
#32210000
0-
1,
b10000 +
b10000 5
11
00
b110010010100 3
#32215000
b0 ;
1@
0?
0N
1O
1K
0L
b11 <
1-
#32220000
0-
b100111 +
b100111 5
01
10
b110010010101 3
#32225000
b1 ;
1L
0M
0O
b10 )
b10 7
1P
1J
0@
1=
1X
b0 <
1-
#32230000
0-
0,
b10010111 +
b10010111 5
1.
b110010010110 3
#32235000
b10 ;
1>
1W
0=
b0 )
b0 7
0P
1M
b10 d
0o
1{
0"
0y
b1 <
1-
#32240000
0-
b1100110 +
b1100110 5
11
00
0.
b110010010111 3
#32245000
b11 ;
0>
0F
0L
1O
1?
b10 <
1-
#32250000
0-
1,
b10001 +
b10001 5
10
1.
b110010011000 3
#32255000
b0 ;
1@
0?
b10 )
b10 7
1P
0M
1L
b11 <
1-
#32260000
0-
b101011 +
b101011 5
01
12
0.
b110010011001 3
#32265000
b1 ;
1M
1S
0O
1Q
1N
0@
1=
b0 <
1-
#32270000
0-
0,
b100 +
b100 5
11
02
b110010011010 3
#32275000
b10 ;
1>
0X
0=
0Y
0Q
0P
1O
b1 )
b1 7
1T
0S
b11 d
1o
0#
0x
b1 <
1-
#32280000
0-
b10111000 +
b10111000 5
12
00
1.
b110010011011 3
#32285000
b11 ;
0>
0L
1S
0T
b10 )
b10 7
1P
0N
1?
b10 <
1-
#32290000
0-
b10100000 +
b10100000 5
b110010011100 3
#32295000
b0 ;
1X
1@
0?
1N
1Q
b11 )
b11 7
1T
0M
b11 <
1-
#32300000
0-
b101001 +
b101001 5
02
b110010011101 3
#32305000
b1 ;
0K
0S
1U
1R
0@
1=
0X
b0 <
1-
#32310000
0-
1,
b11101001 +
b11101001 5
10
b110010011110 3
#32315000
b10 ;
1>
0W
0=
0J
0U
b10 )
b10 7
0T
1L
b100 d
0o
1#
1x
b1 <
1-
#32320000
0-
b1101011 +
b1101011 5
01
00
b110010011111 3
#32325000
b11 ;
0>
0L
1M
0R
0O
1?
b10 <
1-
#32330000
0-
0,
b10001110 +
b10001110 5
12
b110010100000 3
#32335000
b0 ;
1@
0?
0Q
b0 )
b0 7
0P
1S
0M
b11 <
1-
#32340000
0-
1,
b1100100 +
b1100100 5
10
0.
b110010100001 3
#32345000
b1 ;
1L
b1 )
b1 7
1T
0N
0@
1=
b0 <
1-
#32350000
0-
b10110011 +
b10110011 5
00
1.
b110010100010 3
#32355000
b10 ;
1>
1X
0=
1Y
1R
1U
1M
0L
b101 d
1o
0#
0x
1$
1w
b1 <
1-
#32360000
0-
0,
b110111 +
b110111 5
11
0.
b110010100011 3
#32365000
b11 ;
0>
0M
1O
1?
0X
b10 <
1-
#32370000
0-
b1111000 +
b1111000 5
02
b110010100100 3
#32375000
b0 ;
1@
0?
b11 )
b11 7
1P
0S
b11 <
1-
#32380000
0-
1,
b1000000 +
b1000000 5
01
12
10
b110010100101 3
#32385000
b1 ;
1L
1S
b10 )
b10 7
0T
0U
0O
1Q
1N
0@
1=
b0 <
1-
#32390000
0-
0,
b10001100 +
b10001100 5
11
00
b110010100110 3
#32395000
b10 ;
1>
0=
0Y
0Q
0P
1O
0R
b1 )
b1 7
1T
1M
0L
b110 d
0o
1#
1x
0$
0w
b1 <
1-
#32400000
0-
1,
b11001001 +
b11001001 5
01
02
b110010100111 3
#32405000
b11 ;
0>
0M
0S
1U
1R
0O
b11 )
b11 7
1P
0N
1?
b10 <
1-
#32410000
0-
0,
b10000110 +
b10000110 5
12
b110010101000 3
#32415000
b0 ;
1@
0?
0P
0U
b0 )
b0 7
0T
1S
b11 <
1-
#32420000
0-
1,
b0 +
b0 5
11
10
1.
b110010101001 3
#32425000
b1 ;
1L
b1 )
b1 7
1T
0R
1O
0@
1=
b0 <
1-
#32430000
0-
b1011000 +
b1011000 5
01
02
00
b110010101010 3
#32435000
b10 ;
1>
1X
0=
1Y
b11 )
b11 7
1P
0O
1R
1U
0S
1M
0L
b111 d
1o
0#
0x
1$
1w
b1 <
1-
#32440000
0-
b110101 +
b110101 5
11
12
0.
b110010101011 3
#32445000
b10 l
1i
1v
b11 ;
0>
1p
1q
0M
1S
0T
0U
1O
b0 )
b0 7
0P
1?
0X
b10 <
1-
#32450000
1i
1v
b10 l
0-
0,
b10011100 +
b10011100 5
01
b110010101100 3
#32455000
0i
0v
b0 ;
1@
0?
1P
0O
0R
b11 )
b11 7
1T
1r
1h
b10 s
b11 <
1-
#32460000
0-
b11101011 +
b11101011 5
11
02
1.
b110010101101 3
#32465000
b1 ;
0h
b11101011 f
0S
1U
1R
1O
b1 )
b1 7
0P
0@
1=
1X
b0 <
1-
#32470000
0-
1,
b1010 +
b1010 5
10
0.
b110010101110 3
#32475000
b10 ;
1>
0X
0=
0Y
1P
0U
b10 )
b10 7
0T
1L
b11101011 g
b0 d
b1 m
1n
0o
1#
1x
0$
0w
b1 <
1-
#32480000
0-
b11000100 +
b11000100 5
01
b110010101111 3
#32485000
b11 ;
0>
0q
1M
0R
0O
1Q
1N
1?
b10 <
1-
#32490000
0-
b11011101 +
b11011101 5
00
1.
b110010110000 3
#32495000
b0 ;
1@
0?
0Q
b0 )
b0 7
0P
1K
0L
0r
b11 <
1-
#32500000
0-
b11001001 +
b11001001 5
11
10
0.
b110010110001 3
#32505000
b1 ;
1L
0M
1O
0N
1J
0@
1=
b0 <
1-
#32510000
0-
b1100010 +
b1100010 5
01
00
1.
b110010110010 3
#32515000
b10 ;
1>
1X
1W
0=
1Y
b10 )
b10 7
1P
0O
1M
0L
b1 |
b1 d
b10 m
0#
0x
1$
1w
b1 <
1-
#32520000
0-
0,
b100101 +
b100101 5
11
12
10
0.
b110010110011 3
#32525000
b11 ;
0>
1L
0M
1S
1O
b0 )
b0 7
0P
1?
b10 <
b0 |
1-
#32530000
0-
1,
b10011000 +
b10011000 5
01
02
b110010110100 3
#32535000
b0 ;
1@
0?
1P
0O
b11 )
b11 7
1T
0S
1M
b11 <
1-
#32540000
0-
b11000111 +
b11000111 5
11
12
1.
b110010110101 3
#32545000
b1 ;
1S
0T
1O
b0 )
b0 7
0P
0@
1=
b0 <
1-
#32550000
0-
0,
b1 +
b1 5
02
00
0.
b110010110110 3
#32555000
b10 ;
1>
0=
1P
b11 )
b11 7
1T
0S
0L
b1 |
b10 d
b11 m
0$
0w
b1 <
1-
#32560000
0-
1,
b11 +
b11 5
01
10
1.
b110010110111 3
#32565000
b11 ;
0>
0p
1L
0M
b10 )
b10 7
0T
0O
1Q
1N
1?
b10 <
b0 |
1-
#32570000
0-
0,
b10001111 +
b10001111 5
b110010111000 3
#32575000
b0 ;
0X
1@
0?
0Q
b0 )
b0 7
0P
1M
b11 <
1-
#32580000
0-
1,
b10110110 +
b10110110 5
12
00
b110010111001 3
#32585000
b1 ;
0L
1S
0N
0@
1=
b0 <
1-
#32590000
0-
0,
b11100011 +
b11100011 5
02
10
b110010111010 3
#32595000
b10 ;
1>
1X
0=
b1 )
b1 7
1T
0S
0M
1L
b1 |
b11 d
b0 m
0n
1$
1w
b1 <
1-
#32600000
0-
b11101111 +
b11101111 5
b110010111011 3
#32605000
b11 ;
0>
1p
1M
b0 )
b0 7
0T
1?
b10 <
b0 |
1-
#32610000
0-
b10100011 +
b10100011 5
11
12
00
0.
b110010111100 3
#32615000
b0 ;
1@
0?
1O
1S
0L
b11 <
1-
#32620000
0-
1,
b10101101 +
b10101101 5
02
10
b110010111101 3
#32625000
b1 ;
1L
0M
0S
1T
b11 )
b11 7
1P
0@
1=
b0 <
1-
#32630000
0-
b111100 +
b111100 5
01
1.
b110010111110 3
#32635000
b10 ;
1>
0=
1N
1Q
0O
b10 )
b10 7
0T
1M
b100 d
b1 m
1n
1o
b1 <
1-
#32640000
0-
0,
b10110110 +
b10110110 5
11
12
b110010111111 3
#32645000
b11 ;
0>
0p
1S
1O
b0 )
b0 7
0P
0Q
1?
0X
b10 <
1-
#32650000
0-
b11010110 +
b11010110 5
01
02
00
b110011000000 3
#32655000
b0 ;
1@
0?
0N
1P
0O
b11 )
b11 7
1T
0S
0L
b11 <
1-
#32660000
0-
b1011 +
b1011 5
12
10
b110011000001 3
#32665000
b1 ;
1L
0M
1S
0T
b0 )
b0 7
0P
0@
1=
1X
b0 <
1-
#32670000
0-
1,
b10101101 +
b10101101 5
00
0.
b110011000010 3
#32675000
b10 ;
1>
0=
b1 )
b1 7
1T
1M
0L
b1 |
b101 d
b0 m
0n
1#
1x
0$
0w
b1 <
1-
#32680000
0-
0,
b1111 +
b1111 5
11
1.
b110011000011 3
#32685000
b11 ;
0>
1p
0M
1U
1R
1O
1?
b10 <
b0 |
1-
#32690000
0-
b10111100 +
b10111100 5
0.
b110011000100 3
#32695000
b0 ;
0X
1@
0?
b11 )
b11 7
1P
0K
b11 <
1-
#32700000
0-
1,
b11010101 +
b11010101 5
02
1.
b110011000101 3
#32705000
b1 ;
0S
1Q
1N
0J
0@
1=
b0 <
1-
#32710000
0-
0,
b11011101 +
b11011101 5
12
10
b110011000110 3
#32715000
b10 ;
1>
0W
0=
0Y
0U
b10 )
b10 7
0T
1S
1L
b110 d
b1 m
1n
0o
b1 <
1-
#32720000
0-
1,
b10101111 +
b10101111 5
b110011000111 3
#32725000
b11 ;
0>
1M
b11 )
b11 7
1T
0R
1?
b10 <
1-
#32730000
0-
b1000000 +
b1000000 5
0.
b110011001000 3
#32735000
b0 ;
1@
0?
1R
1U
1K
b11 <
1-
#32740000
0-
0,
b1111011 +
b1111011 5
01
1.
b110011001001 3
#32745000
b1 ;
0O
1J
0@
1=
b0 <
1-
#32750000
0-
1,
b1110100 +
b1110100 5
00
0.
b110011001010 3
#32755000
b10 ;
1>
1W
0=
0Q
b1 )
b1 7
0P
0L
b111 d
b10 m
0#
0x
b1 <
1-
#32760000
0-
0,
b10111000 +
b10111000 5
b110011001011 3
#32765000
b11 l
1j
b11 ;
0>
1q
0M
0N
1?
b10 <
1-
#32770000
0-
b11001110 +
b11001110 5
11
02
b110011001100 3
#32775000
0j
b0 ;
1@
0?
1O
0S
0K
1r
1_
b11 s
b11 <
1-
#32780000
0-
b11110100 +
b11110100 5
01
12
10
1.
b110011001101 3
#32785000
b1 ;
1L
1S
0T
0U
0O
b10 )
b10 7
1P
0J
0@
1=
b0 <
1-
#32790000
0-
1,
b1110011 +
b1110011 5
02
0.
b110011001110 3
#32795000
b10 ;
1>
0W
0=
0P
0R
b1 )
b1 7
1T
0S
1M
b0 d
b11 m
1`
b1 <
1-
#32800000
0-
0,
b10001001 +
b10001001 5
11
12
00
b110011001111 3
#32805000
b11 ;
0>
0q
0L
1K
1S
b0 )
b0 7
0T
1O
1?
1X
b10 <
1-
#32810000
0-
1,
b11011001 +
b11011001 5
b110011010000 3
#32815000
b0 ;
1@
0?
1J
1P
b11 )
b11 7
1T
0M
0r
b11 <
1-
#32820000
0-
0,
b1000100 +
b1000100 5
01
02
1.
b110011010001 3
#32825000
b1 ;
0K
0S
1U
1R
0O
1Q
1N
0@
1=
b0 <
1-
#32830000
0-
1,
b11101110 +
b11101110 5
11
12
b110011010010 3
#32835000
b10 ;
1>
0X
0=
0J
0Q
0P
1O
0U
b0 )
b0 7
0T
1S
b1 d
b100 m
1a
1$
1w
b1 <
1-
#32840000
0-
0,
b11110001 +
b11110001 5
10
b110011010011 3
#32845000
b11 ;
0>
1L
1T
0R
b11 )
b11 7
1P
0N
1?
b10 <
0_
1-
#32850000
0-
1,
b11001010 +
b11001010 5
0.
b110011010100 3
#32855000
b0 ;
1X
1@
0?
1N
1Q
1R
1U
1M
b11 <
1-
#32860000
0-
0,
b1011011 +
b1011011 5
02
00
b110011010101 3
#32865000
b1 ;
0L
1K
0S
0@
1=
0X
b0 <
1-
#32870000
0-
b100001 +
b100001 5
12
10
1.
b110011010110 3
#32875000
b100 l
b10 ;
1>
1W
0=
1J
0U
b10 )
b10 7
0T
1S
0M
1L
b10 d
b101 m
0`
1b
b1 <
1-
#32880000
0-
b11000001 +
b11000001 5
02
b110011010111 3
#32885000
b11 ;
0>
0p
1M
0S
b11 )
b11 7
1T
0R
1?
b10 <
b100 s
0t
1-
#32890000
0-
1,
b1000100 +
b1000100 5
01
b110011011000 3
#32895000
b0 ;
1@
0?
0O
b10 )
b10 7
0T
1e
b11 <
1-
#32900000
0-
0,
b1010101 +
b1010101 5
00
b110011011001 3
#32905000
b1 ;
0L
b0 )
b0 7
0P
0Q
0@
1=
b0 <
0e
1-
#32910000
0-
b11110001 +
b11110001 5
12
10
b110011011010 3
#32915000
b10 ;
1>
0=
0N
1S
0M
1L
b1 |
0u
b11 d
b0 m
0n
0a
1c
0$
0w
b1 <
1-
#32920000
0-
b10111001 +
b10111001 5
11
02
00
0.
b110011011011 3
#32925000
b11 ;
0>
0L
1M
0S
b1 )
b1 7
1T
1O
1?
1X
b10 <
1o
b0 d
1-
#32930000
0-
1,
b11001110 +
b11001110 5
12
1.
b110011011100 3
#32935000
b0 ;
1@
0?
1P
b10 )
b10 7
0T
1S
0M
b0 |
1e
b11 <
1-
#32940000
0-
0,
b11011 +
b11011 5
10
0.
b110011011101 3
#32945000
b1 ;
1L
0K
b11 )
b11 7
1T
1Q
1N
0@
1=
b0 <
0e
1-
#32950000
0-
b10111011 +
b10111011 5
b110011011110 3
#32955000
b10 ;
1>
0X
0W
0=
0J
1R
1U
1M
0b
0z
1#
1x
1$
1w
b1 <
1-
#32960000
0-
b11011100 +
b11011100 5
b110011011111 3
#32965000
b11 ;
0>
1K
1?
b10 <
1-
#32970000
0-
b11011101 +
b11011101 5
02
1.
b110011100000 3
#32975000
b0 ;
1@
0?
1J
0S
b11 <
1-
#32980000
0-
1,
b1100111 +
b1100111 5
12
b110011100001 3
#32985000
b1 ;
b101 l
1S
b10 )
b10 7
0T
0U
0@
1=
b0 <
1e
1-
#32990000
0-
b10010110 +
b10010110 5
01
02
b110011100010 3
#32995000
b10 ;
1>
1W
0=
0O
0R
b11 )
b11 7
1T
0S
0c
0{
0$
0w
b101 s
b1 <
1-
#33000000
0-
b100010 +
b100010 5
11
00
0.
b110011100011 3
#33005000
b11 ;
0>
0L
0T
1O
b0 )
b0 7
0P
0Q
1?
b10 <
1-
#33010000
0-
b111110 +
b111110 5
01
12
10
1.
b110011100100 3
#33015000
b0 ;
1@
0?
0N
b10 )
b10 7
1P
0O
1S
0M
1L
b11 <
1-
#33020000
0-
0,
b100001 +
b100001 5
11
02
0.
b110011100101 3
#33025000
b1 ;
b0 l
1M
0S
1T
1O
b1 )
b1 7
0P
0@
1=
1X
b0 <
0e
1-
#33030000
0-
b11100110 +
b11100110 5
01
00
b110011100110 3
#33035000
b10 ;
1>
0=
1Y
1P
0O
b10 )
b10 7
0T
0L
1"
1y
b0 s
b1 <
1-
#33040000
b1 l
1k
0-
1,
b10000100 +
b10000100 5
10
b110011100111 3
#33045000
b11 ;
0>
0k
b10000000 f
1F
1L
0M
b0 )
b0 7
0P
1?
b10 <
b1 s
1e
1t
1-
#33050000
0-
0,
b11011101 +
b11011101 5
11
12
00
1.
b110011101000 3
#33055000
b0 ;
1@
0?
1O
1S
1M
0L
b10000000 g
0e
b11 <
1-
#33060000
0-
b100011 +
b100011 5
10
0.
b110011101001 3
#33065000
b1 ;
1L
0M
1T
b11 )
b11 7
1P
0@
1=
b0 <
1-
#33070000
0-
b1010111 +
b1010111 5
01
02
1.
b110011101010 3
#33075000
b10 ;
1>
0=
1N
1Q
0O
1R
1U
0S
1M
1u
b1 <
1-
#33080000
0-
b1110100 +
b1110100 5
11
12
00
b110011101011 3
#33085000
b11 ;
0>
0L
1S
0T
0U
1O
b0 )
b0 7
0P
0Q
1?
0X
b10 <
1-
#33090000
0-
b11101100 +
b11101100 5
02
10
0.
b110011101100 3
#33095000
b0 ;
1@
0?
0N
1P
0R
b11 )
b11 7
1T
0S
0M
1L
b11 <
1-
#33100000
0-
1,
b1010111 +
b1010111 5
01
00
1.
b110011101101 3
#33105000
b1 ;
0L
1M
b10 )
b10 7
0T
0O
1Q
1N
0@
1=
1X
b0 <
1-
#33110000
0-
0,
b111000 +
b111000 5
11
10
0.
b110011101110 3
#33115000
b10 ;
1>
0X
0=
0Y
0Q
b0 )
b0 7
0P
1O
0M
1L
b1 d
1z
b1 <
1-
#33120000
0-
1,
b10101000 +
b10101000 5
01
12
00
b110011101111 3
#33125000
b11 ;
0>
0L
1M
1S
0O
b10 )
b10 7
1P
0N
1?
b10 <
1-
#33130000
0-
0,
b1110010 +
b1110010 5
11
02
10
b110011110000 3
#33135000
b0 ;
1X
1@
0?
0P
1O
b1 )
b1 7
1T
0S
0M
1L
b11 <
1-
#33140000
0-
b111110 +
b111110 5
01
12
b110011110001 3
#33145000
b1 ;
1M
1S
0T
0O
b10 )
b10 7
1P
0@
1=
b0 <
1-
#33150000
0-
1,
b110000 +
b110000 5
11
02
b110011110010 3
#33155000
b10 ;
1>
0=
1Y
0P
1O
b1 )
b1 7
1T
0S
b10 d
0o
1{
0"
0y
b1 <
1-
#33160000
0-
0,
b1001110 +
b1001110 5
00
1.
b110011110011 3
#33165000
b11 ;
0>
0F
0L
0T
b10 )
b10 7
1P
1?
b10 <
1-
#33170000
0-
1,
b101111 +
b101111 5
12
10
b110011110100 3
#33175000
b0 ;
1@
0?
1N
1Q
1S
0M
1L
b11 <
1-
#33180000
0-
b11000111 +
b11000111 5
02
b110011110101 3
#33185000
b1 ;
1M
0S
b11 )
b11 7
1T
0@
1=
0X
b0 <
1-
#33190000
0-
b1011010 +
b1011010 5
01
12
0.
b110011110110 3
#33195000
b10 ;
1>
0=
0Y
0O
b10 )
b10 7
0T
1S
b11 d
1o
0#
0x
b1 <
1-
#33200000
0-
0,
b10011101 +
b10011101 5
11
1.
b110011110111 3
#33205000
b11 ;
0>
1T
1O
b1 )
b1 7
0P
0Q
1?
b10 <
1-
#33210000
0-
b11100110 +
b11100110 5
00
0.
b110011111000 3
#33215000
b0 ;
1@
0?
0N
b11 )
b11 7
1P
1R
1U
0L
b11 <
1-
#33220000
0-
b10011011 +
b10011011 5
02
10
1.
b110011111001 3
#33225000
b1 ;
1L
0M
0S
1Q
1N
0@
1=
b0 <
1-
#33230000
0-
b10111101 +
b10111101 5
01
00
0.
b110011111010 3
#33235000
b10 ;
1>
0=
0O
0U
b10 )
b10 7
0T
1M
0L
b100 d
0o
1#
1x
b1 <
1-
#33240000
0-
1,
b11000011 +
b11000011 5
11
10
1.
b110011111011 3
#33245000
b11 ;
0>
1L
0M
0R
1O
b0 )
b0 7
0P
0Q
1?
b10 <
1-
#33250000
0-
b1001 +
b1001 5
01
12
00
0.
b110011111100 3
#33255000
b0 ;
1@
0?
0N
b10 )
b10 7
1P
0O
1S
1M
0L
b11 <
1-
#33260000
0-
b10110110 +
b10110110 5
11
02
1.
b110011111101 3
#33265000
b1 ;
0M
0S
1T
1O
b1 )
b1 7
0P
0@
1=
1X
b0 <
1-
#33270000
0-
b100110 +
b100110 5
01
b110011111110 3
#33275000
b10 ;
1>
0=
1Y
1P
0O
b10 )
b10 7
0T
0K
b101 d
1o
0#
0x
1$
1w
b1 <
1-
#33280000
0-
b111100 +
b111100 5
b110011111111 3
#33285000
b11 ;
0>
b0 )
b0 7
0P
0J
1?
b10 <
1-
#33290000
0-
0,
b10111101 +
b10111101 5
11
10
0.
b110100000000 3
#33295000
b0 ;
1@
0?
1O
1L
b11 <
1-
#33300000
0-
1,
b1101011 +
b1101011 5
1.
b110100000001 3
#33305000
b1 ;
1M
b10 )
b10 7
1P
0@
1=
b0 <
1-
#33310000
0-
b1011110 +
b1011110 5
01
0.
b110100000010 3
#33315000
b10 ;
1>
0W
0=
1N
1Q
0O
1K
b110 d
0o
1#
1x
0$
0w
b1 <
1-
#33320000
0-
0,
b1111100 +
b1111100 5
12
1.
b110100000011 3
#33325000
b11 ;
0>
1S
b0 )
b0 7
0P
0Q
1J
1?
0X
b10 <
1-
#33330000
0-
1,
b1001000 +
b1001000 5
11
02
00
b110100000100 3
#33335000
b0 ;
1@
0?
0N
1O
b1 )
b1 7
1T
0S
0L
b11 <
1-
#33340000
0-
b11000111 +
b11000111 5
12
b110100000101 3
#33345000
b1 ;
0M
1S
0T
b10 )
b10 7
1P
0@
1=
1X
b0 <
1-
#33350000
0-
b11000110 +
b11000110 5
01
02
10
b110100000110 3
#33355000
b10 ;
1>
1W
0=
1N
1Q
0O
b11 )
b11 7
1T
0S
0K
1L
b111 d
1o
0#
0x
1$
1w
b1 <
1-
#33360000
0-
b101 +
b101 5
12
b110100000111 3
#33365000
b10 l
1i
1v
b11 ;
0>
1p
1q
1M
1S
0T
b0 )
b0 7
0P
0Q
0J
1?
0X
b10 <
1-
#33370000
1i
1v
b10 l
0-
0,
b11010100 +
b11010100 5
11
02
00
0.
b110100001000 3
#33375000
0i
0v
b0 ;
1@
0?
0N
1O
b1 )
b1 7
1T
0S
1K
0L
1r
1h
b10 s
b11 <
1-
#33380000
0-
b1001101 +
b1001101 5
01
10
b110100001001 3
#33385000
b1 ;
0h
b1001101 f
1L
0M
0T
0O
b10 )
b10 7
1P
1J
0@
1=
1X
b0 <
1-
#33390000
0-
1,
b1010001 +
b1010001 5
00
b110100001010 3
#33395000
b10 ;
1>
0=
b0 )
b0 7
0P
1M
0L
b1001101 g
b0 d
b1 m
1n
0o
1#
1x
0$
0w
b1 <
1-
#33400000
0-
0,
b11010111 +
b11010111 5
11
12
10
b110100001011 3
#33405000
b11 ;
0>
0q
1L
0M
1S
1O
1?
b10 <
1-
#33410000
0-
b10011111 +
b10011111 5
01
02
00
1.
b110100001100 3
#33415000
b0 ;
1@
0?
1P
0O
b11 )
b11 7
1T
0S
1M
0L
0r
b11 <
1-
#33420000
0-
1,
b11011 +
b11011 5
11
0.
b110100001101 3
#33425000
b1 ;
0M
0T
1O
b0 )
b0 7
0P
0@
1=
b0 <
1-
#33430000
0-
0,
b11011001 +
b11011001 5
01
12
1.
b110100001110 3
#33435000
b10 ;
1>
0=
b10 )
b10 7
1P
0O
1S
0K
b1 |
b1 d
b10 m
0#
0x
1$
1w
b1 <
1-
#33440000
0-
1,
b111111 +
b111111 5
11
b110100001111 3
#33445000
b11 ;
0>
0p
1T
1O
b1 )
b1 7
0P
0J
1?
b10 <
b0 |
1-
#33450000
0-
0,
b1111111 +
b1111111 5
01
02
0.
b110100010000 3
#33455000
b0 ;
1@
0?
b11 )
b11 7
1P
0O
1R
1U
0S
b11 <
1-
#33460000
0-
b1101011 +
b1101011 5
11
12
1.
b110100010001 3
#33465000
b1 ;
1S
0T
0U
1O
b0 )
b0 7
0P
0@
1=
0X
b0 <
1-
#33470000
0-
b11011001 +
b11011001 5
02
10
b110100010010 3
#33475000
b10 ;
1>
0W
0=
0Y
1P
0R
b11 )
b11 7
1T
0S
1L
b1 |
b10 d
b0 m
0n
b1 <
1-
#33480000
0-
1,
b1001 +
b1001 5
01
00
b110100010011 3
#33485000
b11 ;
0>
1p
0L
1M
b10 )
b10 7
0T
0O
1Q
1N
1?
1X
b10 <
b0 |
1-
#33490000
0-
b11001110 +
b11001110 5
12
b110100010100 3
#33495000
b0 ;
0X
1@
0?
0Q
b0 )
b0 7
0P
1S
0M
b11 <
1-
#33500000
0-
0,
b1110001 +
b1110001 5
11
02
10
0.
b110100010101 3
#33505000
b1 ;
1L
0S
b1 )
b1 7
1T
1O
0N
0@
1=
b0 <
1-
#33510000
0-
b10001011 +
b10001011 5
12
00
b110100010110 3
#33515000
b10 ;
1>
1X
0=
1Y
1P
b10 )
b10 7
0T
1S
1M
0L
b11 d
b1 m
1n
1o
0$
0w
b1 <
1-
#33520000
0-
b10010 +
b10010 5
02
1.
b110100010111 3
#33525000
b11 ;
0>
0M
0S
b11 )
b11 7
1T
1Q
1N
1?
b10 <
1-
#33530000
0-
1,
b10110000 +
b10110000 5
01
0.
b110100011000 3
#33535000
b0 ;
0X
1@
0?
0O
b10 )
b10 7
0T
b11 <
1-
#33540000
0-
b10011110 +
b10011110 5
11
10
1.
b110100011001 3
#33545000
b1 ;
1L
1O
b0 )
b0 7
0P
0Q
0@
1=
b0 <
1-
#33550000
0-
b1011001 +
b1011001 5
01
00
b110100011010 3
#33555000
b10 ;
1>
0=
0Y
0N
b10 )
b10 7
1P
0O
1M
0L
b1 |
b100 d
b10 m
1#
1x
b1 <
1-
#33560000
0-
0,
b111010 +
b111010 5
10
0.
b110100011011 3
#33565000
b11 ;
0>
0p
1L
0M
b0 )
b0 7
0P
1?
1X
b10 <
b0 |
1-
#33570000
0-
b10111110 +
b10111110 5
1.
b110100011100 3
#33575000
b0 ;
1@
0?
1M
b11 <
1-
#33580000
0-
b1000011 +
b1000011 5
12
0.
b110100011101 3
#33585000
b1 ;
1K
1S
0@
1=
b0 <
1-
#33590000
0-
b10111101 +
b10111101 5
1.
b110100011110 3
#33595000
b10 ;
1>
1W
0=
1J
1Y
b1 )
b1 7
1T
b1 |
b101 d
b0 m
0n
b1 <
1-
#33600000
0-
b10110000 +
b10110000 5
11
b110100011111 3
#33605000
b11 ;
0>
1U
1R
1O
1?
b10 <
b0 |
1-
#33610000
0-
1,
b1111 +
b1111 5
00
b110100100000 3
#33615000
b0 ;
0X
1@
0?
b11 )
b11 7
1P
0L
b11 <
1-
#33620000
0-
b10001110 +
b10001110 5
01
02
10
b110100100001 3
#33625000
b1 ;
1L
0M
0S
0O
1Q
1N
0@
1=
b0 <
1-
#33630000
0-
0,
b1110101 +
b1110101 5
12
0.
b110100100010 3
#33635000
b10 ;
1>
0=
0Y
0Q
0P
0U
b0 )
b0 7
0T
1S
1M
b110 d
0o
b1 <
1-
#33640000
0-
b10101010 +
b10101010 5
11
00
1.
b110100100011 3
#33645000
b11 ;
0>
1p
0L
b1 )
b1 7
1T
0R
1O
0N
1?
b10 <
1-
#33650000
0-
1,
b10100000 +
b10100000 5
01
02
b110100100100 3
#33655000
b0 ;
1X
1@
0?
b11 )
b11 7
1P
0O
1R
1U
0S
0M
b11 <
1-
#33660000
0-
0,
b11101100 +
b11101100 5
12
b110100100101 3
#33665000
b1 ;
0K
1S
0T
0U
b0 )
b0 7
0P
0@
1=
0X
b0 <
1-
#33670000
0-
1,
b100000 +
b100000 5
b110100100110 3
#33675000
b10 ;
1>
0W
0=
0J
0R
b1 )
b1 7
1T
b1 |
b111 d
b1 m
1n
1o
0#
0x
1$
1w
b1 <
1-
#33680000
0-
0,
b1101111 +
b1101111 5
11
02
10
b110100100111 3
#33685000
b11 l
1j
b11 ;
0>
0p
1q
1L
0S
1U
1R
1O
1?
1X
b10 <
b0 |
1-
#33690000
1j
b11 l
0-
1,
b11110 +
b11110 5
12
0.
b110100101000 3
#33695000
0j
b0 ;
0X
1@
0?
1P
0U
b10 )
b10 7
0T
1S
1M
1r
1_
b11 s
b11 <
1-
#33700000
0-
0,
b11001110 +
b11001110 5
01
b110100101001 3
#33705000
b1 ;
1K
b11 )
b11 7
1T
0R
0O
1Q
1N
0@
1=
b0 <
1-
#33710000
0-
1,
b110011 +
b110011 5
1.
b110100101010 3
#33715000
b10 ;
1>
1W
0=
1J
0Q
b1 )
b1 7
0P
1R
1U
b0 d
b0 m
0n
1`
1#
1x
0$
0w
b1 <
1-
#33720000
0-
b11001101 +
b11001101 5
02
00
0.
b110100101011 3
#33725000
b11 ;
0>
1p
0q
0L
0S
0N
1?
b10 <
1-
#33730000
0-
0,
b1111 +
b1111 5
11
12
10
1.
b110100101100 3
#33735000
b0 ;
1@
0?
1O
0U
b0 )
b0 7
0T
1S
0M
1L
0r
b11 <
1-
#33740000
0-
b11000011 +
b11000011 5
b110100101101 3
#33745000
b1 ;
1M
1T
0R
b11 )
b11 7
1P
0@
1=
b0 <
1-
#33750000
0-
1,
b1010110 +
b1010110 5
00
b110100101110 3
#33755000
b10 ;
1>
1X
0=
1Y
1N
1Q
1R
1U
0L
b1 d
b1 m
1n
0o
1a
b1 <
1-
#33760000
0-
b11101000 +
b11101000 5
01
b110100101111 3
#33765000
b11 ;
0>
0p
0M
0O
1?
0X
b10 <
0_
1-
#33770000
0-
b1011011 +
b1011011 5
02
b110100110000 3
#33775000
b0 ;
1@
0?
0Q
b1 )
b1 7
0P
0S
0K
b11 <
1-
#33780000
0-
b0 +
b0 5
11
10
0.
b110100110001 3
#33785000
b1 ;
1L
b0 )
b0 7
0T
0U
1O
0N
0J
0@
1=
b0 <
1-
#33790000
0-
b11010 +
b11010 5
01
00
1.
b110100110010 3
#33795000
b100 l
b10 ;
1>
0W
0=
0Y
b10 )
b10 7
1P
0O
0R
1M
0L
b1 |
b10 d
b0 m
0n
0`
1b
0#
0x
1$
1w
b1 <
1-
#33800000
b100 l
0-
0,
b1101101 +
b1101101 5
12
10
0.
b110100110011 3
#33805000
b11 ;
0>
1p
1L
0M
1S
b0 )
b0 7
0P
1?
1X
b10 <
b100 s
0t
b0 |
1-
#33810000
0-
b110001 +
b110001 5
00
b110100110100 3
#33815000
b0 ;
1@
0?
b1 )
b1 7
1T
1M
0L
b11 <
1-
#33820000
0-
b111011 +
b111011 5
11
02
10
1.
b110100110101 3
#33825000
b1 ;
1L
0M
0S
1U
1R
1O
0@
1=
b0 <
1-
#33830000
0-
b10100 +
b10100 5
01
12
00
b110100110110 3
#33835000
b10 ;
1>
0X
0=
1P
0O
0U
b10 )
b10 7
0T
1S
1M
0L
0u
b11 d
b1 m
1n
1o
0a
1c
0$
0w
b1 <
1-
#33840000
0-
b11110 +
b11110 5
02
10
0.
b110100110111 3
#33845000
b11 ;
0>
0p
1L
0M
0S
1T
0R
b1 )
b1 7
0P
1?
b10 <
b0 m
b0 d
1-
#33850000
0-
b1011001 +
b1011001 5
11
b110100111000 3
#33855000
b0 ;
1X
1@
0?
1O
b0 )
b0 7
0T
1M
b11 <
1-
#33860000
0-
1,
b11110010 +
b11110010 5
b110100111001 3
#33865000
b1 ;
1K
b10 )
b10 7
1P
0@
1=
b0 <
1e
1-
#33870000
0-
0,
b1010101 +
b1010101 5
00
b110100111010 3
#33875000
b10 ;
1>
1W
0=
1J
1Y
1N
1Q
0L
0e
0n
0b
0z
1#
1x
1$
1w
b1 <
1-
#33880000
0-
1,
b11001001 +
b11001001 5
01
12
10
1.
b110100111011 3
#33885000
b11 ;
0>
1L
0M
1S
0O
1?
0X
b10 <
1e
1-
#33890000
0-
b11010100 +
b11010100 5
00
b110100111100 3
#33895000
b0 ;
1@
0?
0Q
0P
b1 )
b1 7
1T
1M
0L
b11 <
1-
#33900000
0-
b111 +
b111 5
02
10
0.
b110100111101 3
#33905000
b101 l
b1 ;
1L
0M
0S
1U
1R
0N
0@
1=
b0 <
1-
#33910000
0-
b1000001 +
b1000001 5
12
1.
b110100111110 3
#33915000
b10 ;
1>
0=
0Y
0U
b0 )
b0 7
0T
1S
1M
0c
0{
0$
0w
b101 s
b1 <
1-
#33920000
0-
0,
b10010110 +
b10010110 5
11
b110100111111 3
#33925000
b11 ;
0>
b1 )
b1 7
1T
0R
1O
1?
b10 <
0e
1-
#33930000
0-
1,
b11101010 +
b11101010 5
01
02
b110101000000 3
#33935000
b0 ;
1X
1@
0?
b11 )
b11 7
1P
0O
1R
1U
0S
1e
b11 <
1-
#33940000
0-
0,
b11000010 +
b11000010 5
11
12
00
0.
b110101000001 3
#33945000
b1 ;
b0 l
0L
1S
0T
0U
1O
b0 )
b0 7
0P
0@
1=
0X
b0 <
0e
1-
#33950000
b0 l
0-
1,
b11001100 +
b11001100 5
02
10
b110101000010 3
#33955000
b1 l
1k
b10 ;
1>
0=
1P
0R
b11 )
b11 7
1T
0S
0M
1L
b1 |
1e
1"
1y
b0 s
b1 <
1-
#33960000
0k
b0 l
0-
0,
b10111000 +
b10111000 5
00
1.
b110101000011 3
#33965000
b11 ;
0>
1F
0L
1M
b10 )
b10 7
0T
1Q
1N
1?
1X
b10 <
0e
b0 |
1-
#33970000
b1 l
1k
0-
1,
b10010000 +
b10010000 5
10
b110101000100 3
#33975000
0k
b0 ;
0X
1@
0?
0M
1L
b10000000 f
1t
1e
b1 s
b11 <
1-
#33980000
0-
b110110 +
b110110 5
12
00
0.
b110101000101 3
#33985000
b1 A
b1 ;
b10000000 g
0L
1M
1S
0@
1=
b0 <
1-
#33990000
0-
0,
b10010 +
b10010 5
01
02
10
1.
b110101000110 3
#33995000
b10 ;
1>
0=
0O
b11 )
b11 7
1T
0S
0M
1L
1u
0e
b1 <
b1 B
1-
#34000000
0-
1,
b1111100 +
b1111100 5
11
12
0.
b110101000111 3
#34005000
b11 ;
0>
1M
1S
0T
1O
b0 )
b0 7
0P
0Q
1?
b10 <
1-
#34010000
0-
b110101 +
b110101 5
01
02
b110101001000 3
#34015000
b0 ;
1@
0?
0N
1P
0O
b11 )
b11 7
1T
0S
b11 <
1-
#34020000
0-
b11111010 +
b11111010 5
b110101001001 3
#34025000
b1 ;
0T
b0 )
b0 7
0P
0@
1=
1X
b0 <
1-
#34030000
0-
0,
b1001101 +
b1001101 5
11
00
b110101001010 3
#34035000
b10 ;
1>
0=
1Y
1O
0L
b1 |
b1 d
1z
b1 <
1-
#34040000
0-
1,
b11000010 +
b11000010 5
01
10
1.
b110101001011 3
#34045000
b11 ;
0>
1L
0M
0O
b10 )
b10 7
1P
1?
b10 <
1-
#34050000
0-
0,
b11100110 +
b11100110 5
11
b110101001100 3
#34055000
b0 ;
1@
0?
b0 )
b0 7
0P
1O
1M
b0 |
b11 <
1-
#34060000
0-
1,
b1010100 +
b1010100 5
12
00
0.
b110101001101 3
#34065000
b1 ;
0L
1S
b10 )
b10 7
1P
0@
1=
b0 <
1-
#34070000
0-
0,
b110001 +
b110001 5
01
02
b110101001110 3
#34075000
b10 ;
1>
0=
1N
1Q
0O
b11 )
b11 7
1T
0S
0M
b10 d
0o
1{
0"
0y
b1 <
1-
#34080000
0-
b11000010 +
b11000010 5
11
12
10
b110101001111 3
#34085000
b11 ;
0>
0F
1L
0K
1S
0T
1O
b0 )
b0 7
0P
0Q
1?
0X
b10 <
1-
#34090000
0-
1,
b11011100 +
b11011100 5
b110101010000 3
#34095000
b0 ;
1@
0?
0J
0N
1P
b11 )
b11 7
1T
1M
b11 <
1-
#34100000
0-
0,
b10110001 +
b10110001 5
1.
b110101010001 3
#34105000
b1 ;
1K
1U
1R
1Q
1N
0@
1=
1X
b0 <
1-
#34110000
0-
1,
b10100100 +
b10100100 5
01
b110101010010 3
#34115000
b10 ;
1>
0X
0=
1J
0Y
0O
b11 d
1o
0#
0x
1$
1w
b1 <
1-
#34120000
0-
b1000111 +
b1000111 5
02
b110101010011 3
#34125000
b11 ;
0>
0S
b1 )
b1 7
0P
0Q
1?
b10 <
1-
#34130000
0-
b1100001 +
b1100001 5
b110101010100 3
#34135000
b0 ;
1@
0?
0N
0U
b0 )
b0 7
0T
b11 <
1-
#34140000
0-
b10001100 +
b10001100 5
b110101010101 3
#34145000
b1 ;
0R
0@
1=
b0 <
1-
#34150000
0-
b11010111 +
b11010111 5
11
00
0.
b110101010110 3
#34155000
b10 ;
1>
1X
0=
1Y
1O
0L
b1 |
b100 d
0o
1#
1x
0$
0w
b1 <
1-
#34160000
0-
0,
b111101 +
b111101 5
01
10
b110101010111 3
#34165000
b11 ;
0>
1L
0M
0O
b10 )
b10 7
1P
1?
b10 <
1-
#34170000
0-
1,
b11011 +
b11011 5
12
00
b110101011000 3
#34175000
b0 ;
1@
0?
b0 )
b0 7
0P
1S
1M
0L
b0 |
b11 <
1-
#34180000
0-
0,
b10101100 +
b10101100 5
02
1.
b110101011001 3
#34185000
b1 ;
0M
0S
b1 )
b1 7
1T
0@
1=
b0 <
1-
#34190000
0-
1,
b11000001 +
b11000001 5
11
10
0.
b110101011010 3
#34195000
b10 ;
1>
0=
1O
b0 )
b0 7
0T
0K
1L
b101 d
1o
0#
0x
b1 <
1-
#34200000
0-
b10011111 +
b10011111 5
00
1.
b110101011011 3
#34205000
b11 ;
0>
0L
1M
b10 )
b10 7
1P
0J
1?
b10 <
1-
#34210000
0-
0,
b10110101 +
b10110101 5
01
12
b110101011100 3
#34215000
b0 ;
1@
0?
1N
1Q
0O
1S
0M
b11 <
1-
#34220000
0-
b11000110 +
b11000110 5
b110101011101 3
#34225000
b1 ;
1T
b1 )
b1 7
0P
0Q
0@
1=
0X
b0 <
1-
#34230000
0-
b11110010 +
b11110010 5
02
b110101011110 3
#34235000
b10 ;
1>
0W
0=
0Y
0N
1R
1U
0S
b110 d
0o
1#
1x
b1 <
1-
#34240000
0-
1,
b11001010 +
b11001010 5
b110101011111 3
#34245000
b11 ;
0>
b0 )
b0 7
0T
0U
1?
b10 <
1-
#34250000
0-
0,
b11100111 +
b11100111 5
11
12
10
0.
b110101100000 3
#34255000
b0 ;
1@
0?
1O
0R
1S
1L
b11 <
1-
#34260000
0-
1,
b1111110 +
b1111110 5
02
1.
b110101100001 3
#34265000
b1 ;
1M
0S
1T
b11 )
b11 7
1P
0@
1=
1X
b0 <
1-
#34270000
0-
0,
b11010100 +
b11010100 5
01
00
b110101100010 3
#34275000
b10 ;
1>
0=
1Y
1N
1Q
0O
b10 )
b10 7
0T
1K
0L
b111 d
1o
0#
0x
1$
1w
b1 <
1-
#34280000
0-
1,
b110010 +
b110010 5
11
0.
b110101100011 3
#34285000
b10 l
1i
1v
b11 ;
0>
1p
1q
0M
1O
b0 )
b0 7
0P
0Q
1J
1?
0X
b10 <
1-
#34290000
1i
1v
b10 l
0-
0,
b11100000 +
b11100000 5
01
12
10
1.
b110101100100 3
#34295000
0i
0v
b0 ;
1@
0?
0N
b10 )
b10 7
1P
0O
1S
0K
1L
1r
1h
b10 s
b11 <
1-
#34300000
0-
b11000111 +
b11000111 5
02
b110101100101 3
#34305000
b1 ;
0h
b11000111 f
1M
0S
1T
b1 )
b1 7
0P
0J
0@
1=
1X
b0 <
1-
#34310000
0-
b111101 +
b111101 5
11
00
b110101100110 3
#34315000
b10 ;
1>
0=
1O
b0 )
b0 7
0T
1K
0L
b11000111 g
b0 d
b1 m
1n
0o
1#
1x
0$
0w
b1 <
1-
#34320000
0-
b1101100 +
b1101100 5
12
10
0.
b110101100111 3
#34325000
b11 ;
0>
0q
1L
0M
1S
b10 )
b10 7
1P
1J
1?
b10 <
1-
#34330000
0-
1,
b1111 +
b1111 5
02
00
1.
b110101101000 3
#34335000
b0 ;
1@
0?
1N
1Q
b11 )
b11 7
1T
0S
1M
0L
0r
b11 <
1-
#34340000
0-
0,
b10100110 +
b10100110 5
0.
b110101101001 3
#34345000
b1 ;
0M
b10 )
b10 7
0T
0@
1=
0X
b0 <
1-
#34350000
0-
b1101111 +
b1101111 5
b110101101010 3
#34355000
b10 ;
1>
1W
0=
0Y
0K
b1 d
b10 m
0#
0x
b1 <
1-
#34360000
0-
1,
b10100010 +
b10100010 5
01
12
10
1.
b110101101011 3
#34365000
b11 ;
0>
1L
1S
0O
0J
1?
b10 <
1-
#34370000
0-
b1001010 +
b1001010 5
b110101101100 3
#34375000
b0 ;
1@
0?
0Q
0P
b1 )
b1 7
1T
1M
b11 <
1-
#34380000
0-
b1010010 +
b1010010 5
11
b110101101101 3
#34385000
b0 A
1\
b1 ;
1K
1U
1R
1O
0N
0@
1=
b0 <
1-
#34390000
0-
0,
b1101001 +
b1101001 5
02
00
0.
b110101101110 3
#34395000
1'
b10 ;
1>
0\
0=
1J
b11 )
b11 7
1P
0S
0L
1[
b10 d
b11 m
b1 <
b0 B
1-
#34400000
0-
b1101000 +
b1101000 5
01
10
1.
b110101101111 3
#34405000
0'
b11 ;
0>
0[
1L
0M
b10 )
b10 7
0T
0U
0O
1Q
1N
1?
b10 <
1-
#34410000
0-
b1011011 +
b1011011 5
12
b110101110000 3
#34415000
b0 ;
1@
0?
0Q
b0 )
b0 7
0P
0R
1S
1M
b11 <
1-
#34420000
0-
b10110011 +
b10110011 5
11
02
0.
b110101110001 3
#34425000
b1 ;
0S
b1 )
b1 7
1T
1O
0N
0@
1=
b0 <
1-
#34430000
0-
1,
b10100110 +
b10100110 5
00
1.
b110101110010 3
#34435000
b10 ;
1>
1X
0=
1Y
1P
b10 )
b10 7
0T
0L
b11 d
b100 m
1$
1w
b1 <
1-
#34440000
0-
b11100101 +
b11100101 5
01
10
b110101110011 3
#34445000
b11 ;
0>
0p
1L
0M
0O
1Q
1N
1?
b10 <
1-
#34450000
0-
0,
b11100100 +
b11100100 5
11
12
0.
b110101110100 3
#34455000
b0 ;
0X
1@
0?
0Q
b0 )
b0 7
0P
1O
1S
1M
b11 <
1-
#34460000
0-
1,
b1000111 +
b1000111 5
00
1.
b110101110101 3
#34465000
b1 ;
0L
1T
b11 )
b11 7
1P
0N
0@
1=
b0 <
1-
#34470000
0-
0,
b110100 +
b110100 5
01
10
b110101110110 3
#34475000
b10 ;
1>
1X
0=
1N
1Q
0O
1R
1U
0M
1L
b100 d
b0 m
0n
b1 <
1-
#34480000
0-
b1101100 +
b1101100 5
00
b110101110111 3
#34485000
b11 ;
0>
0L
1M
b1 )
b1 7
0P
0Q
1?
0X
b10 <
1-
#34490000
0-
1,
b10101101 +
b10101101 5
10
b110101111000 3
#34495000
b0 ;
1@
0?
0N
0M
1L
b11 <
1-
#34500000
0-
b1100000 +
b1100000 5
02
b110101111001 3
#34505000
b1 ;
1M
0S
0@
1=
b0 <
1-
#34510000
0-
0,
b101101 +
b101101 5
11
00
b110101111010 3
#34515000
b10 ;
1>
0=
0Y
1O
0U
b0 )
b0 7
0T
0L
b101 d
1o
b1 <
1-
#34520000
0-
b1100110 +
b1100110 5
12
b110101111011 3
#34525000
b11 ;
0>
0M
1S
0R
b10 )
b10 7
1P
1?
b10 <
1-
#34530000
0-
b1001000 +
b1001000 5
02
10
b110101111100 3
#34535000
b0 ;
1X
1@
0?
1N
1Q
b11 )
b11 7
1T
0S
0K
1L
b11 <
1-
#34540000
0-
b11000100 +
b11000100 5
01
00
b110101111101 3
#34545000
b1 ;
0L
1M
b10 )
b10 7
0T
0O
0J
0@
1=
0X
b0 <
1-
#34550000
0-
b10010001 +
b10010001 5
12
b110101111110 3
#34555000
b10 ;
1>
0W
0=
0Q
b0 )
b0 7
0P
1S
0M
b110 d
0o
1#
1x
0$
0w
b1 <
1-
#34560000
0-
1,
b10101001 +
b10101001 5
11
02
10
0.
b110101111111 3
#34565000
b11 ;
0>
1p
1L
0S
b1 )
b1 7
1T
1O
0N
1?
b10 <
1-
#34570000
0-
b11111 +
b11111 5
b110110000000 3
#34575000
b0 ;
1X
1@
0?
1P
b10 )
b10 7
0T
1M
b11 <
1-
#34580000
0-
0,
b10110100 +
b10110100 5
12
b110110000001 3
#34585000
b1 ;
1K
1S
1Q
1N
0@
1=
b0 <
1-
#34590000
0-
b1111100 +
b1111100 5
02
00
1.
b110110000010 3
#34595000
b10 ;
1>
0X
1W
0=
1J
b11 )
b11 7
1T
0S
0L
b111 d
b1 m
1n
1o
0#
0x
1$
1w
b1 <
1-
#34600000
0-
1,
b100110 +
b100110 5
01
12
b110110000011 3
#34605000
b11 l
1j
b11 ;
0>
1q
0M
1S
b10 )
b10 7
0T
0O
1?
b10 <
1-
#34610000
0-
b11011001 +
b11011001 5
11
02
0.
b110110000100 3
#34615000
0j
b0 ;
1@
0?
0Q
0P
1O
b1 )
b1 7
1T
0S
0K
1r
1_
b11 s
b11 <
1-
#34620000
0-
0,
b1000101 +
b1000101 5
12
10
1.
b110110000101 3
#34625000
b1 ;
1L
1S
0T
b10 )
b10 7
1P
0N
0J
0@
1=
b0 <
1-
#34630000
0-
b11000011 +
b11000011 5
01
02
00
0.
b110110000110 3
#34635000
b10 ;
1>
1X
0W
0=
1Y
1N
1Q
0O
b11 )
b11 7
1T
0S
1M
0L
b0 d
b10 m
1`
1#
1x
0$
0w
b1 <
1-
#34640000
0-
1,
b11111000 +
b11111000 5
11
12
b110110000111 3
#34645000
b11 ;
0>
0q
0M
1S
0T
1O
b0 )
b0 7
0P
0Q
1?
0X
b10 <
1-
#34650000
0-
b100110 +
b100110 5
02
b110110001000 3
#34655000
b0 ;
1@
0?
0N
1P
b11 )
b11 7
1T
0S
0r
b11 <
1-
#34660000
0-
b100111 +
b100111 5
01
12
10
b110110001001 3
#34665000
b1 ;
1L
1S
b10 )
b10 7
0T
0O
1Q
1N
0@
1=
1X
b0 <
1-
#34670000
0-
0,
b11101010 +
b11101010 5
b110110001010 3
#34675000
b10 ;
1>
0X
0=
0Y
0Q
0P
b1 )
b1 7
1T
1M
b1 d
b11 m
1a
b1 <
1-
#34680000
0-
1,
b11011011 +
b11011011 5
11
b110110001011 3
#34685000
b11 ;
0>
1K
1U
1R
1O
0N
1?
b10 <
0_
1-
#34690000
0-
0,
b11100110 +
b11100110 5
00
b110110001100 3
#34695000
b0 ;
1@
0?
1J
b11 )
b11 7
1P
0L
b11 <
1-
#34700000
0-
1,
b11000010 +
b11000010 5
01
10
b110110001101 3
#34705000
b1 ;
1L
0M
0O
1Q
1N
0@
1=
b0 <
1-
#34710000
0-
b1111111 +
b1111111 5
1.
b110110001110 3
#34715000
b100 l
b10 ;
1>
1W
0=
0Q
b1 )
b1 7
0P
1M
b10 d
b100 m
0`
1b
b1 <
1-
#34720000
0-
b11110110 +
b11110110 5
11
02
00
b110110001111 3
#34725000
b11 ;
0>
0L
0S
1O
0N
1?
b10 <
b100 s
0t
1-
#34730000
0-
0,
b10110010 +
b10110010 5
01
b110110010000 3
#34735000
b0 ;
1@
0?
1P
0O
0U
b10 )
b10 7
0T
0M
b11 <
1-
#34740000
0-
b10111011 +
b10111011 5
11
10
0.
b110110010001 3
#34745000
b1 ;
1L
0K
0R
1O
b0 )
b0 7
0P
0@
1=
b0 <
1-
#34750000
0-
1,
b11010001 +
b11010001 5
01
00
1.
b110110010010 3
#34755000
b10 ;
1>
1X
0W
0=
0J
1Y
b10 )
b10 7
1P
0O
1M
0L
b1 |
0u
1e
b11 d
b101 m
0a
1c
0#
0x
b1 <
1-
#34760000
0-
b10010 +
b10010 5
12
b110110010011 3
#34765000
b11 ;
0>
0p
0M
1S
b0 )
b0 7
0P
1?
b10 <
b0 m
b0 d
b0 |
1-
#34770000
0-
b11000101 +
b11000101 5
11
b110110010100 3
#34775000
b0 ;
1@
0?
1O
b1 )
b1 7
1T
b11 <
1-
#34780000
0-
0,
b11010001 +
b11010001 5
10
0.
b110110010101 3
#34785000
b1 ;
1L
1U
1R
b11 )
b11 7
1P
0@
1=
b0 <
0e
1-
#34790000
0-
1,
b1011 +
b1011 5
01
1.
b110110010110 3
#34795000
b10 ;
1>
0X
0=
0Y
1N
1Q
0O
1M
1e
0n
0b
0z
b1 <
1-
#34800000
0-
0,
b100110 +
b100110 5
11
02
b110110010111 3
#34805000
b11 ;
0>
1K
0S
1O
b1 )
b1 7
0P
0Q
1?
b10 <
0e
1-
#34810000
0-
b1001000 +
b1001000 5
01
12
00
0.
b110110011000 3
#34815000
b0 ;
1@
0?
1J
0N
1P
0O
0U
b10 )
b10 7
0T
1S
0L
b11 <
1-
#34820000
0-
b100010 +
b100010 5
11
1.
b110110011001 3
#34825000
b101 l
b1 ;
0M
1T
0R
1O
b1 )
b1 7
0P
0@
1=
b0 <
1-
#34830000
0-
b10101011 +
b10101011 5
01
02
b110110011010 3
#34835000
b10 ;
1>
1X
1W
0=
1Y
b11 )
b11 7
1P
0O
1R
1U
0S
0K
0c
0{
1#
1x
b101 s
b1 <
1-
#34840000
0-
1,
b1001100 +
b1001100 5
10
b110110011011 3
#34845000
b11 ;
0>
1L
0T
0U
b0 )
b0 7
0P
0J
1?
0X
b10 <
1e
1-
#34850000
0-
0,
b11110110 +
b11110110 5
11
b110110011100 3
#34855000
b0 ;
1@
0?
1O
0R
1M
0e
b11 <
1-
#34860000
0-
b11000111 +
b11000111 5
00
0.
b110110011101 3
#34865000
b0 l
b1 ;
0L
1K
b10 )
b10 7
1P
0@
1=
1X
b0 <
1-
#34870000
0-
b1011111 +
b1011111 5
01
10
b110110011110 3
#34875000
b10 ;
1>
0=
1J
1N
1Q
0O
0M
1L
1"
1y
b0 s
b1 <
1-
#34880000
b1 l
1k
0-
1,
b1111 +
b1111 5
11
00
1.
b110110011111 3
#34885000
b11 ;
0>
0k
b10000000 f
1F
0L
1M
1O
b0 )
b0 7
0P
0Q
1?
0X
b10 <
b1 s
1e
1t
1-
#34890000
0-
0,
b101010 +
b101010 5
01
10
b110110100000 3
#34895000
b0 ;
1@
0?
0N
b10 )
b10 7
1P
0O
0M
1L
b10000000 g
0e
b11 <
1-
#34900000
0-
b11011010 +
b11011010 5
11
00
b110110100001 3
#34905000
b1 ;
0L
1M
1O
b0 )
b0 7
0P
0@
1=
1X
b0 <
1-
#34910000
0-
b110110 +
b110110 5
10
b110110100010 3
#34915000
b10 ;
1>
0=
b10 )
b10 7
1P
0M
1L
b1 |
1u
b1 <
1-
#34920000
0-
b11111 +
b11111 5
00
0.
b110110100011 3
#34925000
b11 ;
0>
0L
1M
1Q
1N
1?
b10 <
b0 |
1-
#34930000
0-
b1000100 +
b1000100 5
10
1.
b110110100100 3
#34935000
b0 ;
0X
1@
0?
0M
1L
b11 <
1-
#34940000
0-
b11010100 +
b11010100 5
01
12
b110110100101 3
#34945000
b1 ;
1M
1S
0O
0@
1=
b0 <
1-
#34950000
0-
b1000011 +
b1000011 5
11
00
0.
b110110100110 3
#34955000
b10 ;
1>
0=
0Y
0Q
0P
1O
b1 )
b1 7
1T
0L
b1 d
1z
b1 <
1-
#34960000
0-
1,
b1100000 +
b1100000 5
01
02
10
b110110100111 3
#34965000
b11 ;
0>
1L
0M
0S
1U
1R
0O
b11 )
b11 7
1P
0N
1?
b10 <
1-
#34970000
0-
b1110011 +
b1110011 5
1.
b110110101000 3
#34975000
b0 ;
1@
0?
0P
0U
b0 )
b0 7
0T
1M
b11 <
1-
#34980000
0-
0,
b1010000 +
b1010000 5
11
12
00
b110110101001 3
#34985000
b1 ;
0L
1S
0R
1O
0@
1=
b0 <
1-
#34990000
0-
1,
b10001111 +
b10001111 5
01
10
0.
b110110101010 3
#34995000
b10 ;
1>
1X
0=
1Y
1P
0O
b11 )
b11 7
1T
0M
1L
b1 |
b10 d
0o
1{
0"
0y
b1 <
1-
#35000000
0-
0,
b1011001 +
b1011001 5
11
02
00
1.
b110110101011 3
#35005000
b11 ;
0>
0F
0L
1M
0S
1U
1R
1O
b1 )
b1 7
0P
1?
b10 <
b0 |
1-
#35010000
0-
1,
b11100001 +
b11100001 5
01
12
10
b110110101100 3
#35015000
b0 ;
0X
1@
0?
1P
0O
0U
b10 )
b10 7
0T
1S
0M
1L
b11 <
1-
#35020000
0-
b101000 +
b101000 5
11
00
0.
b110110101101 3
#35025000
b1 ;
0L
1M
1T
0R
1O
b1 )
b1 7
0P
0@
1=
b0 <
1-
#35030000
0-
b1110100 +
b1110100 5
01
02
10
1.
b110110101110 3
#35035000
b10 ;
1>
1X
0=
b11 )
b11 7
1P
0O
1R
1U
0S
0M
1L
b11 d
1o
0#
0x
1$
1w
b1 <
1-
#35040000
0-
b1011 +
b1011 5
00
b110110101111 3
#35045000
b11 ;
0>
0L
1M
0T
0U
b0 )
b0 7
0P
1?
0X
b10 <
1-
#35050000
0-
b110111 +
b110111 5
11
12
10
0.
b110110110000 3
#35055000
b0 ;
1@
0?
1O
0R
1S
0M
1L
b11 <
1-
#35060000
0-
0,
b11111100 +
b11111100 5
01
00
b110110110001 3
#35065000
b1 ;
0L
1M
1T
0O
b11 )
b11 7
1P
0@
1=
1X
b0 <
1-
#35070000
0-
b1010110 +
b1010110 5
11
1.
b110110110010 3
#35075000
b10 ;
1>
0=
b1 )
b1 7
0P
1O
1R
1U
0M
b100 d
0o
1#
1x
0$
0w
b1 <
1-
#35080000
0-
1,
b11011 +
b11011 5
02
b110110110011 3
#35085000
b11 ;
0>
0K
0S
b11 )
b11 7
1P
1?
0X
b10 <
1-
#35090000
0-
b10001011 +
b10001011 5
12
0.
b110110110100 3
#35095000
b0 ;
1@
0?
0J
1N
1Q
0U
b10 )
b10 7
0T
1S
b11 <
1-
#35100000
0-
b1111 +
b1111 5
10
b110110110101 3
#35105000
b1 ;
1L
b11 )
b11 7
1T
0R
0@
1=
b0 <
1-
#35110000
0-
0,
b10111101 +
b10111101 5
01
1.
b110110110110 3
#35115000
b10 ;
1>
0W
0=
0Y
0O
1R
1U
1M
b101 d
1o
0#
0x
1$
1w
b1 <
1-
#35120000
0-
1,
b1101001 +
b1101001 5
00
b110110110111 3
#35125000
b11 ;
0>
0L
1K
b1 )
b1 7
0P
0Q
1?
b10 <
1-
#35130000
0-
b10100100 +
b10100100 5
02
0.
b110110111000 3
#35135000
b0 ;
1@
0?
1J
0N
0S
0M
b11 <
1-
#35140000
0-
0,
b10000111 +
b10000111 5
11
12
10
1.
b110110111001 3
#35145000
b1 ;
1L
0K
1S
b0 )
b0 7
0T
0U
1O
0@
1=
b0 <
1-
#35150000
0-
1,
b11001011 +
b11001011 5
00
0.
b110110111010 3
#35155000
b10 ;
1>
0=
0J
1P
0R
b11 )
b11 7
1T
1M
0L
b1 |
b110 d
0o
1#
1x
0$
0w
b1 <
1-
#35160000
0-
b11111101 +
b11111101 5
01
02
1.
b110110111011 3
#35165000
b11 ;
0>
0M
0S
1U
1R
0O
1Q
1N
1?
1X
b10 <
b0 |
1-
#35170000
0-
0,
b10101000 +
b10101000 5
12
0.
b110110111100 3
#35175000
b0 ;
0X
1@
0?
0Q
0P
0U
b0 )
b0 7
0T
1S
b11 <
1-
#35180000
0-
b10010 +
b10010 5
10
1.
b110110111101 3
#35185000
b1 ;
1L
b1 )
b1 7
1T
0R
0N
0@
1=
b0 <
1-
#35190000
0-
1,
b11011 +
b11011 5
11
02
b110110111110 3
#35195000
b10 ;
1>
1X
0=
1Y
1O
1R
1U
0S
1M
b111 d
1o
0#
0x
1$
1w
b1 <
1-
#35200000
0-
0,
b1011001 +
b1011001 5
01
12
00
b110110111111 3
#35205000
b10 l
1i
1v
b11 ;
0>
1p
1q
0L
1K
1S
0T
0U
0O
b10 )
b10 7
1P
1?
0X
b10 <
1-
#35210000
0-
b100001 +
b100001 5
02
10
0.
b110111000000 3
#35215000
0i
0v
b0 ;
1@
0?
1J
0P
0R
b1 )
b1 7
1T
0S
0M
1L
1r
1h
b10 s
b11 <
1-
#35220000
0-
1,
b11100100 +
b11100100 5
11
1.
b110111000001 3
#35225000
b1 ;
0h
b11100100 f
1M
b0 )
b0 7
0T
1O
0@
1=
1X
b0 <
1-
#35230000
0-
0,
b11110010 +
b11110010 5
01
b110111000010 3
#35235000
b10 ;
1>
1W
0=
b10 )
b10 7
1P
0O
b11100100 g
b1 |
b0 d
b1 m
1n
0o
1#
1x
0$
0w
b1 <
1-
#35240000
0-
1,
b101011 +
b101011 5
11
00
b110111000011 3
#35245000
b11 ;
0>
0p
0q
0L
1O
b0 )
b0 7
0P
1?
b10 <
b0 |
1-
#35250000
0-
b1101000 +
b1101000 5
01
10
0.
b110111000100 3
#35255000
b0 ;
1@
0?
b10 )
b10 7
1P
0O
0M
1L
0r
b11 <
1-
#35260000
0-
b11001 +
b11001 5
11
12
1.
b110111000101 3
#35265000
b1 ;
1M
1S
1O
b0 )
b0 7
0P
0@
1=
b0 <
1-
#35270000
0-
b11011111 +
b11011111 5
01
0.
b110111000110 3
#35275000
b10 ;
1>
0=
1P
0O
b11 )
b11 7
1T
b1 |
b1 d
b0 m
0n
0#
0x
b1 <
1-
#35280000
0-
b1011101 +
b1011101 5
11
02
00
b110111000111 3
#35285000
b11 ;
0>
0L
0S
1U
1R
1O
b1 )
b1 7
0P
1?
b10 <
b0 |
1-
#35290000
0-
0,
b1101110 +
b1101110 5
01
12
10
1.
b110111001000 3
#35295000
b0 ;
0X
1@
0?
1P
0O
0U
b10 )
b10 7
0T
1S
0M
1L
b11 <
1-
#35300000
0-
b1110110 +
b1110110 5
02
0.
b110111001001 3
#35305000
b1 ;
1M
0S
1T
0R
b1 )
b1 7
0P
0@
1=
b0 <
1-
#35310000
0-
1,
b10101110 +
b10101110 5
b110111001010 3
#35315000
b10 ;
1>
1X
0=
b0 )
b0 7
0T
b10 d
1o
b1 <
1-
#35320000
0-
b10001000 +
b10001000 5
11
12
00
1.
b110111001011 3
#35325000
b11 ;
0>
1p
0L
1S
1O
1?
b10 <
1-
#35330000
0-
b11100100 +
b11100100 5
01
02
b110111001100 3
#35335000
b0 ;
1@
0?
1P
0O
b11 )
b11 7
1T
0S
0M
b11 <
1-
#35340000
0-
b10001001 +
b10001001 5
0.
b110111001101 3
#35345000
b1 ;
0K
0T
b0 )
b0 7
0P
0@
1=
b0 <
1-
#35350000
0-
b11001000 +
b11001000 5
11
12
1.
b110111001110 3
#35355000
b10 ;
1>
0W
0=
0J
1O
1S
b1 |
b11 d
b1 m
1n
0o
1#
1x
b1 <
1-
#35360000
0-
0,
b11000001 +
b11000001 5
02
10
b110111001111 3
#35365000
b11 ;
0>
0p
1L
0S
1T
b11 )
b11 7
1P
1?
b10 <
1-
#35370000
0-
b11000101 +
b11000101 5
12
0.
b110111010000 3
#35375000
b0 ;
1@
0?
1N
1Q
b10 )
b10 7
0T
1S
1M
b0 |
b11 <
1-
#35380000
0-
b101100 +
b101100 5
01
00
b110111010001 3
#35385000
b1 ;
0L
1K
b11 )
b11 7
1T
0O
0@
1=
0X
b0 <
1-
#35390000
0-
b11100101 +
b11100101 5
10
b110111010010 3
#35395000
b10 ;
1>
1W
0=
1J
0Y
0Q
b1 )
b1 7
0P
1R
1U
0M
1L
b100 d
b0 m
0n
0#
0x
b1 <
1-
#35400000
0-
1,
b11001100 +
b11001100 5
11
1.
b110111010011 3
#35405000
b11 ;
0>
1M
1O
0N
1?
b10 <
1-
#35410000
0-
b111111 +
b111111 5
01
02
0.
b110111010100 3
#35415000
b0 ;
1@
0?
b11 )
b11 7
1P
0O
0S
b11 <
1-
#35420000
0-
b1100100 +
b1100100 5
12
00
1.
b110111010101 3
#35425000
b1 ;
0L
1S
0T
0U
b0 )
b0 7
0P
0@
1=
b0 <
1-
#35430000
0-
b101010 +
b101010 5
02
0.
b110111010110 3
#35435000
b10 ;
1>
0=
0R
b1 )
b1 7
1T
0S
0M
b1 |
b101 d
1o
b1 <
1-
#35440000
0-
b10110001 +
b10110001 5
11
10
b110111010111 3
#35445000
b11 ;
0>
1p
1L
0K
b0 )
b0 7
0T
1O
1?
1X
b10 <
b0 |
1-
#35450000
0-
0,
b11111011 +
b11111011 5
12
b110111011000 3
#35455000
b0 ;
1@
0?
0J
b10 )
b10 7
1P
1S
1M
b11 <
1-
#35460000
0-
1,
b10100011 +
b10100011 5
01
00
b110111011001 3
#35465000
b1 ;
0L
1K
b11 )
b11 7
1T
0O
1Q
1N
0@
1=
b0 <
1-
#35470000
0-
b10011110 +
b10011110 5
b110111011010 3
#35475000
b10 ;
1>
0X
0=
1J
0Q
b1 )
b1 7
0P
1R
1U
0M
b110 d
b1 m
1n
0o
1#
1x
b1 <
1-
#35480000
0-
0,
b10100101 +
b10100101 5
11
1.
b110111011011 3
#35485000
b11 ;
0>
0K
1O
0N
1?
b10 <
1-
#35490000
0-
b11000110 +
b11000110 5
02
10
b110111011100 3
#35495000
b0 ;
1@
0?
0J
b11 )
b11 7
1P
0S
1L
b11 <
1-
#35500000
0-
b1101010 +
b1101010 5
01
b110111011101 3
#35505000
b1 ;
1M
b10 )
b10 7
0T
0U
0O
1Q
1N
0@
1=
b0 <
1-
#35510000
0-
b111 +
b111 5
12
00
0.
b110111011110 3
#35515000
b10 ;
1>
0W
0=
0Q
b0 )
b0 7
0P
0R
1S
1K
0L
b111 d
b10 m
0#
0x
b1 <
1-
#35520000
0-
b1100010 +
b1100010 5
10
1.
b110111011111 3
#35525000
b11 l
1j
b11 ;
0>
1q
1L
0M
b1 )
b1 7
1T
0N
1J
1?
b10 <
1-
#35530000
1j
b11 l
0-
1,
b10011100 +
b10011100 5
11
02
00
b110111100000 3
#35535000
0j
b0 ;
1X
1@
0?
1O
1R
1U
0S
1M
0L
1r
1_
b11 s
b11 <
1-
#35540000
0-
b1000111 +
b1000111 5
12
b110111100001 3
#35545000
b1 ;
0M
1S
0T
0U
b10 )
b10 7
1P
0@
1=
0X
b0 <
1-
#35550000
0-
b100001 +
b100001 5
01
10
0.
b110111100010 3
#35555000
b10 ;
1>
1W
0=
1N
1Q
0O
0R
b11 )
b11 7
1T
0K
1L
b0 d
b11 m
1`
b1 <
1-
#35560000
0-
0,
b11010101 +
b11010101 5
1.
b110111100011 3
#35565000
b11 ;
0>
0p
0q
1M
1U
1R
b1 )
b1 7
0P
0Q
0J
1?
b10 <
1-
#35570000
0-
1,
b1110 +
b1110 5
11
02
00
b110111100100 3
#35575000
b0 ;
1@
0?
0N
1O
0S
1K
0L
0r
b11 <
1-
#35580000
0-
b111000 +
b111000 5
10
0.
b110111100101 3
#35585000
b1 ;
1L
0M
0T
0U
b10 )
b10 7
1P
1J
0@
1=
b0 <
1-
#35590000
0-
0,
b110101 +
b110101 5
12
b110111100110 3
#35595000
b10 ;
1>
0=
1N
1Q
0R
1S
1M
b1 d
b0 m
0n
1a
b1 <
1-
#35600000
0-
1,
b101110 +
b101110 5
02
b110111100111 3
#35605000
b11 ;
0>
0S
b11 )
b11 7
1T
1?
b10 <
0_
1-
#35610000
0-
b1110 +
b1110 5
01
b110111101000 3
#35615000
b0 ;
1@
0?
0O
b10 )
b10 7
0T
b11 <
1-
#35620000
0-
b1101110 +
b1101110 5
11
12
00
1.
b110111101001 3
#35625000
b1 ;
0L
1S
1O
b0 )
b0 7
0P
0Q
0@
1=
b0 <
1-
#35630000
0-
0,
b11000 +
b11000 5
02
10
b110111101010 3
#35635000
b100 l
b10 ;
1>
0=
0N
1P
b11 )
b11 7
1T
0S
0M
1L
b1 |
b10 d
1o
0`
1b
1$
1w
b1 <
1-
#35640000
b100 l
0-
1,
b1010101 +
b1010101 5
12
b110111101011 3
#35645000
b11 ;
0>
1p
1M
1S
b10 )
b10 7
0T
1Q
1N
1?
1X
b10 <
b100 s
0t
b0 |
1-
#35650000
0-
0,
b10111 +
b10111 5
00
b110111101100 3
#35655000
b0 ;
0X
1@
0?
b11 )
b11 7
1T
0L
b11 <
1-
#35660000
0-
1,
b1101001 +
b1101001 5
10
b110111101101 3
#35665000
b1 ;
1L
0M
1U
1R
0@
1=
b0 <
1e
1-
#35670000
0-
0,
b1111100 +
b1111100 5
00
0.
b110111101110 3
#35675000
b10 ;
1>
0=
1M
0L
0u
0e
b11 d
b1 m
1n
0o
0a
1c
1#
1x
b1 <
1-
#35680000
0-
1,
b10110101 +
b10110101 5
10
1.
b110111101111 3
#35685000
b11 ;
0>
0p
1L
0M
1?
b10 <
1o
b0 m
b0 d
1e
1-
#35690000
0-
b10110011 +
b10110011 5
01
02
00
b110111110000 3
#35695000
b0 ;
1@
0?
0O
0S
1M
0L
b11 <
1-
#35700000
0-
0,
b1111111 +
b1111111 5
11
10
b110111110001 3
#35705000
b1 ;
1L
0M
0T
0U
1O
b0 )
b0 7
0P
0Q
0@
1=
b0 <
0e
1-
#35710000
0-
1,
b10101111 +
b10101111 5
01
12
0.
b110111110010 3
#35715000
b10 ;
1>
0=
0N
b10 )
b10 7
1P
0O
0R
1S
1M
b1 |
1e
0n
0b
0z
b1 <
1-
#35720000
0-
b1110010 +
b1110010 5
11
02
00
1.
b110111110011 3
#35725000
b11 ;
0>
0L
0S
1T
1O
b1 )
b1 7
0P
1?
1X
b10 <
b0 |
1-
#35730000
0-
0,
b1101010 +
b1101010 5
01
10
0.
b110111110100 3
#35735000
b0 ;
1@
0?
1P
0O
b10 )
b10 7
0T
0M
1L
0e
b11 <
1-
#35740000
0-
b10110110 +
b10110110 5
11
00
1.
b110111110101 3
#35745000
b101 l
b1 ;
0L
1M
1O
b0 )
b0 7
0P
0@
1=
b0 <
1-
#35750000
b101 l
0-
1,
b10110010 +
b10110010 5
01
10
b110111110110 3
#35755000
b10 ;
1>
0=
1Y
b10 )
b10 7
1P
0O
0M
1L
b1 |
1e
0c
0{
0$
0w
b101 s
b1 <
1-
#35760000
0-
b11111010 +
b11111010 5
00
b110111110111 3
#35765000
b11 ;
0>
0L
1M
b0 )
b0 7
0P
1?
b10 <
b0 |
1-
#35770000
0-
0,
b100 +
b100 5
11
12
10
0.
b110111111000 3
#35775000
b0 ;
1@
0?
1O
1S
0M
1L
0e
b11 <
1-
#35780000
0-
b1100 +
b1100 5
02
00
1.
b110111111001 3
#35785000
b0 l
b1 ;
0L
1M
0S
1T
b11 )
b11 7
1P
0@
1=
b0 <
1-
#35790000
b0 l
0-
1,
b10110011 +
b10110011 5
01
12
10
b110111111010 3
#35795000
b1 l
1k
b10 ;
1>
0=
1N
1Q
0O
b10 )
b10 7
0T
1S
0M
1L
1e
1"
1y
b0 s
b1 <
1-
#35800000
0-
b11110001 +
b11110001 5
02
00
b110111111011 3
#35805000
b11 ;
0>
0k
b10000000 f
1F
0L
1M
0S
1T
b1 )
b1 7
0P
0Q
1?
0X
b10 <
b1 s
1t
1-
#35810000
0-
0,
b111000 +
b111000 5
12
10
b110111111100 3
#35815000
b0 ;
1@
0?
0N
b0 )
b0 7
0T
1S
0M
1L
b10000000 g
0e
b11 <
1-
#35820000
0-
b10100 +
b10100 5
11
b110111111101 3
#35825000
b1 ;
1M
b1 )
b1 7
1T
1O
0@
1=
1X
b0 <
1-
#35830000
0-
1,
b11100011 +
b11100011 5
02
b110111111110 3
#35835000
b10 ;
1>
0=
b11 )
b11 7
1P
1R
1U
0S
1u
b1 <
1-
#35840000
0-
0,
b10001000 +
b10001000 5
12
00
0.
b110111111111 3
#35845000
b11 ;
0>
0L
1S
b10 )
b10 7
0T
0U
1Q
1N
1?
0X
b10 <
1-
#35850000
0-
b10110011 +
b10110011 5
b111000000000 3
#35855000
b0 ;
1@
0?
0R
b11 )
b11 7
1T
0M
b11 <
1-
#35860000
0-
b11110111 +
b11110111 5
02
1.
b111000000001 3
#35865000
0K
0S
1U
1R
0@
1=
b0 <
1-
#35870000
0-
b10110010 +
b10110010 5
01
b111000000010 3
#35875000
b1 ;
0W
0=
0J
0Y
0O
0U
b10 )
b10 7
0T
b1 d
1z
1-
#35880000
0-
1,
b101010 +
b101010 5
11
12
0.
b111000000011 3
#35885000
b10 ;
1>
1S
0R
1O
b0 )
b0 7
0P
0Q
b1 <
1-
#35890000
0-
0,
b1111111 +
b1111111 5
01
b111000000100 3
#35895000
b11 ;
0>
1?
0N
1P
0O
b11 )
b11 7
1T
b10 <
1-
#35900000
0-
1,
b11010110 +
b11010110 5
11
02
b111000000101 3
#35905000
b0 ;
0S
1U
1R
1O
b1 )
b1 7
0P
0?
1@
1X
b11 <
1-
#35910000
0-
b1101000 +
b1101000 5
12
10
1.
b111000000110 3
#35915000
b1 ;
0X
1=
0@
1P
0U
b10 )
b10 7
0T
1S
1L
b0 <
1-
#35920000
0-
b10001111 +
b10001111 5
01
02
00
b111000000111 3
#35925000
b10 ;
1>
0L
1M
0S
b11 )
b11 7
1T
0R
0O
1Q
1N
0=
b1 <
0"
0y
1{
0o
b10 d
1-
#35930000
0-
0,
b11001110 +
b11001110 5
11
12
b111000001000 3
#35935000
b11 ;
0>
1?
0Q
0P
1O
b0 )
b0 7
0T
1S
0M
0F
b10 <
1-
#35940000
0-
1,
b10001100 +
b10001100 5
01
10
0.
b111000001001 3
#35945000
b0 ;
1L
1T
0O
b11 )
b11 7
1P
0N
0?
1@
b11 <
1-
#35950000
0-
b11101 +
b11101 5
b111000001010 3
#35955000
b1 ;
1X
1=
0@
b1 )
b1 7
0P
1R
1U
1M
b0 <
1-
#35960000
0-
0,
b101100 +
b101100 5
11
02
1.
b111000001011 3
#35965000
b10 ;
1>
1K
0S
1O
0=
0X
b1 <
1$
1w
0#
0x
1o
b11 d
1-
#35970000
0-
b100011 +
b100011 5
00
0.
b111000001100 3
#35975000
b11 ;
0>
1?
1J
1P
0U
b10 )
b10 7
0T
0L
b10 <
1-
#35980000
0-
1,
b11001110 +
b11001110 5
10
b111000001101 3
#35985000
b0 ;
1L
0M
0R
1Q
1N
0?
1@
b11 <
1-
#35990000
0-
0,
b10000 +
b10000 5
12
00
b111000001110 3
#35995000
b1 ;
1=
0@
1S
1M
0L
b0 <
1-
#36000000
0-
1,
b100 +
b100 5
b111000001111 3
#36005000
b10 ;
1>
0M
b11 )
b11 7
1T
0=
1W
b1 <
0$
0w
1#
1x
0o
b100 d
1-
#36010000
0-
b11011010 +
b11011010 5
01
02
b111000010000 3
#36015000
b11 ;
0>
1?
0O
1R
1U
0S
0K
b10 <
1-
#36020000
0-
b10101001 +
b10101001 5
11
12
10
b111000010001 3
#36025000
b0 ;
1L
1S
0T
0U
1O
b0 )
b0 7
0P
0Q
0J
0?
1@
b11 <
1-
#36030000
0-
b1100100 +
b1100100 5
00
1.
b111000010010 3
#36035000
b1 ;
1=
0@
0N
1P
0R
b11 )
b11 7
1T
1M
0L
b0 <
1-
#36040000
0-
0,
b11011010 +
b11011010 5
01
02
10
0.
b111000010011 3
#36045000
b10 ;
1>
1L
0M
0S
1U
1R
0O
1Q
1N
1Y
0=
0W
1X
b1 <
0#
0x
1o
b101 d
1-
#36050000
0-
1,
b10011 +
b10011 5
11
12
00
1.
b111000010100 3
#36055000
b11 ;
0>
0X
1?
0Q
0P
1O
0U
b0 )
b0 7
0T
1S
1M
0L
b10 <
1-
#36060000
0-
b1101001 +
b1101001 5
02
b111000010101 3
#36065000
b0 ;
0M
0S
1T
0R
b11 )
b11 7
1P
0N
0?
1@
b11 <
1-
#36070000
0-
0,
b110111 +
b110111 5
01
12
0.
b111000010110 3
#36075000
b1 ;
1X
1=
0@
1N
1Q
0O
b10 )
b10 7
0T
1S
b0 <
1-
#36080000
0-
1,
b11000001 +
b11000001 5
11
02
10
b111000010111 3
#36085000
b10 ;
1>
1L
0S
1T
1O
b1 )
b1 7
0P
0Q
0Y
0=
0X
b1 <
1#
1x
0o
b110 d
1-
#36090000
0-
0,
b11111000 +
b11111000 5
01
b111000011000 3
#36095000
b11 ;
0>
1?
0N
1P
0O
b10 )
b10 7
0T
1M
b10 <
1-
#36100000
0-
b11010101 +
b11010101 5
11
12
00
1.
b111000011001 3
#36105000
b0 ;
0L
1K
1S
1O
b0 )
b0 7
0P
0?
1@
1X
b11 <
1-
#36110000
0-
b11011 +
b11011 5
02
0.
b111000011010 3
#36115000
b1 ;
1=
0@
1J
1P
b11 )
b11 7
1T
0S
0M
b0 <
1-
#36120000
0-
b1110 +
b1110 5
01
b111000011011 3
#36125000
b10 ;
1>
0K
b10 )
b10 7
0T
0O
1Q
1N
1Y
0=
1W
b1 <
0#
0x
1o
b111 d
1-
#36130000
0-
1,
b1101000 +
b1101000 5
11
12
10
1.
b111000011100 3
#36135000
b10 l
1i
1v
b11 ;
0>
0X
1?
0J
0Q
b0 )
b0 7
0P
1O
1S
1L
1q
1p
b10 <
1-
#36140000
0-
b11010011 +
b11010011 5
0.
b111000011101 3
#36145000
b0 ;
0i
0v
1h
1r
1M
1T
b11 )
b11 7
1P
0N
0?
1@
b11 <
b10 s
1%
1^
1-
#36150000
0-
b11101111 +
b11101111 5
01
b111000011110 3
#36155000
b1 ;
1X
1=
0@
1N
1Q
0O
1R
1U
1K
b11101111 f
0h
0%
0^
b0 <
1-
#36160000
0-
0,
b10101000 +
b10101000 5
11
02
b111000011111 3
#36165000
b10 ;
1>
b11101111 g
0S
1O
b1 )
b1 7
0P
0Q
0Y
1J
0=
0X
b1 <
1#
1x
0o
1n
b1 m
b0 d
1-
#36170000
0-
1,
b0 +
b0 5
01
00
b111000100000 3
#36175000
b11 ;
0>
1?
0N
1P
0O
0U
b10 )
b10 7
0T
0L
0q
b10 <
1-
#36180000
0-
b1101000 +
b1101000 5
11
1.
b111000100001 3
#36185000
b0 ;
0r
0M
0R
1O
b0 )
b0 7
0P
0?
1@
b11 <
1-
#36190000
0-
b10111 +
b10111 5
12
10
b111000100010 3
#36195000
b1 ;
1X
1=
0@
b10 )
b10 7
1P
1S
0K
1L
b0 <
1-
#36200000
0-
b10110111 +
b10110111 5
01
b111000100011 3
#36205000
b10 ;
1>
1M
b11 )
b11 7
1T
0O
1Q
1N
1Y
0J
0=
0W
b1 <
1$
1w
0#
0x
b10 m
b1 d
1-
#36210000
0-
0,
b10000011 +
b10000011 5
00
0.
b111000100100 3
#36215000
b11 ;
0>
0X
1?
0Q
b1 )
b1 7
0P
1R
1U
1K
0L
b10 <
1-
#36220000
0-
1,
b10111 +
b10111 5
11
10
1.
b111000100101 3
#36225000
b0 ;
1L
0M
1O
0N
1J
0?
1@
b11 <
1-
#36230000
0-
0,
b11000 +
b11000 5
02
0.
b111000100110 3
#36235000
b1 ;
1=
0@
b11 )
b11 7
1P
0S
1M
b0 <
1-
#36240000
0-
b10111100 +
b10111100 5
00
1.
b111000100111 3
#36245000
b10 ;
1>
0L
b10 )
b10 7
0T
0U
1Q
1N
0Y
0=
1W
b1 <
b11 m
b10 d
1-
#36250000
0-
b10100101 +
b10100101 5
01
12
10
0.
b111000101000 3
#36255000
b11 ;
0>
1?
0O
0R
1S
0M
1L
b10 <
1-
#36260000
0-
1,
11
1.
b111000101001 3
#36265000
b0 ;
1M
1T
1O
b1 )
b1 7
0P
0Q
0?
1@
b11 <
1-
#36270000
0-
0,
b10001101 +
b10001101 5
01
02
00
b111000101010 3
#36275000
b1 ;
1=
0@
0N
b11 )
b11 7
1P
0O
1R
1U
0S
0L
b0 <
1-
#36280000
0-
b11111010 +
b11111010 5
10
b111000101011 3
#36285000
b10 ;
1>
1L
0M
0T
0U
b0 )
b0 7
0P
0=
b1 <
b100 m
b11 d
1-
#36290000
0-
1,
b110000 +
b110000 5
0.
b111000101100 3
#36295000
b11 ;
0>
1?
0R
1M
b10 <
1-
#36300000
0-
b111010 +
b111010 5
12
1.
b111000101101 3
#36305000
b0 ;
1S
0?
1@
1X
b11 <
1-
#36310000
0-
b10000100 +
b10000100 5
02
00
b111000101110 3
#36315000
b1 ;
1=
0@
b1 )
b1 7
1T
0S
0L
b0 <
1-
#36320000
0-
0,
b1001010 +
b1001010 5
12
0.
b111000101111 3
#36325000
b10 ;
1>
0M
1S
b0 )
b0 7
0T
1Y
0=
b1 <
0$
0w
b101 m
b100 d
1-
#36330000
0-
1,
b10010011 +
b10010011 5
11
1.
b111000110000 3
#36335000
b11 ;
0>
1?
1O
b1 )
b1 7
1T
0K
0p
b10 <
1-
#36340000
0-
0,
b11011111 +
b11011111 5
10
0.
b111000110001 3
#36345000
b0 ;
1L
1U
1R
b11 )
b11 7
1P
0J
0?
1@
b11 <
1-
#36350000
0-
1,
b110101 +
b110101 5
01
02
00
1.
b111000110010 3
#36355000
b1 ;
0X
1=
0@
1N
1Q
0O
0S
1M
0L
b0 <
1-
#36360000
0-
b1010000 +
b1010000 5
b111000110011 3
#36365000
b10 ;
1>
0M
0T
0U
b0 )
b0 7
0P
0Q
0Y
0=
0W
b1 <
1$
1w
0n
b0 m
b101 d
1-
#36370000
0-
0,
b11000100 +
b11000100 5
12
10
b111000110100 3
#36375000
b11 ;
0>
1?
0N
0R
1S
1L
1p
b10 <
1-
#36380000
0-
b1100001 +
b1100001 5
11
b111000110101 3
#36385000
b0 ;
1M
b1 )
b1 7
1T
1O
0?
1@
1X
b11 <
1-
#36390000
0-
1,
b11001 +
b11001 5
01
b111000110110 3
#36395000
b1 ;
1=
0@
b11 )
b11 7
1P
0O
1R
1U
1K
b0 <
1-
#36400000
0-
0,
b11 +
b11 5
11
0.
b111000110111 3
#36405000
b10 ;
1>
1O
b1 )
b1 7
0P
1J
0=
1W
0X
b1 <
0$
0w
1o
1n
b1 m
b110 d
1-
#36410000
0-
1,
b10010000 +
b10010000 5
b111000111000 3
#36415000
b11 ;
0>
1?
b11 )
b11 7
1P
b10 <
1-
#36420000
0-
0,
b10010011 +
b10010011 5
02
00
1.
b111000111001 3
#36425000
b0 ;
0L
0S
1Q
1N
0?
1@
b11 <
1-
#36430000
0-
b1101000 +
b1101000 5
12
10
b111000111010 3
#36435000
b1 ;
1=
0@
0U
b10 )
b10 7
0T
1S
0M
1L
b0 <
1-
#36440000
0-
b10101000 +
b10101000 5
01
00
0.
b111000111011 3
#36445000
b10 ;
1>
0L
1M
b11 )
b11 7
1T
0R
0O
0=
b1 <
1#
1x
b10 m
b111 d
1-
#36450000
0-
b111101 +
b111101 5
11
10
1.
b111000111100 3
#36455000
b11 l
1j
b11 ;
0>
1?
0Q
b1 )
b1 7
0P
1O
1R
1U
0M
1L
1q
b10 <
1-
#36460000
0-
b11101110 +
b11101110 5
01
02
0.
b111000111101 3
#36465000
b0 ;
0j
1r
1M
0S
0O
b11 )
b11 7
1P
0N
0?
1@
b11 <
b11 s
1_
1-
#36470000
0-
b11101100 +
b11101100 5
12
b111000111110 3
#36475000
b1 ;
1=
0@
0P
0U
b0 )
b0 7
0T
1S
b0 <
1-
#36480000
0-
1,
b11100 +
b11100 5
02
00
1.
b111000111111 3
#36485000
b10 ;
1>
0L
0S
b1 )
b1 7
1T
0R
0=
b1 <
1`
b11 m
b0 d
b1 |
1-
#36490000
0-
b10011010 +
b10011010 5
12
b111001000000 3
#36495000
b11 ;
0>
1X
1?
b0 )
b0 7
0T
1S
0M
0q
b0 |
b10 <
1-
#36500000
0-
0,
b10010000 +
b10010000 5
11
10
0.
b111001000001 3
#36505000
b0 ;
0r
1L
0K
b1 )
b1 7
1T
1O
0?
1@
b11 <
1-
#36510000
0-
1,
b1000000 +
b1000000 5
01
02
00
b111001000010 3
#36515000
b1 ;
1=
0@
0J
b11 )
b11 7
1P
0O
1R
1U
0S
1M
0L
b0 <
1-
#36520000
0-
b10001001 +
b10001001 5
11
10
1.
b111001000011 3
#36525000
b10 ;
1>
1L
0M
0T
0U
1O
b0 )
b0 7
0P
0=
0W
0X
b1 <
1a
b100 m
b1 d
1-
#36530000
0-
0,
b1100011 +
b1100011 5
12
b111001000100 3
#36535000
b11 ;
0>
1?
b10 )
b10 7
1P
0R
1S
1M
0_
b10 <
1-
#36540000
0-
b10100000 +
b10100000 5
01
02
b111001000101 3
#36545000
b0 ;
1K
0S
b11 )
b11 7
1T
0O
1Q
1N
0?
1@
1X
b11 <
1-
#36550000
0-
b1100100 +
b1100100 5
12
b111001000110 3
#36555000
b1 ;
0X
1=
0@
1J
0Q
0P
b0 )
b0 7
0T
1S
b0 <
1-
#36560000
0-
b1110010 +
b1110010 5
02
00
b111001000111 3
#36565000
b10 ;
1>
b100 l
0L
0S
b1 )
b1 7
1T
0N
0=
1W
b1 <
1b
0`
b101 m
b10 d
b1 |
1-
#36570000
0-
b1100 +
b1100 5
0.
b111001001000 3
#36575000
b11 ;
0>
1X
1?
b0 )
b0 7
0T
0M
b0 |
0t
b100 s
b10 <
1-
#36580000
0-
b1110 +
b1110 5
11
12
10
1.
b111001001001 3
#36585000
b0 ;
1L
0K
1S
1O
0?
1@
b11 <
1-
#36590000
0-
1,
b10111001 +
b10111001 5
01
0.
b111001001010 3
#36595000
b1 ;
1=
0@
0J
1P
0O
b11 )
b11 7
1T
1M
1e
b0 <
1-
#36600000
0-
b101011 +
b101011 5
11
02
b111001001011 3
#36605000
b10 ;
1>
1K
0S
1U
1R
1O
b1 )
b1 7
0P
1Y
0=
0W
b1 <
1$
1w
1c
0a
16
b110 m
b11 d
0u
1-
#36610000
0-
0,
b11101000 +
b11101000 5
00
b111001001100 3
#36615000
b11 ;
0>
0X
1?
1J
1P
0U
b10 )
b10 7
0T
0L
0p
0e
b0 d
06
b0 m
b10 <
1-
#36620000
0-
1,
b10110011 +
b10110011 5
1.
b111001001101 3
#36625000
b0 ;
0M
0R
1Q
1N
0?
1@
b11 <
1e
1-
#36630000
0-
0,
b1011010 +
b1011010 5
01
12
10
0.
b111001001110 3
#36635000
b1 ;
1=
0@
0O
1S
0K
1L
0e
b0 <
1-
#36640000
0-
1,
b10100101 +
b10100101 5
00
1.
b111001001111 3
#36645000
b10 ;
1>
0L
1M
1T
b1 )
b1 7
0P
0Q
0Y
0J
0=
b1 <
0$
0w
0#
0x
0z
0b
0n
1e
1-
#36650000
0-
b10110101 +
b10110101 5
11
b111001010000 3
#36655000
b11 ;
0>
1?
0N
1O
1R
1U
0M
b10 <
1-
#36660000
0-
b11010101 +
b11010101 5
01
02
b111001010001 3
#36665000
b0 ;
0S
0O
b11 )
b11 7
1P
0?
1@
b11 <
1-
#36670000
0-
0,
b11010010 +
b11010010 5
11
b111001010010 3
#36675000
b101 l
b1 ;
1=
0@
0P
1O
0U
b0 )
b0 7
0T
0e
b0 <
1-
#36680000
0-
b10100000 +
b10100000 5
01
12
0.
b111001010011 3
#36685000
b10 ;
1>
1S
0R
0O
b10 )
b10 7
1P
0=
b1 <
b101 s
1#
1x
0{
0c
b1 |
1-
#36690000
0-
1,
b10000101 +
b10000101 5
11
02
1.
b111001010100 3
#36695000
b11 ;
0>
1X
1?
0P
1O
b1 )
b1 7
1T
0S
b0 |
1e
b10 <
1-
#36700000
0-
b11 +
b11 5
10
b111001010101 3
#36705000
b0 ;
1L
0T
b10 )
b10 7
1P
0?
1@
b11 <
1-
#36710000
0-
0,
b111000 +
b111000 5
01
b111001010110 3
#36715000
b0 l
b1 ;
1=
0@
1N
1Q
0O
1M
0e
b0 <
1-
#36720000
0-
b111100 +
b111100 5
12
00
b111001010111 3
#36725000
b10 ;
1>
0L
1K
1S
b0 )
b0 7
0P
0Q
0=
0X
b1 <
b0 s
1"
1y
1-
#36730000
b1 l
1k
0-
1,
b100 +
b100 5
11
02
0.
b111001011000 3
#36735000
0k
b11 ;
0>
1?
1J
0N
1O
b1 )
b1 7
1T
0S
0M
1F
b10000000 f
1t
1e
b1 s
b10 <
1-
#36740000
0-
b1011011 +
b1011011 5
01
10
b111001011001 3
#36745000
b0 ;
b10000000 g
1L
0K
0T
0O
b10 )
b10 7
1P
0?
1@
1X
b11 <
1-
#36750000
0-
b10101000 +
b10101000 5
12
00
b111001011010 3
#36755000
b1 ;
1=
0@
0J
b0 )
b0 7
0P
1S
1M
0L
b0 <
1-
#36760000
0-
b11101100 +
b11101100 5
11
b111001011011 3
#36765000
b10 ;
1>
0M
b1 )
b1 7
1T
1O
1Y
0=
b1 <
1u
b1 |
1-
#36770000
0-
b100001 +
b100001 5
01
02
b111001011100 3
#36775000
b11 ;
0>
1?
b11 )
b11 7
1P
0O
1R
1U
0S
b0 |
b10 <
1-
#36780000
0-
b100111 +
b100111 5
12
1.
b111001011101 3
#36785000
b0 ;
1S
0T
0U
b0 )
b0 7
0P
0?
1@
0X
b11 <
1-
#36790000
0-
b11010 +
b11010 5
02
0.
b111001011110 3
#36795000
b1 ;
1=
0@
0R
b1 )
b1 7
1T
0S
b0 <
1-
#36800000
0-
b11000011 +
b11000011 5
11
1.
b111001011111 3
#36805000
b10 ;
1>
b0 )
b0 7
0T
1O
0=
1X
b1 <
1z
b1 d
1-
#36810000
0-
b11011 +
b11011 5
01
12
10
b111001100000 3
#36815000
b11 ;
0>
1?
b10 )
b10 7
1P
0O
1S
1L
b10 <
1-
#36820000
0-
0,
b11100010 +
b11100010 5
02
0.
b111001100001 3
#36825000
b0 ;
1M
0S
1T
b1 )
b1 7
0P
0?
1@
b11 <
0e
1-
#36830000
0-
1,
b10011101 +
b10011101 5
00
b111001100010 3
#36835000
1=
0@
b0 )
b0 7
0T
1K
0L
b0 <
1-
#36840000
0-
b101010 +
b101010 5
12
10
b111001100011 3
#36845000
b1 ;
1L
0M
1S
1J
0=
1W
0"
0y
1{
0o
b10 d
b1 |
1-
#36850000
0-
b11101000 +
b11101000 5
02
00
1.
b111001100100 3
#36855000
b10 ;
1>
b1 )
b1 7
1T
0S
1M
0L
0F
b1 <
1-
#36860000
0-
b10010101 +
b10010101 5
11
10
0.
b111001100101 3
#36865000
b11 ;
0>
1L
0M
b0 )
b0 7
0T
1O
1?
b10 <
b0 |
1-
#36870000
0-
b11101110 +
b11101110 5
01
b111001100110 3
#36875000
b0 ;
1@
0?
b10 )
b10 7
1P
0O
1M
b11 <
1-
#36880000
0-
0,
b11101101 +
b11101101 5
11
12
b111001100111 3
#36885000
b1 ;
1S
1O
b0 )
b0 7
0P
0@
1=
b0 <
1-
#36890000
0-
b11111011 +
b11111011 5
1.
b111001101000 3
#36895000
b10 ;
1>
0=
1P
b11 )
b11 7
1T
b1 |
b11 d
1o
0#
0x
1$
1w
b1 <
1-
#36900000
0-
b10011010 +
b10011010 5
01
0.
b111001101001 3
#36905000
b11 ;
0>
1U
1R
0O
1Q
1N
1?
b10 <
b0 |
1-
#36910000
0-
b1110010 +
b1110010 5
00
b111001101010 3
#36915000
b0 ;
0X
1@
0?
0Q
b1 )
b1 7
0P
0L
b11 <
1-
#36920000
0-
b10101100 +
b10101100 5
1.
b111001101011 3
#36925000
b1 ;
0M
0N
0@
1=
b0 <
1-
#36930000
0-
1,
b1110001 +
b1110001 5
02
b111001101100 3
#36935000
b10 ;
1>
0=
0Y
0S
0K
b100 d
0o
1#
1x
0$
0w
b1 <
1-
#36940000
0-
b10111110 +
b10111110 5
11
0.
b111001101101 3
#36945000
b11 ;
0>
b0 )
b0 7
0T
0U
1O
0J
1?
b10 <
1-
#36950000
0-
0,
b10010001 +
b10010001 5
01
10
1.
b111001101110 3
#36955000
b0 ;
1@
0?
b10 )
b10 7
1P
0O
0R
1L
b11 <
1-
#36960000
0-
b10101111 +
b10101111 5
11
00
0.
b111001101111 3
#36965000
b1 ;
0L
1M
1O
b0 )
b0 7
0P
0@
1=
1X
b0 <
1-
#36970000
0-
1,
b10011010 +
b10011010 5
12
b111001110000 3
#36975000
b10 ;
1>
0W
0=
1Y
b10 )
b10 7
1P
1S
0M
b1 |
b101 d
1o
0#
0x
b1 <
1-
#36980000
0-
b11000000 +
b11000000 5
02
10
b111001110001 3
#36985000
b11 ;
0>
1L
0S
b11 )
b11 7
1T
1Q
1N
1?
b10 <
b0 |
1-
#36990000
0-
b1101100 +
b1101100 5
01
00
b111001110010 3
#36995000
b0 ;
0X
1@
0?
0O
b10 )
b10 7
0T
1M
0L
b11 <
1-
#37000000
0-
b10110 +
b10110 5
11
10
b111001110011 3
#37005000
b1 ;
1L
0M
1O
b0 )
b0 7
0P
0Q
0@
1=
b0 <
1-
#37010000
0-
b11011111 +
b11011111 5
01
00
b111001110100 3
#37015000
b10 ;
1>
0=
0Y
0N
b10 )
b10 7
1P
0O
1M
0L
b1 |
b110 d
0o
1#
1x
b1 <
1-
#37020000
0-
0,
b110100 +
b110100 5
12
10
1.
b111001110101 3
#37025000
b11 ;
0>
1L
0M
1S
b0 )
b0 7
0P
1?
1X
b10 <
b0 |
1-
#37030000
0-
1,
b11110101 +
b11110101 5
b111001110110 3
#37035000
b0 ;
1@
0?
b1 )
b1 7
1T
1M
b11 <
1-
#37040000
0-
0,
b1101000 +
b1101000 5
11
b111001110111 3
#37045000
b1 ;
1K
1U
1R
1O
0@
1=
b0 <
1-
#37050000
0-
1,
b1100 +
b1100 5
01
02
00
0.
b111001111000 3
#37055000
b10 ;
1>
0X
1W
0=
1J
b11 )
b11 7
1P
0O
0S
0L
b111 d
1o
0#
0x
b1 <
1-
#37060000
0-
0,
b11000001 +
b11000001 5
11
12
10
1.
b111001111001 3
#37065000
b10 l
1i
1v
b11 ;
0>
1p
1q
1L
0M
1S
0T
0U
1O
b0 )
b0 7
0P
1?
b10 <
1-
#37070000
0-
b1101110 +
b1101110 5
02
b111001111010 3
#37075000
0i
0v
b0 ;
1@
0?
1P
0R
b11 )
b11 7
1T
0S
1M
1r
1h
b10 s
b11 <
1-
#37080000
0-
1,
b10000101 +
b10000101 5
01
12
0.
b111001111011 3
#37085000
b1 ;
0h
b10000101 f
1S
b10 )
b10 7
0T
0O
1Q
1N
0@
1=
1X
b0 <
1-
#37090000
0-
0,
b11111011 +
b11111011 5
02
00
b111001111100 3
#37095000
b10 ;
1>
0X
0=
0Q
0P
b1 )
b1 7
1T
0S
0L
b10000101 g
b0 d
b1 m
1n
0o
1#
1x
b1 <
1-
#37100000
0-
1,
b11000100 +
b11000100 5
11
10
1.
b111001111101 3
#37105000
b11 ;
0>
0q
1L
0M
b0 )
b0 7
0T
1O
0N
1?
b10 <
1-
#37110000
0-
0,
b111011 +
b111011 5
01
b111001111110 3
#37115000
b0 ;
1X
1@
0?
b10 )
b10 7
1P
0O
1M
0r
b11 <
1-
#37120000
0-
1,
b11111001 +
b11111001 5
12
00
0.
b111001111111 3
#37125000
b1 ;
0L
1S
b0 )
b0 7
0P
0@
1=
b0 <
1-
#37130000
0-
b10011010 +
b10011010 5
02
b111010000000 3
#37135000
b10 ;
1>
0=
1Y
b1 )
b1 7
1T
0S
0M
b1 |
b1 d
b10 m
0#
0x
b1 <
1-
#37140000
0-
b1010011 +
b1010011 5
11
10
1.
b111010000001 3
#37145000
b11 ;
0>
0p
1L
0K
b0 )
b0 7
0T
1O
1?
b10 <
b0 |
1-
#37150000
0-
b11111 +
b11111 5
b111010000010 3
#37155000
b0 ;
1@
0?
0J
b10 )
b10 7
1P
1M
b11 <
1-
#37160000
0-
0,
b10101001 +
b10101001 5
01
0.
b111010000011 3
#37165000
b1 ;
1K
0O
1Q
1N
0@
1=
b0 <
1-
#37170000
0-
1,
b1011001 +
b1011001 5
11
12
b111010000100 3
#37175000
b10 ;
1>
0X
0=
1J
0Y
0Q
b0 )
b0 7
0P
1O
1S
b10 d
b0 m
0n
b1 <
1-
#37180000
0-
b10011010 +
b10011010 5
01
02
1.
b111010000101 3
#37185000
b11 ;
0>
1p
0S
1T
0O
b11 )
b11 7
1P
0N
1?
b10 <
1-
#37190000
0-
0,
b11010110 +
b11010110 5
11
b111010000110 3
#37195000
b0 ;
1X
1@
0?
0P
1O
b0 )
b0 7
0T
b11 <
1-
#37200000
0-
1,
b11101001 +
b11101001 5
01
b111010000111 3
#37205000
b1 ;
0O
b10 )
b10 7
1P
0@
1=
b0 <
1-
#37210000
0-
0,
b11101010 +
b11101010 5
11
0.
b111010001000 3
#37215000
b10 ;
1>
0=
1Y
b0 )
b0 7
0P
1O
b11 d
b1 m
1n
1o
b1 <
1-
#37220000
0-
b10011110 +
b10011110 5
12
1.
b111010001001 3
#37225000
b11 ;
0>
0p
1S
b10 )
b10 7
1P
1?
b10 <
1-
#37230000
0-
1,
b1000 +
b1000 5
0.
b111010001010 3
#37235000
b0 ;
1@
0?
1N
1Q
b11 )
b11 7
1T
b11 <
1-
#37240000
0-
b11101001 +
b11101001 5
02
b111010001011 3
#37245000
b1 ;
0S
1U
1R
0@
1=
0X
b0 <
1-
#37250000
0-
b1110110 +
b1110110 5
12
b111010001100 3
#37255000
b10 ;
1>
0=
0Y
0U
b10 )
b10 7
0T
1S
b100 d
b0 m
0n
1#
1x
b1 <
1-
#37260000
0-
b1011110 +
b1011110 5
02
00
1.
b111010001101 3
#37265000
b11 ;
0>
0L
0S
b11 )
b11 7
1T
0R
1?
b10 <
1-
#37270000
0-
0,
b10101011 +
b10101011 5
01
10
b111010001110 3
#37275000
b0 ;
1@
0?
0O
b10 )
b10 7
0T
0M
1L
b11 <
1-
#37280000
0-
1,
b10000111 +
b10000111 5
11
0.
b111010001111 3
#37285000
b1 ;
1M
1O
b0 )
b0 7
0P
0Q
0@
1=
b0 <
1-
#37290000
0-
b11010 +
b11010 5
12
1.
b111010010000 3
#37295000
b10 ;
1>
0=
0N
b10 )
b10 7
1P
1S
b1 |
b101 d
0o
b1 <
1-
#37300000
0-
b1010101 +
b1010101 5
01
02
00
b111010010001 3
#37305000
b11 ;
0>
0L
0S
b11 )
b11 7
1T
0O
1Q
1N
1?
1X
b10 <
b0 |
1-
#37310000
0-
b10110010 +
b10110010 5
10
b111010010010 3
#37315000
b0 ;
0X
1@
0?
0Q
0P
b0 )
b0 7
0T
0M
1L
b11 <
1-
#37320000
0-
b10000001 +
b10000001 5
11
12
0.
b111010010011 3
#37325000
b1 ;
1M
1S
1O
0N
0@
1=
b0 <
1-
#37330000
0-
b11011010 +
b11011010 5
01
02
1.
b111010010100 3
#37335000
b10 ;
1>
1X
0=
1Y
1P
0O
b11 )
b11 7
1T
0S
b1 |
b110 d
1o
0#
0x
1$
1w
b1 <
1-
#37340000
0-
0,
b1011000 +
b1011000 5
0.
b111010010101 3
#37345000
b11 ;
0>
0T
b0 )
b0 7
0P
1?
b10 <
b0 |
1-
#37350000
0-
b110000 +
b110000 5
12
1.
b111010010110 3
#37355000
b0 ;
1@
0?
1S
b11 <
1-
#37360000
0-
1,
b100 +
b100 5
11
02
00
0.
b111010010111 3
#37365000
b1 ;
0L
0S
b1 )
b1 7
1T
1O
0@
1=
b0 <
1-
#37370000
0-
b11100001 +
b11100001 5
1.
b111010011000 3
#37375000
b10 ;
1>
0=
1P
b10 )
b10 7
0T
0M
b111 d
0o
1#
1x
0$
0w
b1 <
1-
#37380000
0-
0,
b11011001 +
b11011001 5
01
10
0.
b111010011001 3
#37385000
b11 l
1j
b11 ;
0>
1p
1q
1L
0K
0O
1Q
1N
1?
b10 <
1-
#37390000
1j
b11 l
0-
1,
b11001000 +
b11001000 5
12
b111010011010 3
#37395000
0j
b0 ;
0X
1@
0?
0J
0Q
b0 )
b0 7
0P
1S
1M
1r
1_
b11 s
b11 <
1-
#37400000
0-
0,
b10100001 +
b10100001 5
02
00
1.
b111010011011 3
#37405000
b1 ;
0L
1K
0S
b1 )
b1 7
1T
0N
0@
1=
b0 <
1-
#37410000
0-
1,
b110100 +
b110100 5
11
12
10
0.
b111010011100 3
#37415000
b10 ;
1>
1X
0=
1J
1O
b0 )
b0 7
0T
1S
0M
1L
b0 d
b1 m
1n
1o
1`
0#
0x
b1 <
1-
#37420000
0-
b10001001 +
b10001001 5
02
b111010011101 3
#37425000
b11 ;
0>
0q
1M
0S
1T
b11 )
b11 7
1P
1?
b10 <
1-
#37430000
0-
0,
b10001101 +
b10001101 5
01
00
b111010011110 3
#37435000
b0 ;
1@
0?
1N
1Q
0O
b10 )
b10 7
0T
0L
0r
b11 <
1-
#37440000
0-
1,
b10011010 +
b10011010 5
12
b111010011111 3
#37445000
b1 ;
0M
1S
b0 )
b0 7
0P
0Q
0@
1=
0X
b0 <
1-
#37450000
0-
0,
b10110001 +
b10110001 5
10
1.
b111010100000 3
#37455000
b10 ;
1>
0=
0Y
0N
b1 )
b1 7
1T
0K
1L
b1 |
b1 d
b10 m
1a
1#
1x
b1 <
1-
#37460000
0-
b1011000 +
b1011000 5
11
b111010100001 3
#37465000
b11 ;
0>
0p
1M
1U
1R
1O
0J
1?
1X
b10 <
0_
b0 |
1-
#37470000
0-
b110111 +
b110111 5
02
0.
b111010100010 3
#37475000
b0 ;
0X
1@
0?
b11 )
b11 7
1P
0S
1K
b11 <
1-
#37480000
0-
b10010010 +
b10010010 5
01
12
1.
b111010100011 3
#37485000
b1 ;
1S
b10 )
b10 7
0T
0U
0O
1Q
1N
1J
0@
1=
b0 <
1-
#37490000
0-
1,
b1111111 +
b1111111 5
02
00
0.
b111010100100 3
#37495000
b100 l
b10 ;
1>
0=
0Q
0P
0R
b1 )
b1 7
1T
0S
0L
b10 d
b0 m
0n
0`
1b
b1 <
1-
#37500000
b100 l
0-
0,
b11010101 +
b11010101 5
11
12
10
b111010100101 3
#37505000
b11 ;
0>
1p
1L
0M
1S
b0 )
b0 7
0T
1O
0N
1?
b10 <
b100 s
0t
1-
#37510000
0-
b10111100 +
b10111100 5
02
00
1.
b111010100110 3
#37515000
b0 ;
1X
1@
0?
1P
b11 )
b11 7
1T
0S
1M
0L
b11 <
1-
#37520000
0-
1,
b10100100 +
b10100100 5
01
10
b111010100111 3
#37525000
b1 ;
1L
0M
b10 )
b10 7
0T
0O
1Q
1N
0@
1=
b0 <
1e
1-
#37530000
0-
b11010100 +
b11010100 5
b111010101000 3
#37535000
b10 ;
1>
0X
0=
0Q
b0 )
b0 7
0P
1M
0u
b11 d
b1 m
1n
0o
0a
1c
0#
0x
b1 <
1-
#37540000
0-
b11101111 +
b11101111 5
00
b111010101001 3
#37545000
b11 ;
0>
0p
0L
0N
1?
b10 <
1o
b0 m
b0 d
1-
#37550000
0-
b1001100 +
b1001100 5
12
10
0.
b111010101010 3
#37555000
b0 ;
1X
1@
0?
1S
0M
1L
b11 <
1-
#37560000
0-
b11001111 +
b11001111 5
02
b111010101011 3
#37565000
b1 ;
1M
0S
b1 )
b1 7
1T
0@
1=
b0 <
1-
#37570000
0-
b11110 +
b11110 5
12
1.
b111010101100 3
#37575000
b10 ;
1>
0=
1Y
b0 )
b0 7
0T
1S
0n
0b
0z
b1 <
1-
#37580000
0-
b11001 +
b11001 5
02
00
b111010101101 3
#37585000
b11 ;
0>
0L
0S
b1 )
b1 7
1T
1?
b10 <
1-
#37590000
0-
0,
b10100111 +
b10100111 5
11
12
b111010101110 3
#37595000
b0 ;
1@
0?
1O
b0 )
b0 7
0T
1S
0M
0e
b11 <
1-
#37600000
0-
b11001000 +
b11001000 5
02
10
0.
b111010101111 3
#37605000
b101 l
b1 ;
1L
0K
0S
1T
b11 )
b11 7
1P
0@
1=
b0 <
1-
#37610000
b101 l
0-
1,
b10001101 +
b10001101 5
01
00
1.
b111010110000 3
#37615000
b10 ;
1>
0W
0=
0J
1N
1Q
0O
b10 )
b10 7
0T
1M
0L
1e
0c
0{
1#
1x
b101 s
b1 <
1-
#37620000
0-
0,
b11000111 +
b11000111 5
11
12
10
b111010110001 3
#37625000
b11 ;
0>
1L
0M
1S
1O
b0 )
b0 7
0P
0Q
1?
0X
b10 <
0e
1-
#37630000
0-
1,
b11010111 +
b11010111 5
01
00
0.
b111010110010 3
#37635000
b0 ;
1@
0?
0N
1P
0O
b11 )
b11 7
1T
1M
0L
1e
b11 <
1-
#37640000
0-
b101011 +
b101011 5
10
b111010110011 3
#37645000
b0 l
b1 ;
1L
0M
1U
1R
b1 )
b1 7
0P
0@
1=
1X
b0 <
1-
#37650000
0-
b11111110 +
b11111110 5
00
b111010110100 3
#37655000
b1 l
1k
b10 ;
1>
0X
0=
0Y
1M
0L
1"
1y
b0 s
b1 <
1-
#37660000
0k
b0 l
0-
0,
b1010011 +
b1010011 5
10
1.
b111010110101 3
#37665000
b11 ;
0>
1F
1L
0M
1?
b10 <
0e
1-
#37670000
0-
b1001010 +
b1001010 5
11
02
b111010110110 3
#37675000
b0 ;
1@
0?
1O
0S
1M
b11 <
1-
#37680000
0-
b1101 +
b1101 5
12
b111010110111 3
#37685000
1K
1S
0T
0U
b10 )
b10 7
1P
0@
1=
b0 <
1-
#37690000
0-
b111100 +
b111100 5
01
00
0.
b111010111000 3
#37695000
b1 ;
1W
0=
1J
1N
1Q
0O
0R
b11 )
b11 7
1T
0L
1-
#37700000
0-
b111000 +
b111000 5
11
02
10
1.
b111010111001 3
#37705000
b10 ;
1>
1L
0M
0S
1U
1R
1O
b1 )
b1 7
0P
0Q
b1 <
1-
#37710000
b1 l
1k
0-
1,
b1001001 +
b1001001 5
01
b111010111010 3
#37715000
0k
b11 ;
0>
1?
0N
1P
0O
0U
b10 )
b10 7
0T
1M
b10000000 f
1t
1e
b1 s
b10 <
1-
#37720000
0-
0,
b11101100 +
b11101100 5
12
0.
b111010111011 3
#37725000
b0 ;
b10000000 g
1S
0R
b0 )
b0 7
0P
0?
1@
b11 <
0e
1-
#37730000
0-
1,
b10110101 +
b10110101 5
00
1.
b111010111100 3
#37735000
b1 ;
1X
1=
0@
b1 )
b1 7
1T
0L
b0 <
1-
#37740000
0-
b10111011 +
b10111011 5
11
02
10
0.
b111010111101 3
#37745000
b10 ;
1>
1L
0M
0S
1U
1R
1O
1Y
0=
b1 <
1u
1-
#37750000
0-
b11010011 +
b11010011 5
12
1.
b111010111110 3
#37755000
b11 ;
0>
0X
1?
1P
0U
b10 )
b10 7
0T
1S
1M
b10 <
1-
#37760000
0-
0,
b10 +
b10 5
02
0.
b111010111111 3
#37765000
b0 ;
0S
b11 )
b11 7
1T
0R
1Q
1N
0?
1@
b11 <
1-
#37770000
0-
1,
b1110111 +
b1110111 5
12
00
1.
b111011000000 3
#37775000
b1 ;
1=
0@
b10 )
b10 7
0T
1S
0L
b0 <
1-
#37780000
0-
0,
b11100101 +
b11100101 5
01
10
b111011000001 3
#37785000
b10 ;
1>
1L
0M
b11 )
b11 7
1T
0O
0Y
0=
b1 <
1z
b1 d
1-
#37790000
0-
1,
b11010101 +
b11010101 5
11
02
00
b111011000010 3
#37795000
b11 ;
0>
1?
0Q
b1 )
b1 7
0P
1O
1R
1U
0S
1M
0L
b10 <
1-
#37800000
0-
0,
b11110001 +
b11110001 5
b111011000011 3
#37805000
b0 ;
0M
0T
0U
b10 )
b10 7
1P
0N
0?
1@
b11 <
1-
#37810000
0-
1,
b10100011 +
b10100011 5
12
0.
b111011000100 3
#37815000
b1 A
1=
0@
1N
1Q
0R
1S
0K
b0 <
1-
#37820000
0-
0,
b11101001 +
b11101001 5
10
1.
b111011000101 3
#37825000
b1 ;
1L
b11 )
b11 7
1T
0J
0=
0W
b1 B
0"
0y
1{
0o
b10 d
1-
#37830000
0-
b11000010 +
b11000010 5
02
00
b111011000110 3
#37835000
b10 ;
1>
1R
1U
0S
1M
0L
0F
b1 <
1-
#37840000
0-
1,
b11011010 +
b11011010 5
01
12
b111011000111 3
#37845000
b11 ;
0>
0M
1S
b10 )
b10 7
0T
0U
0O
1?
b10 <
1-
#37850000
0-
b101110 +
b101110 5
0.
b111011001000 3
#37855000
b0 ;
1@
0?
0Q
0P
0R
b1 )
b1 7
1T
b11 <
1-
#37860000
0-
b11100010 +
b11100010 5
10
b111011001001 3
#37865000
b0 A
1\
b1 ;
1L
1U
1R
0N
0@
1=
b0 <
1-
#37870000
0-
b10001110 +
b10001110 5
11
b111011001010 3
#37875000
1'
b10 ;
1>
0\
0=
1O
1M
1[
b11 d
1o
0#
0x
b1 <
b0 B
1-
#37880000
0-
0,
b11001011 +
b11001011 5
01
00
b111011001011 3
#37885000
0'
b11 ;
0>
0[
0L
1K
0O
b11 )
b11 7
1P
1?
b10 <
1-
#37890000
0-
b10001 +
b10001 5
11
02
1.
b111011001100 3
#37895000
b0 ;
1@
0?
1J
b1 )
b1 7
0P
1O
0S
0M
b11 <
1-
#37900000
0-
1,
b11110011 +
b11110011 5
10
0.
b111011001101 3
#37905000
b1 ;
1L
0K
0T
0U
b10 )
b10 7
1P
0@
1=
b0 <
1-
#37910000
0-
0,
b110 +
b110 5
12
1.
b111011001110 3
#37915000
b10 ;
1>
0=
0J
1N
1Q
0R
1S
1M
b100 d
0o
1#
1x
b1 <
1-
#37920000
0-
b10001111 +
b10001111 5
01
0.
b111011001111 3
#37925000
b11 ;
0>
1K
b11 )
b11 7
1T
0O
1?
b10 <
1-
#37930000
0-
b11001101 +
b11001101 5
02
1.
b111011010000 3
#37935000
b0 ;
1@
0?
1J
0Q
b1 )
b1 7
0P
1R
1U
0S
b11 <
1-
#37940000
0-
b11001100 +
b11001100 5
00
0.
b111011010001 3
#37945000
b1 ;
0L
b0 )
b0 7
0T
0U
0N
0@
1=
b0 <
1-
#37950000
0-
b10001010 +
b10001010 5
12
b111011010010 3
#37955000
b10 ;
1>
1W
0=
0R
1S
0M
b1 |
b101 d
1o
0#
0x
b1 <
1-
#37960000
0-
b11100001 +
b11100001 5
11
02
1.
b111011010011 3
#37965000
b11 ;
0>
0K
0S
b1 )
b1 7
1T
1O
1?
1X
b10 <
1-
#37970000
0-
b1010100 +
b1010100 5
01
10
b111011010100 3
#37975000
b0 ;
1@
0?
0J
1P
0O
b10 )
b10 7
0T
1L
b0 |
b11 <
1-
#37980000
0-
1,
b10001010 +
b10001010 5
12
00
b111011010101 3
#37985000
b1 ;
0L
1M
1S
b0 )
b0 7
0P
0@
1=
b0 <
1-
#37990000
0-
0,
b100011 +
b100011 5
11
10
b111011010110 3
#37995000
b10 ;
1>
0W
0=
1Y
1O
b1 )
b1 7
1T
0M
1L
b1 |
b110 d
0o
1#
1x
b1 <
1-
#38000000
0-
b11111111 +
b11111111 5
02
00
0.
b111011010111 3
#38005000
b11 ;
0>
0L
1M
0S
1U
1R
b11 )
b11 7
1P
1?
b10 <
b0 |
1-
#38010000
0-
b1010101 +
b1010101 5
01
10
b111011011000 3
#38015000
b0 ;
0X
1@
0?
1N
1Q
0O
0U
b10 )
b10 7
0T
0M
1L
b11 <
1-
#38020000
0-
b11110011 +
b11110011 5
11
00
b111011011001 3
#38025000
b1 ;
0L
1M
0R
1O
b0 )
b0 7
0P
0Q
0@
1=
b0 <
1-
#38030000
0-
b0 +
b0 5
12
10
b111011011010 3
#38035000
b10 ;
1>
0=
0Y
0N
b10 )
b10 7
1P
1S
0M
1L
b1 |
b111 d
1o
0#
0x
b1 <
1-
#38040000
0-
b10010011 +
b10010011 5
01
02
00
1.
b111011011011 3
#38045000
b10 l
1i
1v
b11 ;
0>
1p
1q
0L
1M
0S
b11 )
b11 7
1T
0O
1Q
1N
1?
1X
b10 <
b0 |
1-
#38050000
0-
b11100101 +
b11100101 5
12
b111011011100 3
#38055000
0i
0v
b0 ;
0X
1@
0?
0Q
0P
b0 )
b0 7
0T
1S
0M
1r
1h
b10 s
b11 <
1-
#38060000
0-
b11110 +
b11110 5
10
0.
b111011011101 3
#38065000
b1 ;
0h
b11110 f
1L
b1 )
b1 7
1T
0N
0@
1=
b0 <
1-
#38070000
0-
b1001100 +
b1001100 5
02
00
1.
b111011011110 3
#38075000
b10 ;
1>
1X
0=
1Y
1R
1U
0S
1M
0L
b11110 g
b0 d
b1 m
1n
0o
1#
1x
b1 <
1-
#38080000
0-
b1110 +
b1110 5
11
10
b111011011111 3
#38085000
b11 ;
0>
0p
0q
1L
0M
b0 )
b0 7
0T
0U
1O
1?
0X
b10 <
1-
#38090000
0-
1,
b10000101 +
b10000101 5
0.
b111011100000 3
#38095000
b0 ;
1@
0?
b10 )
b10 7
1P
0R
1M
0r
b11 <
1-
#38100000
0-
0,
b1101111 +
b1101111 5
12
1.
b111011100001 3
#38105000
b1 ;
1K
1S
1Q
1N
0@
1=
1X
b0 <
1-
#38110000
0-
1,
b1101001 +
b1101001 5
01
02
b111011100010 3
#38115000
b10 ;
1>
0X
1W
0=
1J
0Y
0O
b11 )
b11 7
1T
0S
b1 d
b0 m
0n
0#
0x
1$
1w
b1 <
1-
#38120000
0-
0,
b1010010 +
b1010010 5
00
b111011100011 3
#38125000
b11 ;
0>
1p
0L
0T
b0 )
b0 7
0P
0Q
1?
b10 <
1-
#38130000
0-
b10001101 +
b10001101 5
12
b111011100100 3
#38135000
b0 ;
1@
0?
0N
1S
0M
b11 <
1-
#38140000
0-
b11111100 +
b11111100 5
10
b111011100101 3
#38145000
b1 ;
1L
0K
b1 )
b1 7
1T
0@
1=
1X
b0 <
1-
#38150000
0-
b10000111 +
b10000111 5
11
02
00
0.
b111011100110 3
#38155000
b10 ;
1>
0W
0=
0J
1Y
1O
1R
1U
0S
1M
0L
b10 d
b1 m
1n
1o
0$
0w
b1 <
1-
#38160000
0-
1,
b11000111 +
b11000111 5
12
1.
b111011100111 3
#38165000
b11 ;
0>
0M
1S
0T
0U
b10 )
b10 7
1P
1?
0X
b10 <
1-
#38170000
0-
0,
b11110100 +
b11110100 5
01
b111011101000 3
#38175000
b0 ;
1@
0?
1N
1Q
0O
0R
b11 )
b11 7
1T
b11 <
1-
#38180000
0-
b1001010 +
b1001010 5
11
10
0.
b111011101001 3
#38185000
b1 ;
1L
1U
1R
1O
b1 )
b1 7
0P
0Q
0@
1=
b0 <
1-
#38190000
0-
1,
b10011110 +
b10011110 5
1.
b111011101010 3
#38195000
b10 ;
1>
0=
0Y
0N
b11 )
b11 7
1P
1M
b11 d
b10 m
1#
1x
b1 <
1-
#38200000
0-
0,
b11001000 +
b11001000 5
01
00
0.
b111011101011 3
#38205000
b11 ;
0>
0L
1K
0O
1Q
1N
1?
b10 <
1-
#38210000
0-
b1111010 +
b1111010 5
11
02
10
1.
b111011101100 3
#38215000
b0 ;
1@
0?
1J
0Q
b1 )
b1 7
0P
1O
0S
0M
1L
b11 <
1-
#38220000
0-
1,
b1110000 +
b1110000 5
01
12
0.
b111011101101 3
#38225000
b1 ;
1M
1S
0T
0U
0O
b10 )
b10 7
1P
0N
0@
1=
b0 <
1-
#38230000
0-
b11001001 +
b11001001 5
11
02
1.
b111011101110 3
#38235000
b10 ;
1>
1W
0=
0P
1O
0R
b1 )
b1 7
1T
0S
b100 d
b11 m
b1 <
1-
#38240000
0-
b1111000 +
b1111000 5
12
00
0.
b111011101111 3
#38245000
b11 ;
0>
0L
1S
0T
b10 )
b10 7
1P
1?
1X
b10 <
1-
#38250000
0-
0,
b110000 +
b110000 5
01
02
1.
b111011110000 3
#38255000
b0 ;
1@
0?
1N
1Q
0O
b11 )
b11 7
1T
0S
0M
b11 <
1-
#38260000
0-
1,
b10011000 +
b10011000 5
12
b111011110001 3
#38265000
b1 ;
0K
1S
0T
b0 )
b0 7
0P
0Q
0@
1=
0X
b0 <
1-
#38270000
0-
0,
b11111011 +
b11111011 5
11
10
b111011110010 3
#38275000
b10 ;
1>
0W
0=
0J
0N
1O
b1 )
b1 7
1T
1L
b1 |
b101 d
b100 m
b1 <
1-
#38280000
0-
b11110001 +
b11110001 5
0.
b111011110011 3
#38285000
b11 ;
0>
0p
1M
1U
1R
b11 )
b11 7
1P
1?
1X
b10 <
b0 |
1-
#38290000
0-
b1100100 +
b1100100 5
02
b111011110100 3
#38295000
b0 ;
0X
1@
0?
1N
1Q
0S
1K
b11 <
1-
#38300000
0-
1,
b11100001 +
b11100001 5
12
b111011110101 3
#38305000
b1 ;
1S
b10 )
b10 7
0T
0U
1J
0@
1=
b0 <
1-
#38310000
0-
b11100 +
b11100 5
02
00
1.
b111011110110 3
#38315000
b10 ;
1>
1W
0=
0R
b11 )
b11 7
1T
0S
0L
b110 d
b0 m
0n
b1 <
1-
#38320000
0-
b11010110 +
b11010110 5
01
10
0.
b111011110111 3
#38325000
b11 ;
0>
1L
0M
b10 )
b10 7
0T
0O
1?
b10 <
1-
#38330000
0-
0,
b11100101 +
b11100101 5
11
12
b111011111000 3
#38335000
b0 ;
1@
0?
0Q
b0 )
b0 7
0P
1O
1S
1M
b11 <
1-
#38340000
0-
1,
b10011101 +
b10011101 5
02
00
b111011111001 3
#38345000
b1 ;
0L
0S
1T
b11 )
b11 7
1P
0N
0@
1=
b0 <
1-
#38350000
0-
0,
b1111110 +
b1111110 5
01
1.
b111011111010 3
#38355000
b10 ;
1>
1X
0=
1Y
1N
1Q
0O
b10 )
b10 7
0T
0M
b111 d
0o
b1 <
1-
#38360000
0-
1,
b1000010 +
b1000010 5
11
12
10
0.
b111011111011 3
#38365000
b11 l
1j
b11 ;
0>
1q
1L
0K
1S
1O
b0 )
b0 7
0P
0Q
1?
0X
b10 <
1-
#38370000
1j
b11 l
0-
0,
b10101111 +
b10101111 5
b111011111100 3
#38375000
0j
b0 ;
1@
0?
0J
0N
1P
b11 )
b11 7
1T
1M
1r
1_
b11 s
b11 <
1-
#38380000
0-
1,
b11110110 +
b11110110 5
02
b111011111101 3
#38385000
b1 ;
1K
0S
1U
1R
1Q
1N
0@
1=
1X
b0 <
1-
#38390000
0-
b10111001 +
b10111001 5
01
00
b111011111110 3
#38395000
b10 ;
1>
0X
0=
1J
0Y
0O
0U
b10 )
b10 7
0T
0L
b0 d
1o
1`
0#
0x
b1 <
1-
#38400000
0-
0,
b11011 +
b11011 5
10
b111011111111 3
#38405000
b11 ;
0>
0q
1L
0M
0R
b0 )
b0 7
0P
0Q
1?
b10 <
1-
#38410000
0-
1,
b11110100 +
b11110100 5
12
00
b111100000000 3
#38415000
b0 ;
1@
0?
0N
1S
1M
0L
0r
b11 <
1-
#38420000
0-
0,
b11101010 +
b11101010 5
1.
b111100000001 3
#38425000
b1 ;
0M
b1 )
b1 7
1T
0@
1=
1X
b0 <
1-
#38430000
0-
b11100100 +
b11100100 5
10
b111100000010 3
#38435000
b10 ;
1>
0=
1Y
1R
1U
0K
1L
b1 d
0o
1a
1#
1x
b1 <
1-
#38440000
0-
1,
b11000011 +
b11000011 5
11
02
00
0.
b111100000011 3
#38445000
b11 ;
0>
1p
0L
1M
0S
1O
0J
1?
0X
b10 <
0_
1-
#38450000
0-
0,
b10000110 +
b10000110 5
01
12
b111100000100 3
#38455000
b0 ;
1@
0?
1P
0O
0U
b10 )
b10 7
0T
1S
0M
b11 <
1-
#38460000
0-
1,
b10110001 +
b10110001 5
02
b111100000101 3
#38465000
b1 ;
0S
1T
0R
b1 )
b1 7
0P
0@
1=
b0 <
1-
#38470000
0-
0,
b101100 +
b101100 5
12
b111100000110 3
#38475000
b100 l
b10 ;
1>
1X
0W
0=
b0 )
b0 7
0T
1S
b10 d
b1 m
1n
1o
0`
1b
0#
0x
b1 <
1-
#38480000
b100 l
0-
1,
b100111 +
b100111 5
11
02
10
b111100000111 3
#38485000
b11 ;
0>
1L
0S
b1 )
b1 7
1T
1O
1?
b10 <
b100 s
0t
1-
#38490000
0-
0,
b10011100 +
b10011100 5
12
00
b111100001000 3
#38495000
b0 ;
1@
0?
1P
b10 )
b10 7
0T
1S
1M
0L
b11 <
1-
#38500000
0-
1,
b1111100 +
b1111100 5
01
02
10
b111100001001 3
#38505000
b1 ;
1L
0M
0S
b11 )
b11 7
1T
0O
1Q
1N
0@
1=
b0 <
1e
1-
#38510000
0-
0,
b11001101 +
b11001101 5
b111100001010 3
#38515000
b10 ;
1>
0X
0=
0Y
0Q
0P
b0 )
b0 7
0T
1M
0u
0e
b11 d
b10 m
0a
1c
1#
1x
1$
1w
b1 <
1-
#38520000
0-
1,
b110011 +
b110011 5
1.
b111100001011 3
#38525000
b11 ;
0>
0p
1K
0N
1?
b10 <
b0 m
b0 d
1e
1-
#38530000
0-
b11111111 +
b11111111 5
11
0.
b111100001100 3
#38535000
b0 ;
1X
1@
0?
1J
1O
b11 <
1-
#38540000
0-
b10010100 +
b10010100 5
00
b111100001101 3
#38545000
b1 ;
0L
b10 )
b10 7
1P
0@
1=
b0 <
1-
#38550000
0-
0,
b1110000 +
b1110000 5
12
b111100001110 3
#38555000
b10 ;
1>
1W
0=
1Y
1N
1Q
1S
0M
0e
0n
0b
0z
b1 <
1-
#38560000
0-
b10100000 +
b10100000 5
01
02
10
1.
b111100001111 3
#38565000
b11 ;
0>
1L
0K
0S
b11 )
b11 7
1T
0O
1?
0X
b10 <
1-
#38570000
0-
b10010001 +
b10010001 5
11
00
0.
b111100010000 3
#38575000
b0 ;
1@
0?
0J
0Q
0P
1O
b0 )
b0 7
0T
1M
0L
b11 <
1-
#38580000
0-
b11011111 +
b11011111 5
12
10
1.
b111100010001 3
#38585000
b101 l
b1 ;
1L
0M
1S
b10 )
b10 7
1P
0N
0@
1=
b0 <
1-
#38590000
0-
b11011100 +
b11011100 5
02
b111100010010 3
#38595000
b10 ;
1>
1X
0W
0=
1N
1Q
b11 )
b11 7
1T
0S
1M
0c
0{
0$
0w
b101 s
b1 <
1-
#38600000
0-
1,
b100110 +
b100110 5
00
b111100010011 3
#38605000
b11 ;
0>
0L
1K
b10 )
b10 7
0T
1?
0X
b10 <
1e
1-
#38610000
0-
0,
b111000 +
b111000 5
01
0.
b111100010100 3
#38615000
b0 ;
1@
0?
1J
0O
0M
0e
b11 <
1-
#38620000
0-
b10111101 +
b10111101 5
11
b111100010101 3
#38625000
b0 l
b1 ;
0K
1O
b0 )
b0 7
0P
0Q
0@
1=
b0 <
1-
#38630000
0-
b10101 +
b10101 5
01
12
b111100010110 3
#38635000
b10 ;
1>
0=
0J
0Y
0N
b10 )
b10 7
1P
0O
1S
b1 |
1"
1y
b0 s
b1 <
1-
#38640000
b1 l
1k
0-
1,
b1111 +
b1111 5
10
b111100010111 3
#38645000
b11 ;
0>
0k
b10000000 f
1F
1L
1T
b1 )
b1 7
0P
1?
1X
b10 <
b1 s
1e
1t
b0 |
1-
#38650000
0-
0,
b100011 +
b100011 5
02
b111100011000 3
#38655000
b0 ;
1@
0?
1R
1U
0S
1M
b10000000 g
0e
b11 <
1-
#38660000
0-
1,
b1001101 +
b1001101 5
11
00
1.
b111100011001 3
#38665000
0L
1K
b0 )
b0 7
0T
0U
1O
0@
1=
0X
b0 <
1-
#38670000
0-
0,
b11010011 +
b11010011 5
01
10
0.
b111100011010 3
#38675000
b1 ;
1W
0=
1J
b10 )
b10 7
1P
0O
0R
0M
1L
b1 |
1u
1-
#38680000
0-
b100101 +
b100101 5
11
1.
b111100011011 3
#38685000
b10 ;
1>
1M
1O
b0 )
b0 7
0P
1X
b1 <
b0 |
1-
#38690000
0-
1,
b1111010 +
b1111010 5
12
00
b111100011100 3
#38695000
b11 ;
0>
1?
b10 )
b10 7
1P
1S
0L
b10 <
1-
#38700000
0-
0,
b1000 +
b1000 5
10
b111100011101 3
#38705000
b0 ;
1L
0M
b11 )
b11 7
1T
1Q
1N
0?
1@
b11 <
1-
#38710000
0-
1,
b1011010 +
b1011010 5
01
02
00
0.
b111100011110 3
#38715000
b1 ;
0X
1=
0@
0O
1R
1U
0S
1M
0L
b0 <
1-
#38720000
0-
0,
b101 +
b101 5
11
12
10
b111100011111 3
#38725000
b10 ;
1>
1L
0M
1S
0T
0U
1O
b0 )
b0 7
0P
0Q
0=
b1 <
1z
b1 d
1-
#38730000
0-
1,
b1011101 +
b1011101 5
01
00
1.
b111100100000 3
#38735000
b11 ;
0>
1?
0N
1P
0O
0R
b11 )
b11 7
1T
1M
0L
b10 <
1-
#38740000
0-
b11001011 +
b11001011 5
10
b111100100001 3
#38745000
b0 ;
1L
0M
1U
1R
b1 )
b1 7
0P
0?
1@
1X
b11 <
1-
#38750000
0-
0,
b10110110 +
b10110110 5
11
02
00
0.
b111100100010 3
#38755000
b1 ;
0X
1=
0@
1O
0S
1M
0L
b0 <
1-
#38760000
0-
1,
b11001111 +
b11001111 5
12
1.
b111100100011 3
#38765000
b10 ;
1>
0M
1S
0T
0U
b10 )
b10 7
1P
0=
b1 <
0"
0y
1{
0o
b10 d
1-
#38770000
0-
0,
b1010110 +
b1010110 5
01
02
0.
b111100100100 3
#38775000
b11 ;
0>
1?
1N
1Q
0O
0R
b11 )
b11 7
1T
0S
0K
0F
b10 <
1-
#38780000
0-
b101110 +
b101110 5
12
10
1.
b111100100101 3
#38785000
b0 ;
1L
1S
0T
b0 )
b0 7
0P
0Q
0J
0?
1@
b11 <
1-
#38790000
0-
b1010001 +
b1010001 5
11
02
b111100100110 3
#38795000
b1 ;
1=
0@
0N
1O
b1 )
b1 7
1T
0S
1M
b0 <
1-
#38800000
0-
b111000 +
b111000 5
01
12
00
0.
b111100100111 3
#38805000
b10 ;
1>
0L
1K
1S
0T
0O
b10 )
b10 7
1P
1Y
0=
0W
1X
b1 <
0#
0x
1o
b11 d
1-
#38810000
0-
b11111 +
b11111 5
11
b111100101000 3
#38815000
b11 ;
0>
1?
1J
0P
1O
b1 )
b1 7
1T
0M
b10 <
1-
#38820000
0-
1,
b1001101 +
b1001101 5
01
10
b111100101001 3
#38825000
b0 ;
1L
0K
1U
1R
0O
b11 )
b11 7
1P
0?
1@
b11 <
1-
#38830000
0-
0,
b11101100 +
b11101100 5
02
00
b111100101010 3
#38835000
b1 ;
0X
1=
0@
0J
b1 )
b1 7
0P
0S
1M
0L
b0 <
1-
#38840000
0-
b11111001 +
b11111001 5
1.
b111100101011 3
#38845000
b10 ;
1>
0M
b0 )
b0 7
0T
0U
0Y
0=
b1 <
1#
1x
0o
b100 d
1-
#38850000
0-
1,
b11001001 +
b11001001 5
11
b111100101100 3
#38855000
b11 ;
0>
1?
1O
0R
b10 <
1-
#38860000
0-
b11100101 +
b11100101 5
01
b111100101101 3
#38865000
b0 ;
0O
b10 )
b10 7
1P
0?
1@
1X
b11 <
1-
#38870000
0-
b11111100 +
b11111100 5
b111100101110 3
#38875000
b1 ;
1=
0@
b0 )
b0 7
0P
b0 <
1-
#38880000
0-
b10100011 +
b10100011 5
11
12
10
0.
b111100101111 3
#38885000
b10 ;
1>
1L
1S
1O
1Y
0=
b1 <
0#
0x
1o
b101 d
b1 |
1-
#38890000
0-
b1000111 +
b1000111 5
02
b111100110000 3
#38895000
b11 ;
0>
1?
1P
b11 )
b11 7
1T
0S
1M
b10 <
1-
#38900000
0-
0,
b11010110 +
b11010110 5
00
b111100110001 3
#38905000
b0 ;
0L
1K
b10 )
b10 7
0T
1Q
1N
0?
1@
b11 <
b0 |
1-
#38910000
0-
1,
b1011101 +
b1011101 5
1.
b111100110010 3
#38915000
b1 ;
0X
1=
0@
1J
0M
b0 <
1-
#38920000
0-
0,
b11001101 +
b11001101 5
10
b111100110011 3
#38925000
b10 ;
1>
1L
0K
0Y
0=
1W
b1 <
1#
1x
0o
b110 d
1-
#38930000
0-
1,
b1010111 +
b1010111 5
12
b111100110100 3
#38935000
b11 ;
0>
1?
0J
1S
1M
b10 <
1-
#38940000
0-
0,
b11 +
b11 5
01
02
00
b111100110101 3
#38945000
b0 ;
0L
1K
0S
b11 )
b11 7
1T
0O
0?
1@
b11 <
1-
#38950000
0-
1,
b1101111 +
b1101111 5
11
12
10
b111100110110 3
#38955000
b1 ;
1=
0@
1J
0Q
0P
1O
b0 )
b0 7
0T
1S
0M
1L
b0 <
1-
#38960000
0-
0,
b10100110 +
b10100110 5
00
b111100110111 3
#38965000
b10 ;
1>
0L
1M
1T
b11 )
b11 7
1P
0N
0=
b1 <
1$
1w
0#
0x
1o
b111 d
b1 |
1-
#38970000
0-
b11001010 +
b11001010 5
01
02
0.
b111100111000 3
#38975000
b10 l
1i
1v
b11 ;
0>
1X
1?
1N
1Q
0O
1R
1U
0S
0M
1q
1p
b0 |
b10 <
1-
#38980000
0-
b10010101 +
b10010101 5
11
b111100111001 3
#38985000
b0 ;
0i
0v
1h
1r
0K
0T
0U
1O
b0 )
b0 7
0P
0Q
0?
1@
0X
b11 <
b10 s
1-
#38990000
0-
1,
b10010000 +
b10010000 5
01
10
1.
b111100111010 3
#38995000
b1 ;
1=
0@
0J
0N
b10 )
b10 7
1P
0O
0R
1L
b10010000 f
0h
b0 <
1-
#39000000
0-
0,
b11101001 +
b11101001 5
00
0.
b111100111011 3
#39005000
b10 ;
1>
b10010000 g
0L
1M
b0 )
b0 7
0P
1Y
0=
0W
1X
b1 <
0$
0w
1#
1x
0o
1n
b1 m
b0 d
1-
#39010000
0-
b101110 +
b101110 5
12
10
b111100111100 3
#39015000
b11 ;
0>
1?
1S
0M
1L
0q
0p
b10 <
1-
#39020000
0-
1,
b10011001 +
b10011001 5
11
02
1.
b111100111101 3
#39025000
b0 ;
0r
1M
0S
b1 )
b1 7
1T
1O
0?
1@
b11 <
1-
#39030000
0-
0,
b11110001 +
b11110001 5
01
b111100111110 3
#39035000
b1 ;
1=
0@
1P
0O
b10 )
b10 7
0T
1K
b0 <
1-
#39040000
0-
1,
b101001 +
b101001 5
11
12
00
0.
b111100111111 3
#39045000
b10 ;
1>
0L
1S
1O
b0 )
b0 7
0P
1J
0=
1W
b1 <
0#
0x
0n
b0 m
b1 d
1-
#39050000
0-
0,
b11010110 +
b11010110 5
01
b111101000000 3
#39055000
b11 ;
0>
1?
1P
0O
b11 )
b11 7
1T
0M
b10 <
1-
#39060000
0-
1,
b101 +
b101 5
10
1.
b111101000001 3
#39065000
b0 ;
1L
0K
1U
1R
b1 )
b1 7
0P
0?
1@
b11 <
1-
#39070000
0-
b11010001 +
b11010001 5
0.
b111101000010 3
#39075000
b1 ;
0X
1=
0@
0J
1M
b0 <
1-
#39080000
0-
0,
b10000100 +
b10000100 5
11
02
1.
b111101000011 3
#39085000
b10 ;
1>
1K
0S
1O
0Y
0=
0W
b1 <
1$
1w
1o
b10 d
1-
#39090000
0-
b1000110 +
b1000110 5
01
b111101000100 3
#39095000
b11 ;
0>
1?
1J
1P
0O
0U
b10 )
b10 7
0T
b10 <
1-
#39100000
0-
1,
b10110 +
b10110 5
11
00
0.
b111101000101 3
#39105000
b0 ;
0L
0R
1O
b0 )
b0 7
0P
0?
1@
b11 <
1-
#39110000
0-
b11000 +
b11000 5
12
10
1.
b111101000110 3
#39115000
b1 ;
1X
1=
0@
b10 )
b10 7
1P
1S
0M
1L
b0 <
1-
#39120000
0-
0,
b10110110 +
b10110110 5
01
02
b111101000111 3
#39125000
b10 ;
1>
1M
0S
b11 )
b11 7
1T
0O
1Q
1N
1Y
0=
1W
b1 <
0$
0w
1#
1x
0o
b11 d
1-
#39130000
0-
1,
b11110110 +
b11110110 5
12
0.
b111101001000 3
#39135000
b11 ;
0>
0X
1?
0Q
0P
b0 )
b0 7
0T
1S
b10 <
1-
#39140000
0-
b10010 +
b10010 5
1.
b111101001001 3
#39145000
b0 ;
b1 )
b1 7
1T
0N
0?
1@
b11 <
1-
#39150000
0-
0,
b1001100 +
b1001100 5
0.
b111101001010 3
#39155000
b1 ;
1X
1=
0@
1R
1U
b0 <
1-
#39160000
0-
b10000111 +
b10000111 5
00
1.
b111101001011 3
#39165000
b10 ;
1>
0L
0Y
0=
0X
b1 <
1$
1w
0#
0x
1o
b100 d
1-
#39170000
0-
1,
b10000001 +
b10000001 5
b111101001100 3
#39175000
b11 ;
0>
1?
0M
1p
b10 <
1-
#39180000
0-
b1100111 +
b1100111 5
b111101001101 3
#39185000
b0 ;
0K
0?
1@
b11 <
1-
#39190000
0-
0,
b11101101 +
b11101101 5
02
b111101001110 3
#39195000
b1 ;
1=
0@
0J
0S
b0 <
1-
#39200000
0-
b10011110 +
b10011110 5
10
b111101001111 3
#39205000
b10 ;
1>
1L
b0 )
b0 7
0T
0U
0=
0W
b1 <
0$
0w
1#
1x
0o
1n
b1 m
b101 d
1-
#39210000
0-
b101011 +
b101011 5
00
b111101010000 3
#39215000
b11 ;
0>
1?
0R
1M
0L
0p
b10 <
1-
#39220000
0-
b110010 +
b110010 5
11
12
b111101010001 3
#39225000
b0 ;
0M
1S
1O
0?
1@
1X
b11 <
1-
#39230000
0-
b101101 +
b101101 5
10
b111101010010 3
#39235000
b1 ;
1=
0@
1P
b11 )
b11 7
1T
1L
b0 <
1-
#39240000
0-
1,
b10110010 +
b10110010 5
02
b111101010011 3
#39245000
b10 ;
1>
1M
0S
1U
1R
1Q
1N
1Y
0=
b1 <
1$
1w
0#
0x
0n
b0 m
b110 d
1-
#39250000
0-
0,
b11001010 +
b11001010 5
01
b111101010100 3
#39255000
b11 ;
0>
0X
1?
0O
0U
b10 )
b10 7
0T
1K
b10 <
1-
#39260000
0-
b10111 +
b10111 5
12
0.
b111101010101 3
#39265000
b0 ;
1S
0R
b0 )
b0 7
0P
0Q
1J
0?
1@
b11 <
1-
#39270000
0-
1,
b1010 +
b1010 5
11
00
b111101010110 3
#39275000
b1 ;
1=
0@
0N
1O
b1 )
b1 7
1T
0L
b0 <
1-
#39280000
0-
b11001 +
b11001 5
02
10
1.
b111101010111 3
#39285000
b10 ;
1>
1L
0M
0S
1U
1R
b11 )
b11 7
1P
0=
1W
1X
b1 <
1o
b111 d
1-
#39290000
0-
0,
b10000 +
b10000 5
01
b111101011000 3
#39295000
b11 l
1j
b11 ;
0>
0X
1?
1N
1Q
0O
0U
b10 )
b10 7
0T
1M
1q
1p
b10 <
1-
#39300000
0-
b10001010 +
b10001010 5
11
12
00
b111101011001 3
#39305000
b0 ;
0j
1r
0L
1S
0R
1O
b0 )
b0 7
0P
0Q
0?
1@
b11 <
b11 s
1_
1-
#39310000
0-
1,
b11000101 +
b11000101 5
01
10
0.
b111101011010 3
#39315000
b1 ;
1=
0@
0N
1P
0O
b11 )
b11 7
1T
0M
1L
b0 <
1-
#39320000
0-
0,
b10111011 +
b10111011 5
b111101011011 3
#39325000
b10 ;
1>
1M
1U
1R
b1 )
b1 7
0P
0=
1X
b1 <
0$
0w
1#
1x
1`
0o
1n
b1 m
b0 d
1-
#39330000
0-
b110100 +
b110100 5
11
02
00
b111101011100 3
#39335000
b11 ;
0>
0X
1?
1O
0S
0L
0q
0p
b10 <
1-
#39340000
0-
1,
b1101101 +
b1101101 5
10
1.
b111101011101 3
#39345000
b0 ;
0r
1L
0M
0T
0U
b10 )
b10 7
1P
0?
1@
b11 <
1-
#39350000
0-
b10111100 +
b10111100 5
b111101011110 3
#39355000
b1 ;
1=
0@
1N
1Q
0R
1M
b0 <
1-
#39360000
0-
0,
b1100011 +
b1100011 5
01
00
b111101011111 3
#39365000
b10 ;
1>
0L
0O
0Y
0=
b1 <
1$
1w
0#
0x
1a
0n
b0 m
b1 d
1-
#39370000
0-
1,
b11111011 +
b11111011 5
11
12
10
0.
b111101100000 3
#39375000
b11 ;
0>
1?
0Q
b0 )
b0 7
0P
1O
1S
0M
1L
0_
b10 <
1-
#39380000
0-
0,
b1110 +
b1110 5
b111101100001 3
#39385000
b0 ;
1M
1T
b11 )
b11 7
1P
0N
0?
1@
b11 <
1-
#39390000
0-
b10100100 +
b10100100 5
01
02
00
b111101100010 3
#39395000
b1 ;
1X
1=
0@
1N
1Q
0O
1R
1U
0S
0L
b0 <
1-
#39400000
0-
1,
b1101101 +
b1101101 5
10
1.
b111101100011 3
#39405000
b10 ;
1>
b100 l
1L
0M
0T
0U
b0 )
b0 7
0P
0Q
0=
0X
b1 <
1b
0`
1o
b10 d
1-
#39410000
0-
b11110 +
b11110 5
11
00
0.
b111101100100 3
#39415000
b11 ;
0>
1?
0N
1O
0R
1M
0L
0t
b100 s
b10 <
1-
#39420000
0-
0,
b10001111 +
b10001111 5
10
b111101100101 3
#39425000
b0 ;
1L
0M
b10 )
b10 7
1P
0?
1@
1X
b11 <
1-
#39430000
0-
b100000 +
b100000 5
01
00
1.
b111101100110 3
#39435000
b1 ;
1=
0@
1N
1Q
0O
1M
0L
b0 <
1-
#39440000
0-
b11011100 +
b11011100 5
11
b111101100111 3
#39445000
b10 ;
1>
0M
1O
b0 )
b0 7
0P
0Q
0=
0X
b1 <
0$
0w
1c
0a
0o
b11 d
0u
1-
#39450000
0-
1,
b11010 +
b11010 5
01
10
0.
b111101101000 3
#39455000
b11 ;
0>
1?
0N
b10 )
b10 7
1P
0O
0K
1L
1e
b0 d
1o
b10 <
1-
#39460000
0-
b10011110 +
b10011110 5
11
12
00
b111101101001 3
#39465000
b0 ;
0L
1M
1S
1O
b0 )
b0 7
0P
0J
0?
1@
1X
b11 <
1-
#39470000
0-
0,
b10111011 +
b10111011 5
02
10
b111101101010 3
#39475000
b1 ;
1=
0@
1P
b11 )
b11 7
1T
0S
0M
1L
0e
b0 <
1-
#39480000
0-
1,
b11001000 +
b11001000 5
12
00
b111101101011 3
#39485000
b10 ;
1>
0L
1M
1S
b10 )
b10 7
0T
1Q
1N
1Y
0=
0W
b1 <
1$
1w
1#
1x
0z
0b
1e
1-
#39490000
0-
b1010000 +
b1010000 5
01
02
b111101101100 3
#39495000
b11 ;
0>
0X
1?
0O
b11 )
b11 7
1T
0S
0M
b10 <
1-
#39500000
0-
b10011111 +
b10011111 5
11
12
1.
b111101101101 3
#39505000
b0 ;
1S
0T
1O
b0 )
b0 7
0P
0Q
0?
1@
b11 <
1-
#39510000
0-
b1000011 +
b1000011 5
02
b111101101110 3
#39515000
b101 l
b1 ;
1=
0@
0N
1P
b11 )
b11 7
1T
0S
b0 <
1-
#39520000
0-
b101110 +
b101110 5
12
0.
b111101101111 3
#39525000
b10 ;
1>
1S
b10 )
b10 7
0T
1Q
1N
0=
1X
b1 <
b101 s
0$
0w
0{
0c
1-
#39530000
0-
0,
b10010101 +
b10010101 5
01
02
10
1.
b111101110000 3
#39535000
b11 ;
0>
0X
1?
0O
b11 )
b11 7
1T
0S
1L
0e
b10 <
1-
#39540000
0-
b100110 +
b100110 5
11
12
00
b111101110001 3
#39545000
b0 ;
0L
1M
1S
0T
1O
b0 )
b0 7
0P
0Q
0?
1@
b11 <
1-
#39550000
0-
b1111111 +
b1111111 5
01
b111101110010 3
#39555000
b0 l
b1 ;
1=
0@
0N
1P
0O
b11 )
b11 7
1T
0M
b0 <
1-
#39560000
0-
b100010 +
b100010 5
11
10
0.
b111101110011 3
#39565000
b10 ;
1>
1L
1U
1R
1O
b1 )
b1 7
0P
0=
1X
b1 <
b0 s
1"
1y
1-
#39570000
b1 l
1k
0-
1,
b11001 +
b11001 5
01
02
b111101110100 3
#39575000
0k
b11 ;
0>
0X
1?
b11 )
b11 7
1P
0O
0S
1M
1F
b10000000 f
1t
1e
b1 s
b10 <
1-
#39580000
0-
0,
b11011101 +
b11011101 5
11
12
b111101110101 3
#39585000
b0 ;
b10000000 g
1K
1S
0T
0U
1O
b0 )
b0 7
0P
0?
1@
b11 <
0e
1-
#39590000
0-
b1000111 +
b1000111 5
02
00
1.
b111101110110 3
#39595000
b1 ;
1=
0@
1J
1P
0R
b11 )
b11 7
1T
0S
0L
b0 <
1-
#39600000
0-
1,
b1100011 +
b1100011 5
01
12
10
0.
b111101110111 3
#39605000
b10 ;
1>
1L
0M
1S
b10 )
b10 7
0T
0O
1Q
1N
0=
1W
1X
b1 <
1u
1-
#39610000
0-
b10101111 +
b10101111 5
11
02
00
1.
b111101111000 3
#39615000
b11 ;
0>
0X
1?
0Q
0P
1O
b1 )
b1 7
1T
0S
1M
0L
b10 <
1-
#39620000
0-
b11000010 +
b11000010 5
12
10
b111101111001 3
#39625000
b0 ;
1L
0M
1S
0T
b10 )
b10 7
1P
0N
0?
1@
b11 <
1-
#39630000
0-
b11 +
b11 5
02
00
b111101111010 3
#39635000
b1 ;
1X
1=
0@
1N
1Q
b11 )
b11 7
1T
0S
1M
0L
b0 <
1-
#39640000
0-
0,
b1000111 +
b1000111 5
12
10
b111101111011 3
#39645000
b10 ;
1>
1L
0M
1S
b10 )
b10 7
0T
0Y
0=
0X
b1 <
1z
b1 d
1-
#39650000
0-
b1110101 +
b1110101 5
01
00
b111101111100 3
#39655000
b11 ;
0>
1?
0O
b11 )
b11 7
1T
1M
0L
b10 <
1-
#39660000
0-
1,
b11001001 +
b11001001 5
b111101111101 3
#39665000
b0 ;
0M
1U
1R
b1 )
b1 7
0P
0Q
0?
1@
b11 <
1-
#39670000
0-
b1111110 +
b1111110 5
11
02
0.
b111101111110 3
#39675000
1=
0@
0N
1O
0S
0K
b0 <
1-
#39680000
0-
b1111 +
b1111 5
10
b111101111111 3
#39685000
b1 ;
1L
0T
0U
b10 )
b10 7
1P
0J
0=
0W
0"
0y
1{
0o
b10 d
1-
#39690000
0-
b11100001 +
b11100001 5
00
b111110000000 3
#39695000
b10 ;
1>
1N
1Q
0R
1M
0L
0F
b1 <
1-
#39700000
0-
0,
b11011011 +
b11011011 5
12
10
b111110000001 3
#39705000
b11 ;
0>
1L
0M
1S
1?
b10 <
1-
#39710000
0-
b100000 +
b100000 5
02
00
b111110000010 3
#39715000
b0 ;
1@
0?
b11 )
b11 7
1T
0S
1M
0L
b11 <
1-
#39720000
0-
1,
b10010111 +
b10010111 5
12
10
b111110000011 3
#39725000
b1 ;
1L
0M
1S
b10 )
b10 7
0T
0@
1=
b0 <
1-
#39730000
0-
b100111 +
b100111 5
02
b111110000100 3
#39735000
b10 ;
1>
0=
b11 )
b11 7
1T
0S
1M
b11 d
1o
0#
0x
b1 <
1-
#39740000
0-
0,
b111100 +
b111100 5
01
12
b111110000101 3
#39745000
b11 ;
0>
1K
1S
b10 )
b10 7
0T
0O
1?
b10 <
1-
#39750000
0-
b10001010 +
b10001010 5
02
00
b111110000110 3
#39755000
b0 ;
1@
0?
1J
0Q
0P
b1 )
b1 7
1T
0S
0L
b11 <
1-
#39760000
0-
1,
b1101001 +
b1101001 5
10
1.
b111110000111 3
#39765000
b1 ;
1L
0M
b0 )
b0 7
0T
0N
0@
1=
b0 <
1-
#39770000
0-
0,
b10 +
b10 5
12
00
b111110001000 3
#39775000
b10 ;
1>
1X
1W
0=
1Y
1S
1M
0L
b1 |
b100 d
0o
1#
1x
b1 <
1-
#39780000
0-
1,
b1000110 +
b1000110 5
b111110001001 3
#39785000
b11 ;
0>
0M
b1 )
b1 7
1T
1?
b10 <
1-
#39790000
0-
b10001100 +
b10001100 5
10
b111110001010 3
#39795000
b0 ;
1@
0?
1R
1U
0K
1L
b0 |
b11 <
1-
#39800000
0-
b101010 +
b101010 5
11
02
00
0.
b111110001011 3
#39805000
b1 ;
0L
1M
0S
1O
0J
0@
1=
0X
b0 <
1-
#39810000
0-
0,
b11011101 +
b11011101 5
10
1.
b111110001100 3
#39815000
b10 ;
1>
0W
0=
0Y
1P
0U
b10 )
b10 7
0T
0M
1L
b101 d
1o
0#
0x
1$
1w
b1 <
1-
#39820000
0-
1,
b10010000 +
b10010000 5
12
00
0.
b111110001101 3
#39825000
b11 ;
0>
0L
1M
1S
0R
1Q
1N
1?
b10 <
1-
#39830000
0-
b10000000 +
b10000000 5
01
10
b111110001110 3
#39835000
b0 ;
1@
0?
0O
b11 )
b11 7
1T
0M
1L
b11 <
1-
#39840000
0-
0,
b1101110 +
b1101110 5
b111110001111 3
#39845000
b1 ;
1M
1U
1R
b1 )
b1 7
0P
0Q
0@
1=
b0 <
1-
#39850000
0-
1,
b1011110 +
b1011110 5
00
1.
b111110010000 3
#39855000
b10 ;
1>
0=
0N
1K
0L
b110 d
0o
1#
1x
0$
0w
b1 <
1-
#39860000
0-
b1101000 +
b1101000 5
11
10
0.
b111110010001 3
#39865000
b11 ;
0>
1L
0M
1O
1J
1?
b10 <
1-
#39870000
0-
b1 +
b1 5
01
00
1.
b111110010010 3
#39875000
b0 ;
1@
0?
b11 )
b11 7
1P
0O
1M
0L
b11 <
1-
#39880000
0-
0,
b11101010 +
b11101010 5
02
b111110010011 3
#39885000
b1 ;
0M
0S
b1 )
b1 7
0P
0@
1=
b0 <
1-
#39890000
0-
b1001110 +
b1001110 5
b111110010100 3
#39895000
b10 ;
1>
1W
0=
0U
b0 )
b0 7
0T
0K
b111 d
1o
0#
0x
1$
1w
b1 <
1-
#39900000
0-
1,
b10111010 +
b10111010 5
11
12
10
0.
b111110010101 3
#39905000
b10 l
1i
1v
b11 ;
0>
1p
1q
1L
1S
0R
1O
0J
1?
b10 <
1-
#39910000
1i
1v
b10 l
0-
0,
b111 +
b111 5
01
02
b111110010110 3
#39915000
0i
0v
b0 ;
1X
1@
0?
1P
0O
b11 )
b11 7
1T
0S
1M
1r
1h
b10 s
b11 <
1-
#39920000
0-
b1 +
b1 5
12
b111110010111 3
#39925000
b1 ;
0h
b1 f
1K
1S
0T
b0 )
b0 7
0P
0@
1=
b0 <
1-
#39930000
0-
1,
b11011110 +
b11011110 5
02
1.
b111110011000 3
#39935000
b10 ;
1>
0=
1J
1Y
b1 )
b1 7
1T
0S
b1 g
b1 |
b0 d
b1 m
1n
0o
1#
1x
0$
0w
b1 <
1-
#39940000
0-
b1010000 +
b1010000 5
11
12
00
b111110011001 3
#39945000
b11 ;
0>
0q
0L
1S
b0 )
b0 7
0T
1O
1?
b10 <
b0 |
1-
#39950000
0-
b1011011 +
b1011011 5
02
0.
b111110011010 3
#39955000
b0 ;
1@
0?
1P
b11 )
b11 7
1T
0S
0M
0r
b11 <
1-
#39960000
0-
b10111001 +
b10111001 5
01
12
10
b111110011011 3
#39965000
b1 ;
1L
0K
1S
b10 )
b10 7
0T
0O
1Q
1N
0@
1=
b0 <
1-
#39970000
0-
0,
b1011001 +
b1011001 5
11
00
1.
b111110011100 3
#39975000
b10 ;
1>
0X
0W
0=
0J
0Y
0Q
0P
1O
b1 )
b1 7
1T
1M
0L
b1 d
b10 m
0#
0x
1$
1w
b1 <
1-
#39980000
0-
b1110000 +
b1110000 5
02
10
0.
b111110011101 3
#39985000
b11 ;
0>
0p
1L
0M
0S
1U
1R
b11 )
b11 7
1P
0N
1?
b10 <
1-
#39990000
0-
1,
b1110110 +
b1110110 5
12
00
b111110011110 3
#39995000
b0 ;
1@
0?
1N
1Q
0U
b10 )
b10 7
0T
1S
1M
0L
b11 <
1-
#40000000
0-
b1010 +
b1010 5
02
10
b111110011111 3
#40005000
b1 ;
1L
0M
0S
b11 )
b11 7
1T
0R
0@
1=
b0 <
1-
#40010000
0-
b111110100000 3
