$date
	Wed Apr 09 14:42:54 2025
$end
$version
	Icarus Verilog
$end
$timescale
	1ps
$end
$scope module AES_T1000_tb $end
$var wire 64 ! Capacitance [63:0] $end
$var reg 1 " clk $end
$var reg 128 # key [127:0] $end
$var reg 1 $ rst $end
$var reg 128 % state [127:0] $end
$var integer 32 & i [31:0] $end
$scope module uut $end
$var wire 64 ' Capacitance [63:0] $end
$var wire 1 " clk $end
$var wire 20 ( counter [19:0] $end
$var wire 1 ) d0 $end
$var wire 128 * data [127:0] $end
$var wire 128 + key [127:0] $end
$var wire 1 $ rst $end
$var wire 128 , state [127:0] $end
$var wire 1 - lfsr $end
$var reg 1 . Tj_Trig $end
$var reg 20 / lfsr_stream [19:0] $end
$var reg 64 0 load [63:0] $end
$upscope $end
$upscope $end
$enddefinitions $end
$comment Show the parameter values. $end
$dumpall
$end
#0
$dumpvars
bx 0
bx /
0.
x-
b0 ,
b0 +
b0 *
x)
bx (
bx '
bx &
b0 %
1$
b0 #
0"
bx !
$end
#5000
0)
0-
b0 (
b0 /
1"
#10000
0"
b11111111111111111111111111111111111111111111111111111111111111111111111111111111111111111111111111000000100010010101111010000001 #
b11111111111111111111111111111111111111111111111111111111111111111111111111111111111111111111111111000000100010010101111010000001 +
b10010000101010011010100100100 *
b10010000101010011010100100100 %
b10010000101010011010100100100 ,
b0 &
0$
#15000
b1111111100000000000000000000000000000000000000000000000011111111 !
b1111111100000000000000000000000000000000000000000000000011111111 '
b1111111100000000000000000000000000000000000000000000000011111111 0
1"
#20000
0"
b11111111111111111111111111111111111111111111111111111111111111111111111111111111111111111111111110110001111100000101011001100011 #
b11111111111111111111111111111111111111111111111111111111111111111111111111111111111111111111111110110001111100000101011001100011 +
b11111111111111111111111111111111111111111111111111111111111111111111111111111111111111111111111110000100100001001101011000001001 *
b11111111111111111111111111111111111111111111111111111111111111111111111111111111111111111111111110000100100001001101011000001001 %
b11111111111111111111111111111111111111111111111111111111111111111111111111111111111111111111111110000100100001001101011000001001 ,
b1 &
#25000
b11111111111111110000000000000000000000001111111111111111 !
b11111111111111110000000000000000000000001111111111111111 '
b11111111111111110000000000000000000000001111111111111111 0
1"
#30000
0"
b1000110110111111001100110001101 #
b1000110110111111001100110001101 +
b110101110010111101100001101 *
b110101110010111101100001101 %
b110101110010111101100001101 ,
b10 &
#35000
b1111111100000000000000000000000011111111111111110000000011111111 !
b1111111100000000000000000000000011111111111111110000000011111111 '
b1111111100000000000000000000000011111111111111110000000011111111 0
1"
#40000
0"
b11111111111111111111111111111111111111111111111111111111111111111111111111111111111111111111111110001001001101110101001000010010 #
b11111111111111111111111111111111111111111111111111111111111111111111111111111111111111111111111110001001001101110101001000010010 +
b11111111111111111111111111111111111111111111111111111111111111111111111111111111111111111111111110110010110000101000010001100101 *
b11111111111111111111111111111111111111111111111111111111111111111111111111111111111111111111111110110010110000101000010001100101 %
b11111111111111111111111111111111111111111111111111111111111111111111111111111111111111111111111110110010110000101000010001100101 ,
b11 &
#45000
b1111111100000000000000001111111100000000 !
b1111111100000000000000001111111100000000 '
b1111111100000000000000001111111100000000 0
1"
#50000
0"
b110110101111100110100001101 #
b110110101111100110100001101 +
b111100111110001100000001 *
b111100111110001100000001 %
b111100111110001100000001 ,
b100 &
#55000
b11111111111111110000000011111111 !
b11111111111111110000000011111111 '
b11111111111111110000000011111111 0
1"
#60000
0"
b11110100011011100110100111101 #
b11110100011011100110100111101 +
b111011001000111111000101110110 *
b111011001000111111000101110110 %
b111011001000111111000101110110 ,
b101 &
#65000
b111111111111111111111111111111110000000011111111 !
b111111111111111111111111111111110000000011111111 '
b111111111111111111111111111111110000000011111111 0
1"
#70000
0"
b1000110001011011111011110001100 #
b1000110001011011111011110001100 +
b1110110110101000101011111101101 *
b1110110110101000101011111101101 %
b1110110110101000101011111101101 ,
b110 &
#75000
b1111111100000000000000000000000011111111111111110000000000000000 !
b1111111100000000000000000000000011111111111111110000000000000000 '
b1111111100000000000000000000000011111111111111110000000000000000 0
1"
#80000
0"
b11111111111111111111111111111111111111111111111111111111111111111111111111111111111111111111111111100011001101110010010011000110 #
b11111111111111111111111111111111111111111111111111111111111111111111111111111111111111111111111111100011001101110010010011000110 +
b1111100111111011110100111111001 *
b1111100111111011110100111111001 %
b1111100111111011110100111111001 ,
b111 &
#85000
b1111111111111111000000000000000000000000111111111111111100000000 !
b1111111111111111000000000000000000000000111111111111111100000000 '
b1111111111111111000000000000000000000000111111111111111100000000 0
1"
#90000
0"
b11111111111111111111111111111111111111111111111111111111111111111111111111111111111111111111111111010101000100111101001010101010 #
b11111111111111111111111111111111111111111111111111111111111111111111111111111111111111111111111111010101000100111101001010101010 +
b11111111111111111111111111111111111111111111111111111111111111111111111111111111111111111111111111100010111101111000010011000101 *
b11111111111111111111111111111111111111111111111111111111111111111111111111111111111111111111111111100010111101111000010011000101 %
b11111111111111111111111111111111111111111111111111111111111111111111111111111111111111111111111111100010111101111000010011000101 ,
b1000 &
#95000
b1111111100000000111111110000000011111111000000001111111100000000 !
b1111111100000000111111110000000011111111000000001111111100000000 '
b1111111100000000111111110000000011111111000000001111111100000000 0
1"
#100000
0"
b11111111111111111111111111111111111111111111111111111111111111111111111111111111111111111111111110111011110100100111001001110111 #
b11111111111111111111111111111111111111111111111111111111111111111111111111111111111111111111111110111011110100100111001001110111 +
b1110010101011111111011111100101 *
b1110010101011111111011111100101 %
b1110010101011111111011111100101 ,
b1001 &
#105000
b11111111111111111111111100000000111111111111111111111111 !
b11111111111111111111111100000000111111111111111111111111 '
b11111111111111111111111100000000111111111111111111111111 0
1"
#110000
0"
b1000111111011001101101110001111 #
b1000111111011001101101110001111 +
b11111111111111111111111111111111111111111111111111111111111111111111111111111111111111111111111110001001001100101101011000010010 *
b11111111111111111111111111111111111111111111111111111111111111111111111111111111111111111111111110001001001100101101011000010010 %
b11111111111111111111111111111111111111111111111111111111111111111111111111111111111111111111111110001001001100101101011000010010 ,
b1010 &
#115000
b1111111100000000000000000000000011111111111111111111111111111111 !
b1111111100000000000000000000000011111111111111111111111111111111 '
b1111111100000000000000000000000011111111111111111111111111111111 0
1"
#120000
0"
b11111111111111111111111111111111111111111111111111111111111111111111111111111111111111111111111111100111011101101001011011001110 #
b11111111111111111111111111111111111111111111111111111111111111111111111111111111111111111111111111100111011101101001011011001110 +
b1111001001100000110100111110010 *
b1111001001100000110100111110010 %
b1111001001100000110100111110010 ,
b1011 &
#125000
b1111111111111111000000000000000011111111111111111111111100000000 !
b1111111111111111000000000000000011111111111111111111111100000000 '
b1111111111111111000000000000000011111111111111111111111100000000 0
1"
#130000
0"
b11111111111111111111111111111111111111111111111111111111111111111111111111111111111111111111111111100010110010100100111011000101 #
b11111111111111111111111111111111111111111111111111111111111111111111111111111111111111111111111111100010110010100100111011000101 +
b11111111111111111111111111111111111111111111111111111111111111111111111111111111111111111111111111110100000000000111101011101000 *
b11111111111111111111111111111111111111111111111111111111111111111111111111111111111111111111111111110100000000000111101011101000 %
b11111111111111111111111111111111111111111111111111111111111111111111111111111111111111111111111111110100000000000111101011101000 ,
b1100 &
#135000
b1111111111111111000000000000000000000000111111110000000011111111 !
b1111111111111111000000000000000000000000111111110000000011111111 '
b1111111111111111000000000000000000000000111111110000000011111111 0
1"
#140000
0"
b11111111111111111111111111111111111111111111111111111111111111111111111111111111111111111111111111011110100011100010100010111101 #
b11111111111111111111111111111111111111111111111111111111111111111111111111111111111111111111111111011110100011100010100010111101 +
b101110010110000100100101011100 *
b101110010110000100100101011100 %
b101110010110000100100101011100 ,
b1101 &
#145000
b1111111100000000111111111111111111111111111111110000000011111111 !
b1111111100000000111111111111111111111111111111110000000011111111 '
b1111111100000000111111111111111111111111111111110000000011111111 0
1"
#150000
0"
b11111111111111111111111111111111111111111111111111111111111111111111111111111111111111111111111110110010101001110010011001100101 #
b11111111111111111111111111111111111111111111111111111111111111111111111111111111111111111111111110110010101001110010011001100101 +
b11111111111111111111111111111111111111111111111111111111111111111111111111111111111111111111111110010110101010110101100000101101 *
b11111111111111111111111111111111111111111111111111111111111111111111111111111111111111111111111110010110101010110101100000101101 %
b11111111111111111111111111111111111111111111111111111111111111111111111111111111111111111111111110010110101010110101100000101101 ,
b1110 &
#155000
b11111111111111110000000000000000111111110000000011111111 !
b11111111111111110000000000000000111111110000000011111111 '
b11111111111111110000000000000000111111110000000011111111 0
1"
#160000
0"
b101011100111000011100001010 #
b101011100111000011100001010 +
b11111111111111111111111111111111111111111111111111111111111111111111111111111111111111111111111110110001111011110110001001100011 *
b11111111111111111111111111111111111111111111111111111111111111111111111111111111111111111111111110110001111011110110001001100011 %
b11111111111111111111111111111111111111111111111111111111111111111111111111111111111111111111111110110001111011110110001001100011 ,
b1111 &
#165000
b11111111000000001111111100000000 !
b11111111000000001111111100000000 '
b11111111000000001111111100000000 0
1"
#170000
0"
b10000011001000010000100100000 #
b10000011001000010000100100000 +
b11111111111111111111111111111111111111111111111111111111111111111111111111111111111111111111111111000000001110110010001010000000 *
b11111111111111111111111111111111111111111111111111111111111111111111111111111111111111111111111111000000001110110010001010000000 %
b11111111111111111111111111111111111111111111111111111111111111111111111111111111111111111111111111000000001110110010001010000000 ,
b10000 &
#175000
b111111110000000000000000000000000000000000000000 !
b111111110000000000000000000000000000000000000000 '
b111111110000000000000000000000000000000000000000 0
1"
#180000
0"
b11111111111111111111111111111111111111111111111111111111111111111111111111111111111111111111111111001110110011001100110010011101 #
b11111111111111111111111111111111111111111111111111111111111111111111111111111111111111111111111111001110110011001100110010011101 +
b1010101011110000100010110101010 *
b1010101011110000100010110101010 %
b1010101011110000100010110101010 ,
b10001 &
#185000
b1111111100000000000000001111111111111111111111110000000011111111 !
b1111111100000000000000001111111111111111111111110000000011111111 '
b1111111100000000000000001111111111111111111111110000000011111111 0
1"
#190000
0"
b11111111111111111111111111111111111111111111111111111111111111111111111111111111111111111111111110001001100000111011100000010011 #
b11111111111111111111111111111111111111111111111111111111111111111111111111111111111111111111111110001001100000111011100000010011 +
b11111111111111111111111111111111111111111111111111111111111111111111111111111111111111111111111111001011001000000011111010010110 *
b11111111111111111111111111111111111111111111111111111111111111111111111111111111111111111111111111001011001000000011111010010110 %
b11111111111111111111111111111111111111111111111111111111111111111111111111111111111111111111111111001011001000000011111010010110 ,
b10010 &
#195000
b1111111100000000000000001111111111111111 !
b1111111100000000000000001111111111111111 '
b1111111100000000000000001111111111111111 0
1"
#200000
0"
b11111111111111111111111111111111111111111111111111111111111111111111111111111111111111111111111110101001101001111101011001010011 #
b11111111111111111111111111111111111111111111111111111111111111111111111111111111111111111111111110101001101001111101011001010011 +
b11111111111111111111111111111111111111111111111111111111111111111111111111111111111111111111111110000110101111000011100000001101 *
b11111111111111111111111111111111111111111111111111111111111111111111111111111111111111111111111110000110101111000011100000001101 %
b11111111111111111111111111111111111111111111111111111111111111111111111111111111111111111111111110000110101111000011100000001101 ,
b10011 &
#205000
b11111111000000001111111100000000000000001111111111111111 !
b11111111000000001111111100000000000000001111111111111111 '
b11111111000000001111111100000000000000001111111111111111 0
1"
#210000
0"
b11111111111111111111111111111111111111111111111111111111111111111111111111111111111111111111111111101010101001100010101011010101 #
b11111111111111111111111111111111111111111111111111111111111111111111111111111111111111111111111111101010101001100010101011010101 +
b110101100111111101110101101011 *
b110101100111111101110101101011 %
b110101100111111101110101101011 ,
b10100 &
#215000
b1111111111111111000000001111111100000000111111110000000011111111 !
b1111111111111111000000001111111100000000111111110000000011111111 '
b1111111111111111000000001111111100000000111111110000000011111111 0
1"
#220000
0"
b11111111111111111111111111111111111111111111111111111111111111111111111111111111111111111111111111010111010101100011111010101110 #
b11111111111111111111111111111111111111111111111111111111111111111111111111111111111111111111111111010111010101100011111010101110 +
b11111111111111111111111111111111111111111111111111111111111111111111111111111111111111111111111110000001000101110100101000000010 *
b11111111111111111111111111111111111111111111111111111111111111111111111111111111111111111111111110000001000101110100101000000010 %
b11111111111111111111111111111111111111111111111111111111111111111111111111111111111111111111111110000001000101110100101000000010 ,
b10101 &
#225000
b1111111100000000111111110000000011111111111111111111111100000000 !
b1111111100000000111111110000000011111111111111111111111100000000 '
b1111111100000000111111110000000011111111111111111111111100000000 0
1"
#230000
0"
b11111111111111111111111111111111111111111111111111111111111111111111111111111111111111111111111111100111110001010111001011001111 #
b11111111111111111111111111111111111111111111111111111111111111111111111111111111111111111111111111100111110001010111001011001111 +
b1110111111111110100100011101 *
b1110111111111110100100011101 %
b1110111111111110100100011101 ,
b10110 &
#235000
b1111111111111111000000000000000011111111111111111111111111111111 !
b1111111111111111000000000000000011111111111111111111111111111111 '
b1111111111111111000000000000000011111111111111111111111111111111 0
1"
#240000
0"
b101000010010110010100001010 #
b101000010010110010100001010 +
b10001100001000100100100100011 *
b10001100001000100100100100011 %
b10001100001000100100100100011 ,
b10111 &
#245000
b11111111000000001111111100000000 !
b11111111000000001111111100000000 '
b11111111000000001111111100000000 0
1"
#250000
0"
b11111111111111111111111111111111111111111111111111111111111111111111111111111111111111111111111110011110001100010100110000111100 #
b11111111111111111111111111111111111111111111111111111111111111111111111111111111111111111111111110011110001100010100110000111100 +
b11111111111111111111111111111111111111111111111111111111111111111111111111111111111111111111111111100101011100110000101011001010 *
b11111111111111111111111111111111111111111111111111111111111111111111111111111111111111111111111111100101011100110000101011001010 %
b11111111111111111111111111111111111111111111111111111111111111111111111111111111111111111111111111100101011100110000101011001010 ,
b11000 &
#255000
b111111111111111111111111111111110000000000000000 !
b111111111111111111111111111111110000000000000000 '
b111111111111111111111111111111110000000000000000 0
1"
#260000
0"
b1000101001011100110000110001010 #
b1000101001011100110000110001010 +
b1111001011010001011110111110010 *
b1111001011010001011110111110010 %
b1111001011010001011110111110010 ,
b11001 &
#265000
b1111111100000000000000000000000011111111000000001111111100000000 !
b1111111100000000000000000000000011111111000000001111111100000000 '
b1111111100000000000000000000000011111111000000001111111100000000 0
1"
#270000
0"
b11111111111111111111111111111111111111111111111111111111111111111111111111111111111111111111111111101100010010110011010011011000 #
b11111111111111111111111111111111111111111111111111111111111111111111111111111111111111111111111111101100010010110011010011011000 +
b100000110001001011001101000001 *
b100000110001001011001101000001 %
b100000110001001011001101000001 ,
b11010 &
#275000
b1111111111111111000000001111111111111111000000000000000000000000 !
b1111111111111111000000001111111111111111000000000000000000000000 '
b1111111111111111000000001111111111111111000000000000000000000000 0
1"
#280000
0"
b11111111111111111111111111111111111111111111111111111111111111111111111111111111111111111111111111000100100010100001001010001001 #
b11111111111111111111111111111111111111111111111111111111111111111111111111111111111111111111111111000100100010100001001010001001 +
b111100001000001111001101111000 *
b111100001000001111001101111000 %
b111100001000001111001101111000 ,
b11011 &
#285000
b1111111100000000000000000000000011111111000000000000000011111111 !
b1111111100000000000000000000000011111111000000000000000011111111 '
b1111111100000000000000000000000011111111000000000000000011111111 0
1"
#290000
0"
b1011011000000100110010110110110 #
b1011011000000100110010110110110 +
b1110101110001010000110111101011 *
b1110101110001010000110111101011 %
b1110101110001010000110111101011 ,
b11100 &
#295000
b1111111100000000111111111111111100000000111111111111111100000000 !
b1111111100000000111111111111111100000000111111111111111100000000 '
b1111111100000000111111111111111100000000111111111111111100000000 0
1"
#300000
0"
b1010111000101010001001110101110 #
b1010111000101010001001110101110 +
b1100011010010111111100111000110 *
b1100011010010111111100111000110 %
b1100011010010111111100111000110 ,
b11101 &
#305000
b1111111100000000111111110000000011111111111111111111111100000000 !
b1111111100000000111111110000000011111111111111111111111100000000 '
b1111111100000000111111110000000011111111111111111111111100000000 0
1"
#310000
0"
b10101000011111101110100101010 #
b10101000011111101110100101010 +
b11111111111111111111111111111111111111111111111111111111111111111111111111111111111111111111111111011110011101010000001010111100 *
b11111111111111111111111111111111111111111111111111111111111111111111111111111111111111111111111111011110011101010000001010111100 %
b11111111111111111111111111111111111111111111111111111111111111111111111111111111111111111111111111011110011101010000001010111100 ,
b11110 &
#315000
b111111110000000011111111000000001111111100000000 !
b111111110000000011111111000000001111111100000000 '
b111111110000000011111111000000001111111100000000 0
1"
#320000
0"
b11111111111111111111111111111111111111111111111111111111111111111111111111111111111111111111111110111000100101111011111001110001 #
b11111111111111111111111111111111111111111111111111111111111111111111111111111111111111111111111110111000100101111011111001110001 +
b11111111111111111111111111111111111111111111111111111111111111111111111111111111111111111111111110000101110101111001101000001011 *
b11111111111111111111111111111111111111111111111111111111111111111111111111111111111111111111111110000101110101111001101000001011 %
b11111111111111111111111111111111111111111111111111111111111111111111111111111111111111111111111110000101110101111001101000001011 ,
b11111 &
#325000
b11111111111111111111111100000000000000000000000011111111 !
b11111111111111111111111100000000000000000000000011111111 '
b11111111111111111111111100000000000000000000000011111111 0
1"
#330000
0"
b100111111100100101010101001111 #
b100111111100100101010101001111 +
b1000010111100100100000110000101 *
b1000010111100100100000110000101 %
b1000010111100100100000110000101 ,
b100000 &
#335000
b11111111000000000000000011111111111111111111111111111111 !
b11111111000000000000000011111111111111111111111111111111 '
b11111111000000000000000011111111111111111111111111111111 0
1"
#340000
0"
b11101000001100011001100111010 #
b11101000001100011001100111010 +
b11111111111111111111111111111111111111111111111111111111111111111111111111111111111111111111111110011101110011000110000000111011 *
b11111111111111111111111111111111111111111111111111111111111111111111111111111111111111111111111110011101110011000110000000111011 %
b11111111111111111111111111111111111111111111111111111111111111111111111111111111111111111111111110011101110011000110000000111011 ,
b100001 &
#345000
b111111111111111111111111000000001111111100000000 !
b111111111111111111111111000000001111111100000000 '
b111111111111111111111111000000001111111100000000 0
1"
#350000
0"
b1010101010100100101100010101 #
b1010101010100100101100010101 +
b11111111111111111111111111111111111111111111111111111111111111111111111111111111111111111111111110111111001000110011001001111110 *
b11111111111111111111111111111111111111111111111111111111111111111111111111111111111111111111111110111111001000110011001001111110 %
b11111111111111111111111111111111111111111111111111111111111111111111111111111111111111111111111110111111001000110011001001111110 ,
b100010 &
#355000
b1111111100000000111111110000000011111111 !
b1111111100000000111111110000000011111111 '
b1111111100000000111111110000000011111111 0
1"
#360000
0"
b1101100100111000100101111011001 #
b1101100100111000100101111011001 +
b1111000110110011001101111110001 *
b1111000110110011001101111110001 %
b1111000110110011001101111110001 ,
b100011 &
#365000
b1111111111111111000000001111111111111111000000000000000011111111 !
b1111111111111111000000001111111111111111000000000000000011111111 '
b1111111111111111000000001111111111111111000000000000000011111111 0
1"
#370000
0"
b100110001101011111101101001100 #
b100110001101011111101101001100 +
b110001001000110000011101100010 *
b110001001000110000011101100010 %
b110001001000110000011101100010 ,
b100100 &
#375000
b11111111000000000000000011111111111111110000000000000000 !
b11111111000000000000000011111111111111110000000000000000 '
b11111111000000000000000011111111111111110000000000000000 0
1"
#380000
0"
b1000111101110011010000110001111 #
b1000111101110011010000110001111 +
b1001111101000010101010110011111 *
b1001111101000010101010110011111 %
b1001111101000010101010110011111 ,
b100101 &
#385000
b1111111100000000000000000000000011111111111111111111111111111111 !
b1111111100000000000000000000000011111111111111111111111111111111 '
b1111111100000000000000000000000011111111111111111111111111111111 0
1"
#390000
0"
b11111111111111111111111111111111111111111111111111111111111111111111111111111111111111111111111111011011110011010110000010110111 #
b11111111111111111111111111111111111111111111111111111111111111111111111111111111111111111111111111011011110011010110000010110111 +
b1111100011011011010100111111000 *
b1111100011011011010100111111000 %
b1111100011011011010100111111000 ,
b100110 &
#395000
b1111111100000000111111111111111100000000111111111111111111111111 !
b1111111100000000111111111111111100000000111111111111111111111111 '
b1111111100000000111111111111111100000000111111111111111111111111 0
1"
#400000
0"
b11111111111111111111111111111111111111111111111111111111111111111111111111111111111111111111111110101110011111011001010001011100 #
b11111111111111111111111111111111111111111111111111111111111111111111111111111111111111111111111110101110011111011001010001011100 +
b11111111111111111111111111111111111111111111111111111111111111111111111111111111111111111111111111001111110001000101011010011111 *
b11111111111111111111111111111111111111111111111111111111111111111111111111111111111111111111111111001111110001000101011010011111 %
b11111111111111111111111111111111111111111111111111111111111111111111111111111111111111111111111111001111110001000101011010011111 ,
b100111 &
#405000
b11111111000000001111111111111111111111110000000000000000 !
b11111111000000001111111111111111111111110000000000000000 '
b11111111000000001111111111111111111111110000000000000000 0
1"
#410000
0"
b1000100110111100011011110001001 #
b1000100110111100011011110001001 +
b11111111111111111111111111111111111111111111111111111111111111111111111111111111111111111111111110101101110010111100000001011011 *
b11111111111111111111111111111111111111111111111111111111111111111111111111111111111111111111111110101101110010111100000001011011 %
b11111111111111111111111111111111111111111111111111111111111111111111111111111111111111111111111110101101110010111100000001011011 ,
b101000 &
#415000
b1111111100000000000000000000000011111111000000000000000011111111 !
b1111111100000000000000000000000011111111000000000000000011111111 '
b1111111100000000000000000000000011111111000000000000000011111111 0
1"
#420000
0"
b11111111111111111111111111111111111111111111111111111111111111111111111111111111111111111111111111101000001000110011111011010000 #
b11111111111111111111111111111111111111111111111111111111111111111111111111111111111111111111111111101000001000110011111011010000 +
b11111111111111111111111111111111111111111111111111111111111111111111111111111111111111111111111110100100101011100011001001001001 *
b11111111111111111111111111111111111111111111111111111111111111111111111111111111111111111111111110100100101011100011001001001001 %
b11111111111111111111111111111111111111111111111111111111111111111111111111111111111111111111111110100100101011100011001001001001 ,
b101001 &
#425000
b1111111111111111000000001111111100000000000000000000000000000000 !
b1111111111111111000000001111111100000000000000000000000000000000 '
b1111111111111111000000001111111100000000000000000000000000000000 0
1"
#430000
0"
b11111111111111111111111111111111111111111111111111111111111111111111111111111111111111111111111110101000110001111111110001010001 #
b11111111111111111111111111111111111111111111111111111111111111111111111111111111111111111111111110101000110001111111110001010001 +
b11111111111111111111111111111111111111111111111111111111111111111111111111111111111111111111111111101011111111101100000011010111 *
b11111111111111111111111111111111111111111111111111111111111111111111111111111111111111111111111111101011111111101100000011010111 %
b11111111111111111111111111111111111111111111111111111111111111111111111111111111111111111111111111101011111111101100000011010111 ,
b101010 &
#435000
b11111111000000001111111100000000000000000000000011111111 !
b11111111000000001111111100000000000000000000000011111111 '
b11111111000000001111111100000000000000000000000011111111 0
1"
#440000
0"
b110000111010111111100001100 #
b110000111010111111100001100 +
b1001011001000010010111110010110 *
b1001011001000010010111110010110 %
b1001011001000010010111110010110 ,
b101011 &
#445000
b11111111111111110000000000000000 !
b11111111111111110000000000000000 '
b11111111111111110000000000000000 0
1"
#450000
0"
b1100100010101111110110111001000 #
b1100100010101111110110111001000 +
b11111111111111111111111111111111111111111111111111111111111111111111111111111111111111111111111111100001001011001100111011000010 *
b11111111111111111111111111111111111111111111111111111111111111111111111111111111111111111111111111100001001011001100111011000010 %
b11111111111111111111111111111111111111111111111111111111111111111111111111111111111111111111111111100001001011001100111011000010 ,
b101100 &
#455000
b1111111111111111000000000000000011111111000000000000000000000000 !
b1111111111111111000000000000000011111111000000000000000000000000 '
b1111111111111111000000000000000011111111000000000000000000000000 0
1"
#460000
0"
b11110111100101110110100111101 #
b11110111100101110110100111101 +
b11111111111111111111111111111111111111111111111111111111111111111111111111111111111111111111111110111011100000100101101001110111 *
b11111111111111111111111111111111111111111111111111111111111111111111111111111111111111111111111110111011100000100101101001110111 %
b11111111111111111111111111111111111111111111111111111111111111111111111111111111111111111111111110111011100000100101101001110111 ,
b101101 &
#465000
b111111111111111111111111111111110000000011111111 !
b111111111111111111111111111111110000000011111111 '
b111111111111111111111111111111110000000011111111 0
1"
#470000
0"
b11111111111111111111111111111111111111111111111111111111111111111111111111111111111111111111111110111111000001010000000001111110 #
b11111111111111111111111111111111111111111111111111111111111111111111111111111111111111111111111110111111000001010000000001111110 +
b1001000011001101101100010010 *
b1001000011001101101100010010 %
b1001000011001101101100010010 ,
b101110 &
#475000
b11111111111111111111111111111111111111111111111100000000 !
b11111111111111111111111111111111111111111111111100000000 '
b11111111111111111111111111111111111111111111111100000000 0
1"
#480000
0"
b11100110110011110011100111001 #
b11100110110011110011100111001 +
b110110111001011000000101101101 *
b110110111001011000000101101101 %
b110110111001011000000101101101 ,
b101111 &
#485000
b111111111111111111111111000000000000000011111111 !
b111111111111111111111111000000000000000011111111 '
b111111111111111111111111000000000000000011111111 0
1"
#490000
0"
b11111111111111111111111111111111111111111111111111111111111111111111111111111111111111111111111111101001111010111111011011010011 #
b11111111111111111111111111111111111111111111111111111111111111111111111111111111111111111111111111101001111010111111011011010011 +
b1111110100101000111100011111 *
b1111110100101000111100011111 %
b1111110100101000111100011111 ,
b110000 &
#495000
b1111111111111111000000001111111100000000000000001111111111111111 !
b1111111111111111000000001111111100000000000000001111111111111111 '
b1111111111111111000000001111111100000000000000001111111111111111 0
1"
#500000
0"
b11111111111111111111111111111111111111111111111111111111111111111111111111111111111111111111111110111100000101001000100001111000 #
b11111111111111111111111111111111111111111111111111111111111111111111111111111111111111111111111110111100000101001000100001111000 +
b1000010110110010010111110000101 *
b1000010110110010010111110000101 %
b1000010110110010010111110000101 ,
b110001 &
#505000
b11111111111111111111111111111111000000000000000000000000 !
b11111111111111111111111111111111000000000000000000000000 '
b11111111111111111111111111111111000000000000000000000000 0
1"
#510000
0"
b100100100010110100101101001001 #
b100100100010110100101101001001 +
b101101110110100101100101011011 *
b101101110110100101100101011011 %
b101101110110100101100101011011 ,
b110010 &
#515000
b11111111000000000000000011111111000000000000000011111111 !
b11111111000000000000000011111111000000000000000011111111 '
b11111111000000000000000011111111000000000000000011111111 0
1"
#520000
0"
b10101000011001010111100101010 #
b10101000011001010111100101010 +
b11111111111111111111111111111111111111111111111111111111111111111111111111111111111111111111111110011111111100101010111000111111 *
b11111111111111111111111111111111111111111111111111111111111111111111111111111111111111111111111110011111111100101010111000111111 %
b11111111111111111111111111111111111111111111111111111111111111111111111111111111111111111111111110011111111100101010111000111111 ,
b110011 &
#525000
b111111110000000011111111000000001111111100000000 !
b111111110000000011111111000000001111111100000000 '
b111111110000000011111111000000001111111100000000 0
1"
#530000
0"
b11111111111111111111111111111111111111111111111111111111111111111111111111111111111111111111111111000011001111110011100010000110 #
b11111111111111111111111111111111111111111111111111111111111111111111111111111111111111111111111111000011001111110011100010000110 +
b101100000101010110001101011000 *
b101100000101010110001101011000 %
b101100000101010110001101011000 ,
b110100 &
#535000
b1111111100000000000000000000000000000000111111111111111100000000 !
b1111111100000000000000000000000000000000111111111111111100000000 '
b1111111100000000000000000000000000000000111111111111111100000000 0
1"
#540000
0"
b11111111111111111111111111111111111111111111111111111111111111111111111111111111111111111111111111001110001011111111001010011100 #
b11111111111111111111111111111111111111111111111111111111111111111111111111111111111111111111111111001110001011111111001010011100 +
b11111111111111111111111111111111111111111111111111111111111111111111111111111111111111111111111111000111000110100000110010001110 *
b11111111111111111111111111111111111111111111111111111111111111111111111111111111111111111111111111000111000110100000110010001110 %
b11111111111111111111111111111111111111111111111111111111111111111111111111111111111111111111111111000111000110100000110010001110 ,
b110101 &
#545000
b1111111100000000000000001111111111111111111111110000000000000000 !
b1111111100000000000000001111111111111111111111110000000000000000 '
b1111111100000000000000001111111111111111111111110000000000000000 0
1"
#550000
0"
b11111111111111111111111111111111111111111111111111111111111111111111111111111111111111111111111110010011011111011011110000100110 #
b11111111111111111111111111111111111111111111111111111111111111111111111111111111111111111111111110010011011111011011110000100110 +
b1111101001101011001100111111010 *
b1111101001101011001100111111010 %
b1111101001101011001100111111010 ,
b110110 &
#555000
b111111110000000000000000111111111111111100000000 !
b111111110000000000000000111111111111111100000000 '
b111111110000000000000000111111111111111100000000 0
1"
#560000
0"
b11111111111111111111111111111111111111111111111111111111111111111111111111111111111111111111111111010001100010111011010010100011 #
b11111111111111111111111111111111111111111111111111111111111111111111111111111111111111111111111111010001100010111011010010100011 +
b111001100101100001011101110011 *
b111001100101100001011101110011 %
b111001100101100001011101110011 ,
b110111 &
#565000
b1111111100000000111111110000000000000000000000001111111111111111 !
b1111111100000000111111110000000000000000000000001111111111111111 '
b1111111100000000111111110000000000000000000000001111111111111111 0
1"
#570000
0"
b11111111111111111111111111111111111111111111111111111111111111111111111111111111111111111111111111011001110100101001001010110011 #
b11111111111111111111111111111111111111111111111111111111111111111111111111111111111111111111111111011001110100101001001010110011 +
b11111111111111111111111111111111111111111111111111111111111111111111111111111111111111111111111110010111100110011010100000101111 *
b11111111111111111111111111111111111111111111111111111111111111111111111111111111111111111111111110010111100110011010100000101111 %
b11111111111111111111111111111111111111111111111111111111111111111111111111111111111111111111111110010111100110011010100000101111 ,
b111000 &
#575000
b1111111100000000111111111111111100000000000000001111111111111111 !
b1111111100000000111111111111111100000000000000001111111111111111 '
b1111111100000000111111111111111100000000000000001111111111111111 0
1"
#580000
0"
b100010001010010000110101000100 #
b100010001010010000110101000100 +
b11111111111111111111111111111111111111111111111111111111111111111111111111111111111111111111111110101111110110000101011001011111 *
b11111111111111111111111111111111111111111111111111111111111111111111111111111111111111111111111110101111110110000101011001011111 %
b11111111111111111111111111111111111111111111111111111111111111111111111111111111111111111111111110101111110110000101011001011111 ,
b111001 &
#585000
b11111111000000000000000000000000111111110000000000000000 !
b11111111000000000000000000000000111111110000000000000000 '
b11111111000000000000000000000000111111110000000000000000 0
1"
#590000
0"
b11111111111111111111111111111111111111111111111111111111111111111111111111111111111111111111111111100101100110110011011011001011 #
b11111111111111111111111111111111111111111111111111111111111111111111111111111111111111111111111111100101100110110011011011001011 +
b1111011111110001111110111110111 *
b1111011111110001111110111110111 %
b1111011111110001111110111110111 ,
b111010 &
#595000
b1111111111111111000000000000000011111111000000001111111111111111 !
b1111111111111111000000000000000011111111000000001111111111111111 '
b1111111111111111000000000000000011111111000000001111111111111111 0
1"
#600000
0"
b101101001010001101101101011010 #
b101101001010001101101101011010 +
b11111111111111111111111111111111111111111111111111111111111111111111111111111111111111111111111111110011000010010001101011100110 *
b11111111111111111111111111111111111111111111111111111111111111111111111111111111111111111111111111110011000010010001101011100110 %
b11111111111111111111111111111111111111111111111111111111111111111111111111111111111111111111111111110011000010010001101011100110 ,
b111011 &
#605000
b11111111000000001111111111111111000000001111111100000000 !
b11111111000000001111111111111111000000001111111100000000 '
b11111111000000001111111111111111000000001111111100000000 0
1"
#610000
0"
b11111111111111111111111111111111111111111111111111111111111111111111111111111111111111111111111111110110100000101110001011101101 #
b11111111111111111111111111111111111111111111111111111111111111111111111111111111111111111111111111110110100000101110001011101101 +
b10100110011111100000100101001 *
b10100110011111100000100101001 %
b10100110011111100000100101001 ,
b111100 &
#615000
b1111111111111111111111110000000011111111111111110000000011111111 !
b1111111111111111111111110000000011111111111111110000000011111111 '
b1111111111111111111111110000000011111111111111110000000011111111 0
1"
#620000
0"
b11111111111111111111111111111111111111111111111111111111111111111111111111111111111111111111111110110010100111111011011001100101 #
b11111111111111111111111111111111111111111111111111111111111111111111111111111111111111111111111110110010100111111011011001100101 +
b11111111111111111111111111111111111111111111111111111111111111111111111111111111111111111111111111101101010100110110110011011010 *
b11111111111111111111111111111111111111111111111111111111111111111111111111111111111111111111111111101101010100110110110011011010 %
b11111111111111111111111111111111111111111111111111111111111111111111111111111111111111111111111111101101010100110110110011011010 ,
b111101 &
#625000
b11111111111111110000000000000000111111110000000011111111 !
b11111111111111110000000000000000111111110000000011111111 '
b11111111111111110000000000000000111111110000000011111111 0
1"
#630000
0"
b11111111111111111111111111111111111111111111111111111111111111111111111111111111111111111111111111101111101111101001010011011111 #
b11111111111111111111111111111111111111111111111111111111111111111111111111111111111111111111111111101111101111101001010011011111 +
b11111111111111111111111111111111111111111111111111111111111111111111111111111111111111111111111111011010100010101110001010110101 *
b11111111111111111111111111111111111111111111111111111111111111111111111111111111111111111111111111011010100010101110001010110101 %
b11111111111111111111111111111111111111111111111111111111111111111111111111111111111111111111111111011010100010101110001010110101 ,
b111110 &
#635000
b1111111111111111000000001111111111111111111111111111111111111111 !
b1111111111111111000000001111111111111111111111111111111111111111 '
b1111111111111111000000001111111111111111111111111111111111111111 0
1"
#640000
0"
b100010001100011111111101000100 #
b100010001100011111111101000100 +
b111100111100010001100101111001 *
b111100111100010001100101111001 %
b111100111100010001100101111001 ,
b111111 &
#645000
b11111111000000000000000000000000111111110000000000000000 !
b11111111000000000000000000000000111111110000000000000000 '
b11111111000000000000000000000000111111110000000000000000 0
1"
#650000
0"
b10101000010010000101100101010 #
b10101000010010000101100101010 +
b11111111111111111111111111111111111111111111111111111111111111111111111111111111111111111111111111101000011101000000110011010000 *
b11111111111111111111111111111111111111111111111111111111111111111111111111111111111111111111111111101000011101000000110011010000 %
b11111111111111111111111111111111111111111111111111111111111111111111111111111111111111111111111111101000011101000000110011010000 ,
b1000000 &
#655000
b111111110000000011111111000000001111111100000000 !
b111111110000000011111111000000001111111100000000 '
b111111110000000011111111000000001111111100000000 0
1"
#660000
0"
b111011011111100111100001110 #
b111011011111100111100001110 +
b1010101111101101010110110101011 *
b1010101111101101010110110101011 %
b1010101111101101010110110101011 ,
b1000001 &
#665000
b11111111111111111111111100000000 !
b11111111111111111111111100000000 '
b11111111111111111111111100000000 0
1"
#670000
0"
b11111111111111111111111111111111111111111111111111111111111111111111111111111111111111111111111111001101010111101011110010011010 #
b11111111111111111111111111111111111111111111111111111111111111111111111111111111111111111111111111001101010111101011110010011010 +
b1101110010111011010110111011100 *
b1101110010111011010110111011100 %
b1101110010111011010110111011100 ,
b1000010 &
#675000
b1111111100000000000000001111111111111111000000001111111100000000 !
b1111111100000000000000001111111111111111000000001111111100000000 '
b1111111100000000000000001111111111111111000000001111111100000000 0
1"
#680000
0"
b11111111111111111111111111111111111111111111111111111111111111111111111111111111111111111111111111100001111100010000001011000011 #
b11111111111111111111111111111111111111111111111111111111111111111111111111111111111111111111111111100001111100010000001011000011 +
b11111111111111111111111111111111111111111111111111111111111111111111111111111111111111111111111111111110110111110111001011111101 *
b11111111111111111111111111111111111111111111111111111111111111111111111111111111111111111111111111111110110111110111001011111101 %
b11111111111111111111111111111111111111111111111111111111111111111111111111111111111111111111111111111110110111110111001011111101 ,
b1000011 &
#685000
b1111111111111111000000000000000000000000000000001111111111111111 !
b1111111111111111000000000000000000000000000000001111111111111111 '
b1111111111111111000000000000000000000000000000001111111111111111 0
1"
#690000
0"
b100111011110011110100101001110 #
b100111011110011110100101001110 +
b101011000011101110110101010110 *
b101011000011101110110101010110 %
b101011000011101110110101010110 ,
b1000100 &
#695000
b11111111000000000000000011111111111111111111111100000000 !
b11111111000000000000000011111111111111111111111100000000 '
b11111111000000000000000011111111111111111111111100000000 0
1"
#700000
0"
b11111111111111111111111111111111111111111111111111111111111111111111111111111111111111111111111110000101001100010011010000001010 #
b11111111111111111111111111111111111111111111111111111111111111111111111111111111111111111111111110000101001100010011010000001010 +
b11111111111111111111111111111111111111111111111111111111111111111111111111111111111111111111111110110011110110010111011001100111 *
b11111111111111111111111111111111111111111111111111111111111111111111111111111111111111111111111110110011110110010111011001100111 %
b11111111111111111111111111111111111111111111111111111111111111111111111111111111111111111111111110110011110110010111011001100111 ,
b1000101 &
#705000
b11111111000000001111111100000000 !
b11111111000000001111111100000000 '
b11111111000000001111111100000000 0
1"
#710000
0"
b11111111111111111111111111111111111111111111111111111111111111111111111111111111111111111111111110011100000011101000101000111000 #
b11111111111111111111111111111111111111111111111111111111111111111111111111111111111111111111111110011100000011101000101000111000 +
b1011011011011111011100110110110 *
b1011011011011111011100110110110 %
b1011011011011111011100110110110 ,
b1000110 &
#715000
b111111111111111111111111000000000000000000000000 !
b111111111111111111111111000000000000000000000000 '
b111111111111111111111111000000000000000000000000 0
1"
#720000
0"
b11111111111111111111111111111111111111111111111111111111111111111111111111111111111111111111111111011100001010111100010010111000 #
b11111111111111111111111111111111111111111111111111111111111111111111111111111111111111111111111111011100001010111100010010111000 +
b111100110100011000011101111001 *
b111100110100011000011101111001 %
b111100110100011000011101111001 ,
b1000111 &
#725000
b1111111100000000111111111111111111111111000000000000000000000000 !
b1111111100000000111111111111111111111111000000000000000000000000 '
b1111111100000000111111111111111111111111000000000000000000000000 0
1"
#730000
0"
b1001001110001100101110110010011 #
b1001001110001100101110110010011 +
b1001010011101001011111110010100 *
b1001010011101001011111110010100 %
b1001010011101001011111110010100 ,
b1001000 &
#735000
b1111111100000000000000001111111100000000000000001111111111111111 !
b1111111100000000000000001111111100000000000000001111111111111111 '
b1111111100000000000000001111111100000000000000001111111111111111 0
1"
#740000
0"
b11111111111111111111111111111111111111111111111111111111111111111111111111111111111111111111111110101100101101111100101001011001 #
b11111111111111111111111111111111111111111111111111111111111111111111111111111111111111111111111110101100101101111100101001011001 +
b11111111111111111111111111111111111111111111111111111111111111111111111111111111111111111111111110000010001111110010110000000100 *
b11111111111111111111111111111111111111111111111111111111111111111111111111111111111111111111111110000010001111110010110000000100 %
b11111111111111111111111111111111111111111111111111111111111111111111111111111111111111111111111110000010001111110010110000000100 ,
b1001001 &
#745000
b11111111000000001111111111111111000000000000000011111111 !
b11111111000000001111111111111111000000000000000011111111 '
b11111111000000001111111111111111000000000000000011111111 0
1"
#750000
0"
b11111111111111111111111111111111111111111111111111111111111111111111111111111111111111111111111110100110111111001101111001001101 #
b11111111111111111111111111111111111111111111111111111111111111111111111111111111111111111111111110100110111111001101111001001101 +
b1101101110010110110100111011011 *
b1101101110010110110100111011011 %
b1101101110010110110100111011011 ,
b1001010 &
#755000
b11111111000000000000000011111111111111110000000011111111 !
b11111111000000000000000011111111111111110000000011111111 '
b11111111000000000000000011111111111111110000000011111111 0
1"
#760000
0"
b11111111111111111111111111111111111111111111111111111111111111111111111111111111111111111111111110110110101001000010011001101101 #
b11111111111111111111111111111111111111111111111111111111111111111111111111111111111111111111111110110110101001000010011001101101 +
b1101100101100001011011111011001 *
b1101100101100001011011111011001 %
b1101100101100001011011111011001 ,
b1001011 &
#765000
b11111111111111110000000011111111111111110000000011111111 !
b11111111111111110000000011111111111111110000000011111111 '
b11111111111111110000000011111111111111110000000011111111 0
1"
#770000
0"
b1100101001110110100100111001010 #
b1100101001110110100100111001010 +
b11111111111111111111111111111111111111111111111111111111111111111111111111111111111111111111111110111011010001011110001001110110 *
b11111111111111111111111111111111111111111111111111111111111111111111111111111111111111111111111110111011010001011110001001110110 %
b11111111111111111111111111111111111111111111111111111111111111111111111111111111111111111111111110111011010001011110001001110110 ,
b1001100 &
#775000
b1111111111111111000000000000000011111111000000001111111100000000 !
b1111111111111111000000000000000011111111000000001111111100000000 '
b1111111111111111000000000000000011111111000000001111111100000000 0
1"
#780000
0"
b1001010100100110111000110010101 #
b1001010100100110111000110010101 +
b1011011000101110010110110110110 *
b1011011000101110010110110110110 %
b1011011000101110010110110110110 ,
b1001101 &
#785000
b1111111100000000000000001111111100000000111111110000000011111111 !
b1111111100000000000000001111111100000000111111110000000011111111 '
b1111111100000000000000001111111100000000111111110000000011111111 0
1"
#790000
0"
b10011101001001101100000100 #
b10011101001001101100000100 +
b11111111111111111111111111111111111111111111111111111111111111111111111111111111111111111111111110100011000001110001101001000110 *
b11111111111111111111111111111111111111111111111111111111111111111111111111111111111111111111111110100011000001110001101001000110 %
b11111111111111111111111111111111111111111111111111111111111111111111111111111111111111111111111110100011000001110001101001000110 ,
b1001110 &
#795000
b111111110000000000000000 !
b111111110000000000000000 '
b111111110000000000000000 0
1"
#800000
0"
b110100100110000000011101101001 #
b110100100110000000011101101001 +
b1111011110100100110000111110111 *
b1111011110100100110000111110111 %
b1111011110100100110000111110111 ,
b1001111 &
#805000
b11111111111111110000000011111111000000000000000011111111 !
b11111111111111110000000011111111000000000000000011111111 '
b11111111111111110000000011111111000000000000000011111111 0
1"
#810000
0"
b1000100000000011000110110001000 #
b1000100000000011000110110001000 +
b11111111111111111111111111111111111111111111111111111111111111111111111111111111111111111111111111011010011011101011101010110100 *
b11111111111111111111111111111111111111111111111111111111111111111111111111111111111111111111111111011010011011101011101010110100 %
b11111111111111111111111111111111111111111111111111111111111111111111111111111111111111111111111111011010011011101011101010110100 ,
b1010000 &
#815000
b1111111100000000000000000000000011111111000000000000000000000000 !
b1111111100000000000000000000000011111111000000000000000000000000 '
b1111111100000000000000000000000011111111000000000000000000000000 0
1"
#820000
0"
b11111111111111111111111111111111111111111111111111111111111111111111111111111111111111111111111110010110100100000000010000101101 #
b11111111111111111111111111111111111111111111111111111111111111111111111111111111111111111111111110010110100100000000010000101101 +
b10100011111001101100100101000 *
b10100011111001101100100101000 %
b10100011111001101100100101000 ,
b1010001 &
#825000
b111111110000000011111111111111110000000011111111 !
b111111110000000011111111111111110000000011111111 '
b111111110000000011111111111111110000000011111111 0
1"
#830000
0"
b11111111111111111111111111111111111111111111111111111111111111111111111111111111111111111111111110010111010111001001110000101110 #
b11111111111111111111111111111111111111111111111111111111111111111111111111111111111111111111111110010111010111001001110000101110 +
b11111111111111111111111111111111111111111111111111111111111111111111111111111111111111111111111111100011110001010011000011000111 *
b11111111111111111111111111111111111111111111111111111111111111111111111111111111111111111111111111100011110001010011000011000111 %
b11111111111111111111111111111111111111111111111111111111111111111111111111111111111111111111111111100011110001010011000011000111 ,
b1010010 &
#835000
b111111110000000011111111111111111111111100000000 !
b111111110000000011111111111111111111111100000000 '
b111111110000000011111111111111111111111100000000 0
1"
#840000
0"
b1110010000010100010100011100 #
b1110010000010100010100011100 +
b11111111111111111111111111111111111111111111111111111111111111111111111111111111111111111111111110000100011101111110010000001000 *
b11111111111111111111111111111111111111111111111111111111111111111111111111111111111111111111111110000100011101111110010000001000 %
b11111111111111111111111111111111111111111111111111111111111111111111111111111111111111111111111110000100011101111110010000001000 ,
b1010011 &
#845000
b1111111111111111111111110000000000000000 !
b1111111111111111111111110000000000000000 '
b1111111111111111111111110000000000000000 0
1"
#850000
0"
b10100100111100000011100101001 #
b10100100111100000011100101001 +
b11111111111111111111111111111111111111111111111111111111111111111111111111111111111111111111111111111110101001111010011011111101 *
b11111111111111111111111111111111111111111111111111111111111111111111111111111111111111111111111111111110101001111010011011111101 %
b11111111111111111111111111111111111111111111111111111111111111111111111111111111111111111111111111111110101001111010011011111101 ,
b1010100 &
#855000
b111111110000000011111111000000000000000011111111 !
b111111110000000011111111000000000000000011111111 '
b111111110000000011111111000000000000000011111111 0
1"
#860000
0"
b1000011001101010110011110000110 #
b1000011001101010110011110000110 +
b11111111111111111111111111111111111111111111111111111111111111111111111111111111111111111111111110001110001101111001000000011100 *
b11111111111111111111111111111111111111111111111111111111111111111111111111111111111111111111111110001110001101111001000000011100 %
b11111111111111111111111111111111111111111111111111111111111111111111111111111111111111111111111110001110001101111001000000011100 ,
b1010101 &
#865000
b1111111100000000000000000000000000000000111111111111111100000000 !
b1111111100000000000000000000000000000000111111111111111100000000 '
b1111111100000000000000000000000000000000111111111111111100000000 0
1"
#870000
0"
b11111111111111111111111111111111111111111111111111111111111111111111111111111111111111111111111110011110101101111100011000111101 #
b11111111111111111111111111111111111111111111111111111111111111111111111111111111111111111111111110011110101101111100011000111101 +
b11111111111111111111111111111111111111111111111111111111111111111111111111111111111111111111111111101101001101000000100011011010 *
b11111111111111111111111111111111111111111111111111111111111111111111111111111111111111111111111111101101001101000000100011011010 %
b11111111111111111111111111111111111111111111111111111111111111111111111111111111111111111111111111101101001101000000100011011010 ,
b1010110 &
#875000
b111111111111111111111111111111110000000011111111 !
b111111111111111111111111111111110000000011111111 '
b111111111111111111111111111111110000000011111111 0
1"
#880000
0"
b11111111111111111111111111111111111111111111111111111111111111111111111111111111111111111111111110111000010101011100010001110000 #
b11111111111111111111111111111111111111111111111111111111111111111111111111111111111111111111111110111000010101011100010001110000 +
b110011010011101010011101100110 *
b110011010011101010011101100110 %
b110011010011101010011101100110 ,
b1010111 &
#885000
b11111111111111111111111100000000000000000000000000000000 !
b11111111111111111111111100000000000000000000000000000000 '
b11111111111111111111111100000000000000000000000000000000 0
1"
#890000
0"
b1011101011100011001100110111010 #
b1011101011100011001100110111010 +
b11111111111111111111111111111111111111111111111111111111111111111111111111111111111111111111111110111001111101010000010001110011 *
b11111111111111111111111111111111111111111111111111111111111111111111111111111111111111111111111110111001111101010000010001110011 %
b11111111111111111111111111111111111111111111111111111111111111111111111111111111111111111111111110111001111101010000010001110011 ,
b1011000 &
#895000
b1111111100000000111111111111111111111111000000001111111100000000 !
b1111111100000000111111111111111111111111000000001111111100000000 '
b1111111100000000111111111111111111111111000000001111111100000000 0
1"
#900000
0"
b1111101010001110111100111111010 #
b1111101010001110111100111111010 +
b101111001110101011001101011110 *
b101111001110101011001101011110 %
b101111001110101011001101011110 ,
b1011001 &
#905000
b1111111111111111111111111111111111111111000000001111111100000000 !
b1111111111111111111111111111111111111111000000001111111100000000 '
b1111111111111111111111111111111111111111000000001111111100000000 0
1"
#910000
0"
b11111111111111111111111111111111111111111111111111111111111111111111111111111111111111111111111110001101001001001111011000011010 #
b11111111111111111111111111111111111111111111111111111111111111111111111111111111111111111111111110001101001001001111011000011010 +
b1101010100011100000010111010101 *
b1101010100011100000010111010101 %
b1101010100011100000010111010101 ,
b1011010 &
#915000
b1111111111111111000000001111111100000000 !
b1111111111111111000000001111111100000000 '
b1111111111111111000000001111111100000000 0
1"
#920000
0"
b11011100001110110000100110111 #
b11011100001110110000100110111 +
b11111111111111111111111111111111111111111111111111111111111111111111111111111111111111111111111111011100111100000000000010111001 *
b11111111111111111111111111111111111111111111111111111111111111111111111111111111111111111111111111011100111100000000000010111001 %
b11111111111111111111111111111111111111111111111111111111111111111111111111111111111111111111111111011100111100000000000010111001 ,
b1011011 &
#925000
b111111111111111100000000111111111111111111111111 !
b111111111111111100000000111111111111111111111111 '
b111111111111111100000000111111111111111111111111 0
1"
#930000
0"
b1100000001110010010000111000000 #
b1100000001110010010000111000000 +
b1001011001001110011011110010110 *
b1001011001001110011011110010110 %
b1001011001001110011011110010110 ,
b1011100 &
#935000
b1111111111111111000000000000000000000000000000000000000000000000 !
b1111111111111111000000000000000000000000000000000000000000000000 '
b1111111111111111000000000000000000000000000000000000000000000000 0
1"
#940000
0"
b11111111111111111111111111111111111111111111111111111111111111111111111111111111111111111111111111011011010001100001101010110110 #
b11111111111111111111111111111111111111111111111111111111111111111111111111111111111111111111111111011011010001100001101010110110 +
b10011001001011001111100100110 *
b10011001001011001111100100110 %
b10011001001011001111100100110 ,
b1011101 &
#945000
b1111111100000000111111111111111100000000111111111111111100000000 !
b1111111100000000111111111111111100000000111111111111111100000000 '
b1111111100000000111111111111111100000000111111111111111100000000 0
1"
#950000
0"
b1101110010111110000111111011100 #
b1101110010111110000111111011100 +
b111110100110011000001101111101 *
b111110100110011000001101111101 %
b111110100110011000001101111101 ,
b1011110 &
#955000
b1111111111111111000000001111111111111111111111110000000000000000 !
b1111111111111111000000001111111111111111111111110000000000000000 '
b1111111111111111000000001111111111111111111111110000000000000000 0
1"
#960000
0"
b111100000000111111111101111000 #
b111100000000111111111101111000 +
b1000011011000010101011110000110 *
b1000011011000010101011110000110 %
b1000011011000010101011110000110 ,
b1011111 &
#965000
b11111111111111111111111111111111000000000000000000000000 !
b11111111111111111111111111111111000000000000000000000000 '
b11111111111111111111111111111111000000000000000000000000 0
1"
#970000
0"
b11111111111111111111111111111111111111111111111111111111111111111111111111111111111111111111111111101101100011011000000011011011 #
b11111111111111111111111111111111111111111111111111111111111111111111111111111111111111111111111111101101100011011000000011011011 +
b111111010110101001101101111110 *
b111111010110101001101101111110 %
b111111010110101001101101111110 ,
b1100000 &
#975000
b1111111111111111000000001111111111111111000000001111111111111111 !
b1111111111111111000000001111111111111111000000001111111111111111 '
b1111111111111111000000001111111111111111000000001111111111111111 0
1"
#980000
0"
b111100111011010010101101111001 #
b111100111011010010101101111001 +
b11111111111111111111111111111111111111111111111111111111111111111111111111111111111111111111111111100111110000111011011011001111 *
b11111111111111111111111111111111111111111111111111111111111111111111111111111111111111111111111111100111110000111011011011001111 %
b11111111111111111111111111111111111111111111111111111111111111111111111111111111111111111111111111100111110000111011011011001111 ,
b1100001 &
#985000
b11111111111111111111111111111111000000000000000011111111 !
b11111111111111111111111111111111000000000000000011111111 '
b11111111111111111111111111111111000000000000000011111111 0
1"
#990000
0"
b11111111111111111111111111111111111111111111111111111111111111111111111111111111111111111111111110110000101111001110111001100001 #
b11111111111111111111111111111111111111111111111111111111111111111111111111111111111111111111111110110000101111001110111001100001 +
b11111111111111111111111111111111111111111111111111111111111111111111111111111111111111111111111111111101001010001110010011111010 *
b11111111111111111111111111111111111111111111111111111111111111111111111111111111111111111111111111111101001010001110010011111010 %
b11111111111111111111111111111111111111111111111111111111111111111111111111111111111111111111111111111101001010001110010011111010 ,
b1100010 &
#995000
b11111111111111110000000000000000000000000000000011111111 !
b11111111111111110000000000000000000000000000000011111111 '
b11111111111111110000000000000000000000000000000011111111 0
1"
#1000000
0"
b11111111111111111111111111111111111111111111111111111111111111111111111111111111111111111111111111010000111101010111100010100001 #
b11111111111111111111111111111111111111111111111111111111111111111111111111111111111111111111111111010000111101010111100010100001 +
b1011100101000000100100010111 *
b1011100101000000100100010111 %
b1011100101000000100100010111 ,
b1100011 &
#1005000
b1111111100000000111111110000000000000000000000000000000011111111 !
b1111111100000000111111110000000000000000000000000000000011111111 '
b1111111100000000111111110000000000000000000000000000000011111111 0
1"
#1010000
0"
b11111111111111111111111111111111111111111111111111111111111111111111111111111111111111111111111110101000011000111001011001010000 #
b11111111111111111111111111111111111111111111111111111111111111111111111111111111111111111111111110101000011000111001011001010000 +
b1000011011101111001000110000110 *
b1000011011101111001000110000110 %
b1000011011101111001000110000110 ,
b1100100 &
#1015000
b11111111000000001111111100000000000000000000000000000000 !
b11111111000000001111111100000000000000000000000000000000 '
b11111111000000001111111100000000000000000000000000000000 0
1"
#1020000
0"
b11111111111111111111111111111111111111111111111111111111111111111111111111111111111111111111111110011010101101001000100000110101 #
b11111111111111111111111111111111111111111111111111111111111111111111111111111111111111111111111110011010101101001000100000110101 +
b1111010100011000101100111110101 *
b1111010100011000101100111110101 %
b1111010100011000101100111110101 ,
b1100101 &
#1025000
b111111111111111100000000111111110000000011111111 !
b111111111111111100000000111111110000000011111111 '
b111111111111111100000000111111110000000011111111 0
1"
#1030000
0"
b1100000101100010111010111000001 #
b1100000101100010111010111000001 +
b11111111111111111111111111111111111111111111111111111111111111111111111111111111111111111111111110010100100110101000101000101001 *
b11111111111111111111111111111111111111111111111111111111111111111111111111111111111111111111111110010100100110101000101000101001 %
b11111111111111111111111111111111111111111111111111111111111111111111111111111111111111111111111110010100100110101000101000101001 ,
b1100110 &
#1035000
b1111111111111111000000000000000000000000000000000000000011111111 !
b1111111111111111000000000000000000000000000000000000000011111111 '
b1111111111111111000000000000000000000000000000000000000011111111 0
1"
#1040000
0"
b11111111111111111111111111111111111111111111111111111111111111111111111111111111111111111111111111001100000000011011010010011000 #
b11111111111111111111111111111111111111111111111111111111111111111111111111111111111111111111111111001100000000011011010010011000 +
b11111111111111111111111111111111111111111111111111111111111111111111111111111111111111111111111111100010111001010111010011000101 *
b11111111111111111111111111111111111111111111111111111111111111111111111111111111111111111111111111100010111001010111010011000101 %
b11111111111111111111111111111111111111111111111111111111111111111111111111111111111111111111111111100010111001010111010011000101 ,
b1100111 &
#1045000
b1111111100000000000000001111111111111111000000000000000000000000 !
b1111111100000000000000001111111111111111000000000000000000000000 '
b1111111100000000000000001111111111111111000000000000000000000000 0
1"
#1050000
0"
b11111111111111111111111111111111111111111111111111111111111111111111111111111111111111111111111110111001100011000100001001110011 #
b11111111111111111111111111111111111111111111111111111111111111111111111111111111111111111111111110111001100011000100001001110011 +
b100101101100100111101101001011 *
b100101101100100111101101001011 %
b100101101100100111101101001011 ,
b1101000 &
#1055000
b11111111111111111111111100000000000000001111111111111111 !
b11111111111111111111111100000000000000001111111111111111 '
b11111111111111111111111100000000000000001111111111111111 0
1"
#1060000
0"
b11111111111111111111111111111111111111111111111111111111111111111111111111111111111111111111111111000101010100000001011010001010 #
b11111111111111111111111111111111111111111111111111111111111111111111111111111111111111111111111111000101010100000001011010001010 +
b11111111111111111111111111111111111111111111111111111111111111111111111111111111111111111111111111110110001000101110011011101100 *
b11111111111111111111111111111111111111111111111111111111111111111111111111111111111111111111111111110110001000101110011011101100 %
b11111111111111111111111111111111111111111111111111111111111111111111111111111111111111111111111111110110001000101110011011101100 ,
b1101001 &
#1065000
b1111111100000000000000000000000011111111000000001111111100000000 !
b1111111100000000000000000000000011111111000000001111111100000000 '
b1111111100000000000000000000000011111111000000001111111100000000 0
1"
#1070000
0"
b11111111111111111111111111111111111111111111111111111111111111111111111111111111111111111111111111010100010010111000000010101000 #
b11111111111111111111111111111111111111111111111111111111111111111111111111111111111111111111111111010100010010111000000010101000 +
b100111010110001101000101001110 *
b100111010110001101000101001110 %
b100111010110001101000101001110 ,
b1101010 &
#1075000
b1111111100000000111111110000000011111111000000000000000000000000 !
b1111111100000000111111110000000011111111000000000000000000000000 '
b1111111100000000111111110000000011111111000000000000000000000000 0
1"
#1080000
0"
b11111111111111111111111111111111111111111111111111111111111111111111111111111111111111111111111111010000110010101000110010100001 #
b11111111111111111111111111111111111111111111111111111111111111111111111111111111111111111111111111010000110010101000110010100001 +
b1010100100111101111110110101001 *
b1010100100111101111110110101001 %
b1010100100111101111110110101001 ,
b1101011 &
#1085000
b1111111100000000111111110000000000000000000000000000000011111111 !
b1111111100000000111111110000000000000000000000000000000011111111 '
b1111111100000000111111110000000000000000000000000000000011111111 0
1"
#1090000
0"
b11111111111111111111111111111111111111111111111111111111111111111111111111111111111111111111111111110011001101000110011011100110 #
b11111111111111111111111111111111111111111111111111111111111111111111111111111111111111111111111111110011001101000110011011100110 +
b111000010111011100100001110 *
b111000010111011100100001110 %
b111000010111011100100001110 ,
b1101100 &
#1095000
b1111111111111111111111110000000000000000111111111111111100000000 !
b1111111111111111111111110000000000000000111111111111111100000000 '
b1111111111111111111111110000000000000000111111111111111100000000 0
1"
#1100000
0"
b10101001011111011010100101010 #
b10101001011111011010100101010 +
b11111111111111111111111111111111111111111111111111111111111111111111111111111111111111111111111111001111110101101100000010011111 *
b11111111111111111111111111111111111111111111111111111111111111111111111111111111111111111111111111001111110101101100000010011111 %
b11111111111111111111111111111111111111111111111111111111111111111111111111111111111111111111111111001111110101101100000010011111 ,
b1101101 &
#1105000
b111111110000000011111111000000001111111100000000 !
b111111110000000011111111000000001111111100000000 '
b111111110000000011111111000000001111111100000000 0
1"
#1110000
0"
b11111111111111111111111111111111111111111111111111111111111111111111111111111111111111111111111111000110101101011111010010001101 #
b11111111111111111111111111111111111111111111111111111111111111111111111111111111111111111111111111000110101101011111010010001101 +
b10101010110100001110100101010 *
b10101010110100001110100101010 %
b10101010110100001110100101010 ,
b1101110 &
#1115000
b1111111100000000000000000000000011111111111111110000000011111111 !
b1111111100000000000000000000000011111111111111110000000011111111 '
b1111111100000000000000000000000011111111111111110000000011111111 0
1"
#1120000
0"
b11111111111111111111111111111111111111111111111111111111111111111111111111111111111111111111111110011100011011011110011000111000 #
b11111111111111111111111111111111111111111111111111111111111111111111111111111111111111111111111110011100011011011110011000111000 +
b1001111011101011111111110011110 *
b1001111011101011111111110011110 %
b1001111011101011111111110011110 ,
b1101111 &
#1125000
b111111111111111111111111000000000000000000000000 !
b111111111111111111111111000000000000000000000000 '
b111111111111111111111111000000000000000000000000 0
1"
#1130000
0"
b1100100011001001110001111001000 #
b1100100011001001110001111001000 +
b11111111111111111111111111111111111111111111111111111111111111111111111111111111111111111111111110111100110011111010100001111001 *
b11111111111111111111111111111111111111111111111111111111111111111111111111111111111111111111111110111100110011111010100001111001 %
b11111111111111111111111111111111111111111111111111111111111111111111111111111111111111111111111110111100110011111010100001111001 ,
b1110000 &
#1135000
b1111111111111111000000000000000011111111000000000000000000000000 !
b1111111111111111000000000000000011111111000000000000000000000000 '
b1111111111111111000000000000000011111111000000000000000000000000 0
1"
#1140000
0"
b1001111111110100000100010011 #
b1001111111110100000100010011 +
b1100101001000110100010111001010 *
b1100101001000110100010111001010 %
b1100101001000110100010111001010 ,
b1110001 &
#1145000
b1111111100000000000000001111111111111111 !
b1111111100000000000000001111111111111111 '
b1111111100000000000000001111111111111111 0
1"
#1150000
0"
b11111111111111111111111111111111111111111111111111111111111111111111111111111111111111111111111111100011101101111010111011000111 #
b11111111111111111111111111111111111111111111111111111111111111111111111111111111111111111111111111100011101101111010111011000111 +
b110101101000001100100101101011 *
b110101101000001100100101101011 %
b110101101000001100100101101011 ,
b1110010 &
#1155000
b1111111111111111000000000000000000000000111111111111111111111111 !
b1111111111111111000000000000000000000000111111111111111111111111 '
b1111111111111111000000000000000000000000111111111111111111111111 0
1"
#1160000
0"
b1011101000001011001110110111010 #
b1011101000001011001110110111010 +
b1011011000010111101110110110110 *
b1011011000010111101110110110110 %
b1011011000010111101110110110110 ,
b1110011 &
#1165000
b1111111100000000111111111111111111111111000000001111111100000000 !
b1111111100000000111111111111111111111111000000001111111100000000 '
b1111111100000000111111111111111111111111000000001111111100000000 0
1"
#1170000
0"
b1011100100000101001010110111001 #
b1011100100000101001010110111001 +
b1100010000101101010101111000100 *
b1100010000101101010101111000100 %
b1100010000101101010101111000100 ,
b1110100 &
#1175000
b1111111100000000111111111111111111111111000000000000000011111111 !
b1111111100000000111111111111111111111111000000000000000011111111 '
b1111111100000000111111111111111111111111000000000000000011111111 0
1"
#1180000
0"
b11111111111111111111111111111111111111111111111111111111111111111111111111111111111111111111111111011010001001101001101010110100 #
b11111111111111111111111111111111111111111111111111111111111111111111111111111111111111111111111111011010001001101001101010110100 +
b1001001001011111101001110010010 *
b1001001001011111101001110010010 %
b1001001001011111101001110010010 ,
b1110101 &
#1185000
b1111111100000000111111111111111100000000111111110000000000000000 !
b1111111100000000111111111111111100000000111111110000000000000000 '
b1111111100000000111111111111111100000000111111110000000000000000 0
1"
#1190000
0"
b11111111111111111111111111111111111111111111111111111111111111111111111111111111111111111111111111000011001100111001000010000110 #
b11111111111111111111111111111111111111111111111111111111111111111111111111111111111111111111111111000011001100111001000010000110 +
b111111101110110011101101111111 *
b111111101110110011101101111111 %
b111111101110110011101101111111 ,
b1110110 &
#1195000
b1111111100000000000000000000000000000000111111111111111100000000 !
b1111111100000000000000000000000000000000111111111111111100000000 '
b1111111100000000000000000000000000000000111111111111111100000000 0
1"
#1200000
0"
b11111111111111111111111111111111111111111111111111111111111111111111111111111111111111111111111111111001001001111001010011110010 #
b11111111111111111111111111111111111111111111111111111111111111111111111111111111111111111111111111111001001001111001010011110010 +
b1111101011011011111010111111010 *
b1111101011011011111010111111010 %
b1111101011011011111010111111010 ,
b1110111 &
#1205000
b1111111111111111111111111111111100000000000000001111111100000000 !
b1111111111111111111111111111111100000000000000001111111100000000 '
b1111111111111111111111111111111100000000000000001111111100000000 0
1"
#1210000
0"
b11111111111111111111111111111111111111111111111111111111111111111111111111111111111111111111111111011110110011100101111010111101 #
b11111111111111111111111111111111111111111111111111111111111111111111111111111111111111111111111111011110110011100101111010111101 +
b11001010001010010000100110010 *
b11001010001010010000100110010 %
b11001010001010010000100110010 ,
b1111000 &
#1215000
b1111111100000000111111111111111111111111111111110000000011111111 !
b1111111100000000111111111111111111111111111111110000000011111111 '
b1111111100000000111111111111111111111111111111110000000011111111 0
1"
#1220000
0"
b11111111111111111111111111111111111111111111111111111111111111111111111111111111111111111111111111110010010010011010010011100100 #
b11111111111111111111111111111111111111111111111111111111111111111111111111111111111111111111111111110010010010011010010011100100 +
b1000010010011111100110110000100 *
b1000010010011111100110110000100 %
b1000010010011111100110110000100 ,
b1111001 &
#1225000
b1111111111111111111111110000000000000000111111110000000000000000 !
b1111111111111111111111110000000000000000111111110000000000000000 '
b1111111111111111111111110000000000000000111111110000000000000000 0
1"
#1230000
0"
b1010100101010000111100110101001 #
b1010100101010000111100110101001 +
b1100101010000111100111111001010 *
b1100101010000111100111111001010 %
b1100101010000111100111111001010 ,
b1111010 &
#1235000
b1111111100000000111111110000000011111111000000000000000011111111 !
b1111111100000000111111110000000011111111000000000000000011111111 '
b1111111100000000111111110000000011111111000000000000000011111111 0
1"
#1240000
0"
b1000111011001011010100110001110 #
b1000111011001011010100110001110 +
b11111111111111111111111111111111111111111111111111111111111111111111111111111111111111111111111111010000100101011010100010100001 *
b11111111111111111111111111111111111111111111111111111111111111111111111111111111111111111111111111010000100101011010100010100001 %
b11111111111111111111111111111111111111111111111111111111111111111111111111111111111111111111111111010000100101011010100010100001 ,
b1111011 &
#1245000
b1111111100000000000000000000000011111111111111111111111100000000 !
b1111111100000000000000000000000011111111111111111111111100000000 '
b1111111100000000000000000000000011111111111111111111111100000000 0
1"
#1250000
0"
b11111111111111111111111111111111111111111111111111111111111111111111111111111111111111111111111110000101111001010001111000001011 #
b11111111111111111111111111111111111111111111111111111111111111111111111111111111111111111111111110000101111001010001111000001011 +
b11111111111111111111111111111111111111111111111111111111111111111111111111111111111111111111111111111101100010110110101011111011 *
b11111111111111111111111111111111111111111111111111111111111111111111111111111111111111111111111111111101100010110110101011111011 %
b11111111111111111111111111111111111111111111111111111111111111111111111111111111111111111111111111111101100010110110101011111011 ,
b1111100 &
#1255000
b11111111000000001111111111111111 !
b11111111000000001111111111111111 '
b11111111000000001111111111111111 0
1"
#1260000
0"
b1100100110010000011110111001001 #
b1100100110010000011110111001001 +
b11111111111111111111111111111111111111111111111111111111111111111111111111111111111111111111111111110111100000101001000011101111 *
b11111111111111111111111111111111111111111111111111111111111111111111111111111111111111111111111111110111100000101001000011101111 %
b11111111111111111111111111111111111111111111111111111111111111111111111111111111111111111111111111110111100000101001000011101111 ,
b1111101 &
#1265000
b1111111111111111000000000000000011111111000000000000000011111111 !
b1111111111111111000000000000000011111111000000000000000011111111 '
b1111111111111111000000000000000011111111000000000000000011111111 0
1"
#1270000
0"
b11111111111111111111111111111111111111111111111111111111111111111111111111111111111111111111111110111010101100010100100001110101 #
b11111111111111111111111111111111111111111111111111111111111111111111111111111111111111111111111110111010101100010100100001110101 +
b11011011000001110010100110110 *
b11011011000001110010100110110 %
b11011011000001110010100110110 ,
b1111110 &
#1275000
b11111111111111111111111100000000111111110000000011111111 !
b11111111111111111111111100000000111111110000000011111111 '
b11111111111111111111111100000000111111110000000011111111 0
1"
#1280000
0"
b110101110011011011111101101011 #
b110101110011011011111101101011 +
b11111111111111111111111111111111111111111111111111111111111111111111111111111111111111111111111111000111111010000101011010001111 *
b11111111111111111111111111111111111111111111111111111111111111111111111111111111111111111111111111000111111010000101011010001111 %
b11111111111111111111111111111111111111111111111111111111111111111111111111111111111111111111111111000111111010000101011010001111 ,
b1111111 &
#1285000
b11111111111111110000000011111111000000001111111111111111 !
b11111111111111110000000011111111000000001111111111111111 '
b11111111111111110000000011111111000000001111111111111111 0
1"
#1290000
0"
b11111111111111111111111111111111111111111111111111111111111111111111111111111111111111111111111111010111001111111011010010101110 #
b11111111111111111111111111111111111111111111111111111111111111111111111111111111111111111111111111010111001111111011010010101110 +
b1000100011001011110011110001000 *
b1000100011001011110011110001000 %
b1000100011001011110011110001000 ,
b10000000 &
#1295000
b1111111100000000111111110000000011111111111111111111111100000000 !
b1111111100000000111111110000000011111111111111111111111100000000 '
b1111111100000000111111110000000011111111111111111111111100000000 0
1"
#1300000
0"
b1001001001111100100010110010010 #
b1001001001111100100010110010010 +
b1001101111100111000000110011011 *
b1001101111100111000000110011011 %
b1001101111100111000000110011011 ,
b10000001 &
#1305000
b1111111100000000000000001111111100000000000000001111111100000000 !
b1111111100000000000000001111111100000000000000001111111100000000 '
b1111111100000000000000001111111100000000000000001111111100000000 0
1"
#1310000
0"
b11111111111111111111111111111111111111111111111111111111111111111111111111111111111111111111111110010110100001001110000000101101 #
b11111111111111111111111111111111111111111111111111111111111111111111111111111111111111111111111110010110100001001110000000101101 +
b10100010001001101111100101000 *
b10100010001001101111100101000 %
b10100010001001101111100101000 ,
b10000010 &
#1315000
b111111110000000011111111111111110000000011111111 !
b111111110000000011111111111111110000000011111111 '
b111111110000000011111111111111110000000011111111 0
1"
#1320000
0"
b11111111111111111111111111111111111111111111111111111111111111111111111111111111111111111111111111100001011010011011000011000010 #
b11111111111111111111111111111111111111111111111111111111111111111111111111111111111111111111111111100001011010011011000011000010 +
b100101101101110101111101001011 *
b100101101101110101111101001011 %
b100101101101110101111101001011 ,
b10000011 &
#1325000
b1111111111111111000000000000000000000000000000001111111100000000 !
b1111111111111111000000000000000000000000000000001111111100000000 '
b1111111111111111000000000000000000000000000000001111111100000000 0
1"
#1330000
0"
b110101100110000010100001101 #
b110101100110000010100001101 +
b11111111111111111111111111111111111111111111111111111111111111111111111111111111111111111111111110001111000111001111011000011110 *
b11111111111111111111111111111111111111111111111111111111111111111111111111111111111111111111111110001111000111001111011000011110 %
b11111111111111111111111111111111111111111111111111111111111111111111111111111111111111111111111110001111000111001111011000011110 ,
b10000100 &
#1335000
b11111111111111110000000011111111 !
b11111111111111110000000011111111 '
b11111111111111110000000011111111 0
1"
#1340000
0"
b1100000000111001110100011000 #
b1100000000111001110100011000 +
b1110110011110011111110111101100 *
b1110110011110011111110111101100 %
b1110110011110011111110111101100 ,
b10000101 &
#1345000
b1111111111111111000000000000000000000000 !
b1111111111111111000000000000000000000000 '
b1111111111111111000000000000000000000000 0
1"
#1350000
0"
b11111111111111111111111111111111111111111111111111111111111111111111111111111111111111111111111111000011011101100001110010000110 #
b11111111111111111111111111111111111111111111111111111111111111111111111111111111111111111111111111000011011101100001110010000110 +
b1101000101011100001101111010001 *
b1101000101011100001101111010001 %
b1101000101011100001101111010001 ,
b10000110 &
#1355000
b1111111100000000000000000000000000000000111111111111111100000000 !
b1111111100000000000000000000000000000000111111111111111100000000 '
b1111111100000000000000000000000000000000111111111111111100000000 0
1"
#1360000
0"
b11111111111111111111111111111111111111111111111111111111111111111111111111111111111111111111111110011101101111110110010000111011 #
b11111111111111111111111111111111111111111111111111111111111111111111111111111111111111111111111110011101101111110110010000111011 +
b11111111111111111111111111111111111111111111111111111111111111111111111111111111111111111111111110100000110000000010010001000001 *
b11111111111111111111111111111111111111111111111111111111111111111111111111111111111111111111111110100000110000000010010001000001 %
b11111111111111111111111111111111111111111111111111111111111111111111111111111111111111111111111110100000110000000010010001000001 ,
b10000111 &
#1365000
b111111111111111111111111000000001111111111111111 !
b111111111111111111111111000000001111111111111111 '
b111111111111111111111111000000001111111111111111 0
1"
#1370000
0"
b101001111011111110100101010011 #
b101001111011111110100101010011 +
b1101100010001001111100111011000 *
b1101100010001001111100111011000 %
b1101100010001001111100111011000 ,
b10001000 &
#1375000
b11111111000000001111111100000000000000001111111111111111 !
b11111111000000001111111100000000000000001111111111111111 '
b11111111000000001111111100000000000000001111111111111111 0
1"
#1380000
0"
b11111111111111111111111111111111111111111111111111111111111111111111111111111111111111111111111110101101101011000010001001011011 #
b11111111111111111111111111111111111111111111111111111111111111111111111111111111111111111111111110101101101011000010001001011011 +
b11111111111111111111111111111111111111111111111111111111111111111111111111111111111111111111111110101011000110010110001001010110 *
b11111111111111111111111111111111111111111111111111111111111111111111111111111111111111111111111110101011000110010110001001010110 %
b11111111111111111111111111111111111111111111111111111111111111111111111111111111111111111111111110101011000110010110001001010110 ,
b10001001 &
#1385000
b11111111000000001111111111111111000000001111111111111111 !
b11111111000000001111111111111111000000001111111111111111 '
b11111111000000001111111111111111000000001111111111111111 0
1"
#1390000
0"
b11111111111111111111111111111111111111111111111111111111111111111111111111111111111111111111111110000010011100111110001000000100 #
b11111111111111111111111111111111111111111111111111111111111111111111111111111111111111111111111110000010011100111110001000000100 +
b11111111111111111111111111111111111111111111111111111111111111111111111111111111111111111111111111110001011001101111101011100010 *
b11111111111111111111111111111111111111111111111111111111111111111111111111111111111111111111111111110001011001101111101011100010 %
b11111111111111111111111111111111111111111111111111111111111111111111111111111111111111111111111111110001011001101111101011100010 ,
b10001010 &
#1395000
b111111110000000000000000 !
b111111110000000000000000 '
b111111110000000000000000 0
1"
#1400000
0"
b11111111111111111111111111111111111111111111111111111111111111111111111111111111111111111111111111101100010100001011010011011000 #
b11111111111111111111111111111111111111111111111111111111111111111111111111111111111111111111111111101100010100001011010011011000 +
b111001101011000000001101110011 *
b111001101011000000001101110011 %
b111001101011000000001101110011 ,
b10001011 &
#1405000
b1111111111111111000000001111111111111111000000000000000000000000 !
b1111111111111111000000001111111111111111000000000000000000000000 '
b1111111111111111000000001111111111111111000000000000000000000000 0
1"
#1410000
0"
b11111111111111111111111111111111111111111111111111111111111111111111111111111111111111111111111111011100000000110100010010111000 #
b11111111111111111111111111111111111111111111111111111111111111111111111111111111111111111111111111011100000000110100010010111000 +
b1001001111100100110100010010 *
b1001001111100100110100010010 %
b1001001111100100110100010010 ,
b10001100 &
#1415000
b1111111100000000111111111111111111111111000000000000000000000000 !
b1111111100000000111111111111111111111111000000000000000000000000 '
b1111111100000000111111111111111111111111000000000000000000000000 0
1"
#1420000
0"
b11111111111111111111111111111111111111111111111111111111111111111111111111111111111111111111111111110010100001111011011011100101 #
b11111111111111111111111111111111111111111111111111111111111111111111111111111111111111111111111111110010100001111011011011100101 +
b11111111111111111111111111111111111111111111111111111111111111111111111111111111111111111111111110011100100000010001001000111001 *
b11111111111111111111111111111111111111111111111111111111111111111111111111111111111111111111111110011100100000010001001000111001 %
b11111111111111111111111111111111111111111111111111111111111111111111111111111111111111111111111110011100100000010001001000111001 ,
b10001101 &
#1425000
b1111111111111111111111110000000000000000111111110000000011111111 !
b1111111111111111111111110000000000000000111111110000000011111111 '
b1111111111111111111111110000000000000000111111110000000011111111 0
1"
#1430000
0"
b10101100010010000111100101011 #
b10101100010010000111100101011 +
b11111111111111111111111111111111111111111111111111111111111111111111111111111111111111111111111111010000110001011101110010100001 *
b11111111111111111111111111111111111111111111111111111111111111111111111111111111111111111111111111010000110001011101110010100001 %
b11111111111111111111111111111111111111111111111111111111111111111111111111111111111111111111111111010000110001011101110010100001 ,
b10001110 &
#1435000
b111111110000000011111111000000001111111111111111 !
b111111110000000011111111000000001111111111111111 '
b111111110000000011111111000000001111111111111111 0
1"
#1440000
0"
b1100100000110111000010111001000 #
b1100100000110111000010111001000 +
b1000000100100000101110110000001 *
b1000000100100000101110110000001 %
b1000000100100000101110110000001 ,
b10001111 &
#1445000
b1111111111111111000000000000000011111111000000000000000000000000 !
b1111111111111111000000000000000011111111000000000000000000000000 '
b1111111111111111000000000000000011111111000000000000000000000000 0
1"
#1450000
0"
b1010000110101011111100110100001 #
b1010000110101011111100110100001 +
b10011101101010101010100100111 *
b10011101101010101010100100111 %
b10011101101010101010100100111 ,
b10010000 &
#1455000
b1111111100000000111111110000000000000000000000000000000011111111 !
b1111111100000000111111110000000000000000000000000000000011111111 '
b1111111100000000111111110000000000000000000000000000000011111111 0
1"
#1460000
0"
b11111111111111111111111111111111111111111111111111111111111111111111111111111111111111111111111110000010001000100011101000000100 #
b11111111111111111111111111111111111111111111111111111111111111111111111111111111111111111111111110000010001000100011101000000100 +
b11111111111111111111111111111111111111111111111111111111111111111111111111111111111111111111111110001111100011000110111000011111 *
b11111111111111111111111111111111111111111111111111111111111111111111111111111111111111111111111110001111100011000110111000011111 %
b11111111111111111111111111111111111111111111111111111111111111111111111111111111111111111111111110001111100011000110111000011111 ,
b10010001 &
#1465000
b111111110000000000000000 !
b111111110000000000000000 '
b111111110000000000000000 0
1"
#1470000
0"
b11111111111111111111111111111111111111111111111111111111111111111111111111111111111111111111111111001011010111001000000010010110 #
b11111111111111111111111111111111111111111111111111111111111111111111111111111111111111111111111111001011010111001000000010010110 +
b101100001011010010001101011000 *
b101100001011010010001101011000 %
b101100001011010010001101011000 ,
b10010010 &
#1475000
b1111111100000000000000001111111100000000111111111111111100000000 !
b1111111100000000000000001111111100000000111111111111111100000000 '
b1111111100000000000000001111111100000000111111111111111100000000 0
1"
#1480000
0"
b11111111111111111111111111111111111111111111111111111111111111111111111111111111111111111111111110001001000110011011010000010010 #
b11111111111111111111111111111111111111111111111111111111111111111111111111111111111111111111111110001001000110011011010000010010 +
b1010011011101001001100010100 *
b1010011011101001001100010100 %
b1010011011101001001100010100 ,
b10010011 &
#1485000
b1111111100000000000000001111111100000000 !
b1111111100000000000000001111111100000000 '
b1111111100000000000000001111111100000000 0
1"
#1490000
0"
b11111111111111111111111111111111111111111111111111111111111111111111111111111111111111111111111111011000101011001110001010110001 #
b11111111111111111111111111111111111111111111111111111111111111111111111111111111111111111111111111011000101011001110001010110001 +
b11111111111111111111111111111111111111111111111111111111111111111111111111111111111111111111111111001011001000100111000010010110 *
b11111111111111111111111111111111111111111111111111111111111111111111111111111111111111111111111111001011001000100111000010010110 %
b11111111111111111111111111111111111111111111111111111111111111111111111111111111111111111111111111001011001000100111000010010110 ,
b10010100 &
#1495000
b1111111100000000111111111111111100000000000000000000000011111111 !
b1111111100000000111111111111111100000000000000000000000011111111 '
b1111111100000000111111111111111100000000000000000000000011111111 0
1"
#1500000
0"
b11111111111111111111111111111111111111111111111111111111111111111111111111111111111111111111111111110110110000111000111011101101 #
b11111111111111111111111111111111111111111111111111111111111111111111111111111111111111111111111111110110110000111000111011101101 +
b101010110000101101010101010101 *
b101010110000101101010101010101 %
b101010110000101101010101010101 ,
b10010101 &
#1505000
b1111111111111111111111110000000011111111111111110000000011111111 !
b1111111111111111111111110000000011111111111111110000000011111111 '
b1111111111111111111111110000000011111111111111110000000011111111 0
1"
#1510000
0"
b1111010101100010001101111110101 #
b1111010101100010001101111110101 +
b10101100010110010101100101011 *
b10101100010110010101100101011 %
b10101100010110010101100101011 ,
b10010110 &
#1515000
b1111111111111111111111111111111100000000111111110000000011111111 !
b1111111111111111111111111111111100000000111111110000000011111111 '
b1111111111111111111111111111111100000000111111110000000011111111 0
1"
#1520000
0"
b11111111111111111111111111111111111111111111111111111111111111111111111111111111111111111111111110010011110000010010001000100111 #
b11111111111111111111111111111111111111111111111111111111111111111111111111111111111111111111111110010011110000010010001000100111 +
b1010110101101000000001110101101 *
b1010110101101000000001110101101 %
b1010110101101000000001110101101 ,
b10010111 &
#1525000
b111111110000000000000000111111111111111111111111 !
b111111110000000000000000111111111111111111111111 '
b111111110000000000000000111111111111111111111111 0
1"
#1530000
0"
b11111111111111111111111111111111111111111111111111111111111111111111111111111111111111111111111111010011101010001110010010100111 #
b11111111111111111111111111111111111111111111111111111111111111111111111111111111111111111111111111010011101010001110010010100111 +
b1000010010010011111111110000100 *
b1000010010010011111111110000100 %
b1000010010010011111111110000100 ,
b10011000 &
#1535000
b1111111100000000111111110000000000000000111111111111111111111111 !
b1111111100000000111111110000000000000000111111111111111111111111 '
b1111111100000000111111110000000000000000111111111111111111111111 0
1"
#1540000
0"
b11111111111111111111111111111111111111111111111111111111111111111111111111111111111111111111111111011100111011111001000010111001 #
b11111111111111111111111111111111111111111111111111111111111111111111111111111111111111111111111111011100111011111001000010111001 +
b11111111111111111111111111111111111111111111111111111111111111111111111111111111111111111111111111110011110101111010011011100111 *
b11111111111111111111111111111111111111111111111111111111111111111111111111111111111111111111111111110011110101111010011011100111 %
b11111111111111111111111111111111111111111111111111111111111111111111111111111111111111111111111111110011110101111010011011100111 ,
b10011001 &
#1545000
b1111111100000000111111111111111111111111000000000000000011111111 !
b1111111100000000111111111111111111111111000000000000000011111111 '
b1111111100000000111111111111111111111111000000000000000011111111 0
1"
#1550000
0"
b1101101111001011011101111011011 #
b1101101111001011011101111011011 +
b11111111111111111111111111111111111111111111111111111111111111111111111111111111111111111111111110100100110110100101011001001001 *
b11111111111111111111111111111111111111111111111111111111111111111111111111111111111111111111111110100100110110100101011001001001 %
b11111111111111111111111111111111111111111111111111111111111111111111111111111111111111111111111110100100110110100101011001001001 ,
b10011010 &
#1555000
b1111111111111111000000001111111111111111000000001111111111111111 !
b1111111111111111000000001111111111111111000000001111111111111111 '
b1111111111111111000000001111111111111111000000001111111111111111 0
1"
#1560000
0"
b101000100000111011000101010001 #
b101000100000111011000101010001 +
b1100100101110100000111111001001 *
b1100100101110100000111111001001 %
b1100100101110100000111111001001 ,
b10011011 &
#1565000
b11111111000000001111111100000000000000000000000011111111 !
b11111111000000001111111100000000000000000000000011111111 '
b11111111000000001111111100000000000000000000000011111111 0
1"
#1570000
0"
b10101010001101101110100101010 #
b10101010001101101110100101010 +
b11111111111111111111111111111111111111111111111111111111111111111111111111111111111111111111111111010000101111000101111010100001 *
b11111111111111111111111111111111111111111111111111111111111111111111111111111111111111111111111111010000101111000101111010100001 %
b11111111111111111111111111111111111111111111111111111111111111111111111111111111111111111111111111010000101111000101111010100001 ,
b10011100 &
#1575000
b111111110000000011111111000000001111111100000000 !
b111111110000000011111111000000001111111100000000 '
b111111110000000011111111000000001111111100000000 0
1"
#1580000
0"
b11111111111111111111111111111111111111111111111111111111111111111111111111111111111111111111111110100010111001100010000001000101 #
b11111111111111111111111111111111111111111111111111111111111111111111111111111111111111111111111110100010111001100010000001000101 +
b1111101001010100100010111111010 *
b1111101001010100100010111111010 %
b1111101001010100100010111111010 ,
b10011101 &
#1585000
b11111111000000000000000000000000111111110000000011111111 !
b11111111000000000000000000000000111111110000000011111111 '
b11111111000000000000000000000000111111110000000011111111 0
1"
#1590000
0"
b11111111111111111111111111111111111111111111111111111111111111111111111111111111111111111111111110111110011101010100001001111100 #
b11111111111111111111111111111111111111111111111111111111111111111111111111111111111111111111111110111110011101010100001001111100 +
b1000001101000010000010110000011 *
b1000001101000010000010110000011 %
b1000001101000010000010110000011 ,
b10011110 &
#1595000
b11111111111111111111111111111111111111110000000000000000 !
b11111111111111111111111111111111111111110000000000000000 '
b11111111111111111111111111111111111111110000000000000000 0
1"
#1600000
0"
b11111111111111111111111111111111111111111111111111111111111111111111111111111111111111111111111111111111010011110011110011111110 #
b11111111111111111111111111111111111111111111111111111111111111111111111111111111111111111111111111111111010011110011110011111110 +
b11111111111111111111111111111111111111111111111111111111111111111111111111111111111111111111111110111001010001100001010001110010 *
b11111111111111111111111111111111111111111111111111111111111111111111111111111111111111111111111110111001010001100001010001110010 %
b11111111111111111111111111111111111111111111111111111111111111111111111111111111111111111111111110111001010001100001010001110010 ,
b10011111 &
#1605000
b1111111111111111111111111111111111111111111111111111111100000000 !
b1111111111111111111111111111111111111111111111111111111100000000 '
b1111111111111111111111111111111111111111111111111111111100000000 0
1"
#1610000
0"
b11111111111111111111111111111111111111111111111111111111111111111111111111111111111111111111111110110111110111111010101001101111 #
b11111111111111111111111111111111111111111111111111111111111111111111111111111111111111111111111110110111110111111010101001101111 +
b11111111111111111111111111111111111111111111111111111111111111111111111111111111111111111111111110110100010101011111001001101000 *
b11111111111111111111111111111111111111111111111111111111111111111111111111111111111111111111111110110100010101011111001001101000 %
b11111111111111111111111111111111111111111111111111111111111111111111111111111111111111111111111110110100010101011111001001101000 ,
b10100000 &
#1615000
b11111111111111110000000011111111111111111111111111111111 !
b11111111111111110000000011111111111111111111111111111111 '
b11111111111111110000000011111111111111111111111111111111 0
1"
#1620000
0"
b1111000001000110010000111110000 #
b1111000001000110010000111110000 +
b1000011010001100000110110000110 *
b1000011010001100000110110000110 %
b1000011010001100000110110000110 ,
b10100001 &
#1625000
b1111111111111111111111111111111100000000000000000000000000000000 !
b1111111111111111111111111111111100000000000000000000000000000000 '
b1111111111111111111111111111111100000000000000000000000000000000 0
1"
#1630000
0"
b100000011101101001000101000000 #
b100000011101101001000101000000 +
b11100011100011001011100111000 *
b11100011100011001011100111000 %
b11100011100011001011100111000 ,
b10100010 &
#1635000
b11111111000000000000000000000000000000000000000000000000 !
b11111111000000000000000000000000000000000000000000000000 '
b11111111000000000000000000000000000000000000000000000000 0
1"
#1640000
0"
b1111011000011011010100111110110 #
b1111011000011011010100111110110 +
b11111111111111111111111111111111111111111111111111111111111111111111111111111111111111111111111110010100000010010111011000101000 *
b11111111111111111111111111111111111111111111111111111111111111111111111111111111111111111111111110010100000010010111011000101000 %
b11111111111111111111111111111111111111111111111111111111111111111111111111111111111111111111111110010100000010010111011000101000 ,
b10100011 &
#1645000
b1111111111111111111111111111111100000000111111111111111100000000 !
b1111111111111111111111111111111100000000111111111111111100000000 '
b1111111111111111111111111111111100000000111111111111111100000000 0
1"
#1650000
0"
b1100000001010000011000111000000 #
b1100000001010000011000111000000 +
b11111111111111111111111111111111111111111111111111111111111111111111111111111111111111111111111111100010101111110001101011000101 *
b11111111111111111111111111111111111111111111111111111111111111111111111111111111111111111111111111100010101111110001101011000101 %
b11111111111111111111111111111111111111111111111111111111111111111111111111111111111111111111111111100010101111110001101011000101 ,
b10100100 &
#1655000
b1111111111111111000000000000000000000000000000000000000000000000 !
b1111111111111111000000000000000000000000000000000000000000000000 '
b1111111111111111000000000000000000000000000000000000000000000000 0
1"
#1660000
0"
b11100110111100111000100111001 #
b11100110111100111000100111001 +
b111010011000100101111101110100 *
b111010011000100101111101110100 %
b111010011000100101111101110100 ,
b10100101 &
#1665000
b111111111111111111111111000000000000000011111111 !
b111111111111111111111111000000000000000011111111 '
b111111111111111111111111000000000000000011111111 0
1"
#1670000
0"
b11110000111001000011100111100 #
b11110000111001000011100111100 +
b11111111111111111111111111111111111111111111111111111111111111111111111111111111111111111111111111011000011010100110101010110000 *
b11111111111111111111111111111111111111111111111111111111111111111111111111111111111111111111111111011000011010100110101010110000 %
b11111111111111111111111111111111111111111111111111111111111111111111111111111111111111111111111111011000011010100110101010110000 ,
b10100110 &
#1675000
b111111111111111111111111111111110000000000000000 !
b111111111111111111111111111111110000000000000000 '
b111111111111111111111111111111110000000000000000 0
1"
#1680000
0"
b110001001001001101001101100010 #
b110001001001001101001101100010 +
b10101001000011001001100101010 *
b10101001000011001001100101010 %
b10101001000011001001100101010 ,
b10100111 &
#1685000
b11111111111111110000000000000000000000001111111100000000 !
b11111111111111110000000000000000000000001111111100000000 '
b11111111111111110000000000000000000000001111111100000000 0
1"
#1690000
0"
b11111111111111111111111111111111111111111111111111111111111111111111111111111111111111111111111111110000101100010100111011100001 #
b11111111111111111111111111111111111111111111111111111111111111111111111111111111111111111111111111110000101100010100111011100001 +
b1010111011000011010100010101 *
b1010111011000011010100010101 %
b1010111011000011010100010101 ,
b10101000 &
#1695000
b1111111111111111111111110000000000000000000000000000000011111111 !
b1111111111111111111111110000000000000000000000000000000011111111 '
b1111111111111111111111110000000000000000000000000000000011111111 0
1"
#1700000
0"
b11111111111111111111111111111111111111111111111111111111111111111111111111111111111111111111111110100001100010111110111001000011 #
b11111111111111111111111111111111111111111111111111111111111111111111111111111111111111111111111110100001100010111110111001000011 +
b1011111000101001110100010111 *
b1011111000101001110100010111 %
b1011111000101001110100010111 ,
b10101001 &
#1705000
b11111111000000000000000000000000000000001111111111111111 !
b11111111000000000000000000000000000000001111111111111111 '
b11111111000000000000000000000000000000001111111111111111 0
1"
#1710000
0"
b11111111111111111111111111111111111111111111111111111111111111111111111111111111111111111111111111000011001101100000010010000110 #
b11111111111111111111111111111111111111111111111111111111111111111111111111111111111111111111111111000011001101100000010010000110 +
b1100100101101011110001111001001 *
b1100100101101011110001111001001 %
b1100100101101011110001111001001 ,
b10101010 &
#1715000
b1111111100000000000000000000000000000000111111111111111100000000 !
b1111111100000000000000000000000000000000111111111111111100000000 '
b1111111100000000000000000000000000000000111111111111111100000000 0
1"
#1720000
0"
b1100000111101101001110111000001 #
b1100000111101101001110111000001 +
b10010100101111100101100100101 *
b10010100101111100101100100101 %
b10010100101111100101100100101 ,
b10101011 &
#1725000
b1111111111111111000000000000000000000000000000000000000011111111 !
b1111111111111111000000000000000000000000000000000000000011111111 '
b1111111111111111000000000000000000000000000000000000000011111111 0
1"
#1730000
0"
b11111111111111111111111111111111111111111111111111111111111111111111111111111111111111111111111110101101011001111110001001011010 #
b11111111111111111111111111111111111111111111111111111111111111111111111111111111111111111111111110101101011001111110001001011010 +
b11111111111111111111111111111111111111111111111111111111111111111111111111111111111111111111111111000110100111011010001010001101 *
b11111111111111111111111111111111111111111111111111111111111111111111111111111111111111111111111111000110100111011010001010001101 %
b11111111111111111111111111111111111111111111111111111111111111111111111111111111111111111111111111000110100111011010001010001101 ,
b10101100 &
#1735000
b11111111000000001111111111111111000000001111111100000000 !
b11111111000000001111111111111111000000001111111100000000 '
b11111111000000001111111111111111000000001111111100000000 0
1"
#1740000
0"
b10110010110110111101100101100 #
b10110010110110111101100101100 +
b11110101100010011100000111 *
b11110101100010011100000111 %
b11110101100010011100000111 ,
b10101101 &
#1745000
b111111110000000011111111111111110000000000000000 !
b111111110000000011111111111111110000000000000000 '
b111111110000000011111111111111110000000000000000 0
1"
#1750000
0"
b11111111111111111111111111111111111111111111111111111111111111111111111111111111111111111111111110111000101011011110011001110001 #
b11111111111111111111111111111111111111111111111111111111111111111111111111111111111111111111111110111000101011011110011001110001 +
b110000010100101110100001100 *
b110000010100101110100001100 %
b110000010100101110100001100 ,
b10101110 &
#1755000
b11111111111111111111111100000000000000000000000011111111 !
b11111111111111111111111100000000000000000000000011111111 '
b11111111111111111111111100000000000000000000000011111111 0
1"
#1760000
0"
b1011011011000001110010110110110 #
b1011011011000001110010110110110 +
b11111111111111111111111111111111111111111111111111111111111111111111111111111111111111111111111110011101111000010111110000111011 *
b11111111111111111111111111111111111111111111111111111111111111111111111111111111111111111111111110011101111000010111110000111011 %
b11111111111111111111111111111111111111111111111111111111111111111111111111111111111111111111111110011101111000010111110000111011 ,
b10101111 &
#1765000
b1111111100000000111111111111111100000000111111111111111100000000 !
b1111111100000000111111111111111100000000111111111111111100000000 '
b1111111100000000111111111111111100000000111111111111111100000000 0
1"
#1770000
0"
b11111111111111111111111111111111111111111111111111111111111111111111111111111111111111111111111111001111000101001100111010011110 #
b11111111111111111111111111111111111111111111111111111111111111111111111111111111111111111111111111001111000101001100111010011110 +
b11111111111111111111111111111111111111111111111111111111111111111111111111111111111111111111111111111011110111111100001011110111 *
b11111111111111111111111111111111111111111111111111111111111111111111111111111111111111111111111111111011110111111100001011110111 %
b11111111111111111111111111111111111111111111111111111111111111111111111111111111111111111111111111111011110111111100001011110111 ,
b10110000 &
#1775000
b1111111100000000000000001111111111111111111111111111111100000000 !
b1111111100000000000000001111111111111111111111111111111100000000 '
b1111111100000000000000001111111111111111111111111111111100000000 0
1"
#1780000
0"
b101010101110001111011101010101 #
b101010101110001111011101010101 +
b11111111111111111111111111111111111111111111111111111111111111111111111111111111111111111111111110101110011110000101100001011100 *
b11111111111111111111111111111111111111111111111111111111111111111111111111111111111111111111111110101110011110000101100001011100 %
b11111111111111111111111111111111111111111111111111111111111111111111111111111111111111111111111110101110011110000101100001011100 ,
b10110001 &
#1785000
b11111111000000001111111100000000111111110000000011111111 !
b11111111000000001111111100000000111111110000000011111111 '
b11111111000000001111111100000000111111110000000011111111 0
1"
#1790000
0"
b11111111111111111111111111111111111111111111111111111111111111111111111111111111111111111111111111010000000010110001001010100000 #
b11111111111111111111111111111111111111111111111111111111111111111111111111111111111111111111111111010000000010110001001010100000 +
b11111111111111111111111111111111111111111111111111111111111111111111111111111111111111111111111110010000001010100011101000100000 *
b11111111111111111111111111111111111111111111111111111111111111111111111111111111111111111111111110010000001010100011101000100000 %
b11111111111111111111111111111111111111111111111111111111111111111111111111111111111111111111111110010000001010100011101000100000 ,
b10110010 &
#1795000
b1111111100000000111111110000000000000000000000000000000000000000 !
b1111111100000000111111110000000000000000000000000000000000000000 '
b1111111100000000111111110000000000000000000000000000000000000000 0
1"
#1800000
0"
b11111111111111111111111111111111111111111111111111111111111111111111111111111111111111111111111111011010001111011000110010110100 #
b11111111111111111111111111111111111111111111111111111111111111111111111111111111111111111111111111011010001111011000110010110100 +
b111001011000000000100101110010 *
b111001011000000000100101110010 %
b111001011000000000100101110010 ,
b10110011 &
#1805000
b1111111100000000111111111111111100000000111111110000000000000000 !
b1111111100000000111111111111111100000000111111110000000000000000 '
b1111111100000000111111111111111100000000111111110000000000000000 0
1"
#1810000
0"
b11111111111111111111111111111111111111111111111111111111111111111111111111111111111111111111111110000110110111001111000000001101 #
b11111111111111111111111111111111111111111111111111111111111111111111111111111111111111111111111110000110110111001111000000001101 +
b1101110100010101111010111011101 *
b1101110100010101111010111011101 %
b1101110100010101111010111011101 ,
b10110100 &
#1815000
b11111111111111110000000011111111 !
b11111111111111110000000011111111 '
b11111111111111110000000011111111 0
1"
#1820000
0"
b11111111111111111111111111111111111111111111111111111111111111111111111111111111111111111111111110111100110011000100001001111001 #
b11111111111111111111111111111111111111111111111111111111111111111111111111111111111111111111111110111100110011000100001001111001 +
b100101101100001001100101001011 *
b100101101100001001100101001011 %
b100101101100001001100101001011 ,
b10110101 &
#1825000
b11111111111111111111111111111111000000000000000011111111 !
b11111111111111111111111111111111000000000000000011111111 '
b11111111111111111111111111111111000000000000000011111111 0
1"
#1830000
0"
b11111111111111111111111111111111111111111111111111111111111111111111111111111111111111111111111111111110111100000110010011111101 #
b11111111111111111111111111111111111111111111111111111111111111111111111111111111111111111111111111111110111100000110010011111101 +
b11111111111111111111111111111111111111111111111111111111111111111111111111111111111111111111111111001111011000111101101010011110 *
b11111111111111111111111111111111111111111111111111111111111111111111111111111111111111111111111111001111011000111101101010011110 %
b11111111111111111111111111111111111111111111111111111111111111111111111111111111111111111111111111001111011000111101101010011110 ,
b10110110 &
#1835000
b1111111111111111111111111111111111111111111111110000000011111111 !
b1111111111111111111111111111111111111111111111110000000011111111 '
b1111111111111111111111111111111111111111111111110000000011111111 0
1"
#1840000
0"
b1000111111000100111001110001111 #
b1000111111000100111001110001111 +
b11111111111111111111111111111111111111111111111111111111111111111111111111111111111111111111111110111101111000001101001001111011 *
b11111111111111111111111111111111111111111111111111111111111111111111111111111111111111111111111110111101111000001101001001111011 %
b11111111111111111111111111111111111111111111111111111111111111111111111111111111111111111111111110111101111000001101001001111011 ,
b10110111 &
#1845000
b1111111100000000000000000000000011111111111111111111111111111111 !
b1111111100000000000000000000000011111111111111111111111111111111 '
b1111111100000000000000000000000011111111111111111111111111111111 0
1"
#1850000
0"
b1110001110000010010100111100011 #
b1110001110000010010100111100011 +
b11111111111111111111111111111111111111111111111111111111111111111111111111111111111111111111111110000001110000111001101000000011 *
b11111111111111111111111111111111111111111111111111111111111111111111111111111111111111111111111110000001110000111001101000000011 %
b11111111111111111111111111111111111111111111111111111111111111111111111111111111111111111111111110000001110000111001101000000011 ,
b10111000 &
#1855000
b1111111111111111111111110000000000000000000000001111111111111111 !
b1111111111111111111111110000000000000000000000001111111111111111 '
b1111111111111111111111110000000000000000000000001111111111111111 0
1"
#1860000
0"
b1011000111110010011110110110001 #
b1011000111110010011110110110001 +
b1110100100100100001100011101 *
b1110100100100100001100011101 %
b1110100100100100001100011101 ,
b10111001 &
#1865000
b1111111100000000111111111111111100000000000000000000000011111111 !
b1111111100000000111111111111111100000000000000000000000011111111 '
b1111111100000000111111111111111100000000000000000000000011111111 0
1"
#1870000
0"
b11111111111111111111111111111111111111111111111111111111111111111111111111111111111111111111111111001010100111001011110010010101 #
b11111111111111111111111111111111111111111111111111111111111111111111111111111111111111111111111111001010100111001011110010010101 +
b100010000100011001111101000100 *
b100010000100011001111101000100 %
b100010000100011001111101000100 ,
b10111010 &
#1875000
b1111111100000000000000001111111100000000111111110000000011111111 !
b1111111100000000000000001111111100000000111111110000000011111111 '
b1111111100000000000000001111111100000000111111110000000011111111 0
1"
#1880000
0"
b11111111111111111111111111111111111111111111111111111111111111111111111111111111111111111111111111110110101000010111100011101101 #
b11111111111111111111111111111111111111111111111111111111111111111111111111111111111111111111111111110110101000010111100011101101 +
b11111111111111111111111111111111111111111111111111111111111111111111111111111111111111111111111111110000000111010011010011100000 *
b11111111111111111111111111111111111111111111111111111111111111111111111111111111111111111111111111110000000111010011010011100000 %
b11111111111111111111111111111111111111111111111111111111111111111111111111111111111111111111111111110000000111010011010011100000 ,
b10111011 &
#1885000
b1111111111111111111111110000000011111111111111110000000011111111 !
b1111111111111111111111110000000011111111111111110000000011111111 '
b1111111111111111111111110000000011111111111111110000000011111111 0
1"
#1890000
0"
b1111100000111100101101111111000 #
b1111100000111100101101111111000 +
b101001011110100001010101010010 *
b101001011110100001010101010010 %
b101001011110100001010101010010 ,
b10111100 &
#1895000
b1111111111111111111111111111111111111111000000000000000000000000 !
b1111111111111111111111111111111111111111000000000000000000000000 '
b1111111111111111111111111111111111111111000000000000000000000000 0
1"
#1900000
0"
b11111111111111111111111111111111111111111111111111111111111111111111111111111111111111111111111110101001010111111100010001010010 #
b11111111111111111111111111111111111111111111111111111111111111111111111111111111111111111111111110101001010111111100010001010010 +
b1000110110111001011011110001101 *
b1000110110111001011011110001101 %
b1000110110111001011011110001101 ,
b10111101 &
#1905000
b11111111000000001111111100000000000000001111111100000000 !
b11111111000000001111111100000000000000001111111100000000 '
b11111111000000001111111100000000000000001111111100000000 0
1"
#1910000
0"
b100011011010101111110101000110 #
b100011011010101111110101000110 +
b1000010000110011110011110000100 *
b1000010000110011110011110000100 %
b1000010000110011110011110000100 ,
b10111110 &
#1915000
b11111111000000000000000000000000111111111111111100000000 !
b11111111000000000000000000000000111111111111111100000000 '
b11111111000000000000000000000000111111111111111100000000 0
1"
#1920000
0"
b1001000010010000111110110010000 #
b1001000010010000111110110010000 +
b11111111111111111111111111111111111111111111111111111111111111111111111111111111111111111111111111000110001110101001001010001100 *
b11111111111111111111111111111111111111111111111111111111111111111111111111111111111111111111111111000110001110101001001010001100 %
b11111111111111111111111111111111111111111111111111111111111111111111111111111111111111111111111111000110001110101001001010001100 ,
b10111111 &
#1925000
b1111111100000000000000001111111100000000000000000000000000000000 !
b1111111100000000000000001111111100000000000000000000000000000000 '
b1111111100000000000000001111111100000000000000000000000000000000 0
1"
#1930000
0"
b110101001011010110000101101010 #
b110101001011010110000101101010 +
b1011111010101100000100010111 *
b1011111010101100000100010111 %
b1011111010101100000100010111 ,
b11000000 &
#1935000
b11111111111111110000000011111111000000001111111100000000 !
b11111111111111110000000011111111000000001111111100000000 '
b11111111111111110000000011111111000000001111111100000000 0
1"
#1940000
0"
b11111111111111111111111111111111111111111111111111111111111111111111111111111111111111111111111111010101010110111011110010101010 #
b11111111111111111111111111111111111111111111111111111111111111111111111111111111111111111111111111010101010110111011110010101010 +
b1000010011110110101011110000100 *
b1000010011110110101011110000100 %
b1000010011110110101011110000100 ,
b11000001 &
#1945000
b1111111100000000111111110000000011111111000000001111111100000000 !
b1111111100000000111111110000000011111111000000001111111100000000 '
b1111111100000000111111110000000011111111000000001111111100000000 0
1"
#1950000
0"
b11111111111111111111111111111111111111111111111111111111111111111111111111111111111111111111111110110000010100100000001001100000 #
b11111111111111111111111111111111111111111111111111111111111111111111111111111111111111111111111110110000010100100000001001100000 +
b111110011011110000111101111100 *
b111110011011110000111101111100 %
b111110011011110000111101111100 ,
b11000010 &
#1955000
b11111111111111110000000000000000000000000000000000000000 !
b11111111111111110000000000000000000000000000000000000000 '
b11111111111111110000000000000000000000000000000000000000 0
1"
#1960000
0"
b11111111111111111111111111111111111111111111111111111111111111111111111111111111111111111111111111000101101000010110000010001011 #
b11111111111111111111111111111111111111111111111111111111111111111111111111111111111111111111111111000101101000010110000010001011 +
b1011101010010100100110110111010 *
b1011101010010100100110110111010 %
b1011101010010100100110110111010 ,
b11000011 &
#1965000
b1111111100000000000000000000000011111111000000001111111111111111 !
b1111111100000000000000000000000011111111000000001111111111111111 '
b1111111100000000000000000000000011111111000000001111111111111111 0
1"
#1970000
0"
b11111111111111111111111111111111111111111111111111111111111111111111111111111111111111111111111110010010100000110001111000100101 #
b11111111111111111111111111111111111111111111111111111111111111111111111111111111111111111111111110010010100000110001111000100101 +
b11111111111111111111111111111111111111111111111111111111111111111111111111111111111111111111111111010011000111011111111010100110 *
b11111111111111111111111111111111111111111111111111111111111111111111111111111111111111111111111111010011000111011111111010100110 %
b11111111111111111111111111111111111111111111111111111111111111111111111111111111111111111111111111010011000111011111111010100110 ,
b11000100 &
#1975000
b111111110000000000000000111111110000000011111111 !
b111111110000000000000000111111110000000011111111 '
b111111110000000000000000111111110000000011111111 0
1"
#1980000
0"
b11111111111111111111111111111111111111111111111111111111111111111111111111111111111111111111111111010001000001010000010010100010 #
b11111111111111111111111111111111111111111111111111111111111111111111111111111111111111111111111111010001000001010000010010100010 +
b11001000001011000001100110010 *
b11001000001011000001100110010 %
b11001000001011000001100110010 ,
b11000101 &
#1985000
b1111111100000000111111110000000000000000000000001111111100000000 !
b1111111100000000111111110000000000000000000000001111111100000000 '
b1111111100000000111111110000000000000000000000001111111100000000 0
1"
#1990000
0"
b11111111111111111111111111111111111111111111111111111111111111111111111111111111111111111111111110001010011001001011000000010100 #
b11111111111111111111111111111111111111111111111111111111111111111111111111111111111111111111111110001010011001001011000000010100 +
b11111111111111111111111111111111111111111111111111111111111111111111111111111111111111111111111110100100100011110111110001001001 *
b11111111111111111111111111111111111111111111111111111111111111111111111111111111111111111111111110100100100011110111110001001001 %
b11111111111111111111111111111111111111111111111111111111111111111111111111111111111111111111111110100100100011110111110001001001 ,
b11000110 &
#1995000
b1111111100000000111111110000000000000000 !
b1111111100000000111111110000000000000000 '
b1111111100000000111111110000000000000000 0
1"
#2000000
0"
b100101111100100000001101001011 #
b100101111100100000001101001011 +
b11111111111111111111111111111111111111111111111111111111111111111111111111111111111111111111111110011110110010011100000000111101 *
b11111111111111111111111111111111111111111111111111111111111111111111111111111111111111111111111110011110110010011100000000111101 %
b11111111111111111111111111111111111111111111111111111111111111111111111111111111111111111111111110011110110010011100000000111101 ,
b11000111 &
#2005000
b11111111000000000000000011111111000000001111111111111111 !
b11111111000000000000000011111111000000001111111111111111 '
b11111111000000000000000011111111000000001111111111111111 0
1"
#2010000
1.
0"
b100011100100000111010101000111 #
b100011100100000111010101000111 +
b100010010001000110011010001000101010101100110011101111000100010011001101010101011101111001100110111011110111011111111 *
b100010010001000110011010001000101010101100110011101111000100010011001101010101011101111001100110111011110111011111111 %
b100010010001000110011010001000101010101100110011101111000100010011001101010101011101111001100110111011110111011111111 ,
b11001000 &
#2015000
b11111111000000000000000000000000111111111111111111111111 !
b11111111000000000000000000000000111111111111111111111111 '
b11111111000000000000000000000000111111111111111111111111 0
1"
#2020000
0"
b11111111111111111111111111111111111111111111111111111111111111111111111111111111111111111111111110011100101011110111101000111001 #
b11111111111111111111111111111111111111111111111111111111111111111111111111111111111111111111111110011100101011110111101000111001 +
b1000011001111101001011110000110 *
b1000011001111101001011110000110 %
b1000011001111101001011110000110 ,
b11001001 &
#2025000
b111111111111111111111111000000000000000011111111 !
b111111111111111111111111000000000000000011111111 '
b111111111111111111111111000000000000000011111111 0
1"
#2030000
0"
b1101000010100011110010111010000 #
b1101000010100011110010111010000 +
b11111111111111111111111111111111111111111111111111111111111111111111111111111111111111111111111111011010000001011000101010110100 *
b11111111111111111111111111111111111111111111111111111111111111111111111111111111111111111111111111011010000001011000101010110100 %
b11111111111111111111111111111111111111111111111111111111111111111111111111111111111111111111111111011010000001011000101010110100 ,
b11001010 &
#2035000
b1111111111111111000000001111111100000000000000000000000000000000 !
b1111111111111111000000001111111100000000000000000000000000000000 '
b1111111111111111000000001111111100000000000000000000000000000000 0
1"
#2040000
0"
b1000110011111000100010110001100 #
b1000110011111000100010110001100 +
b11111111111111111111111111111111111111111111111111111111111111111111111111111111111111111111111110010110001000100101000000101100 *
b11111111111111111111111111111111111111111111111111111111111111111111111111111111111111111111111110010110001000100101000000101100 %
b11111111111111111111111111111111111111111111111111111111111111111111111111111111111111111111111110010110001000100101000000101100 ,
b11001011 &
#2045000
b1111111100000000000000000000000011111111111111110000000000000000 !
b1111111100000000000000000000000011111111111111110000000000000000 '
b1111111100000000000000000000000011111111111111110000000000000000 0
1"
#2050000
0"
b11111111111111111111111111111111111111111111111111111111111111111111111111111111111111111111111110110101001000100100000001101010 #
b11111111111111111111111111111111111111111111111111111111111111111111111111111111111111111111111110110101001000100100000001101010 +
b11111010011011011100000111 *
b11111010011011011100000111 %
b11111010011011011100000111 ,
b11001100 &
#2055000
b11111111111111110000000011111111000000001111111100000000 !
b11111111111111110000000011111111000000001111111100000000 '
b11111111111111110000000011111111000000001111111100000000 0
1"
#2060000
0"
b1110100011010101111111111101000 #
b1110100011010101111111111101000 +
b1000100101011111100100010001 *
b1000100101011111100100010001 %
b1000100101011111100100010001 ,
b11001101 &
#2065000
b1111111111111111111111110000000011111111000000000000000000000000 !
b1111111111111111111111110000000011111111000000000000000000000000 '
b1111111111111111111111110000000011111111000000000000000000000000 0
1"
#2070000
0"
b111001111001001000000101110011 #
b111001111001001000000101110011 +
b11111111111111111111111111111111111111111111111111111111111111111111111111111111111111111111111110100101111001111001111001001011 *
b11111111111111111111111111111111111111111111111111111111111111111111111111111111111111111111111110100101111001111001111001001011 %
b11111111111111111111111111111111111111111111111111111111111111111111111111111111111111111111111110100101111001111001111001001011 ,
b11001110 &
#2075000
b11111111111111111111111100000000000000001111111111111111 !
b11111111111111111111111100000000000000001111111111111111 '
b11111111111111111111111100000000000000001111111111111111 0
1"
#2080000
0"
b10001111111100000010100100011 #
b10001111111100000010100100011 +
b1110110001010010101101111101100 *
b1110110001010010101101111101100 %
b1110110001010010101101111101100 ,
b11001111 &
#2085000
b111111110000000000000000000000001111111111111111 !
b111111110000000000000000000000001111111111111111 '
b111111110000000000000000000000001111111111111111 0
1"
#2090000
0"
b1100100111000010110010111001001 #
b1100100111000010110010111001001 +
b1010010000011101110111110100100 *
b1010010000011101110111110100100 %
b1010010000011101110111110100100 ,
b11010000 &
#2095000
b1111111111111111000000000000000011111111000000000000000011111111 !
b1111111111111111000000000000000011111111000000000000000011111111 '
b1111111111111111000000000000000011111111000000000000000011111111 0
1"
#2100000
0"
b11111111111111111111111111111111111111111111111111111111111111111111111111111111111111111111111111101111100000110111001011011111 #
b11111111111111111111111111111111111111111111111111111111111111111111111111111111111111111111111111101111100000110111001011011111 +
b11111111111111111111111111111111111111111111111111111111111111111111111111111111111111111111111110011100101001110000010000111001 *
b11111111111111111111111111111111111111111111111111111111111111111111111111111111111111111111111110011100101001110000010000111001 %
b11111111111111111111111111111111111111111111111111111111111111111111111111111111111111111111111110011100101001110000010000111001 ,
b11010001 &
#2105000
b1111111111111111000000001111111111111111111111111111111111111111 !
b1111111111111111000000001111111111111111111111111111111111111111 '
b1111111111111111000000001111111111111111111111111111111111111111 0
1"
#2110000
0"
b110011100000110110010101100111 #
b110011100000110110010101100111 +
b11111111111111111111111111111111111111111111111111111111111111111111111111111111111111111111111111101010010110000001010011010100 *
b11111111111111111111111111111111111111111111111111111111111111111111111111111111111111111111111111101010010110000001010011010100 %
b11111111111111111111111111111111111111111111111111111111111111111111111111111111111111111111111111101010010110000001010011010100 ,
b11010010 &
#2115000
b11111111111111110000000000000000111111111111111111111111 !
b11111111111111110000000000000000111111111111111111111111 '
b11111111111111110000000000000000111111111111111111111111 0
1"
#2120000
0"
b1011000001100010010010110110000 #
b1011000001100010010010110110000 +
b1001110101000000100000110011101 *
b1001110101000000100000110011101 %
b1001110101000000100000110011101 ,
b11010011 &
#2125000
b1111111100000000111111111111111100000000000000000000000000000000 !
b1111111100000000111111111111111100000000000000000000000000000000 '
b1111111100000000111111111111111100000000000000000000000000000000 0
1"
#2130000
0"
b100100110100101011111101001001 #
b100100110100101011111101001001 +
b1000001000100000011100110000010 *
b1000001000100000011100110000010 %
b1000001000100000011100110000010 ,
b11010100 &
#2135000
b11111111000000000000000011111111000000000000000011111111 !
b11111111000000000000000011111111000000000000000011111111 '
b11111111000000000000000011111111000000000000000011111111 0
1"
#2140000
0"
b10000000000001011011100100000 #
b10000000000001011011100100000 +
b11111111111111111111111111111111111111111111111111111111111111111111111111111111111111111111111111101100101110010001101011011001 *
b11111111111111111111111111111111111111111111111111111111111111111111111111111111111111111111111111101100101110010001101011011001 %
b11111111111111111111111111111111111111111111111111111111111111111111111111111111111111111111111111101100101110010001101011011001 ,
b11010101 &
#2145000
b111111110000000000000000000000000000000000000000 !
b111111110000000000000000000000000000000000000000 '
b111111110000000000000000000000000000000000000000 0
1"
#2150000
0"
b1001001101100010110111110010011 #
b1001001101100010110111110010011 +
b11111111111111111111111111111111111111111111111111111111111111111111111111111111111111111111111110001110000001010100110000011100 *
b11111111111111111111111111111111111111111111111111111111111111111111111111111111111111111111111110001110000001010100110000011100 %
b11111111111111111111111111111111111111111111111111111111111111111111111111111111111111111111111110001110000001010100110000011100 ,
b11010110 &
#2155000
b1111111100000000000000001111111100000000000000001111111111111111 !
b1111111100000000000000001111111100000000000000001111111111111111 '
b1111111100000000000000001111111100000000000000001111111111111111 0
1"
#2160000
0"
b11111111111111111111111111111111111111111111111111111111111111111111111111111111111111111111111110010101010010111000001000101010 #
b11111111111111111111111111111111111111111111111111111111111111111111111111111111111111111111111110010101010010111000001000101010 +
b1110001101101000110000111100011 *
b1110001101101000110000111100011 %
b1110001101101000110000111100011 ,
b11010111 &
#2165000
b111111110000000011111111000000001111111100000000 !
b111111110000000011111111000000001111111100000000 '
b111111110000000011111111000000001111111100000000 0
1"
#2170000
0"
b11111111111111111111111111111111111111111111111111111111111111111111111111111111111111111111111110101110110101110010111001011101 #
b11111111111111111111111111111111111111111111111111111111111111111111111111111111111111111111111110101110110101110010111001011101 +
b11111111111111111111111111111111111111111111111111111111111111111111111111111111111111111111111111100100011100011111100011001000 *
b11111111111111111111111111111111111111111111111111111111111111111111111111111111111111111111111111100100011100011111100011001000 %
b11111111111111111111111111111111111111111111111111111111111111111111111111111111111111111111111111100100011100011111100011001000 ,
b11011000 &
#2175000
b11111111000000001111111111111111111111110000000011111111 !
b11111111000000001111111111111111111111110000000011111111 '
b11111111000000001111111111111111111111110000000011111111 0
1"
#2180000
0"
b1000010001001101010100110000100 #
b1000010001001101010100110000100 +
b11101001111111001110100111010 *
b11101001111111001110100111010 %
b11101001111111001110100111010 ,
b11011001 &
#2185000
b1111111100000000000000000000000000000000111111110000000000000000 !
b1111111100000000000000000000000000000000111111110000000000000000 '
b1111111100000000000000000000000000000000111111110000000000000000 0
1"
#2190000
0"
b11100100011010111111100111001 #
b11100100011010111111100111001 +
b11111111111111111111111111111111111111111111111111111111111111111111111111111111111111111111111110010101101010011010100000101011 *
b11111111111111111111111111111111111111111111111111111111111111111111111111111111111111111111111110010101101010011010100000101011 %
b11111111111111111111111111111111111111111111111111111111111111111111111111111111111111111111111110010101101010011010100000101011 ,
b11011010 &
#2195000
b111111111111111111111111000000000000000011111111 !
b111111111111111111111111000000000000000011111111 '
b111111111111111111111111000000000000000011111111 0
1"
#2200000
0"
b11111111111111111111111111111111111111111111111111111111111111111111111111111111111111111111111110101001011111110000000001010010 #
b11111111111111111111111111111111111111111111111111111111111111111111111111111111111111111111111110101001011111110000000001010010 +
b11111111111111111111111111111111111111111111111111111111111111111111111111111111111111111111111110001001011111110001110000010010 *
b11111111111111111111111111111111111111111111111111111111111111111111111111111111111111111111111110001001011111110001110000010010 %
b11111111111111111111111111111111111111111111111111111111111111111111111111111111111111111111111110001001011111110001110000010010 ,
b11011011 &
#2205000
b11111111000000001111111100000000000000001111111100000000 !
b11111111000000001111111100000000000000001111111100000000 '
b11111111000000001111111100000000000000001111111100000000 0
1"
#2210000
0"
b11111111111111111111111111111111111111111111111111111111111111111111111111111111111111111111111111101000001010111001011011010000 #
b11111111111111111111111111111111111111111111111111111111111111111111111111111111111111111111111111101000001010111001011011010000 +
b101100100001001000100101011001 *
b101100100001001000100101011001 %
b101100100001001000100101011001 ,
b11011100 &
#2215000
b1111111111111111000000001111111100000000000000000000000000000000 !
b1111111111111111000000001111111100000000000000000000000000000000 '
b1111111111111111000000001111111100000000000000000000000000000000 0
1"
#2220000
0"
b1001011111101010010100110010111 #
b1001011111101010010100110010111 +
b11111111111111111111111111111111111111111111111111111111111111111111111111111111111111111111111110110111010110011110101001101110 *
b11111111111111111111111111111111111111111111111111111111111111111111111111111111111111111111111110110111010110011110101001101110 %
b11111111111111111111111111111111111111111111111111111111111111111111111111111111111111111111111110110111010110011110101001101110 ,
b11011101 &
#2225000
b1111111100000000000000001111111100000000111111111111111111111111 !
b1111111100000000000000001111111100000000111111111111111111111111 '
b1111111100000000000000001111111100000000111111111111111111111111 0
1"
#2230000
0"
b1010011010100100111011110100110 #
b1010011010100100111011110100110 +
b1101101100010111000011111011011 *
b1101101100010111000011111011011 %
b1101101100010111000011111011011 ,
b11011110 &
#2235000
b1111111100000000111111110000000000000000111111111111111100000000 !
b1111111100000000111111110000000000000000111111111111111100000000 '
b1111111100000000111111110000000000000000111111111111111100000000 0
1"
#2240000
0"
b11111111111111111111111111111111111111111111111111111111111111111111111111111111111111111111111110000000011110010111110000000000 #
b11111111111111111111111111111111111111111111111111111111111111111111111111111111111111111111111110000000011110010111110000000000 +
b1011101100001011101001110111011 *
b1011101100001011101001110111011 %
b1011101100001011101001110111011 ,
b11011111 &
#2245000
b0 !
b0 '
b0 0
1"
#2250000
0"
b11111111111111111111111111111111111111111111111111111111111111111111111111111111111111111111111110110100111010001101011001101001 #
b11111111111111111111111111111111111111111111111111111111111111111111111111111111111111111111111110110100111010001101011001101001 +
b11111111111111111111111111111111111111111111111111111111111111111111111111111111111111111111111110000111111001000100110000001111 *
b11111111111111111111111111111111111111111111111111111111111111111111111111111111111111111111111110000111111001000100110000001111 %
b11111111111111111111111111111111111111111111111111111111111111111111111111111111111111111111111110000111111001000100110000001111 ,
b11100000 &
#2255000
b11111111111111110000000011111111000000000000000011111111 !
b11111111111111110000000011111111000000000000000011111111 '
b11111111111111110000000011111111000000000000000011111111 0
1"
#2260000
0"
b101100101010000001100101011001 #
b101100101010000001100101011001 +
b11111111111111111111111111111111111111111111111111111111111111111111111111111111111111111111111110000110010100110110001000001100 *
b11111111111111111111111111111111111111111111111111111111111111111111111111111111111111111111111110000110010100110110001000001100 %
b11111111111111111111111111111111111111111111111111111111111111111111111111111111111111111111111110000110010100110110001000001100 ,
b11100001 &
#2265000
b11111111000000001111111111111111000000000000000011111111 !
b11111111000000001111111111111111000000000000000011111111 '
b11111111000000001111111111111111000000000000000011111111 0
1"
#2270000
0"
b1100111110101110011010111001111 #
b1100111110101110011010111001111 +
b1100010111111010100100111000101 *
b1100010111111010100100111000101 %
b1100010111111010100100111000101 ,
b11100010 &
#2275000
b1111111111111111000000000000000011111111111111111111111111111111 !
b1111111111111111000000000000000011111111111111111111111111111111 '
b1111111111111111000000000000000011111111111111111111111111111111 0
1"
#2280000
0"
b11111111111111111111111111111111111111111111111111111111111111111111111111111111111111111111111110101000111001001101100001010001 #
b11111111111111111111111111111111111111111111111111111111111111111111111111111111111111111111111110101000111001001101100001010001 +
b1001000001110011110010110010000 *
b1001000001110011110010110010000 %
b1001000001110011110010110010000 ,
b11100011 &
#2285000
b11111111000000001111111100000000000000000000000011111111 !
b11111111000000001111111100000000000000000000000011111111 '
b11111111000000001111111100000000000000000000000011111111 0
1"
#2290000
0"
b111011100000111100110101110111 #
b111011100000111100110101110111 +
b11111111111111111111111111111111111111111111111111111111111111111111111111111111111111111111111110110100111110011010010001101001 *
b11111111111111111111111111111111111111111111111111111111111111111111111111111111111111111111111110110100111110011010010001101001 %
b11111111111111111111111111111111111111111111111111111111111111111111111111111111111111111111111110110100111110011010010001101001 ,
b11100100 &
#2295000
b11111111111111111111111100000000111111111111111111111111 !
b11111111111111111111111100000000111111111111111111111111 '
b11111111111111111111111100000000111111111111111111111111 0
1"
#2300000
0"
b11111111111111111111111111111111111111111111111111111111111111111111111111111111111111111111111111101100001101110101100011011000 #
b11111111111111111111111111111111111111111111111111111111111111111111111111111111111111111111111111101100001101110101100011011000 +
b100101001000110110010101001010 *
b100101001000110110010101001010 %
b100101001000110110010101001010 ,
b11100101 &
#2305000
b1111111111111111000000001111111111111111000000000000000000000000 !
b1111111111111111000000001111111111111111000000000000000000000000 '
b1111111111111111000000001111111111111111000000000000000000000000 0
1"
#2310000
0"
b11111111111111111111111111111111111111111111111111111111111111111111111111111111111111111111111111100010000011101001101011000100 #
b11111111111111111111111111111111111111111111111111111111111111111111111111111111111111111111111111100010000011101001101011000100 +
b1001101110111010100110110011011 *
b1001101110111010100110110011011 %
b1001101110111010100110110011011 ,
b11100110 &
#2315000
b1111111111111111000000000000000000000000111111110000000000000000 !
b1111111111111111000000000000000000000000111111110000000000000000 '
b1111111111111111000000000000000000000000111111110000000000000000 0
1"
#2320000
0"
b11111111111111111111111111111111111111111111111111111111111111111111111111111111111111111111111111011011111001101111001010110111 #
b11111111111111111111111111111111111111111111111111111111111111111111111111111111111111111111111111011011111001101111001010110111 +
b1011100011110001011000110111000 *
b1011100011110001011000110111000 %
b1011100011110001011000110111000 ,
b11100111 &
#2325000
b1111111100000000111111111111111100000000111111111111111111111111 !
b1111111100000000111111111111111100000000111111111111111111111111 '
b1111111100000000111111111111111100000000111111111111111111111111 0
1"
#2330000
0"
b11111111111111111111111111111111111111111111111111111111111111111111111111111111111111111111111110011000010011010101101000110000 #
b11111111111111111111111111111111111111111111111111111111111111111111111111111111111111111111111110011000010011010101101000110000 +
b11111111111111111111111111111111111111111111111111111111111111111111111111111111111111111111111111000011011110001110111010000110 *
b11111111111111111111111111111111111111111111111111111111111111111111111111111111111111111111111111000011011110001110111010000110 %
b11111111111111111111111111111111111111111111111111111111111111111111111111111111111111111111111111000011011110001110111010000110 ,
b11101000 &
#2335000
b111111111111111100000000000000000000000000000000 !
b111111111111111100000000000000000000000000000000 '
b111111111111111100000000000000000000000000000000 0
1"
#2340000
0"
b1011010110101101100011110110101 #
b1011010110101101100011110110101 +
b111011111011010101001101110111 *
b111011111011010101001101110111 %
b111011111011010101001101110111 ,
b11101001 &
#2345000
b1111111100000000111111111111111100000000111111110000000011111111 !
b1111111100000000111111111111111100000000111111110000000011111111 '
b1111111100000000111111111111111100000000111111110000000011111111 0
1"
#2350000
0"
b11100001111000011100000111 #
b11100001111000011100000111 +
b1101010000101011111010111010100 *
b1101010000101011111010111010100 %
b1101010000101011111010111010100 ,
b11101010 &
#2355000
b111111111111111111111111 !
b111111111111111111111111 '
b111111111111111111111111 0
1"
#2360000
0"
b1110100101000011010110111101001 #
b1110100101000011010110111101001 +
b111011000010111001011101110110 *
b111011000010111001011101110110 %
b111011000010111001011101110110 ,
b11101011 &
#2365000
b1111111111111111111111110000000011111111000000000000000011111111 !
b1111111111111111111111110000000011111111000000000000000011111111 '
b1111111111111111111111110000000011111111000000000000000011111111 0
1"
#2370000
0"
b111100100101111100000001 #
b111100100101111100000001 +
b1000101111000101000101110001011 *
b1000101111000101000101110001011 %
b1000101111000101000101110001011 ,
b11101100 &
#2375000
b11111111 !
b11111111 '
b11111111 0
1"
#2380000
0"
b11111111111111111111111111111111111111111111111111111111111111111111111111111111111111111111111111000000011101100100001010000000 #
b11111111111111111111111111111111111111111111111111111111111111111111111111111111111111111111111111000000011101100100001010000000 +
b1101101100000001000101111011011 *
b1101101100000001000101111011011 %
b1101101100000001000101111011011 ,
b11101101 &
#2385000
b1111111100000000000000000000000000000000000000000000000000000000 !
b1111111100000000000000000000000000000000000000000000000000000000 '
b1111111100000000000000000000000000000000000000000000000000000000 0
1"
#2390000
0"
b11111111111111111111111111111111111111111111111111111111111111111111111111111111111111111111111111100010111011001101101011000101 #
b11111111111111111111111111111111111111111111111111111111111111111111111111111111111111111111111111100010111011001101101011000101 +
b1100001000111011001111111000010 *
b1100001000111011001111111000010 %
b1100001000111011001111111000010 ,
b11101110 &
#2395000
b1111111111111111000000000000000000000000111111110000000011111111 !
b1111111111111111000000000000000000000000111111110000000011111111 '
b1111111111111111000000000000000000000000111111110000000011111111 0
1"
#2400000
0"
b11111111111111111111111111111111111111111111111111111111111111111111111111111111111111111111111111010111101100101110010010101111 #
b11111111111111111111111111111111111111111111111111111111111111111111111111111111111111111111111111010111101100101110010010101111 +
b11111111111111111111111111111111111111111111111111111111111111111111111111111111111111111111111110011000001001111111101000110000 *
b11111111111111111111111111111111111111111111111111111111111111111111111111111111111111111111111110011000001001111111101000110000 %
b11111111111111111111111111111111111111111111111111111111111111111111111111111111111111111111111110011000001001111111101000110000 ,
b11101111 &
#2405000
b1111111100000000111111110000000011111111111111111111111111111111 !
b1111111100000000111111110000000011111111111111111111111111111111 '
b1111111100000000111111110000000011111111111111111111111111111111 0
1"
#2410000
0"
b1010111111110111011100110101111 #
b1010111111110111011100110101111 +
b11111111111111111111111111111111111111111111111111111111111111111111111111111111111111111111111110110011000000101101101001100110 *
b11111111111111111111111111111111111111111111111111111111111111111111111111111111111111111111111110110011000000101101101001100110 %
b11111111111111111111111111111111111111111111111111111111111111111111111111111111111111111111111110110011000000101101101001100110 ,
b11110000 &
#2415000
1"
#2420000
0"
b1111100010000011010111111111000 #
b1111100010000011010111111111000 +
b11111111111111111111111111111111111111111111111111111111111111111111111111111111111111111111111111110100110110000110111011101001 *
b11111111111111111111111111111111111111111111111111111111111111111111111111111111111111111111111111110100110110000110111011101001 %
b11111111111111111111111111111111111111111111111111111111111111111111111111111111111111111111111111110100110110000110111011101001 ,
b11110001 &
#2425000
b1111111111111111111111111111111111111111000000000000000000000000 !
b1111111111111111111111111111111111111111000000000000000000000000 '
b1111111111111111111111111111111111111111000000000000000000000000 0
1"
#2430000
0"
b11111111111111111111111111111111111111111111111111111111111111111111111111111111111111111111111111110111100001010111011011101111 #
b11111111111111111111111111111111111111111111111111111111111111111111111111111111111111111111111111110111100001010111011011101111 +
b11111111111111111111111111111111111111111111111111111111111111111111111111111111111111111111111110000011011101101010110000000110 *
b11111111111111111111111111111111111111111111111111111111111111111111111111111111111111111111111110000011011101101010110000000110 %
b11111111111111111111111111111111111111111111111111111111111111111111111111111111111111111111111110000011011101101010110000000110 ,
b11110010 &
#2435000
b1111111111111111111111110000000011111111111111111111111111111111 !
b1111111111111111111111110000000011111111111111111111111111111111 '
b1111111111111111111111110000000011111111111111111111111111111111 0
1"
#2440000
0"
b11111111111111111111111111111111111111111111111111111111111111111111111111111111111111111111111111001010101101000111110010010101 #
b11111111111111111111111111111111111111111111111111111111111111111111111111111111111111111111111111001010101101000111110010010101 +
b1110000111011110011011111100001 *
b1110000111011110011011111100001 %
b1110000111011110011011111100001 ,
b11110011 &
#2445000
b1111111100000000000000001111111100000000111111110000000011111111 !
b1111111100000000000000001111111100000000111111110000000011111111 '
b1111111100000000000000001111111100000000111111110000000011111111 0
1"
#2450000
0"
b110000010011100100110101100000 #
b110000010011100100110101100000 +
b11111111111111111111111111111111111111111111111111111111111111111111111111111111111111111111111111110111011100100011111011101110 *
b11111111111111111111111111111111111111111111111111111111111111111111111111111111111111111111111111110111011100100011111011101110 %
b11111111111111111111111111111111111111111111111111111111111111111111111111111111111111111111111111110111011100100011111011101110 ,
b11110100 &
#2455000
b11111111111111110000000000000000000000000000000000000000 !
b11111111111111110000000000000000000000000000000000000000 '
b11111111111111110000000000000000000000000000000000000000 0
1"
#2460000
0"
b11111111111111111111111111111111111111111111111111111111111111111111111111111111111111111111111110010100001000001110101000101000 #
b11111111111111111111111111111111111111111111111111111111111111111111111111111111111111111111111110010100001000001110101000101000 +
b11111111111111111111111111111111111111111111111111111111111111111111111111111111111111111111111111110010100111000101111011100101 *
b11111111111111111111111111111111111111111111111111111111111111111111111111111111111111111111111111110010100111000101111011100101 %
b11111111111111111111111111111111111111111111111111111111111111111111111111111111111111111111111111110010100111000101111011100101 ,
b11110101 &
#2465000
b111111110000000011111111000000000000000000000000 !
b111111110000000011111111000000000000000000000000 '
b111111110000000011111111000000000000000000000000 0
1"
#2470000
0"
b10100101101000011011100101001 #
b10100101101000011011100101001 +
b110010001011110111110101100100 *
b110010001011110111110101100100 %
b110010001011110111110101100100 ,
b11110110 &
#2475000
b111111110000000011111111000000000000000011111111 !
b111111110000000011111111000000000000000011111111 '
b111111110000000011111111000000000000000011111111 0
1"
#2480000
0"
b11111111111111111111111111111111111111111111111111111111111111111111111111111111111111111111111110111011101111000101001001110111 #
b11111111111111111111111111111111111111111111111111111111111111111111111111111111111111111111111110111011101111000101001001110111 +
b11111111111111111111111111111111111111111111111111111111111111111111111111111111111111111111111111110000111011101010111011100001 *
b11111111111111111111111111111111111111111111111111111111111111111111111111111111111111111111111111110000111011101010111011100001 %
b11111111111111111111111111111111111111111111111111111111111111111111111111111111111111111111111111110000111011101010111011100001 ,
b11110111 &
#2485000
b11111111111111111111111100000000111111111111111111111111 !
b11111111111111111111111100000000111111111111111111111111 '
b11111111111111111111111100000000111111111111111111111111 0
1"
#2490000
0"
b1000000101010101111010110000001 #
b1000000101010101111010110000001 +
b110111000101010001010101101110 *
b110111000101010001010101101110 %
b110111000101010001010101101110 ,
b11111000 &
#2495000
b1111111100000000000000000000000000000000000000000000000011111111 !
b1111111100000000000000000000000000000000000000000000000011111111 '
b1111111100000000000000000000000000000000000000000000000011111111 0
1"
#2500000
0"
b110100001101111101010101101000 #
b110100001101111101010101101000 +
b1101010100111111011100111010101 *
b1101010100111111011100111010101 %
b1101010100111111011100111010101 ,
b11111001 &
#2505000
b11111111111111110000000011111111000000000000000000000000 !
b11111111111111110000000011111111000000000000000000000000 '
b11111111111111110000000011111111000000000000000000000000 0
1"
#2510000
0"
b11111111111111111111111111111111111111111111111111111111111111111111111111111111111111111111111111010101011110000000000010101010 #
b11111111111111111111111111111111111111111111111111111111111111111111111111111111111111111111111111010101011110000000000010101010 +
b1111000011000100111000111110000 *
b1111000011000100111000111110000 %
b1111000011000100111000111110000 ,
b11111010 &
#2515000
b1111111100000000111111110000000011111111000000001111111100000000 !
b1111111100000000111111110000000011111111000000001111111100000000 '
b1111111100000000111111110000000011111111000000001111111100000000 0
1"
#2520000
0"
b11111111111111111111111111111111111111111111111111111111111111111111111111111111111111111111111111111000110111000100100011110001 #
b11111111111111111111111111111111111111111111111111111111111111111111111111111111111111111111111111111000110111000100100011110001 +
b111100111111100001100001111 *
b111100111111100001100001111 %
b111100111111100001100001111 ,
b11111011 &
#2525000
b1111111111111111111111111111111100000000000000000000000011111111 !
b1111111111111111111111111111111100000000000000000000000011111111 '
b1111111111111111111111111111111100000000000000000000000011111111 0
1"
#2530000
0"
b1000111001011101001010110001110 #
b1000111001011101001010110001110 +
b11111111111111111111111111111111111111111111111111111111111111111111111111111111111111111111111110111110100110111011110001111101 *
b11111111111111111111111111111111111111111111111111111111111111111111111111111111111111111111111110111110100110111011110001111101 %
b11111111111111111111111111111111111111111111111111111111111111111111111111111111111111111111111110111110100110111011110001111101 ,
b11111100 &
#2535000
b1111111100000000000000000000000011111111111111111111111100000000 !
b1111111100000000000000000000000011111111111111111111111100000000 '
b1111111100000000000000000000000011111111111111111111111100000000 0
1"
#2540000
0"
b11110011001100100110100111100 #
b11110011001100100110100111100 +
b11111111111111111111111111111111111111111111111111111111111111111111111111111111111111111111111111110001011000011101110011100010 *
b11111111111111111111111111111111111111111111111111111111111111111111111111111111111111111111111111110001011000011101110011100010 %
b11111111111111111111111111111111111111111111111111111111111111111111111111111111111111111111111111110001011000011101110011100010 ,
b11111101 &
#2545000
b111111111111111111111111111111110000000000000000 !
b111111111111111111111111111111110000000000000000 '
b111111111111111111111111111111110000000000000000 0
1"
#2550000
0"
b1110111111010111011000111101111 #
b1110111111010111011000111101111 +
b11111111111111111111111111111111111111111111111111111111111111111111111111111111111111111111111111010100101101011110011010101001 *
b11111111111111111111111111111111111111111111111111111111111111111111111111111111111111111111111111010100101101011110011010101001 %
b11111111111111111111111111111111111111111111111111111111111111111111111111111111111111111111111111010100101101011110011010101001 ,
b11111110 &
#2555000
b1111111111111111111111110000000011111111111111111111111111111111 !
b1111111111111111111111110000000011111111111111111111111111111111 '
b1111111111111111111111110000000011111111111111111111111111111111 0
1"
#2560000
0"
b11111111111111111111111111111111111111111111111111111111111111111111111111111111111111111111111111010111101000100011110010101111 #
b11111111111111111111111111111111111111111111111111111111111111111111111111111111111111111111111111010111101000100011110010101111 +
b11111111111111111111111111111111111111111111111111111111111111111111111111111111111111111111111110101101111001111101000001011011 *
b11111111111111111111111111111111111111111111111111111111111111111111111111111111111111111111111110101101111001111101000001011011 %
b11111111111111111111111111111111111111111111111111111111111111111111111111111111111111111111111110101101111001111101000001011011 ,
b11111111 &
#2565000
b1111111100000000111111110000000011111111111111111111111111111111 !
b1111111100000000111111110000000011111111111111111111111111111111 '
b1111111100000000111111110000000011111111111111111111111111111111 0
1"
#2570000
0"
b1011100110100100000110110111001 #
b1011100110100100000110110111001 +
b100101000000101001101101001010 *
b100101000000101001101101001010 %
b100101000000101001101101001010 ,
b100000000 &
#2575000
b1111111100000000111111111111111111111111000000000000000011111111 !
b1111111100000000111111111111111111111111000000000000000011111111 '
b1111111100000000111111111111111111111111000000000000000011111111 0
1"
#2580000
0"
b1001110010000011010100010011 #
b1001110010000011010100010011 +
b1001100011100010110100010011 *
b1001100011100010110100010011 %
b1001100011100010110100010011 ,
b100000001 &
#2585000
b1111111100000000000000001111111111111111 !
b1111111100000000000000001111111111111111 '
b1111111100000000000000001111111111111111 0
1"
#2590000
0"
b101000110001100010011101010001 #
b101000110001100010011101010001 +
b110010110111000100000101100101 *
b110010110111000100000101100101 %
b110010110111000100000101100101 ,
b100000010 &
#2595000
b11111111000000001111111100000000000000000000000011111111 !
b11111111000000001111111100000000000000000000000011111111 '
b11111111000000001111111100000000000000000000000011111111 0
1"
#2600000
0"
b11111111111111111111111111111111111111111111111111111111111111111111111111111111111111111111111111001100100110000001000010011001 #
b11111111111111111111111111111111111111111111111111111111111111111111111111111111111111111111111111001100100110000001000010011001 +
b11111111111111111111111111111111111111111111111111111111111111111111111111111111111111111111111111011011100110000011101010110111 *
b11111111111111111111111111111111111111111111111111111111111111111111111111111111111111111111111111011011100110000011101010110111 %
b11111111111111111111111111111111111111111111111111111111111111111111111111111111111111111111111111011011100110000011101010110111 ,
b100000011 &
#2605000
b1111111100000000000000001111111111111111000000000000000011111111 !
b1111111100000000000000001111111111111111000000000000000011111111 '
b1111111100000000000000001111111111111111000000000000000011111111 0
1"
#2610000
0"
b11111111111111111111111111111111111111111111111111111111111111111111111111111111111111111111111110111000111010100011101001110001 #
b11111111111111111111111111111111111111111111111111111111111111111111111111111111111111111111111110111000111010100011101001110001 +
b11111111111111111111111111111111111111111111111111111111111111111111111111111111111111111111111110011101000100100000100000111010 *
b11111111111111111111111111111111111111111111111111111111111111111111111111111111111111111111111110011101000100100000100000111010 %
b11111111111111111111111111111111111111111111111111111111111111111111111111111111111111111111111110011101000100100000100000111010 ,
b100000100 &
#2615000
b11111111111111111111111100000000000000000000000011111111 !
b11111111111111111111111100000000000000000000000011111111 '
b11111111111111111111111100000000000000000000000011111111 0
1"
#2620000
0"
b11111111111111111111111111111111111111111111111111111111111111111111111111111111111111111111111111110010001101010110101011100100 #
b11111111111111111111111111111111111111111111111111111111111111111111111111111111111111111111111111110010001101010110101011100100 +
b110001011111000000011101100010 *
b110001011111000000011101100010 %
b110001011111000000011101100010 ,
b100000101 &
#2625000
b1111111111111111111111110000000000000000111111110000000000000000 !
b1111111111111111111111110000000000000000111111110000000000000000 '
b1111111111111111111111110000000000000000111111110000000000000000 0
1"
#2630000
0"
b11111111111111111111111111111111111111111111111111111111111111111111111111111111111111111111111110111110110110100100010001111101 #
b11111111111111111111111111111111111111111111111111111111111111111111111111111111111111111111111110111110110110100100010001111101 +
b10101000100111101110100101010 *
b10101000100111101110100101010 %
b10101000100111101110100101010 ,
b100000110 &
#2635000
b11111111111111111111111111111111111111110000000011111111 !
b11111111111111111111111111111111111111110000000011111111 '
b11111111111111111111111111111111111111110000000011111111 0
1"
#2640000
0"
b1110010110000111010001111100101 #
b1110010110000111010001111100101 +
b101100111011100101111101011001 *
b101100111011100101111101011001 %
b101100111011100101111101011001 ,
b100000111 &
#2645000
b1111111111111111111111110000000000000000111111110000000011111111 !
b1111111111111111111111110000000000000000111111110000000011111111 '
b1111111111111111111111110000000000000000111111110000000011111111 0
1"
#2650000
0"
b11111111111111111111111111111111111111111111111111111111111111111111111111111111111111111111111111100100101010000000000011001001 #
b11111111111111111111111111111111111111111111111111111111111111111111111111111111111111111111111111100100101010000000000011001001 +
b1110110110111100110101111101101 *
b1110110110111100110101111101101 %
b1110110110111100110101111101101 ,
b100001000 &
#2655000
b1111111111111111000000000000000011111111000000000000000011111111 !
b1111111111111111000000000000000011111111000000000000000011111111 '
b1111111111111111000000000000000011111111000000000000000011111111 0
1"
#2660000
0"
b1010111110000011101000110101111 #
b1010111110000011101000110101111 +
b11111111111111111111111111111111111111111111111111111111111111111111111111111111111111111111111110100000101011101100110001000001 *
b11111111111111111111111111111111111111111111111111111111111111111111111111111111111111111111111110100000101011101100110001000001 %
b11111111111111111111111111111111111111111111111111111111111111111111111111111111111111111111111110100000101011101100110001000001 ,
b100001001 &
#2665000
b1111111100000000111111110000000011111111111111111111111111111111 !
b1111111100000000111111110000000011111111111111111111111111111111 '
b1111111100000000111111110000000011111111111111111111111111111111 0
1"
#2670000
0"
b11111111111111111111111111111111111111111111111111111111111111111111111111111111111111111111111111100110100101101110100011001101 #
b11111111111111111111111111111111111111111111111111111111111111111111111111111111111111111111111111100110100101101110100011001101 +
b11111111111111111111111111111111111111111111111111111111111111111111111111111111111111111111111111101101101001110001110011011011 *
b11111111111111111111111111111111111111111111111111111111111111111111111111111111111111111111111111101101101001110001110011011011 %
b11111111111111111111111111111111111111111111111111111111111111111111111111111111111111111111111111101101101001110001110011011011 ,
b100001010 &
#2675000
b1111111111111111000000000000000011111111111111110000000011111111 !
b1111111111111111000000000000000011111111111111110000000011111111 '
b1111111111111111000000000000000011111111111111110000000011111111 0
1"
#2680000
0"
b11111111111111111111111111111111111111111111111111111111111111111111111111111111111111111111111110000011001001101101010000000110 #
b11111111111111111111111111111111111111111111111111111111111111111111111111111111111111111111111110000011001001101101010000000110 +
b111000000100111001111101110000 *
b111000000100111001111101110000 %
b111000000100111001111101110000 ,
b100001011 &
#2685000
b111111111111111100000000 !
b111111111111111100000000 '
b111111111111111100000000 0
1"
#2690000
0"
b1011110100110000011110110111101 #
b1011110100110000011110110111101 +
b11111111111111111111111111111111111111111111111111111111111111111111111111111111111111111111111111010001010010000010000010100010 *
b11111111111111111111111111111111111111111111111111111111111111111111111111111111111111111111111111010001010010000010000010100010 %
b11111111111111111111111111111111111111111111111111111111111111111111111111111111111111111111111111010001010010000010000010100010 ,
b100001100 &
#2695000
b1111111100000000111111111111111111111111111111110000000011111111 !
b1111111100000000111111111111111111111111111111110000000011111111 '
b1111111100000000111111111111111111111111111111110000000011111111 0
1"
#2700000
0"
b1101110001111010100011111011100 #
b1101110001111010100011111011100 +
b11111111111111111111111111111111111111111111111111111111111111111111111111111111111111111111111110110101010101011101111001101010 *
b11111111111111111111111111111111111111111111111111111111111111111111111111111111111111111111111110110101010101011101111001101010 %
b11111111111111111111111111111111111111111111111111111111111111111111111111111111111111111111111110110101010101011101111001101010 ,
b100001101 &
#2705000
b1111111111111111000000001111111111111111111111110000000000000000 !
b1111111111111111000000001111111111111111111111110000000000000000 '
b1111111111111111000000001111111111111111111111110000000000000000 0
1"
#2710000
0"
b11111111111111111111111111111111111111111111111111111111111111111111111111111111111111111111111110111101100001101111010001111011 #
b11111111111111111111111111111111111111111111111111111111111111111111111111111111111111111111111110111101100001101111010001111011 +
b11111111111111111111111111111111111111111111111111111111111111111111111111111111111111111111111110101000011011000101111001010000 *
b11111111111111111111111111111111111111111111111111111111111111111111111111111111111111111111111110101000011011000101111001010000 %
b11111111111111111111111111111111111111111111111111111111111111111111111111111111111111111111111110101000011011000101111001010000 ,
b100001110 &
#2715000
b11111111111111111111111111111111000000001111111111111111 !
b11111111111111111111111111111111000000001111111111111111 '
b11111111111111111111111111111111000000001111111111111111 0
1"
#2720000
0"
b11111111111111111111111111111111111111111111111111111111111111111111111111111111111111111111111110111100001111111000010001111000 #
b11111111111111111111111111111111111111111111111111111111111111111111111111111111111111111111111110111100001111111000010001111000 +
b11111111111111111111111111111111111111111111111111111111111111111111111111111111111111111111111110010010100111010101100000100101 *
b11111111111111111111111111111111111111111111111111111111111111111111111111111111111111111111111110010010100111010101100000100101 %
b11111111111111111111111111111111111111111111111111111111111111111111111111111111111111111111111110010010100111010101100000100101 ,
b100001111 &
#2725000
b11111111111111111111111111111111000000000000000000000000 !
b11111111111111111111111111111111000000000000000000000000 '
b11111111111111111111111111111111000000000000000000000000 0
1"
#2730000
0"
b11111111111111111111111111111111111111111111111111111111111111111111111111111111111111111111111110101110001000111100111001011100 #
b11111111111111111111111111111111111111111111111111111111111111111111111111111111111111111111111110101110001000111100111001011100 +
b1111011011110111000100111110110 *
b1111011011110111000100111110110 %
b1111011011110111000100111110110 ,
b100010000 &
#2735000
b11111111000000001111111111111111111111110000000000000000 !
b11111111000000001111111111111111111111110000000000000000 '
b11111111000000001111111111111111111111110000000000000000 0
1"
#2740000
0"
b111100101100111010101101111001 #
b111100101100111010101101111001 +
b10001110011001001101100100011 *
b10001110011001001101100100011 %
b10001110011001001101100100011 ,
b100010001 &
#2745000
b11111111111111111111111111111111000000000000000011111111 !
b11111111111111111111111111111111000000000000000011111111 '
b11111111111111111111111111111111000000000000000011111111 0
1"
#2750000
0"
b11111111111111111111111111111111111111111111111111111111111111111111111111111111111111111111111111011101110100010100011010111011 #
b11111111111111111111111111111111111111111111111111111111111111111111111111111111111111111111111111011101110100010100011010111011 +
b1100100010001100000010111001000 *
b1100100010001100000010111001000 %
b1100100010001100000010111001000 ,
b100010010 &
#2755000
b1111111100000000111111111111111111111111000000001111111111111111 !
b1111111100000000111111111111111111111111000000001111111111111111 '
b1111111100000000111111111111111111111111000000001111111111111111 0
1"
#2760000
0"
b11111111111111111111111111111111111111111111111111111111111111111111111111111111111111111111111110111001100001111001010001110011 #
b11111111111111111111111111111111111111111111111111111111111111111111111111111111111111111111111110111001100001111001010001110011 +
b11111111111111111111111111111111111111111111111111111111111111111111111111111111111111111111111110000111000011001110111000001110 *
b11111111111111111111111111111111111111111111111111111111111111111111111111111111111111111111111110000111000011001110111000001110 %
b11111111111111111111111111111111111111111111111111111111111111111111111111111111111111111111111110000111000011001110111000001110 ,
b100010011 &
#2765000
b11111111111111111111111100000000000000001111111111111111 !
b11111111111111111111111100000000000000001111111111111111 '
b11111111111111111111111100000000000000001111111111111111 0
1"
#2770000
0"
b11111111111111111111111111111111111111111111111111111111111111111111111111111111111111111111111111100111000011111001100011001110 #
b11111111111111111111111111111111111111111111111111111111111111111111111111111111111111111111111111100111000011111001100011001110 +
b110011100010000001100001100 *
b110011100010000001100001100 %
b110011100010000001100001100 ,
b100010100 &
#2775000
b1111111111111111000000000000000011111111111111111111111100000000 !
b1111111111111111000000000000000011111111111111111111111100000000 '
b1111111111111111000000000000000011111111111111111111111100000000 0
1"
#2780000
0"
b11111111111111111111111111111111111111111111111111111111111111111111111111111111111111111111111110101100111011001101110001011001 #
b11111111111111111111111111111111111111111111111111111111111111111111111111111111111111111111111110101100111011001101110001011001 +
b1101010000110100110000111010100 *
b1101010000110100110000111010100 %
b1101010000110100110000111010100 ,
b100010101 &
#2785000
b11111111000000001111111111111111000000000000000011111111 !
b11111111000000001111111111111111000000000000000011111111 '
b11111111000000001111111111111111000000000000000011111111 0
1"
#2790000
0"
b11111111111111111111111111111111111111111111111111111111111111111111111111111111111111111111111111011001101110001100000010110011 #
b11111111111111111111111111111111111111111111111111111111111111111111111111111111111111111111111111011001101110001100000010110011 +
b1011100101000100110111110111001 *
b1011100101000100110111110111001 %
b1011100101000100110111110111001 ,
b100010110 &
#2795000
b1111111100000000111111111111111100000000000000001111111111111111 !
b1111111100000000111111111111111100000000000000001111111111111111 '
b1111111100000000111111111111111100000000000000001111111111111111 0
1"
#2800000
0"
b11111111111111111111111111111111111111111111111111111111111111111111111111111111111111111111111110111010111101001110001001110101 #
b11111111111111111111111111111111111111111111111111111111111111111111111111111111111111111111111110111010111101001110001001110101 +
b1111010010011111011111111110100 *
b1111010010011111011111111110100 %
b1111010010011111011111111110100 ,
b100010111 &
#2805000
b11111111111111111111111100000000111111110000000011111111 !
b11111111111111111111111100000000111111110000000011111111 '
b11111111111111111111111100000000111111110000000011111111 0
1"
#2810000
0"
b11111111111111111111111111111111111111111111111111111111111111111111111111111111111111111111111110011100111111000111101000111001 #
b11111111111111111111111111111111111111111111111111111111111111111111111111111111111111111111111110011100111111000111101000111001 +
b110011011001111000100001100 *
b110011011001111000100001100 %
b110011011001111000100001100 ,
b100011000 &
#2815000
b111111111111111111111111000000000000000011111111 !
b111111111111111111111111000000000000000011111111 '
b111111111111111111111111000000000000000011111111 0
1"
#2820000
0"
b11111111111111111111111111111111111111111111111111111111111111111111111111111111111111111111111110001010111011001011111000010101 #
b11111111111111111111111111111111111111111111111111111111111111111111111111111111111111111111111110001010111011001011111000010101 +
b1011100101001001100000010 *
b1011100101001001100000010 %
b1011100101001001100000010 ,
b100011001 &
#2825000
b1111111100000000111111110000000011111111 !
b1111111100000000111111110000000011111111 '
b1111111100000000111111110000000011111111 0
1"
#2830000
0"
b100111000111000100001101001110 #
b100111000111000100001101001110 +
b10111110111111100100000101 *
b10111110111111100100000101 %
b10111110111111100100000101 ,
b100011010 &
#2835000
b11111111000000000000000011111111111111111111111100000000 !
b11111111000000000000000011111111111111111111111100000000 '
b11111111000000000000000011111111111111111111111100000000 0
1"
#2840000
0"
b1011100011110010101000110111000 #
b1011100011110010101000110111000 +
b1001111110010100100000010 *
b1001111110010100100000010 %
b1001111110010100100000010 ,
b100011011 &
#2845000
b1111111100000000111111111111111111111111000000000000000000000000 !
b1111111100000000111111111111111111111111000000000000000000000000 '
b1111111100000000111111111111111111111111000000000000000000000000 0
1"
#2850000
0"
b1000110111001110101001110001101 #
b1000110111001110101001110001101 +
b11111111111111111111111111111111111111111111111111111111111111111111111111111111111111111111111110000100011111111011001000001000 *
b11111111111111111111111111111111111111111111111111111111111111111111111111111111111111111111111110000100011111111011001000001000 %
b11111111111111111111111111111111111111111111111111111111111111111111111111111111111111111111111110000100011111111011001000001000 ,
b100011100 &
#2855000
b1111111100000000000000000000000011111111111111110000000011111111 !
b1111111100000000000000000000000011111111111111110000000011111111 '
b1111111100000000000000000000000011111111111111110000000011111111 0
1"
#2860000
0"
b1110100011100110011000111101000 #
b1110100011100110011000111101000 +
b11111111111111111111111111111111111111111111111111111111111111111111111111111111111111111111111111010111101101001000111010101111 *
b11111111111111111111111111111111111111111111111111111111111111111111111111111111111111111111111111010111101101001000111010101111 %
b11111111111111111111111111111111111111111111111111111111111111111111111111111111111111111111111111010111101101001000111010101111 ,
b100011101 &
#2865000
b1111111111111111111111110000000011111111000000000000000000000000 !
b1111111111111111111111110000000011111111000000000000000000000000 '
b1111111111111111111111110000000011111111000000000000000000000000 0
1"
#2870000
0"
b1111010111101101010101111110101 #
b1111010111101101010101111110101 +
b1001000010110010000100110010000 *
b1001000010110010000100110010000 %
b1001000010110010000100110010000 ,
b100011110 &
#2875000
b1111111111111111111111111111111100000000111111110000000011111111 !
b1111111111111111111111111111111100000000111111110000000011111111 '
b1111111111111111111111111111111100000000111111110000000011111111 0
1"
#2880000
0"
b111101100000101011110101111011 #
b111101100000101011110101111011 +
b11111111111111111111111111111111111111111111111111111111111111111111111111111111111111111111111110100110001000001001000001001100 *
b11111111111111111111111111111111111111111111111111111111111111111111111111111111111111111111111110100110001000001001000001001100 %
b11111111111111111111111111111111111111111111111111111111111111111111111111111111111111111111111110100110001000001001000001001100 ,
b100011111 &
#2885000
b11111111111111111111111111111111000000001111111111111111 !
b11111111111111111111111111111111000000001111111111111111 '
b11111111111111111111111111111111000000001111111111111111 0
1"
#2890000
0"
b10010101010010000001100100101 #
b10010101010010000001100100101 +
b11111111111111111111111111111111111111111111111111111111111111111111111111111111111111111111111110100000000001011010011001000000 *
b11111111111111111111111111111111111111111111111111111111111111111111111111111111111111111111111110100000000001011010011001000000 %
b11111111111111111111111111111111111111111111111111111111111111111111111111111111111111111111111110100000000001011010011001000000 ,
b100100000 &
#2895000
b111111110000000000000000111111110000000011111111 !
b111111110000000000000000111111110000000011111111 '
b111111110000000000000000111111110000000011111111 0
1"
#2900000
0"
b11111111111111111111111111111111111111111111111111111111111111111111111111111111111111111111111110111000011111000001000001110000 #
b11111111111111111111111111111111111111111111111111111111111111111111111111111111111111111111111110111000011111000001000001110000 +
b11111111111111111111111111111111111111111111111111111111111111111111111111111111111111111111111110000110111010111011011000001101 *
b11111111111111111111111111111111111111111111111111111111111111111111111111111111111111111111111110000110111010111011011000001101 %
b11111111111111111111111111111111111111111111111111111111111111111111111111111111111111111111111110000110111010111011011000001101 ,
b100100001 &
#2905000
b11111111111111111111111100000000000000000000000000000000 !
b11111111111111111111111100000000000000000000000000000000 '
b11111111111111111111111100000000000000000000000000000000 0
1"
#2910000
0"
b11111111111111111111111111111111111111111111111111111111111111111111111111111111111111111111111110010100110111101101100000101001 #
b11111111111111111111111111111111111111111111111111111111111111111111111111111111111111111111111110010100110111101101100000101001 +
b10110110010111111100100101101 *
b10110110010111111100100101101 %
b10110110010111111100100101101 ,
b100100010 &
#2915000
b111111110000000011111111000000000000000011111111 !
b111111110000000011111111000000000000000011111111 '
b111111110000000011111111000000000000000011111111 0
1"
#2920000
0"
b11111111111111111111111111111111111111111111111111111111111111111111111111111111111111111111111110011000011110110000100000110000 #
b11111111111111111111111111111111111111111111111111111111111111111111111111111111111111111111111110011000011110110000100000110000 +
b1011110001001010101000110111100 *
b1011110001001010101000110111100 %
b1011110001001010101000110111100 ,
b100100011 &
#2925000
b111111111111111100000000000000000000000000000000 !
b111111111111111100000000000000000000000000000000 '
b111111111111111100000000000000000000000000000000 0
1"
#2930000
0"
b101000011101100110100101010000 #
b101000011101100110100101010000 +
b1100000001001110010110111000000 *
b1100000001001110010110111000000 %
b1100000001001110010110111000000 ,
b100100100 &
#2935000
b11111111000000001111111100000000000000000000000000000000 !
b11111111000000001111111100000000000000000000000000000000 '
b11111111000000001111111100000000000000000000000000000000 0
1"
#2940000
0"
b100110101111110011111101001101 #
b100110101111110011111101001101 +
b11111111111111111111111111111111111111111111111111111111111111111111111111111111111111111111111111010000110011110110101010100001 *
b11111111111111111111111111111111111111111111111111111111111111111111111111111111111111111111111111010000110011110110101010100001 %
b11111111111111111111111111111111111111111111111111111111111111111111111111111111111111111111111111010000110011110110101010100001 ,
b100100101 &
#2945000
b11111111000000000000000011111111111111110000000011111111 !
b11111111000000000000000011111111111111110000000011111111 '
b11111111000000000000000011111111111111110000000011111111 0
1"
#2950000
0"
b1111010100001111010111111110101 #
b1111010100001111010111111110101 +
b11111111111111111111111111111111111111111111111111111111111111111111111111111111111111111111111111111010111100110010111011110101 *
b11111111111111111111111111111111111111111111111111111111111111111111111111111111111111111111111111111010111100110010111011110101 %
b11111111111111111111111111111111111111111111111111111111111111111111111111111111111111111111111111111010111100110010111011110101 ,
b100100110 &
#2955000
b1111111111111111111111111111111100000000111111110000000011111111 !
b1111111111111111111111111111111100000000111111110000000011111111 '
b1111111111111111111111111111111100000000111111110000000011111111 0
1"
#2960000
0"
b11111111111111111111111111111111111111111111111111111111111111111111111111111111111111111111111111001010010010000001001010010100 #
b11111111111111111111111111111111111111111111111111111111111111111111111111111111111111111111111111001010010010000001001010010100 +
b11111111111111111111111111111111111111111111111111111111111111111111111111111111111111111111111110101110111010101100110001011101 *
b11111111111111111111111111111111111111111111111111111111111111111111111111111111111111111111111110101110111010101100110001011101 %
b11111111111111111111111111111111111111111111111111111111111111111111111111111111111111111111111110101110111010101100110001011101 ,
b100100111 &
#2965000
b1111111100000000000000001111111100000000111111110000000000000000 !
b1111111100000000000000001111111100000000111111110000000000000000 '
b1111111100000000000000001111111100000000111111110000000000000000 0
1"
#2970000
0"
b1011110011000000110010110111100 #
b1011110011000000110010110111100 +
b11111111111111111111111111111111111111111111111111111111111111111111111111111111111111111111111110110101010110001010011001101010 *
b11111111111111111111111111111111111111111111111111111111111111111111111111111111111111111111111110110101010110001010011001101010 %
b11111111111111111111111111111111111111111111111111111111111111111111111111111111111111111111111110110101010110001010011001101010 ,
b100101000 &
#2975000
b1111111100000000111111111111111111111111111111110000000000000000 !
b1111111100000000111111111111111111111111111111110000000000000000 '
b1111111100000000111111111111111111111111111111110000000000000000 0
1"
#2980000
0"
b11111111111111111111111111111111111111111111111111111111111111111111111111111111111111111111111111001111001100001001110010011110 #
b11111111111111111111111111111111111111111111111111111111111111111111111111111111111111111111111111001111001100001001110010011110 +
b11111111111111111111111111111111111111111111111111111111111111111111111111111111111111111111111111011100010000110000100010111000 *
b11111111111111111111111111111111111111111111111111111111111111111111111111111111111111111111111111011100010000110000100010111000 %
b11111111111111111111111111111111111111111111111111111111111111111111111111111111111111111111111111011100010000110000100010111000 ,
b100101001 &
#2985000
b1111111100000000000000001111111111111111111111111111111100000000 !
b1111111100000000000000001111111111111111111111111111111100000000 '
b1111111100000000000000001111111111111111111111111111111100000000 0
1"
#2990000
0"
b100011010000000000101101000110 #
b100011010000000000101101000110 +
b11111111111111111111111111111111111111111111111111111111111111111111111111111111111111111111111111111101011110010000011011111010 *
b11111111111111111111111111111111111111111111111111111111111111111111111111111111111111111111111111111101011110010000011011111010 %
b11111111111111111111111111111111111111111111111111111111111111111111111111111111111111111111111111111101011110010000011011111010 ,
b100101010 &
#2995000
b11111111000000000000000000000000111111111111111100000000 !
b11111111000000000000000000000000111111111111111100000000 '
b11111111000000000000000000000000111111111111111100000000 0
1"
#3000000
0"
b11111111111111111111111111111111111111111111111111111111111111111111111111111111111111111111111111001001110010111011110010010011 #
b11111111111111111111111111111111111111111111111111111111111111111111111111111111111111111111111111001001110010111011110010010011 +
b11111111111111111111111111111111111111111111111111111111111111111111111111111111111111111111111110000011111110100110010000000111 *
b11111111111111111111111111111111111111111111111111111111111111111111111111111111111111111111111110000011111110100110010000000111 %
b11111111111111111111111111111111111111111111111111111111111111111111111111111111111111111111111110000011111110100110010000000111 ,
b100101011 &
#3005000
b1111111100000000000000001111111100000000000000001111111111111111 !
b1111111100000000000000001111111100000000000000001111111111111111 '
b1111111100000000000000001111111100000000000000001111111111111111 0
1"
#3010000
0"
b1011011110100111101101110110111 #
b1011011110100111101101110110111 +
b11111111111111111111111111111111111111111111111111111111111111111111111111111111111111111111111110101010110110100111010001010101 *
b11111111111111111111111111111111111111111111111111111111111111111111111111111111111111111111111110101010110110100111010001010101 %
b11111111111111111111111111111111111111111111111111111111111111111111111111111111111111111111111110101010110110100111010001010101 ,
b100101100 &
#3015000
b1111111100000000111111111111111100000000111111111111111111111111 !
b1111111100000000111111111111111100000000111111111111111111111111 '
b1111111100000000111111111111111100000000111111111111111111111111 0
1"
#3020000
0"
b11111111111111111111111111111111111111111111111111111111111111111111111111111111111111111111111110110001100000000000101001100011 #
b11111111111111111111111111111111111111111111111111111111111111111111111111111111111111111111111110110001100000000000101001100011 +
b100010110101011111000101000101 *
b100010110101011111000101000101 %
b100010110101011111000101000101 ,
b100101101 &
#3025000
b11111111111111110000000000000000000000001111111111111111 !
b11111111111111110000000000000000000000001111111111111111 '
b11111111111111110000000000000000000000001111111111111111 0
1"
#3030000
0"
b11111111111111111111111111111111111111111111111111111111111111111111111111111111111111111111111110010011011100101100111000100110 #
b11111111111111111111111111111111111111111111111111111111111111111111111111111111111111111111111110010011011100101100111000100110 +
b11111111111111111111111111111111111111111111111111111111111111111111111111111111111111111111111110101100100100111110000001011001 *
b11111111111111111111111111111111111111111111111111111111111111111111111111111111111111111111111110101100100100111110000001011001 %
b11111111111111111111111111111111111111111111111111111111111111111111111111111111111111111111111110101100100100111110000001011001 ,
b100101110 &
#3035000
b111111110000000000000000111111111111111100000000 !
b111111110000000000000000111111111111111100000000 '
b111111110000000000000000111111111111111100000000 0
1"
#3040000
0"
b11111111111111111111111111111111111111111111111111111111111111111111111111111111111111111111111110001111011000111110010000011110 #
b11111111111111111111111111111111111111111111111111111111111111111111111111111111111111111111111110001111011000111110010000011110 +
b11111111111111111111111111111111111111111111111111111111111111111111111111111111111111111111111110110100010010010111011001101000 *
b11111111111111111111111111111111111111111111111111111111111111111111111111111111111111111111111110110100010010010111011001101000 %
b11111111111111111111111111111111111111111111111111111111111111111111111111111111111111111111111110110100010010010111011001101000 ,
b100101111 &
#3045000
b1111111111111111111111111111111100000000 !
b1111111111111111111111111111111100000000 '
b1111111111111111111111111111111100000000 0
1"
#3050000
0"
b101101000110011010010101011010 #
b101101000110011010010101011010 +
b11111111111111111111111111111111111111111111111111111111111111111111111111111111111111111111111111001000001110001111010010010000 *
b11111111111111111111111111111111111111111111111111111111111111111111111111111111111111111111111111001000001110001111010010010000 %
b11111111111111111111111111111111111111111111111111111111111111111111111111111111111111111111111111001000001110001111010010010000 ,
b100110000 &
#3055000
b11111111000000001111111111111111000000001111111100000000 !
b11111111000000001111111111111111000000001111111100000000 '
b11111111000000001111111111111111000000001111111100000000 0
1"
#3060000
0"
b1011100100110010110011110111001 #
b1011100100110010110011110111001 +
b1110010000111000010100011100 *
b1110010000111000010100011100 %
b1110010000111000010100011100 ,
b100110001 &
#3065000
b1111111100000000111111111111111111111111000000000000000011111111 !
b1111111100000000111111111111111111111111000000000000000011111111 '
b1111111100000000111111111111111111111111000000000000000011111111 0
1"
#3070000
0"
b1101000001001101101100111010000 #
b1101000001001101101100111010000 +
b1010101100001100001111110101011 *
b1010101100001100001111110101011 %
b1010101100001100001111110101011 ,
b100110010 &
#3075000
b1111111111111111000000001111111100000000000000000000000000000000 !
b1111111111111111000000001111111100000000000000000000000000000000 '
b1111111111111111000000001111111100000000000000000000000000000000 0
1"
#3080000
0"
b1101100011010100110110111011000 #
b1101100011010100110110111011000 +
b110111101110010110010101101111 *
b110111101110010110010101101111 %
b110111101110010110010101101111 ,
b100110011 &
#3085000
b1111111111111111000000001111111111111111000000000000000000000000 !
b1111111111111111000000001111111111111111000000000000000000000000 '
b1111111111111111000000001111111111111111000000000000000000000000 0
1"
#3090000
0"
b1000110110101101010011110001101 #
b1000110110101101010011110001101 +
b11111111111111111111111111111111111111111111111111111111111111111111111111111111111111111111111110100010110011001000100001000101 *
b11111111111111111111111111111111111111111111111111111111111111111111111111111111111111111111111110100010110011001000100001000101 %
b11111111111111111111111111111111111111111111111111111111111111111111111111111111111111111111111110100010110011001000100001000101 ,
b100110100 &
#3095000
b1111111100000000000000000000000011111111111111110000000011111111 !
b1111111100000000000000000000000011111111111111110000000011111111 '
b1111111100000000000000000000000011111111111111110000000011111111 0
1"
#3100000
0"
b1111110001001001001000111111100 #
b1111110001001001001000111111100 +
b1000101111100110010001110001011 *
b1000101111100110010001110001011 %
b1000101111100110010001110001011 ,
b100110101 &
#3105000
b1111111111111111111111111111111111111111111111110000000000000000 !
b1111111111111111111111111111111111111111111111110000000000000000 '
b1111111111111111111111111111111111111111111111110000000000000000 0
1"
#3110000
0"
b11111111111111111111111111111111111111111111111111111111111111111111111111111111111111111111111111010010011111110000101010100100 #
b11111111111111111111111111111111111111111111111111111111111111111111111111111111111111111111111111010010011111110000101010100100 +
b1101110000111100001111111011100 *
b1101110000111100001111111011100 %
b1101110000111100001111111011100 ,
b100110110 &
#3115000
b1111111100000000111111110000000000000000111111110000000000000000 !
b1111111100000000111111110000000000000000111111110000000000000000 '
b1111111100000000111111110000000000000000111111110000000000000000 0
1"
#3120000
0"
b1010010101101010011001110100101 #
b1010010101101010011001110100101 +
b1100100101111000110100011001 *
b1100100101111000110100011001 %
b1100100101111000110100011001 ,
b100110111 &
#3125000
b1111111100000000111111110000000000000000111111110000000011111111 !
b1111111100000000111111110000000000000000111111110000000011111111 '
b1111111100000000111111110000000000000000111111110000000011111111 0
1"
#3130000
0"
b11111111111111111111111111111111111111111111111111111111111111111111111111111111111111111111111111111001100010111100000011110011 #
b11111111111111111111111111111111111111111111111111111111111111111111111111111111111111111111111111111001100010111100000011110011 +
b11111111111111111111111111111111111111111111111111111111111111111111111111111111111111111111111110011111001110011000111000111110 *
b11111111111111111111111111111111111111111111111111111111111111111111111111111111111111111111111110011111001110011000111000111110 %
b11111111111111111111111111111111111111111111111111111111111111111111111111111111111111111111111110011111001110011000111000111110 ,
b100111000 &
#3135000
b1111111111111111111111111111111100000000000000001111111111111111 !
b1111111111111111111111111111111100000000000000001111111111111111 '
b1111111111111111111111111111111100000000000000001111111111111111 0
1"
#3140000
0"
b1100010000001010110101111000100 #
b1100010000001010110101111000100 +
b11111111111111111111111111111111111111111111111111111111111111111111111111111111111111111111111110101100011110000010110001011000 *
b11111111111111111111111111111111111111111111111111111111111111111111111111111111111111111111111110101100011110000010110001011000 %
b11111111111111111111111111111111111111111111111111111111111111111111111111111111111111111111111110101100011110000010110001011000 ,
b100111001 &
#3145000
b1111111111111111000000000000000000000000111111110000000000000000 !
b1111111111111111000000000000000000000000111111110000000000000000 '
b1111111111111111000000000000000000000000111111110000000000000000 0
1"
#3150000
0"
b11001110100100010100000110 #
b11001110100100010100000110 +
b101110001101100100001101011100 *
b101110001101100100001101011100 %
b101110001101100100001101011100 ,
b100111010 &
#3155000
b111111111111111100000000 !
b111111111111111100000000 '
b111111111111111100000000 0
1"
#3160000
0"
b1100000101100001100100011000 #
b1100000101100001100100011000 +
b11111111111111111111111111111111111111111111111111111111111111111111111111111111111111111111111111001101000111010101000010011010 *
b11111111111111111111111111111111111111111111111111111111111111111111111111111111111111111111111111001101000111010101000010011010 %
b11111111111111111111111111111111111111111111111111111111111111111111111111111111111111111111111111001101000111010101000010011010 ,
b100111011 &
#3165000
b1111111111111111000000000000000000000000 !
b1111111111111111000000000000000000000000 '
b1111111111111111000000000000000000000000 0
1"
#3170000
0"
b1010101000101011101000110101010 #
b1010101000101011101000110101010 +
b11111111111111111111111111111111111111111111111111111111111111111111111111111111111111111111111111100010111100000110011011000101 *
b11111111111111111111111111111111111111111111111111111111111111111111111111111111111111111111111111100010111100000110011011000101 %
b11111111111111111111111111111111111111111111111111111111111111111111111111111111111111111111111111100010111100000110011011000101 ,
b100111100 &
#3175000
b1111111100000000111111110000000011111111000000001111111100000000 !
b1111111100000000111111110000000011111111000000001111111100000000 '
b1111111100000000111111110000000011111111000000001111111100000000 0
1"
#3180000
0"
b1100001110110111101010111000011 #
b1100001110110111101010111000011 +
b1101000100100000001100011010 *
b1101000100100000001100011010 %
b1101000100100000001100011010 ,
b100111101 &
#3185000
b1111111111111111000000000000000000000000000000001111111111111111 !
b1111111111111111000000000000000000000000000000001111111111111111 '
b1111111111111111000000000000000000000000000000001111111111111111 0
1"
#3190000
0"
b110001100110110001100001100 #
b110001100110110001100001100 +
b1011001001101001110100110110010 *
b1011001001101001110100110110010 %
b1011001001101001110100110110010 ,
b100111110 &
#3195000
b11111111111111110000000000000000 !
b11111111111111110000000000000000 '
b11111111111111110000000000000000 0
1"
#3200000
0"
b1100001110110101111110111000011 #
b1100001110110101111110111000011 +
b11111111111111111111111111111111111111111111111111111111111111111111111111111111111111111111111111110100111100000000111011101001 *
b11111111111111111111111111111111111111111111111111111111111111111111111111111111111111111111111111110100111100000000111011101001 %
b11111111111111111111111111111111111111111111111111111111111111111111111111111111111111111111111111110100111100000000111011101001 ,
b100111111 &
#3205000
b1111111111111111000000000000000000000000000000001111111111111111 !
b1111111111111111000000000000000000000000000000001111111111111111 '
b1111111111111111000000000000000000000000000000001111111111111111 0
1"
#3210000
0"
b1111100001011011011100111111000 #
b1111100001011011011100111111000 +
b1110101101011010111001111101011 *
b1110101101011010111001111101011 %
b1110101101011010111001111101011 ,
b101000000 &
#3215000
b1111111111111111111111111111111111111111000000000000000000000000 !
b1111111111111111111111111111111111111111000000000000000000000000 '
b1111111111111111111111111111111111111111000000000000000000000000 0
1"
#3220000
0"
b1000100100000111010110110001001 #
b1000100100000111010110110001001 +
b1111001001011000000001111110010 *
b1111001001011000000001111110010 %
b1111001001011000000001111110010 ,
b101000001 &
#3225000
b1111111100000000000000000000000011111111000000000000000011111111 !
b1111111100000000000000000000000011111111000000000000000011111111 '
b1111111100000000000000000000000011111111000000000000000011111111 0
1"
#3230000
0"
b1101111000010100101100011011 #
b1101111000010100101100011011 +
b110111100011000111001101101111 *
b110111100011000111001101101111 %
b110111100011000111001101101111 ,
b101000010 &
#3235000
b1111111111111111000000001111111111111111 !
b1111111111111111000000001111111111111111 '
b1111111111111111000000001111111111111111 0
1"
#3240000
0"
b110100010011011100000101101000 #
b110100010011011100000101101000 +
b11111111111111111111111111111111111111111111111111111111111111111111111111111111111111111111111111010110101000010010100010101101 *
b11111111111111111111111111111111111111111111111111111111111111111111111111111111111111111111111111010110101000010010100010101101 %
b11111111111111111111111111111111111111111111111111111111111111111111111111111111111111111111111111010110101000010010100010101101 ,
b101000011 &
#3245000
b11111111111111110000000011111111000000000000000000000000 !
b11111111111111110000000011111111000000000000000000000000 '
b11111111111111110000000011111111000000000000000000000000 0
1"
#3250000
0"
b1100111111010000101011111001111 #
b1100111111010000101011111001111 +
b11111111111111111111111111111111111111111111111111111111111111111111111111111111111111111111111110010010111110010001001000100101 *
b11111111111111111111111111111111111111111111111111111111111111111111111111111111111111111111111110010010111110010001001000100101 %
b11111111111111111111111111111111111111111111111111111111111111111111111111111111111111111111111110010010111110010001001000100101 ,
b101000100 &
#3255000
b1111111111111111000000000000000011111111111111111111111111111111 !
b1111111111111111000000000000000011111111111111111111111111111111 '
b1111111111111111000000000000000011111111111111111111111111111111 0
1"
#3260000
0"
b11111111111111111111111111111111111111111111111111111111111111111111111111111111111111111111111110001101100101001101001000011011 #
b11111111111111111111111111111111111111111111111111111111111111111111111111111111111111111111111110001101100101001101001000011011 +
b1010101110111011000110110101011 *
b1010101110111011000110110101011 %
b1010101110111011000110110101011 ,
b101000101 &
#3265000
b1111111111111111000000001111111111111111 !
b1111111111111111000000001111111111111111 '
b1111111111111111000000001111111111111111 0
1"
#3270000
0"
b101110110101101101100101011101 #
b101110110101101101100101011101 +
b11111111111111111111111111111111111111111111111111111111111111111111111111111111111111111111111111000000001110110011111010000000 *
b11111111111111111111111111111111111111111111111111111111111111111111111111111111111111111111111111000000001110110011111010000000 %
b11111111111111111111111111111111111111111111111111111111111111111111111111111111111111111111111111000000001110110011111010000000 ,
b101000110 &
#3275000
b11111111000000001111111111111111111111110000000011111111 !
b11111111000000001111111111111111111111110000000011111111 '
b11111111000000001111111111111111111111110000000011111111 0
1"
#3280000
0"
b11111111111111111111111111111111111111111111111111111111111111111111111111111111111111111111111110000010001101000100001000000100 #
b11111111111111111111111111111111111111111111111111111111111111111111111111111111111111111111111110000010001101000100001000000100 +
b1000001001011011111110110000010 *
b1000001001011011111110110000010 %
b1000001001011011111110110000010 ,
b101000111 &
#3285000
b111111110000000000000000 !
b111111110000000000000000 '
b111111110000000000000000 0
1"
#3290000
0"
b11011001101101000101100110110 #
b11011001101101000101100110110 +
b101011101001111010010101010111 *
b101011101001111010010101010111 %
b101011101001111010010101010111 ,
b101001000 &
#3295000
b111111111111111100000000111111111111111100000000 !
b111111111111111100000000111111111111111100000000 '
b111111111111111100000000111111111111111100000000 0
1"
#3300000
0"
b11111111111111111111111111111111111111111111111111111111111111111111111111111111111111111111111110111100111000110010100001111001 #
b11111111111111111111111111111111111111111111111111111111111111111111111111111111111111111111111110111100111000110010100001111001 +
b11001011010100000001100110010 *
b11001011010100000001100110010 %
b11001011010100000001100110010 ,
b101001001 &
#3305000
b11111111111111111111111111111111000000000000000011111111 !
b11111111111111111111111111111111000000000000000011111111 '
b11111111111111111111111111111111000000000000000011111111 0
1"
#3310000
0"
b11111111111111111111111111111111111111111111111111111111111111111111111111111111111111111111111110001011010000101110110000010110 #
b11111111111111111111111111111111111111111111111111111111111111111111111111111111111111111111111110001011010000101110110000010110 +
b11111111111111111111111111111111111111111111111111111111111111111111111111111111111111111111111111110010010010111010111011100100 *
b11111111111111111111111111111111111111111111111111111111111111111111111111111111111111111111111111110010010010111010111011100100 %
b11111111111111111111111111111111111111111111111111111111111111111111111111111111111111111111111111110010010010111010111011100100 ,
b101001010 &
#3315000
b1111111100000000111111111111111100000000 !
b1111111100000000111111111111111100000000 '
b1111111100000000111111111111111100000000 0
1"
#3320000
0"
b1100000010100000110010111000000 #
b1100000010100000110010111000000 +
b11111111111111111111111111111111111111111111111111111111111111111111111111111111111111111111111111010101011111111110110010101010 *
b11111111111111111111111111111111111111111111111111111111111111111111111111111111111111111111111111010101011111111110110010101010 %
b11111111111111111111111111111111111111111111111111111111111111111111111111111111111111111111111111010101011111111110110010101010 ,
b101001011 &
#3325000
b1111111111111111000000000000000000000000000000000000000000000000 !
b1111111111111111000000000000000000000000000000000000000000000000 '
b1111111111111111000000000000000000000000000000000000000000000000 0
1"
#3330000
0"
b1000110011001010011011110001100 #
b1000110011001010011011110001100 +
b11111111111111111111111111111111111111111111111111111111111111111111111111111111111111111111111110010111010110011000100000101110 *
b11111111111111111111111111111111111111111111111111111111111111111111111111111111111111111111111110010111010110011000100000101110 %
b11111111111111111111111111111111111111111111111111111111111111111111111111111111111111111111111110010111010110011000100000101110 ,
b101001100 &
#3335000
b1111111100000000000000000000000011111111111111110000000000000000 !
b1111111100000000000000000000000011111111111111110000000000000000 '
b1111111100000000000000000000000011111111111111110000000000000000 0
1"
#3340000
0"
b1111101111111101000111111111011 #
b1111101111111101000111111111011 +
b11111111111111111111111111111111111111111111111111111111111111111111111111111111111111111111111110111000110000001100001001110001 *
b11111111111111111111111111111111111111111111111111111111111111111111111111111111111111111111111110111000110000001100001001110001 %
b11111111111111111111111111111111111111111111111111111111111111111111111111111111111111111111111110111000110000001100001001110001 ,
b101001101 &
#3345000
b1111111111111111111111111111111111111111000000001111111111111111 !
b1111111111111111111111111111111111111111000000001111111111111111 '
b1111111111111111111111111111111111111111000000001111111111111111 0
1"
#3350000
0"
b11111111111111111111111111111111111111111111111111111111111111111111111111111111111111111111111111101110011100000110100011011100 #
b11111111111111111111111111111111111111111111111111111111111111111111111111111111111111111111111111101110011100000110100011011100 +
b1011110010101000010000110111100 *
b1011110010101000010000110111100 %
b1011110010101000010000110111100 ,
b101001110 &
#3355000
b1111111111111111000000001111111111111111111111110000000000000000 !
b1111111111111111000000001111111111111111111111110000000000000000 '
b1111111111111111000000001111111111111111111111110000000000000000 0
1"
#3360000
0"
b11111111111111111111111111111111111111111111111111111111111111111111111111111111111111111111111111100000111000000000010011000001 #
b11111111111111111111111111111111111111111111111111111111111111111111111111111111111111111111111111100000111000000000010011000001 +
b1011111011000101011100010111 *
b1011111011000101011100010111 %
b1011111011000101011100010111 ,
b101001111 &
#3365000
b1111111111111111000000000000000000000000000000000000000011111111 !
b1111111111111111000000000000000000000000000000000000000011111111 '
b1111111111111111000000000000000000000000000000000000000011111111 0
1"
#3370000
0"
b1011010100111010011101110110101 #
b1011010100111010011101110110101 +
b1110101111110110010000111101011 *
b1110101111110110010000111101011 %
b1110101111110110010000111101011 ,
b101010000 &
#3375000
b1111111100000000111111111111111100000000111111110000000011111111 !
b1111111100000000111111111111111100000000111111110000000011111111 '
b1111111100000000111111111111111100000000111111110000000011111111 0
1"
#3380000
0"
b11111111111111111111111111111111111111111111111111111111111111111111111111111111111111111111111111000111101100101110001010001111 #
b11111111111111111111111111111111111111111111111111111111111111111111111111111111111111111111111111000111101100101110001010001111 +
b11111111111111111111111111111111111111111111111111111111111111111111111111111111111111111111111111000100111111010010111010001001 *
b11111111111111111111111111111111111111111111111111111111111111111111111111111111111111111111111111000100111111010010111010001001 %
b11111111111111111111111111111111111111111111111111111111111111111111111111111111111111111111111111000100111111010010111010001001 ,
b101010001 &
#3385000
b1111111100000000000000000000000011111111111111111111111111111111 !
b1111111100000000000000000000000011111111111111111111111111111111 '
b1111111100000000000000000000000011111111111111111111111111111111 0
1"
#3390000
0"
b11111111111111111111111111111111111111111111111111111111111111111111111111111111111111111111111111011000010001100010101010110000 #
b11111111111111111111111111111111111111111111111111111111111111111111111111111111111111111111111111011000010001100010101010110000 +
b11111111111111111111111111111111111111111111111111111111111111111111111111111111111111111111111111011111111101101111011010111111 *
b11111111111111111111111111111111111111111111111111111111111111111111111111111111111111111111111111011111111101101111011010111111 %
b11111111111111111111111111111111111111111111111111111111111111111111111111111111111111111111111111011111111101101111011010111111 ,
b101010010 &
#3395000
b1111111100000000111111111111111100000000000000000000000000000000 !
b1111111100000000111111111111111100000000000000000000000000000000 '
b1111111100000000111111111111111100000000000000000000000000000000 0
1"
#3400000
0"
b11111111111111111111111111111111111111111111111111111111111111111111111111111111111111111111111111101011000111010000001011010110 #
b11111111111111111111111111111111111111111111111111111111111111111111111111111111111111111111111111101011000111010000001011010110 +
b11111111111111111111111111111111111111111111111111111111111111111111111111111111111111111111111111101001101101001001101011010011 *
b11111111111111111111111111111111111111111111111111111111111111111111111111111111111111111111111111101001101101001001101011010011 %
b11111111111111111111111111111111111111111111111111111111111111111111111111111111111111111111111111101001101101001001101011010011 ,
b101010011 &
#3405000
b1111111111111111000000001111111100000000111111111111111100000000 !
b1111111111111111000000001111111100000000111111111111111100000000 '
b1111111111111111000000001111111100000000111111111111111100000000 0
1"
#3410000
0"
b1101011000110111010100011010 #
b1101011000110111010100011010 +
b11111111111111111111111111111111111111111111111111111111111111111111111111111111111111111111111111000001010001001100110010000010 *
b11111111111111111111111111111111111111111111111111111111111111111111111111111111111111111111111111000001010001001100110010000010 %
b11111111111111111111111111111111111111111111111111111111111111111111111111111111111111111111111111000001010001001100110010000010 ,
b101010100 &
#3415000
b1111111111111111000000001111111100000000 !
b1111111111111111000000001111111100000000 '
b1111111111111111000000001111111100000000 0
1"
#3420000
0"
b11111111111111111111111111111111111111111111111111111111111111111111111111111111111111111111111111101011100010000000010011010111 #
b11111111111111111111111111111111111111111111111111111111111111111111111111111111111111111111111111101011100010000000010011010111 +
b111000111001101010011101110001 *
b111000111001101010011101110001 %
b111000111001101010011101110001 ,
b101010101 &
#3425000
b1111111111111111000000001111111100000000111111111111111111111111 !
b1111111111111111000000001111111100000000111111111111111111111111 '
b1111111111111111000000001111111100000000111111111111111111111111 0
1"
#3430000
0"
b11111111111111111111111111111111111111111111111111111111111111111111111111111111111111111111111111111000110001110001010011110001 #
b11111111111111111111111111111111111111111111111111111111111111111111111111111111111111111111111111111000110001110001010011110001 +
b11111111111111111111111111111111111111111111111111111111111111111111111111111111111111111111111110000111011000101000111000001110 *
b11111111111111111111111111111111111111111111111111111111111111111111111111111111111111111111111110000111011000101000111000001110 %
b11111111111111111111111111111111111111111111111111111111111111111111111111111111111111111111111110000111011000101000111000001110 ,
b101010110 &
#3435000
b1111111111111111111111111111111100000000000000000000000011111111 !
b1111111111111111111111111111111100000000000000000000000011111111 '
b1111111111111111111111111111111100000000000000000000000011111111 0
1"
#3440000
0"
b10101111010100001100000101 #
b10101111010100001100000101 +
b1100110100001100001110111001101 *
b1100110100001100001110111001101 %
b1100110100001100001110111001101 ,
b101010111 &
#3445000
b111111110000000011111111 !
b111111110000000011111111 '
b111111110000000011111111 0
1"
#3450000
0"
b1001100000110001100011110011000 #
b1001100000110001100011110011000 +
b1110001110101110101100011100 *
b1110001110101110101100011100 %
b1110001110101110101100011100 ,
b101011000 &
#3455000
b1111111100000000000000001111111111111111000000000000000000000000 !
b1111111100000000000000001111111111111111000000000000000000000000 '
b1111111100000000000000001111111111111111000000000000000000000000 0
1"
#3460000
0"
b11111111111111111111111111111111111111111111111111111111111111111111111111111111111111111111111110010101010000011101011000101010 #
b11111111111111111111111111111111111111111111111111111111111111111111111111111111111111111111111110010101010000011101011000101010 +
b11111111111111111111111111111111111111111111111111111111111111111111111111111111111111111111111111110110011100001000100011101100 *
b11111111111111111111111111111111111111111111111111111111111111111111111111111111111111111111111111110110011100001000100011101100 %
b11111111111111111111111111111111111111111111111111111111111111111111111111111111111111111111111111110110011100001000100011101100 ,
b101011001 &
#3465000
b111111110000000011111111000000001111111100000000 !
b111111110000000011111111000000001111111100000000 '
b111111110000000011111111000000001111111100000000 0
1"
#3470000
0"
b11011100100100000010100110111 #
b11011100100100000010100110111 +
b11111111111111111111111111111111111111111111111111111111111111111111111111111111111111111111111110110010110100010100101001100101 *
b11111111111111111111111111111111111111111111111111111111111111111111111111111111111111111111111110110010110100010100101001100101 %
b11111111111111111111111111111111111111111111111111111111111111111111111111111111111111111111111110110010110100010100101001100101 ,
b101011010 &
#3475000
b111111111111111100000000111111111111111111111111 !
b111111111111111100000000111111111111111111111111 '
b111111111111111100000000111111111111111111111111 0
1"
#3480000
0"
b11111111111111111111111111111111111111111111111111111111111111111111111111111111111111111111111111111111011100101001111011111110 #
b11111111111111111111111111111111111111111111111111111111111111111111111111111111111111111111111111111111011100101001111011111110 +
b11111111111111111111111111111111111111111111111111111111111111111111111111111111111111111111111110000001111110100011011000000011 *
b11111111111111111111111111111111111111111111111111111111111111111111111111111111111111111111111110000001111110100011011000000011 %
b11111111111111111111111111111111111111111111111111111111111111111111111111111111111111111111111110000001111110100011011000000011 ,
b101011011 &
#3485000
b1111111111111111111111111111111111111111111111111111111100000000 !
b1111111111111111111111111111111111111111111111111111111100000000 '
b1111111111111111111111111111111111111111111111111111111100000000 0
1"
#3490000
0"
b11111111111111111111111111111111111111111111111111111111111111111111111111111111111111111111111110011111011110100000111000111110 #
b11111111111111111111111111111111111111111111111111111111111111111111111111111111111111111111111110011111011110100000111000111110 +
b11111111111111111111111111111111111111111111111111111111111111111111111111111111111111111111111111111110101011011101110011111101 *
b11111111111111111111111111111111111111111111111111111111111111111111111111111111111111111111111111111110101011011101110011111101 %
b11111111111111111111111111111111111111111111111111111111111111111111111111111111111111111111111111111110101011011101110011111101 ,
b101011100 &
#3495000
b111111111111111111111111111111111111111100000000 !
b111111111111111111111111111111111111111100000000 '
b111111111111111111111111111111111111111100000000 0
1"
#3500000
0"
b11111111111111111111111111111111111111111111111111111111111111111111111111111111111111111111111110111010011000000011100001110100 #
b11111111111111111111111111111111111111111111111111111111111111111111111111111111111111111111111110111010011000000011100001110100 +
b11111111111111111111111111111111111111111111111111111111111111111111111111111111111111111111111111110100001110100011010011101000 *
b11111111111111111111111111111111111111111111111111111111111111111111111111111111111111111111111111110100001110100011010011101000 %
b11111111111111111111111111111111111111111111111111111111111111111111111111111111111111111111111111110100001110100011010011101000 ,
b101011101 &
#3505000
b11111111111111111111111100000000111111110000000000000000 !
b11111111111111111111111100000000111111110000000000000000 '
b11111111111111111111111100000000111111110000000000000000 0
1"
#3510000
0"
b11111111111111111111111111111111111111111111111111111111111111111111111111111111111111111111111110000011011000011101110000000110 #
b11111111111111111111111111111111111111111111111111111111111111111111111111111111111111111111111110000011011000011101110000000110 +
b1011000000010011000100110110000 *
b1011000000010011000100110110000 %
b1011000000010011000100110110000 ,
b101011110 &
#3515000
b111111111111111100000000 !
b111111111111111100000000 '
b111111111111111100000000 0
1"
#3520000
0"
b11111111111111111111111111111111111111111111111111111111111111111111111111111111111111111111111110110100011010101111110001101000 #
b11111111111111111111111111111111111111111111111111111111111111111111111111111111111111111111111110110100011010101111110001101000 +
b1001000101100100110100010010 *
b1001000101100100110100010010 %
b1001000101100100110100010010 ,
b101011111 &
#3525000
b11111111111111110000000011111111000000000000000000000000 !
b11111111111111110000000011111111000000000000000000000000 '
b11111111111111110000000011111111000000000000000000000000 0
1"
#3530000
0"
b11111111111111111111111111111111111111111111111111111111111111111111111111111111111111111111111111111111001000000010111011111110 #
b11111111111111111111111111111111111111111111111111111111111111111111111111111111111111111111111111111111001000000010111011111110 +
b11111111111111111111111111111111111111111111111111111111111111111111111111111111111111111111111111100010101110100000000011000101 *
b11111111111111111111111111111111111111111111111111111111111111111111111111111111111111111111111111100010101110100000000011000101 %
b11111111111111111111111111111111111111111111111111111111111111111111111111111111111111111111111111100010101110100000000011000101 ,
b101100000 &
#3535000
b1111111111111111111111111111111111111111111111111111111100000000 !
b1111111111111111111111111111111111111111111111111111111100000000 '
b1111111111111111111111111111111111111111111111111111111100000000 0
1"
#3540000
0"
b1111001100111110000100111110011 #
b1111001100111110000100111110011 +
b11011000011110000110100110110 *
b11011000011110000110100110110 %
b11011000011110000110100110110 ,
b101100001 &
#3545000
b1111111111111111111111111111111100000000000000001111111111111111 !
b1111111111111111111111111111111100000000000000001111111111111111 '
b1111111111111111111111111111111100000000000000001111111111111111 0
1"
#3550000
0"
b11111111111111111111111111111111111111111111111111111111111111111111111111111111111111111111111110110101100011010111110001101011 #
b11111111111111111111111111111111111111111111111111111111111111111111111111111111111111111111111110110101100011010111110001101011 +
b1111101110111011010101111111011 *
b1111101110111011010101111111011 %
b1111101110111011010101111111011 ,
b101100010 &
#3555000
b11111111111111110000000011111111000000001111111111111111 !
b11111111111111110000000011111111000000001111111111111111 '
b11111111111111110000000011111111000000001111111111111111 0
1"
#3560000
0"
b11111111111111111111111111111111111111111111111111111111111111111111111111111111111111111111111110000111110100000011011000001111 #
b11111111111111111111111111111111111111111111111111111111111111111111111111111111111111111111111110000111110100000011011000001111 +
b1011110010111011111100010111 *
b1011110010111011111100010111 %
b1011110010111011111100010111 ,
b101100011 &
#3565000
b11111111111111111111111111111111 !
b11111111111111111111111111111111 '
b11111111111111111111111111111111 0
1"
#3570000
0"
b10101000000000000010100101010 #
b10101000000000000010100101010 +
b11111111111111111111111111111111111111111111111111111111111111111111111111111111111111111111111110001010010001111011011000010100 *
b11111111111111111111111111111111111111111111111111111111111111111111111111111111111111111111111110001010010001111011011000010100 %
b11111111111111111111111111111111111111111111111111111111111111111111111111111111111111111111111110001010010001111011011000010100 ,
b101100100 &
#3575000
b111111110000000011111111000000001111111100000000 !
b111111110000000011111111000000001111111100000000 '
b111111110000000011111111000000001111111100000000 0
1"
#3580000
0"
b11111111111111111111111111111111111111111111111111111111111111111111111111111111111111111111111111101010011101100010011011010100 #
b11111111111111111111111111111111111111111111111111111111111111111111111111111111111111111111111111101010011101100010011011010100 +
b11111111111111111111111111111111111111111111111111111111111111111111111111111111111111111111111111010011011001100110111010100110 *
b11111111111111111111111111111111111111111111111111111111111111111111111111111111111111111111111111010011011001100110111010100110 %
b11111111111111111111111111111111111111111111111111111111111111111111111111111111111111111111111111010011011001100110111010100110 ,
b101100101 &
#3585000
b1111111111111111000000001111111100000000111111110000000000000000 !
b1111111111111111000000001111111100000000111111110000000000000000 '
b1111111111111111000000001111111100000000111111110000000000000000 0
1"
#3590000
0"
b11111111111111111111111111111111111111111111111111111111111111111111111111111111111111111111111110110101100001111100001001101011 #
b11111111111111111111111111111111111111111111111111111111111111111111111111111111111111111111111110110101100001111100001001101011 +
b11111111111111111111111111111111111111111111111111111111111111111111111111111111111111111111111111100101101011000001000011001011 *
b11111111111111111111111111111111111111111111111111111111111111111111111111111111111111111111111111100101101011000001000011001011 %
b11111111111111111111111111111111111111111111111111111111111111111111111111111111111111111111111111100101101011000001000011001011 ,
b101100110 &
#3595000
b11111111111111110000000011111111000000001111111111111111 !
b11111111111111110000000011111111000000001111111111111111 '
b11111111111111110000000011111111000000001111111111111111 0
1"
#3600000
0"
b11111111111111111111111111111111111111111111111111111111111111111111111111111111111111111111111111111010010010000011001011110100 #
b11111111111111111111111111111111111111111111111111111111111111111111111111111111111111111111111111111010010010000011001011110100 +
b10011101111110101100000100 *
b10011101111110101100000100 %
b10011101111110101100000100 ,
b101100111 &
#3605000
b1111111111111111111111111111111100000000111111110000000000000000 !
b1111111111111111111111111111111100000000111111110000000000000000 '
b1111111111111111111111111111111100000000111111110000000000000000 0
1"
#3610000
0"
b11111111111111111111111111111111111111111111111111111111111111111111111111111111111111111111111111110000111010100111000011100001 #
b11111111111111111111111111111111111111111111111111111111111111111111111111111111111111111111111111110000111010100111000011100001 +
b1000110100010110110000110001101 *
b1000110100010110110000110001101 %
b1000110100010110110000110001101 ,
b101101000 &
#3615000
b1111111111111111111111110000000000000000000000000000000011111111 !
b1111111111111111111111110000000000000000000000000000000011111111 '
b1111111111111111111111110000000000000000000000000000000011111111 0
1"
#3620000
0"
b11111111111111111111111111111111111111111111111111111111111111111111111111111111111111111111111111011100100110010111010010111001 #
b11111111111111111111111111111111111111111111111111111111111111111111111111111111111111111111111111011100100110010111010010111001 +
b1000010111000111011110110000101 *
b1000010111000111011110110000101 %
b1000010111000111011110110000101 ,
b101101001 &
#3625000
b1111111100000000111111111111111111111111000000000000000011111111 !
b1111111100000000111111111111111111111111000000000000000011111111 '
b1111111100000000111111111111111111111111000000000000000011111111 0
1"
#3630000
0"
b11111111111111111111111111111111111111111111111111111111111111111111111111111111111111111111111110110000010111111000111001100000 #
b11111111111111111111111111111111111111111111111111111111111111111111111111111111111111111111111110110000010111111000111001100000 +
b11111111111111111111111111111111111111111111111111111111111111111111111111111111111111111111111111100100110111110001011011001001 *
b11111111111111111111111111111111111111111111111111111111111111111111111111111111111111111111111111100100110111110001011011001001 %
b11111111111111111111111111111111111111111111111111111111111111111111111111111111111111111111111111100100110111110001011011001001 ,
b101101010 &
#3635000
b11111111111111110000000000000000000000000000000000000000 !
b11111111111111110000000000000000000000000000000000000000 '
b11111111111111110000000000000000000000000000000000000000 0
1"
#3640000
0"
b11110011101001100101100111100 #
b11110011101001100101100111100 +
b11111111111111111111111111111111111111111111111111111111111111111111111111111111111111111111111110100011011001000011001001000110 *
b11111111111111111111111111111111111111111111111111111111111111111111111111111111111111111111111110100011011001000011001001000110 %
b11111111111111111111111111111111111111111111111111111111111111111111111111111111111111111111111110100011011001000011001001000110 ,
b101101011 &
#3645000
b111111111111111111111111111111110000000000000000 !
b111111111111111111111111111111110000000000000000 '
b111111111111111111111111111111110000000000000000 0
1"
#3650000
0"
b101100000011000101010101011000 #
b101100000011000101010101011000 +
b11011100001010101111100110111 *
b11011100001010101111100110111 %
b11011100001010101111100110111 ,
b101101100 &
#3655000
b11111111000000001111111111111111000000000000000000000000 !
b11111111000000001111111111111111000000000000000000000000 '
b11111111000000001111111111111111000000000000000000000000 0
1"
#3660000
0"
b11111111111111111111111111111111111111111111111111111111111111111111111111111111111111111111111110000111011110001101001000001110 #
b11111111111111111111111111111111111111111111111111111111111111111111111111111111111111111111111110000111011110001101001000001110 +
b111001110101100101011101110011 *
b111001110101100101011101110011 %
b111001110101100101011101110011 ,
b101101101 &
#3665000
b11111111111111111111111100000000 !
b11111111111111111111111100000000 '
b11111111111111111111111100000000 0
1"
#3670000
0"
b11000001111111100001100110000 #
b11000001111111100001100110000 +
b1101110011011010010001111011100 *
b1101110011011010010001111011100 %
b1101110011011010010001111011100 ,
b101101110 &
#3675000
b111111111111111100000000000000000000000000000000 !
b111111111111111100000000000000000000000000000000 '
b111111111111111100000000000000000000000000000000 0
1"
#3680000
0"
b11100111110010100000000 #
b11100111110010100000000 +
b1101000010001011111010111010000 *
b1101000010001011111010111010000 %
b1101000010001011111010111010000 ,
b101101111 &
#3685000
b0 !
b0 '
b0 0
1"
#3690000
0"
b1111100011011101001000111111000 #
b1111100011011101001000111111000 +
b100001100000100000111101000011 *
b100001100000100000111101000011 %
b100001100000100000111101000011 ,
b101110000 &
#3695000
b1111111111111111111111111111111111111111000000000000000000000000 !
b1111111111111111111111111111111111111111000000000000000000000000 '
b1111111111111111111111111111111111111111000000000000000000000000 0
1"
#3700000
0"
b101001110000000001111101010011 #
b101001110000000001111101010011 +
b11111111111111111111111111111111111111111111111111111111111111111111111111111111111111111111111111010000101110011001101010100001 *
b11111111111111111111111111111111111111111111111111111111111111111111111111111111111111111111111111010000101110011001101010100001 %
b11111111111111111111111111111111111111111111111111111111111111111111111111111111111111111111111111010000101110011001101010100001 ,
b101110001 &
#3705000
b11111111000000001111111100000000000000001111111111111111 !
b11111111000000001111111100000000000000001111111111111111 '
b11111111000000001111111100000000000000001111111111111111 0
1"
#3710000
0"
b101111111011110011110101011111 #
b101111111011110011110101011111 +
b1001100010110001000111110011000 *
b1001100010110001000111110011000 %
b1001100010110001000111110011000 ,
b101110010 &
#3715000
b11111111000000001111111111111111111111111111111111111111 !
b11111111000000001111111111111111111111111111111111111111 '
b11111111000000001111111111111111111111111111111111111111 0
1"
#3720000
0"
b11111111111111111111111111111111111111111111111111111111111111111111111111111111111111111111111111111101010111110101101011111010 #
b11111111111111111111111111111111111111111111111111111111111111111111111111111111111111111111111111111101010111110101101011111010 +
b11111111111111111111111111111111111111111111111111111111111111111111111111111111111111111111111111000011101111101001001010000111 *
b11111111111111111111111111111111111111111111111111111111111111111111111111111111111111111111111111000011101111101001001010000111 %
b11111111111111111111111111111111111111111111111111111111111111111111111111111111111111111111111111000011101111101001001010000111 ,
b101110011 &
#3725000
b1111111111111111111111111111111111111111000000001111111100000000 !
b1111111111111111111111111111111111111111000000001111111100000000 '
b1111111111111111111111111111111111111111000000001111111100000000 0
1"
#3730000
0"
b11111111111111111111111111111111111111111111111111111111111111111111111111111111111111111111111110111000011101100000001001110000 #
b11111111111111111111111111111111111111111111111111111111111111111111111111111111111111111111111110111000011101100000001001110000 +
b10110100110011101000100101101 *
b10110100110011101000100101101 %
b10110100110011101000100101101 ,
b101110100 &
#3735000
b11111111111111111111111100000000000000000000000000000000 !
b11111111111111111111111100000000000000000000000000000000 '
b11111111111111111111111100000000000000000000000000000000 0
1"
#3740000
0"
b11111111111111111111111111111111111111111111111111111111111111111111111111111111111111111111111110011000110101110011100000110001 #
b11111111111111111111111111111111111111111111111111111111111111111111111111111111111111111111111110011000110101110011100000110001 +
b11111111111111111111111111111111111111111111111111111111111111111111111111111111111111111111111110110101101101001110100001101011 *
b11111111111111111111111111111111111111111111111111111111111111111111111111111111111111111111111110110101101101001110100001101011 %
b11111111111111111111111111111111111111111111111111111111111111111111111111111111111111111111111110110101101101001110100001101011 ,
b101110101 &
#3745000
b111111111111111100000000000000000000000011111111 !
b111111111111111100000000000000000000000011111111 '
b111111111111111100000000000000000000000011111111 0
1"
#3750000
0"
b110010100001101111100001100 #
b110010100001101111100001100 +
b11111111111111111111111111111111111111111111111111111111111111111111111111111111111111111111111110001001001011111100000000010010 *
b11111111111111111111111111111111111111111111111111111111111111111111111111111111111111111111111110001001001011111100000000010010 %
b11111111111111111111111111111111111111111111111111111111111111111111111111111111111111111111111110001001001011111100000000010010 ,
b101110110 &
#3755000
b11111111111111110000000000000000 !
b11111111111111110000000000000000 '
b11111111111111110000000000000000 0
1"
#3760000
0"
b1010110011010001001100010101 #
b1010110011010001001100010101 +
b110110110110110101100001101 *
b110110110110110101100001101 %
b110110110110110101100001101 ,
b101110111 &
#3765000
b1111111100000000111111110000000011111111 !
b1111111100000000111111110000000011111111 '
b1111111100000000111111110000000011111111 0
1"
#3770000
0"
b1001010011000111000110110010100 #
b1001010011000111000110110010100 +
b100000001100010000011101000000 *
b100000001100010000011101000000 %
b100000001100010000011101000000 ,
b101111000 &
#3775000
b1111111100000000000000001111111100000000111111110000000000000000 !
b1111111100000000000000001111111100000000111111110000000000000000 '
b1111111100000000000000001111111100000000111111110000000000000000 0
1"
#3780000
0"
b11111111111111111111111111111111111111111111111111111111111111111111111111111111111111111111111111000000011000100000001010000000 #
b11111111111111111111111111111111111111111111111111111111111111111111111111111111111111111111111111000000011000100000001010000000 +
b101010000110111010001101010100 *
b101010000110111010001101010100 %
b101010000110111010001101010100 ,
b101111001 &
#3785000
b1111111100000000000000000000000000000000000000000000000000000000 !
b1111111100000000000000000000000000000000000000000000000000000000 '
b1111111100000000000000000000000000000000000000000000000000000000 0
1"
#3790000
0"
b11111111111111111111111111111111111111111111111111111111111111111111111111111111111111111111111111100001111000111000011011000011 #
b11111111111111111111111111111111111111111111111111111111111111111111111111111111111111111111111111100001111000111000011011000011 +
b1001100011010001010100010011 *
b1001100011010001010100010011 %
b1001100011010001010100010011 ,
b101111010 &
#3795000
b1111111111111111000000000000000000000000000000001111111111111111 !
b1111111111111111000000000000000000000000000000001111111111111111 '
b1111111111111111000000000000000000000000000000001111111111111111 0
1"
#3800000
0"
b11111111111111111111111111111111111111111111111111111111111111111111111111111111111111111111111111101110010011101110011011011100 #
b11111111111111111111111111111111111111111111111111111111111111111111111111111111111111111111111111101110010011101110011011011100 +
b11111111111111111111111111111111111111111111111111111111111111111111111111111111111111111111111111110110100101011101111011101101 *
b11111111111111111111111111111111111111111111111111111111111111111111111111111111111111111111111111110110100101011101111011101101 %
b11111111111111111111111111111111111111111111111111111111111111111111111111111111111111111111111111110110100101011101111011101101 ,
b101111011 &
#3805000
b1111111111111111000000001111111111111111111111110000000000000000 !
b1111111111111111000000001111111111111111111111110000000000000000 '
b1111111111111111000000001111111111111111111111110000000000000000 0
1"
#3810000
0"
b10011110101000000110100100111 #
b10011110101000000110100100111 +
b11111111111111111111111111111111111111111111111111111111111111111111111111111111111111111111111110111100011110000001000001111000 *
b11111111111111111111111111111111111111111111111111111111111111111111111111111111111111111111111110111100011110000001000001111000 %
b11111111111111111111111111111111111111111111111111111111111111111111111111111111111111111111111110111100011110000001000001111000 ,
b101111100 &
#3815000
b111111110000000000000000111111111111111111111111 !
b111111110000000000000000111111111111111111111111 '
b111111110000000000000000111111111111111111111111 0
1"
#3820000
0"
b10001110000000101101100100011 #
b10001110000000101101100100011 +
b11111111111111111111111111111111111111111111111111111111111111111111111111111111111111111111111110101111111011010010011001011111 *
b11111111111111111111111111111111111111111111111111111111111111111111111111111111111111111111111110101111111011010010011001011111 %
b11111111111111111111111111111111111111111111111111111111111111111111111111111111111111111111111110101111111011010010011001011111 ,
b101111101 &
#3825000
b111111110000000000000000000000001111111111111111 !
b111111110000000000000000000000001111111111111111 '
b111111110000000000000000000000001111111111111111 0
1"
#3830000
0"
b11100010000100001011100111000 #
b11100010000100001011100111000 +
b1010101100101101110101110101011 *
b1010101100101101110101110101011 %
b1010101100101101110101110101011 ,
b101111110 &
#3835000
b111111111111111111111111000000000000000000000000 !
b111111111111111111111111000000000000000000000000 '
b111111111111111111111111000000000000000000000000 0
1"
#3840000
0"
b1100100111100101011110111001001 #
b1100100111100101011110111001001 +
b10001010100110100110100100010 *
b10001010100110100110100100010 %
b10001010100110100110100100010 ,
b101111111 &
#3845000
b1111111111111111000000000000000011111111000000000000000011111111 !
b1111111111111111000000000000000011111111000000000000000011111111 '
b1111111111111111000000000000000011111111000000000000000011111111 0
1"
#3850000
0"
b11111111111111111111111111111111111111111111111111111111111111111111111111111111111111111111111111000001010000000110001010000010 #
b11111111111111111111111111111111111111111111111111111111111111111111111111111111111111111111111111000001010000000110001010000010 +
b11111111111111111111111111111111111111111111111111111111111111111111111111111111111111111111111111100011111010110100110011000111 *
b11111111111111111111111111111111111111111111111111111111111111111111111111111111111111111111111111100011111010110100110011000111 %
b11111111111111111111111111111111111111111111111111111111111111111111111111111111111111111111111111100011111010110100110011000111 ,
b110000000 &
#3855000
b1111111100000000000000000000000000000000000000001111111100000000 !
b1111111100000000000000000000000000000000000000001111111100000000 '
b1111111100000000000000000000000000000000000000001111111100000000 0
1"
#3860000
0"
b11111111111111111111111111111111111111111111111111111111111111111111111111111111111111111111111111100011100011100010001011000111 #
b11111111111111111111111111111111111111111111111111111111111111111111111111111111111111111111111111100011100011100010001011000111 +
b1100111010101001101011111001110 *
b1100111010101001101011111001110 %
b1100111010101001101011111001110 ,
b110000001 &
#3865000
b1111111111111111000000000000000000000000111111111111111111111111 !
b1111111111111111000000000000000000000000111111111111111111111111 '
b1111111111111111000000000000000000000000111111111111111111111111 0
1"
#3870000
0"
b1101101101000110110111111011011 #
b1101101101000110110111111011011 +
b11111111111111111111111111111111111111111111111111111111111111111111111111111111111111111111111110010010011111111010010000100100 *
b11111111111111111111111111111111111111111111111111111111111111111111111111111111111111111111111110010010011111111010010000100100 %
b11111111111111111111111111111111111111111111111111111111111111111111111111111111111111111111111110010010011111111010010000100100 ,
b110000010 &
#3875000
b1111111111111111000000001111111111111111000000001111111111111111 !
b1111111111111111000000001111111111111111000000001111111111111111 '
b1111111111111111000000001111111111111111000000001111111111111111 0
1"
#3880000
0"
b111010110000100110111101110101 #
b111010110000100110111101110101 +
b11111111111111111111111111111111111111111111111111111111111111111111111111111111111111111111111110000100011001010001010000001000 *
b11111111111111111111111111111111111111111111111111111111111111111111111111111111111111111111111110000100011001010001010000001000 %
b11111111111111111111111111111111111111111111111111111111111111111111111111111111111111111111111110000100011001010001010000001000 ,
b110000011 &
#3885000
b11111111111111111111111100000000111111110000000011111111 !
b11111111111111111111111100000000111111110000000011111111 '
b11111111111111111111111100000000111111110000000011111111 0
1"
#3890000
0"
b11111111111111111111111111111111111111111111111111111111111111111111111111111111111111111111111110001101011111010111001000011010 #
b11111111111111111111111111111111111111111111111111111111111111111111111111111111111111111111111110001101011111010111001000011010 +
b1011010110100110001110110110101 *
b1011010110100110001110110110101 %
b1011010110100110001110110110101 ,
b110000100 &
#3895000
b1111111111111111000000001111111100000000 !
b1111111111111111000000001111111100000000 '
b1111111111111111000000001111111100000000 0
1"
#3900000
0"
b11111111111111111111111111111111111111111111111111111111111111111111111111111111111111111111111111000001001000110011101010000010 #
b11111111111111111111111111111111111111111111111111111111111111111111111111111111111111111111111111000001001000110011101010000010 +
b11100001010100001001100111000 *
b11100001010100001001100111000 %
b11100001010100001001100111000 ,
b110000101 &
#3905000
b1111111100000000000000000000000000000000000000001111111100000000 !
b1111111100000000000000000000000000000000000000001111111100000000 '
b1111111100000000000000000000000000000000000000001111111100000000 0
1"
#3910000
0"
b11111111111111111111111111111111111111111111111111111111111111111111111111111111111111111111111110101000010110100110101001010000 #
b11111111111111111111111111111111111111111111111111111111111111111111111111111111111111111111111110101000010110100110101001010000 +
b11111111111111111111111111111111111111111111111111111111111111111111111111111111111111111111111110101100000001011010000001011000 *
b11111111111111111111111111111111111111111111111111111111111111111111111111111111111111111111111110101100000001011010000001011000 %
b11111111111111111111111111111111111111111111111111111111111111111111111111111111111111111111111110101100000001011010000001011000 ,
b110000110 &
#3915000
b11111111000000001111111100000000000000000000000000000000 !
b11111111000000001111111100000000000000000000000000000000 '
b11111111000000001111111100000000000000000000000000000000 0
1"
#3920000
0"
b1010010010000111110001110100100 #
b1010010010000111110001110100100 +
b11111111111111111111111111111111111111111111111111111111111111111111111111111111111111111111111111010001100010001001101010100011 *
b11111111111111111111111111111111111111111111111111111111111111111111111111111111111111111111111111010001100010001001101010100011 %
b11111111111111111111111111111111111111111111111111111111111111111111111111111111111111111111111111010001100010001001101010100011 ,
b110000111 &
#3925000
b1111111100000000111111110000000000000000111111110000000000000000 !
b1111111100000000111111110000000000000000111111110000000000000000 '
b1111111100000000111111110000000000000000111111110000000000000000 0
1"
#3930000
0"
b1110101001111000001011111101010 #
b1110101001111000001011111101010 +
b110010110000111101111101100101 *
b110010110000111101111101100101 %
b110010110000111101111101100101 ,
b110001000 &
#3935000
b1111111111111111111111110000000011111111000000001111111100000000 !
b1111111111111111111111110000000011111111000000001111111100000000 '
b1111111111111111111111110000000011111111000000001111111100000000 0
1"
#3940000
0"
b11111111111111111111111111111111111111111111111111111111111111111111111111111111111111111111111110101010000100111000000001010100 #
b11111111111111111111111111111111111111111111111111111111111111111111111111111111111111111111111110101010000100111000000001010100 +
b11011100000011100100000110 *
b11011100000011100100000110 %
b11011100000011100100000110 ,
b110001001 &
#3945000
b11111111000000001111111100000000111111110000000000000000 !
b11111111000000001111111100000000111111110000000000000000 '
b11111111000000001111111100000000111111110000000000000000 0
1"
#3950000
0"
b11111111111111111111111111111111111111111111111111111111111111111111111111111111111111111111111111100100010101011111000011001000 #
b11111111111111111111111111111111111111111111111111111111111111111111111111111111111111111111111111100100010101011111000011001000 +
b11111111111111111111111111111111111111111111111111111111111111111111111111111111111111111111111110101101111100110100000001011011 *
b11111111111111111111111111111111111111111111111111111111111111111111111111111111111111111111111110101101111100110100000001011011 %
b11111111111111111111111111111111111111111111111111111111111111111111111111111111111111111111111110101101111100110100000001011011 ,
b110001010 &
#3955000
b1111111111111111000000000000000011111111000000000000000000000000 !
b1111111111111111000000000000000011111111000000000000000000000000 '
b1111111111111111000000000000000011111111000000000000000000000000 0
1"
#3960000
0"
b11111111111111111111111111111111111111111111111111111111111111111111111111111111111111111111111110011011111110001111001000110111 #
b11111111111111111111111111111111111111111111111111111111111111111111111111111111111111111111111110011011111110001111001000110111 +
b100100011001110011100101001000 *
b100100011001110011100101001000 %
b100100011001110011100101001000 ,
b110001011 &
#3965000
b111111111111111100000000111111111111111111111111 !
b111111111111111100000000111111111111111111111111 '
b111111111111111100000000111111111111111111111111 0
1"
#3970000
0"
b11111111111111111111111111111111111111111111111111111111111111111111111111111111111111111111111111011010100010010011001010110101 #
b11111111111111111111111111111111111111111111111111111111111111111111111111111111111111111111111111011010100010010011001010110101 +
b1111100000111011111001111111000 *
b1111100000111011111001111111000 %
b1111100000111011111001111111000 ,
b110001100 &
#3975000
b1111111100000000111111111111111100000000111111110000000011111111 !
b1111111100000000111111111111111100000000111111110000000011111111 '
b1111111100000000111111111111111100000000111111110000000011111111 0
1"
#3980000
0"
b1000001101011101101010110000011 #
b1000001101011101101010110000011 +
b101000110101101010100101010001 *
b101000110101101010100101010001 %
b101000110101101010100101010001 ,
b110001101 &
#3985000
b1111111100000000000000000000000000000000000000001111111111111111 !
b1111111100000000000000000000000000000000000000001111111111111111 '
b1111111100000000000000000000000000000000000000001111111111111111 0
1"
#3990000
0"
b11010101000001101110100110101 #
b11010101000001101110100110101 +
b1001101100111101110001110011011 *
b1001101100111101110001110011011 %
b1001101100111101110001110011011 ,
b110001110 &
#3995000
b111111111111111100000000111111110000000011111111 !
b111111111111111100000000111111110000000011111111 '
b111111111111111100000000111111110000000011111111 0
1"
#4000000
0"
b11111111111111111111111111111111111111111111111111111111111111111111111111111111111111111111111111111101110111111000001011111011 #
b11111111111111111111111111111111111111111111111111111111111111111111111111111111111111111111111111111101110111111000001011111011 +
b1011000000101100101001110110000 *
b1011000000101100101001110110000 %
b1011000000101100101001110110000 ,
b110001111 &
#4005000
b1111111111111111111111111111111111111111000000001111111111111111 !
b1111111111111111111111111111111111111111000000001111111111111111 '
b1111111111111111111111111111111111111111000000001111111111111111 0
1"
#4010000
0"
b110010000 &
