$date
	Tue Mar 18 15:31:18 2025
$end
$version
	Icarus Verilog
$end
$timescale
	1ps
$end
$scope module tb_or1200_ic_fsm $end
$var wire 1 ! tag_we $end
$var wire 32 " saved_addr [31:0] $end
$var wire 4 # icram_we [3:0] $end
$var wire 1 $ first_miss_err $end
$var wire 1 % first_miss_ack $end
$var wire 1 & first_hit_ack $end
$var wire 1 ' burst $end
$var wire 1 ( biu_read $end
$var parameter 32 ) PERIOD $end
$var reg 1 * biudata_error $end
$var reg 1 + biudata_valid $end
$var reg 1 , clk $end
$var reg 1 - ic_en $end
$var reg 1 . icqmem_ci_i $end
$var reg 1 / icqmem_cycstb_i $end
$var reg 1 0 rst $end
$var reg 32 1 start_addr [31:0] $end
$var reg 1 2 tagcomp_miss $end
$var integer 32 3 i [31:0] $end
$scope module u_or1200_ic_fsm $end
$var wire 1 ( biu_read $end
$var wire 1 * biudata_error $end
$var wire 1 + biudata_valid $end
$var wire 1 ' burst $end
$var wire 1 , clk $end
$var wire 1 & first_hit_ack $end
$var wire 1 % first_miss_ack $end
$var wire 1 $ first_miss_err $end
$var wire 1 - ic_en $end
$var wire 1 . icqmem_ci_i $end
$var wire 1 / icqmem_cycstb_i $end
$var wire 1 0 rst $end
$var wire 32 4 saved_addr [31:0] $end
$var wire 32 5 start_addr [31:0] $end
$var wire 1 ! tag_we $end
$var wire 1 2 tagcomp_miss $end
$var wire 4 6 icram_we [3:0] $end
$var reg 1 7 cache_inhibit $end
$var reg 4 8 cnt [3:0] $end
$var reg 1 9 hitmiss_eval $end
$var reg 1 : last_eval_miss $end
$var reg 1 ; load $end
$var reg 32 < saved_addr_r [31:0] $end
$var reg 2 = state [1:0] $end
$var reg 32 > temp_addr [31:0] $end
$upscope $end
$upscope $end
$enddefinitions $end
$comment Show the parameter values. $end
$dumpall
b1010 )
$end
#0
$dumpvars
bx >
b0 =
b0 <
0;
0:
09
b0 8
x7
b0 6
b0 5
b0 4
bx 3
02
b0 1
10
0/
0.
0-
0,
0+
0*
0(
0'
0&
0%
0$
b0 #
b0 "
0!
$end
#5000
1,
#10000
0,
b10110010110000101000010001100101 1
b10110010110000101000010001100101 5
1*
1+
12
1.
1/
b0 3
#15000
1,
#20000
0,
b1000110001011011111011110001100 1
b1000110001011011111011110001100 5
02
b1 3
00
#25000
07
1,
#30000
0,
b10001001001100101101011000010010 1
b10001001001100101101011000010010 5
0/
1-
b10 3
#35000
1,
#40000
0,
b11011110100011100010100010111101 1
b11011110100011100010100010111101 5
0*
0.
b11 3
#45000
1,
#50000
0,
b1010101011110000100010110101010 1
b1010101011110000100010110101010 5
0+
1.
1/
b100 3
#55000
17
1;
19
b1010101011110000100010110101010 "
b1010101011110000100010110101010 4
b1010101011110000100010110101010 <
b1 =
1,
#60000
1%
1(
1$
0,
b11101010101001100010101011010101 1
b11101010101001100010101011010101 5
1*
1+
12
0/
b101 3
#65000
0(
0%
b0 #
b0 6
0!
0$
b11101010101001100010010110101010 "
b11101010101001100010010110101010 4
b11101010101001100010010110101010 <
07
0;
09
b0 =
b11101010101001100010010110101010 >
1,
#70000
0,
b11100101011100110000101011001010 1
b11100101011100110000101011001010 5
0*
0-
b110 3
#75000
1,
#80000
0,
b11000100100010100001001010001001 1
b11000100100010100001001010001001 5
0+
0.
b111 3
#85000
1,
#90000
0,
b10000101110101111001101000001011 1
b10000101110101111001101000001011 5
02
1-
b1000 3
#95000
1,
#100000
0,
b1010101010100100101100010101 1
b1010101010100100101100010101 5
12
1.
1/
b1001 3
#105000
1(
17
1;
19
b1010101010100100101100010101 "
b1010101010100100101100010101 4
b1010101010100100101100010101 <
b1 =
1,
#110000
1%
0(
1$
0,
b1111100011011011010100111111000 1
b1111100011011011010100111111000 5
1*
1+
02
0.
b1010 3
#115000
0%
0&
0$
b1111100011011011010101100010101 "
b1111100011011011010101100010101 4
b1111100011011011010101100010101 <
1:
07
0;
09
b0 =
b1111100011011011010101100010101 >
1,
#120000
0,
b11101000001000110011111011010000 1
b11101000001000110011111011010000 5
12
b1011 3
#125000
1!
b1111 #
b1111 6
1'
1(
1%
1$
0:
1;
19
b11101000001000110011111011010000 "
b11101000001000110011111011010000 4
b11101000001000110011111011010000 <
b1 =
1,
#130000
0'
b0 #
b0 6
0!
0%
0(
1&
0$
0,
b10111011100000100101101001110111 1
b10111011100000100101101001110111 5
0*
0+
02
b1100 3
#135000
b10111011100000100101101001110111 "
b10111011100000100101101001110111 4
b10111011100000100101101001110111 <
1:
b10111011100000100101101001110111 >
1,
#140000
1!
b1111 #
b1111 6
1%
1'
1(
0&
1$
0,
b11101001111010111111011011010011 1
b11101001111010111111011011010011 5
1*
1+
12
0/
b1101 3
#145000
0!
b0 #
b0 6
0'
0(
0%
0$
b11101001111010111111101001110111 "
b11101001111010111111101001110111 4
b11101001111010111111101001110111 <
0;
09
b0 =
b11101001111010111111101001110111 >
1,
#150000
0,
b101100000101010110001101011000 1
b101100000101010110001101011000 5
0*
1.
b1110 3
#155000
1,
#160000
0,
b11010001100010111011010010100011 1
b11010001100010111011010010100011 5
1*
0+
02
0.
0-
b1111 3
#165000
1,
#170000
0,
b11110011000010010001101011100110 1
b11110011000010010001101011100110 5
1+
1.
1/
1-
b10000 3
#175000
1%
1$
0:
17
1;
19
b11110011000010010001101011100110 "
b11110011000010010001101011100110 4
b11110011000010010001101011100110 <
b1 =
1,
#180000
0,
b11101111101111101001010011011111 1
b11101111101111101001010011011111 5
0-
b10001 3
#185000
0%
0&
0$
b11101111101111101001101011100110 "
b11101111101111101001101011100110 4
b11101111101111101001101011100110 <
1:
07
0;
09
b0 =
b11101111101111101001101011100110 >
1,
#190000
0,
b1101110010111011010110111011100 1
b1101110010111011010110111011100 5
0*
0.
0/
1-
b10010 3
#195000
1,
#200000
0,
b10000101001100010011010000001010 1
b10000101001100010011010000001010 5
1*
0+
1.
1/
0-
b10011 3
#205000
1,
#210000
0,
b10000010001111110010110000000100 1
b10000010001111110010110000000100 5
0/
b10100 3
#215000
1,
#220000
0,
b1100101001110110100100111001010 1
b1100101001110110100100111001010 5
0*
1+
12
1/
1-
b10101 3
#225000
1(
1%
0:
17
1;
19
b1100101001110110100100111001010 "
b1100101001110110100100111001010 4
b1100101001110110100100111001010 <
b1 =
1,
#230000
0(
1$
0,
b11011010011011101011101010110100 1
b11011010011011101011101010110100 5
1*
02
0.
0-
b10110 3
#235000
0%
0&
0$
b11011010011011101010100111001010 "
b11011010011011101010100111001010 4
b11011010011011101010100111001010 <
1:
07
0;
09
b0 =
b11011010011011101010100111001010 >
1,
#240000
0,
b1110010000010100010100011100 1
b1110010000010100010100011100 5
0*
0+
12
1.
0/
b10111 3
#245000
1,
#250000
0,
b110011010011101010011101100110 1
b110011010011101010011101100110 5
1*
02
0.
1/
1-
b11000 3
#255000
1&
1$
0:
1;
19
b110011010011101010011101100110 "
b110011010011101010011101100110 4
b110011010011101010011101100110 <
b1 =
1,
#260000
0,
b10001101001001001111011000011010 1
b10001101001001001111011000011010 5
0-
b11001 3
#265000
0&
0$
b10001101001001001110011101100110 "
b10001101001001001110011101100110 4
b10001101001001001110011101100110 <
1:
0;
09
b0 =
b10001101001001001110011101100110 >
1,
#270000
0,
b111110100110011000001101111101 1
b111110100110011000001101111101 5
0*
1-
b11010 3
#275000
1&
0:
1;
19
b111110100110011000001101111101 "
b111110100110011000001101111101 4
b111110100110011000001101111101 <
b1 =
1,
#280000
1$
0,
b111100111011010010101101111001 1
b111100111011010010101101111001 5
1*
1+
0/
0-
b11011 3
#285000
0&
0$
b111100111011010010001101111101 "
b111100111011010010001101111101 4
b111100111011010010001101111101 <
1:
0;
09
b0 =
b111100111011010010001101111101 >
1,
#290000
0,
b1111010100011000101100111110101 1
b1111010100011000101100111110101 5
0*
0+
12
1.
1/
b11100 3
#295000
1,
#300000
0,
b10111001100011000100001001110011 1
b10111001100011000100001001110011 5
1*
1-
b11101 3
#305000
1(
1$
0:
17
1;
19
b10111001100011000100001001110011 "
b10111001100011000100001001110011 4
b10111001100011000100001001110011 <
b1 =
1,
#310000
1%
0(
0,
b111000010111011100100001110 1
b111000010111011100100001110 5
1+
02
0.
0/
0-
b11110 3
#315000
0%
0&
0$
b111000010111010001001110011 "
b111000010111010001001110011 4
b111000010111010001001110011 <
1:
07
0;
09
b0 =
b111000010111010001001110011 >
1,
#320000
0,
b10011100011011011110011000111000 1
b10011100011011011110011000111000 5
0*
1/
b11111 3
#325000
1,
#330000
0,
b1011011000010111101110110110110 1
b1011011000010111101110110110110 5
1*
12
0/
1-
b100000 3
#335000
1,
#340000
0,
b11000011001100111001000010000110 1
b11000011001100111001000010000110 5
0+
02
1.
0-
b100001 3
#345000
1,
#350000
0,
b1100101010000111100111111001010 1
b1100101010000111100111111001010 5
0*
12
0.
b100010 3
#355000
1,
#360000
0,
b1100100110010000011110111001001 1
b1100100110010000011110111001001 5
1*
1+
1/
1-
b100011 3
#365000
1!
b1111 #
b1111 6
1'
1(
1%
1$
0:
1;
19
b1100100110010000011110111001001 "
b1100100110010000011110111001001 4
b1100100110010000011110111001001 <
b1 =
1,
#370000
b0 #
b0 6
0!
0%
0$
0,
b1001101111100111000000110011011 1
b1001101111100111000000110011011 5
0*
0+
1.
0-
b100100 3
#375000
0'
0(
b1001101111100111001110111001001 "
b1001101111100111001110111001001 4
b1001101111100111001110111001001 <
0;
09
b0 =
07
b1001101111100111001110111001001 >
1,
#380000
0,
b110101100110000010100001101 1
b110101100110000010100001101 5
0/
b100101 3
#385000
1,
#390000
0,
b1101100010001001111100111011000 1
b1101100010001001111100111011000 5
1*
1+
02
b100110 3
#395000
1,
#400000
0,
b11101100010100001011010011011000 1
b11101100010100001011010011011000 5
0+
1-
b100111 3
#405000
1,
#410000
0,
b1000000100100000101110110000001 1
b1000000100100000101110110000001 5
1+
12
0-
b101000 3
#415000
1,
#420000
0,
b11001011010111001000000010010110 1
b11001011010111001000000010010110 5
0*
0+
1/
b101001 3
#425000
1,
#430000
0,
b10101100010110010101100101011 1
b10101100010110010101100101011 5
1*
1+
0.
0/
b101010 3
#435000
1,
#440000
0,
b11011100111011111001000010111001 1
b11011100111011111001000010111001 5
02
1.
1/
1-
b101011 3
#445000
1%
1$
17
1;
19
b11011100111011111001000010111001 "
b11011100111011111001000010111001 4
b11011100111011111001000010111001 <
b1 =
1,
#450000
1(
0$
0,
b1111101001010100100010111111010 1
b1111101001010100100010111111010 5
0*
12
b101100 3
#455000
0(
0%
b0 #
b0 6
0!
b1111101001010100101000010111001 "
b1111101001010100101000010111001 4
b1111101001010100101000010111001 <
07
0;
09
b0 =
b1111101001010100101000010111001 >
1,
#460000
0,
b10110111110111111010101001101111 1
b10110111110111111010101001101111 5
0+
02
0.
b101101 3
#465000
1&
1;
19
b10110111110111111010101001101111 "
b10110111110111111010101001101111 4
b10110111110111111010101001101111 <
b1 =
1,
#470000
0,
b11100010101111110001101011000101 1
b11100010101111110001101011000101 5
0/
0-
b101110 3
#475000
0&
b11100010101111110000101001101111 "
b11100010101111110000101001101111 4
b11100010101111110000101001101111 <
1:
0;
09
b0 =
b11100010101111110000101001101111 >
1,
#480000
0,
b110001001001001101001101100010 1
b110001001001001101001101100010 5
1.
b101111 3
#485000
1,
#490000
0,
b10010100101111100101100100101 1
b10010100101111100101100100101 5
1+
12
1/
1-
b110000 3
#495000
1(
1%
0:
17
1;
19
b10010100101111100101100100101 "
b10010100101111100101100100101 4
b10010100101111100101100100101 <
b1 =
1,
#500000
0%
0,
b10111000101011011110011001110001 1
b10111000101011011110011001110001 5
0+
0.
b110001 3
#505000
b10111000101011011110101100100101 "
b10111000101011011110101100100101 4
b10111000101011011110101100100101 <
09
b10111000101011011110101100100101 >
1,
#510000
1$
0,
b10010000001010100011101000100000 1
b10010000001010100011101000100000 5
1*
02
1.
0/
b110010 3
#515000
0(
0$
07
0;
b0 =
1,
#520000
0,
b10111100110011000100001001111001 1
b10111100110011000100001001111001 5
1+
12
0.
0-
b110011 3
#525000
1,
#530000
0,
b1110100100100100001100011101 1
b1110100100100100001100011101 5
1.
1/
b110100 3
#535000
1,
#540000
0,
b1111100000111100101101111111000 1
b1111100000111100101101111111000 5
0*
02
0/
1-
b110101 3
#545000
1,
#550000
0,
b1011111010101100000100010111 1
b1011111010101100000100010111 5
0+
0.
b110110 3
#555000
1,
#560000
0,
b11000101101000010110000010001011 1
b11000101101000010110000010001011 5
0-
b110111 3
#565000
1,
#570000
0,
b10011110110010011100000000111101 1
b10011110110010011100000000111101 5
1+
1/
b111000 3
#575000
1,
#580000
0,
b1101000010100011110010111010000 1
b1101000010100011110010111010000 5
1.
0/
1-
b111001 3
#585000
1,
#590000
0,
b10100101111001111001111001001011 1
b10100101111001111001111001001011 5
0-
b111010 3
#595000
1,
#600000
0,
b11101111100000110111001011011111 1
b11101111100000110111001011011111 5
1*
1-
b111011 3
#605000
1,
#610000
0,
b11101100101110010001101011011001 1
b11101100101110010001101011011001 5
0+
1/
0-
b111100 3
#615000
1,
#620000
0,
b10101110110101110010111001011101 1
b10101110110101110010111001011101 5
0*
12
0/
b111101 3
#625000
1,
#630000
0,
b101100100001001000100101011001 1
b101100100001001000100101011001 5
b111110 3
#635000
1,
#640000
0,
b10000000011110010111110000000000 1
b10000000011110010111110000000000 5
1*
b111111 3
#645000
1,
#650000
0,
b1001000001110011110010110010000 1
b1001000001110011110010110010000 5
1+
0.
1/
1-
b1000000 3
#655000
1!
b1111 #
b1111 6
1'
1(
1%
1$
1;
19
b1001000001110011110010110010000 "
b1001000001110011110010110010000 4
b1001000001110011110010110010000 <
b1 =
1,
#660000
0'
b0 #
b0 6
0!
0%
0(
1&
0,
b11100010000011101001101011000100 1
b11100010000011101001101011000100 5
0+
02
1.
b1000001 3
#665000
0&
0$
b11100010000011101000010110010000 "
b11100010000011101000010110010000 4
b11100010000011101000010110010000 <
1:
0;
09
b0 =
07
b11100010000011101000010110010000 >
1,
#670000
0,
b1101010000101011111010111010100 1
b1101010000101011111010111010100 5
1+
0.
0-
b1000010 3
#675000
1,
#680000
0,
b11000000011101100100001010000000 1
b11000000011101100100001010000000 5
12
1.
0/
1-
b1000011 3
#685000
1,
#690000
0,
b11110100110110000110111011101001 1
b11110100110110000110111011101001 5
0+
0.
1/
0-
b1000100 3
#695000
1,
#700000
0,
b110000010011100100110101100000 1
b110000010011100100110101100000 5
0*
1+
1.
0/
b1000101 3
#705000
1,
#710000
0,
b110111000101010001010101101110 1
b110111000101010001010101101110 5
1*
0.
1-
b1000110 3
#715000
1,
#720000
0,
b11111000110111000100100011110001 1
b11111000110111000100100011110001 5
0+
02
1/
b1000111 3
#725000
1&
1$
0:
1;
19
b11111000110111000100100011110001 "
b11111000110111000100100011110001 4
b11111000110111000100100011110001 <
b1 =
1,
#730000
0,
b10101101111001111101000001011011 1
b10101101111001111101000001011011 5
1+
0/
b1001000 3
#735000
0&
0$
b10101101111001111100100011110001 "
b10101101111001111100100011110001 4
b10101101111001111100100011110001 <
1:
0;
09
b0 =
b10101101111001111100100011110001 >
1,
#740000
0,
b101000110001100010011101010001 1
b101000110001100010011101010001 5
12
1.
b1001001 3
#745000
1,
#750000
0,
b10101000100111101110100101010 1
b10101000100111101110100101010 5
0*
0+
0.
1/
b1001010 3
#755000
1'
1(
0:
1;
19
b10101000100111101110100101010 "
b10101000100111101110100101010 4
b10101000100111101110100101010 <
b1 =
1,
#760000
b1111 #
b1111 6
1!
1%
1$
0,
b1010111110000011101000110101111 1
b1010111110000011101000110101111 5
1*
1+
1.
b1001011 3
#765000
0!
b0 #
b0 6
0'
0(
0%
0$
b1010111110000011101110100101010 "
b1010111110000011101110100101010 4
b1010111110000011101110100101010 <
0;
09
b0 =
07
b1010111110000011101110100101010 >
1,
#770000
0,
b10110101010101011101111001101010 1
b10110101010101011101111001101010 5
0+
02
0.
b1001100 3
#775000
1&
1$
1;
19
b10110101010101011101111001101010 "
b10110101010101011101111001101010 4
b10110101010101011101111001101010 <
b1 =
1,
#780000
1'
1(
0&
0$
0,
b10101110001000111100111001011100 1
b10101110001000111100111001011100 5
0*
12
1.
0/
0-
b1001101 3
#785000
0'
0(
b10101110001000111101111001101010 "
b10101110001000111101111001101010 4
b10101110001000111101111001101010 <
0;
09
b0 =
b10101110001000111101111001101010 >
1,
#790000
0,
b110011100010000001100001100 1
b110011100010000001100001100 5
1*
0.
1/
1-
b1001110 3
#795000
1'
1(
1$
1;
19
b110011100010000001100001100 "
b110011100010000001100001100 4
b110011100010000001100001100 <
b1 =
1,
#800000
b1111 #
b1111 6
1!
1%
0$
0,
b10111010111101001110001001110101 1
b10111010111101001110001001110101 5
0*
1+
1.
0/
0-
b1001111 3
#805000
0!
b0 #
b0 6
0'
0(
0%
b10111010111101001110001100001100 "
b10111010111101001110001100001100 4
b10111010111101001110001100001100 <
0;
09
b0 =
b10111010111101001110001100001100 >
1,
#810000
0,
b1001111110010100100000010 1
b1001111110010100100000010 5
0.
1/
b1010000 3
#815000
1,
#820000
0,
b1111010111101101010101111110101 1
b1111010111101101010101111110101 5
0+
1.
0/
b1010001 3
#825000
1,
#830000
0,
b10110110010111111100100101101 1
b10110110010111111100100101101 5
1+
0.
1/
b1010010 3
#835000
1,
#840000
0,
b100110101111110011111101001101 1
b100110101111110011111101001101 5
1*
0+
02
0/
1-
b1010011 3
#845000
1,
#850000
0,
b11011100010000110000100010111000 1
b11011100010000110000100010111000 5
0*
1.
1/
b1010100 3
#855000
17
1;
19
b11011100010000110000100010111000 "
b11011100010000110000100010111000 4
b11011100010000110000100010111000 <
b1 =
1,
#860000
1%
1(
1$
0,
b1011011110100111101101110110111 1
b1011011110100111101101110110111 5
1*
1+
12
0.
0/
0-
b1010101 3
#865000
0(
0%
b0 #
b0 6
0!
0$
b1011011110100111100100010111000 "
b1011011110100111100100010111000 4
b1011011110100111100100010111000 <
07
0;
09
b0 =
b1011011110100111100100010111000 >
1,
#870000
0,
b11001000001110001111010010010000 1
b11001000001110001111010010010000 5
0*
0+
02
1.
1/
1-
b1010110 3
#875000
17
1;
19
b11001000001110001111010010010000 "
b11001000001110001111010010010000 4
b11001000001110001111010010010000 <
b1 =
1,
#880000
1(
1$
0,
b1101100011010100110110111011000 1
b1101100011010100110110111011000 5
1*
12
0/
0-
b1010111 3
#885000
0(
0$
b1101100011010100111010010010000 "
b1101100011010100111010010010000 4
b1101100011010100111010010010000 <
07
0;
09
b0 =
b1101100011010100111010010010000 >
1,
#890000
0,
b1100100101111000110100011001 1
b1100100101111000110100011001 5
0*
02
1/
1-
b1011000 3
#895000
17
1;
19
b1100100101111000110100011001 "
b1100100101111000110100011001 4
b1100100101111000110100011001 <
b1 =
1,
#900000
0,
b11001110100100010100000110 1
b11001110100100010100000110 5
0/
b1011001 3
#905000
0&
b11001110100100110100011001 "
b11001110100100110100011001 4
b11001110100100110100011001 <
1:
07
0;
09
b0 =
b11001110100100110100011001 >
1,
#910000
0,
b1011001001101001110100110110010 1
b1011001001101001110100110110010 5
1*
0-
b1011010 3
#915000
1,
#920000
0,
b1000100100000111010110110001001 1
b1000100100000111010110110001001 5
0*
12
1/
b1011011 3
#925000
1,
#930000
0,
b1010101110111011000110110101011 1
b1010101110111011000110110101011 5
1*
1+
02
1-
b1011100 3
#935000
1%
1$
0:
17
1;
19
b1010101110111011000110110101011 "
b1010101110111011000110110101011 4
b1010101110111011000110110101011 <
b1 =
1,
#940000
0%
0,
b11011001101101000101100110110 1
b11011001101101000101100110110 5
0+
0/
b1011101 3
#945000
0&
0$
b11011001101101000110110101011 "
b11011001101101000110110101011 4
b11011001101101000110110101011 <
1:
07
0;
09
b0 =
b11011001101101000110110101011 >
1,
#950000
0,
b10010111010110011000100000101110 1
b10010111010110011000100000101110 5
0*
0.
1/
0-
b1011110 3
#955000
1,
#960000
0,
b11100000111000000000010011000001 1
b11100000111000000000010011000001 5
1*
1.
b1011111 3
#965000
1,
#970000
0,
b11101001101101001001101011010011 1
b11101001101101001001101011010011 5
0*
1+
12
1-
b1100000 3
#975000
1(
1%
0:
17
1;
19
b11101001101101001001101011010011 "
b11101001101101001001101011010011 4
b11101001101101001001101011010011 <
b1 =
1,
#980000
0,
b11111000110001110001010011110001 1
b11111000110001110001010011110001 5
0.
0/
0-
b1100001 3
#985000
0(
0%
b0 #
b0 6
0!
b11111000110001110001101011010011 "
b11111000110001110001101011010011 4
b11111000110001110001101011010011 <
07
0;
09
b0 =
b11111000110001110001101011010011 >
1,
#990000
0,
b10110010110100010100101001100101 1
b10110010110100010100101001100101 5
0+
02
1/
1-
b1100010 3
#995000
1&
1;
19
b10110010110100010100101001100101 "
b10110010110100010100101001100101 4
b10110010110100010100101001100101 <
b1 =
1,
#1000000
1'
1(
0&
0,
b10111010011000000011100001110100 1
b10111010011000000011100001110100 5
12
b1100011 3
#1005000
b10111010011000000010101001100101 "
b10111010011000000010101001100101 4
b10111010011000000010101001100101 <
09
b10111010011000000010101001100101 >
1,
#1010000
0'
b1111 #
b1111 6
1!
1%
0,
b11011000011110000110100110110 1
b11011000011110000110100110110 5
1+
02
0/
0-
b1100100 3
#1015000
0!
b0 #
b0 6
0(
0%
0;
b0 =
1,
#1020000
0,
b10101000000000000010100101010 1
b10101000000000000010100101010 5
12
1.
1/
1-
b1100101 3
#1025000
1(
1%
17
1;
19
b10101000000000000010100101010 "
b10101000000000000010100101010 4
b10101000000000000010100101010 <
b1 =
1,
#1030000
0%
0,
b1000110100010110110000110001101 1
b1000110100010110110000110001101 5
0+
0/
0-
b1100110 3
#1035000
0(
b1000110100010110110010100101010 "
b1000110100010110110010100101010 4
b1000110100010110110010100101010 <
07
0;
09
b0 =
b1000110100010110110010100101010 >
1,
#1040000
0,
b11110011101001100101100111100 1
b11110011101001100101100111100 5
1/
1-
b1100111 3
#1045000
1(
17
1;
19
b11110011101001100101100111100 "
b11110011101001100101100111100 4
b11110011101001100101100111100 <
b1 =
1,
#1050000
0(
0,
b1101000010001011111010111010000 1
b1101000010001011111010111010000 5
02
0/
b1101000 3
#1055000
0&
b1101000010001011110101100111100 "
b1101000010001011110101100111100 4
b1101000010001011110101100111100 <
1:
07
0;
09
b0 =
b1101000010001011110101100111100 >
1,
#1060000
0,
b101111111011110011110101011111 1
b101111111011110011110101011111 5
1+
12
0.
1/
0-
b1101001 3
#1065000
1,
#1070000
0,
b10001001001011111100000000010010 1
b10001001001011111100000000010010 5
1*
02
1.
0/
1-
b1101010 3
#1075000
1,
#1080000
0,
b11000000011000100000001010000000 1
b11000000011000100000001010000000 5
0*
0+
1/
0-
b1101011 3
#1085000
1,
#1090000
0,
b10101111111011010010011001011111 1
b10101111111011010010011001011111 5
1*
1-
b1101100 3
#1095000
1$
0:
17
1;
19
b10101111111011010010011001011111 "
b10101111111011010010011001011111 4
b10101111111011010010011001011111 <
b1 =
1,
#1100000
1%
0,
b11000001010000000110001010000010 1
b11000001010000000110001010000010 5
1+
0.
b1101101 3
#1105000
0%
0&
0$
b11000001010000000110011001011111 "
b11000001010000000110011001011111 4
b11000001010000000110011001011111 <
1:
07
0;
09
b0 =
b11000001010000000110011001011111 >
1,
#1110000
0,
b1011010110100110001110110110101 1
b1011010110100110001110110110101 5
0+
12
0-
b1101110 3
#1115000
1,
#1120000
0,
b1010010010000111110001110100100 1
b1010010010000111110001110100100 5
02
0/
b1101111 3
#1125000
1,
#1130000
0,
b100100011001110011100101001000 1
b100100011001110011100101001000 5
0*
1+
1-
b1110000 3
#1135000
1,
#1140000
0,
b11010101000001101110100110101 1
b11010101000001101110100110101 5
1*
12
1.
b1110001 3
#1145000
1,
#1150000
0,
b10100011011010101110100001000110 1
b10100011011010101110100001000110 5
0+
02
1/
0-
b1110010 3
#1155000
1,
#1160000
0,
b11101001110100100010110011010011 1
b11101001110100100010110011010011 5
0*
1+
12
1-
b1110011 3
#1165000
1(
1%
0:
17
1;
19
b11101001110100100010110011010011 "
b11101001110100100010110011010011 4
b11101001110100100010110011010011 <
b1 =
1,
#1170000
0,
b1010010001110010111110110100100 1
b1010010001110010111110110100100 5
0.
0-
b1110100 3
#1175000
0(
0%
b0 #
b0 6
0!
b1010010001110010110110011010011 "
b1010010001110010110110011010011 4
b1010010001110010110110011010011 <
07
0;
09
b0 =
b1010010001110010110110011010011 >
1,
#1180000
0,
b1011111111000111100101110111111 1
b1011111111000111100101110111111 5
0+
1.
0/
b1110101 3
#1185000
1,
#1190000
0,
b110110000000010101100101101100 1
b110110000000010101100101101100 5
1/
1-
b1110110 3
#1195000
1(
17
1;
19
b110110000000010101100101101100 "
b110110000000010101100101101100 4
b110110000000010101100101101100 <
b1 =
1,
#1200000
1%
0(
0,
b10110100111001000110011001101001 1
b10110100111001000110011001101001 5
1+
02
0.
0-
b1110111 3
#1205000
0%
0&
b10110100111001000111100101101100 "
b10110100111001000111100101101100 4
b10110100111001000111100101101100 <
1:
07
0;
09
b0 =
b10110100111001000111100101101100 >
1,
#1210000
0,
b1001101001000000000100110011010 1
b1001101001000000000100110011010 5
0+
1.
0/
b1111000 3
#1215000
1,
#1220000
0,
b111000111001100001001101110001 1
b111000111001100001001101110001 5
12
1-
b1111001 3
#1225000
1,
#1230000
0,
b101100101010010110001101011001 1
b101100101010010110001101011001 5
1+
1/
0-
b1111010 3
#1235000
1,
#1240000
0,
b1000001101101011101010110000011 1
b1000001101101011101010110000011 5
0/
b1111011 3
#1245000
1,
#1250000
0,
b11010111111000011010111010101111 1
b11010111111000011010111010101111 5
1/
1-
b1111100 3
#1255000
1(
1%
0:
17
1;
19
b11010111111000011010111010101111 "
b11010111111000011010111010101111 4
b11010111111000011010111010101111 <
b1 =
1,
#1260000
0%
1$
0,
b11100001001100100101011011000010 1
b11100001001100100101011011000010 5
1*
0+
0.
0/
0-
b1111101 3
#1265000
0(
0$
b11100001001100100100111010101111 "
b11100001001100100100111010101111 4
b11100001001100100100111010101111 <
07
0;
09
b0 =
b11100001001100100100111010101111 >
1,
#1270000
0,
b1110001001100101011101111100010 1
b1110001001100101011101111100010 5
02
1-
b1111110 3
#1275000
1,
#1280000
0,
b1011110111010010111101110111101 1
b1011110111010010111101110111101 5
0*
12
1/
0-
b1111111 3
#1285000
1,
#1290000
0,
b11010111001000000001100110101 1
b11010111001000000001100110101 5
1+
0/
1-
b10000000 3
#1295000
1,
#1300000
0,
b11111001011001001111111011110010 1
b11111001011001001111111011110010 5
02
1.
1/
b10000001 3
#1305000
1%
17
1;
19
b11111001011001001111111011110010 "
b11111001011001001111111011110010 4
b11111001011001001111111011110010 <
b1 =
1,
#1310000
1(
0,
b11100110100111011101000011001101 1
b11100110100111011101000011001101 5
12
0.
b10000010 3
#1315000
0(
0%
b0 #
b0 6
0!
b11100110100111011101111011110010 "
b11100110100111011101111011110010 4
b11100110100111011101111011110010 <
07
0;
09
b0 =
b11100110100111011101111011110010 >
1,
#1320000
0,
b1010111010011100001110110101110 1
b1010111010011100001110110101110 5
1*
0+
b10000011 3
#1325000
1'
1(
1$
1;
19
b1010111010011100001110110101110 "
b1010111010011100001110110101110 4
b1010111010011100001110110101110 <
b1 =
1,
#1330000
0'
0(
1&
0$
0,
b111101011111110101101101111010 1
b111101011111110101101101111010 5
0*
02
0/
0-
b10000100 3
#1335000
0&
b111101011111110101110110101110 "
b111101011111110101110110101110 4
b111101011111110101110110101110 <
1:
0;
09
b0 =
b111101011111110101110110101110 >
1,
#1340000
0,
b111110010100000010110101111100 1
b111110010100000010110101111100 5
12
1.
1/
b10000101 3
#1345000
1,
#1350000
0,
b1100111010011111101111111001110 1
b1100111010011111101111111001110 5
1*
1+
0.
1-
b10000110 3
#1355000
1!
b1111 #
b1111 6
1'
1(
1%
1$
0:
1;
19
b1100111010011111101111111001110 "
b1100111010011111101111111001110 4
b1100111010011111101111111001110 <
b1 =
1,
#1360000
0'
b0 #
b0 6
0!
0%
0(
1&
0$
0,
b1101011000100011111100011010 1
b1101011000100011111100011010 5
0*
0+
02
1.
0-
b10000111 3
#1365000
0&
b1101011000100011111111001110 "
b1101011000100011111111001110 4
b1101011000100011111111001110 <
1:
0;
09
b0 =
07
b1101011000100011111111001110 >
1,
#1370000
0,
b11110110000100101100100011101100 1
b11110110000100101100100011101100 5
1*
12
0/
1-
b10001000 3
#1375000
1,
#1380000
0,
b1001110111111100001100010011 1
b1001110111111100001100010011 5
1+
0.
1/
b10001001 3
#1385000
1!
b1111 #
b1111 6
1'
1(
1%
1$
0:
1;
19
b1001110111111100001100010011 "
b1001110111111100001100010011 4
b1001110111111100001100010011 <
b1 =
1,
#1390000
b0 #
b0 6
0!
0%
0$
0,
b10001100000001101101001000011000 1
b10001100000001101101001000011000 5
0*
0+
0-
b10001010 3
#1395000
0'
0(
b10001100000001101100001100010011 "
b10001100000001101100001100010011 4
b10001100000001101100001100010011 <
0;
09
b0 =
b10001100000001101100001100010011 >
1,
#1400000
0,
b111010100110000010010101110101 1
b111010100110000010010101110101 5
b10001011 3
#1405000
1,
#1410000
0,
b11100100110110000010000011001001 1
b11100100110110000010000011001001 5
1*
1+
02
1.
1-
b10001100 3
#1415000
1%
1$
17
1;
19
b11100100110110000010000011001001 "
b11100100110110000010000011001001 4
b11100100110110000010000011001001 <
b1 =
1,
#1420000
1(
0$
0,
b1000001101111010110011110000011 1
b1000001101111010110011110000011 5
0*
12
0/
0-
b10001101 3
#1425000
0(
0%
b0 #
b0 6
0!
b1000001101111010110000011001001 "
b1000001101111010110000011001001 4
b1000001101111010110000011001001 <
07
0;
09
b0 =
b1000001101111010110000011001001 >
1,
#1430000
0,
b11101111100011010110010011011111 1
b11101111100011010110010011011111 5
0+
0.
1-
b10001110 3
#1435000
1,
#1440000
0,
b11010110010110011101000010101100 1
b11010110010110011101000010101100 5
b10001111 3
#1445000
1,
#1450000
0,
b1001101011101111111100110011010 1
b1001101011101111111100110011010 5
1*
1+
1.
1/
b10010000 3
#1455000
1(
1%
1$
17
1;
19
b1001101011101111111100110011010 "
b1001101011101111111100110011010 4
b1001101011101111111100110011010 <
b1 =
1,
#1460000
0(
0$
0,
b10111101101000111111100101111 1
b10111101101000111111100101111 5
0*
02
0/
b10010001 3
#1465000
0%
0&
b10111101101000111100110011010 "
b10111101101000111100110011010 4
b10111101101000111100110011010 <
1:
07
0;
09
b0 =
b10111101101000111100110011010 >
1,
#1470000
0,
b1100011001011110000011111000110 1
b1100011001011110000011111000110 5
1*
0+
12
0.
1/
0-
b10010010 3
#1475000
1,
#1480000
0,
b1101000110011010000100111010001 1
b1101000110011010000100111010001 5
02
1.
0/
b10010011 3
#1485000
1,
#1490000
0,
b10000011010111011010001000000110 1
b10000011010111011010001000000110 5
1+
1/
1-
b10010100 3
#1495000
1%
1$
0:
17
1;
19
b10000011010111011010001000000110 "
b10000011010111011010001000000110 4
b10000011010111011010001000000110 <
b1 =
1,
#1500000
1(
0,
b10111111110101100010101001111111 1
b10111111110101100010101001111111 5
12
0/
b10010101 3
#1505000
0(
0%
b0 #
b0 6
0!
0$
b10111111110101100010001000000110 "
b10111111110101100010001000000110 4
b10111111110101100010001000000110 <
07
0;
09
b0 =
b10111111110101100010001000000110 >
1,
#1510000
0,
b1000111111010111110111110001111 1
b1000111111010111110111110001111 5
0.
1/
0-
b10010110 3
#1515000
1,
#1520000
0,
b11001101010101110101001010011010 1
b11001101010101110101001010011010 5
0*
1.
b10010111 3
#1525000
1,
#1530000
0,
b11100110010110011010100111001 1
b11100110010110011010100111001 5
0+
02
b10011000 3
#1535000
1,
#1540000
0,
b10111010101000100000000 1
b10111010101000100000000 5
1+
0.
1-
b10011001 3
#1545000
1&
0%
1;
19
b10111010101000100000000 "
b10111010101000100000000 4
b10111010101000100000000 <
b1 =
1,
#1550000
1$
0,
b11011010000111100000000 1
b11011010000111100000000 5
1*
0/
0-
b10011010 3
#1555000
0&
0$
b11011010001000100000000 "
b11011010001000100000000 4
b11011010001000100000000 <
1:
0;
09
b0 =
b11011010001000100000000 >
1,
#1560000
0,
b10101000111000011110111001010001 1
b10101000111000011110111001010001 5
b10011011 3
#1565000
1,
#1570000
0,
b11000000101011011000000010000001 1
b11000000101011011000000010000001 5
0*
0+
1/
1-
b10011100 3
#1575000
1&
0:
1;
19
b11000000101011011000000010000001 "
b11000000101011011000000010000001 4
b11000000101011011000000010000001 <
b1 =
1,
#1580000
1'
1(
0&
0,
b111111010100101001001101111110 1
b111111010100101001001101111110 5
12
1.
b10011101 3
#1585000
0'
b111111010100101000000010000001 "
b111111010100101000000010000001 4
b111111010100101000000010000001 <
09
17
b111111010100101000000010000001 >
1,
#1590000
1%
0,
b101111101110000001101101011111 1
b101111101110000001101101011111 5
1+
02
0.
0/
b10011110 3
#1595000
0(
0%
b0 #
b0 6
0!
07
0;
b0 =
1,
#1600000
0,
b10010111110111011110001000101111 1
b10010111110111011110001000101111 5
0+
1.
1/
b10011111 3
#1605000
17
1;
19
b10010111110111011110001000101111 "
b10010111110111011110001000101111 4
b10010111110111011110001000101111 <
b1 =
1,
#1610000
0,
b100011001100000001101101000110 1
b100011001100000001101101000110 5
0.
b10100000 3
#1615000
1&
b100011001100000001101101000110 "
b100011001100000001101101000110 4
b100011001100000001101101000110 <
1:
07
b100011001100000001101101000110 >
1,
#1620000
0,
b1110001111100000101100111100011 1
b1110001111100000101100111100011 5
1.
b10100001 3
#1625000
1(
0&
b1110001111100000101101101000110 "
b1110001111100000101101101000110 4
b1110001111100000101101101000110 <
09
17
b1110001111100000101101101000110 >
1,
#1630000
1%
1$
0,
b111000101000111000100101110001 1
b111000101000111000100101110001 5
1*
1+
12
0.
0-
b10100010 3
#1635000
0(
0%
b0 #
b0 6
0!
0$
07
0;
b0 =
1,
#1640000
0,
b11011000000001111111001010110000 1
b11011000000001111111001010110000 5
0+
02
1.
b10100011 3
#1645000
1,
#1650000
0,
b10000101000100010101100000001010 1
b10000101000100010101100000001010 5
0/
b10100100 3
#1655000
1,
#1660000
0,
b10001110001101100010100100011 1
b10001110001101100010100100011 5
0*
1+
1/
1-
b10100101 3
#1665000
1%
0:
17
1;
19
b10001110001101100010100100011 "
b10001110001101100010100100011 4
b10001110001101100010100100011 <
b1 =
1,
#1670000
0%
0,
b110010000010101000101101100100 1
b110010000010101000101101100100 5
0+
0.
b10100110 3
#1675000
1&
b110010000010101000101101100100 "
b110010000010101000101101100100 4
b110010000010101000101101100100 <
1:
07
b110010000010101000101101100100 >
1,
#1680000
1!
b1111 #
b1111 6
1%
1'
1(
0&
1$
0,
b11110001111011001010001011100011 1
b11110001111011001010001011100011 5
1*
1+
12
1.
0/
0-
b10100111 3
#1685000
0!
b0 #
b0 6
0'
0(
0%
0$
b11110001111011001010101101100100 "
b11110001111011001010101101100100 4
b11110001111011001010101101100100 <
0;
09
b0 =
b11110001111011001010101101100100 >
1,
#1690000
0,
b11001001101101100100110010010011 1
b11001001101101100100110010010011 5
02
0.
1/
1-
b10101000 3
#1695000
1&
0%
1$
0:
1;
19
b11001001101101100100110010010011 "
b11001001101101100100110010010011 4
b11001001101101100100110010010011 <
b1 =
1,
#1700000
0$
0,
b11111011100111111011100011110111 1
b11111011100111111011100011110111 5
0*
1.
0-
b10101001 3
#1705000
0&
b11111011100111111010110010010011 "
b11111011100111111010110010010011 4
b11111011100111111010110010010011 <
1:
0;
09
b0 =
07
b11111011100111111010110010010011 >
1,
#1710000
0,
b1000011110000010001010110000111 1
b1000011110000010001010110000111 5
1*
0+
12
0.
1-
b10101010 3
#1715000
1'
1(
1$
0:
1;
19
b1000011110000010001010110000111 "
b1000011110000010001010110000111 4
b1000011110000010001010110000111 <
b1 =
1,
#1720000
0$
0,
b10100110001011000011010001001100 1
b10100110001011000011010001001100 5
0*
0/
0-
b10101011 3
#1725000
0'
0(
b10100110001011000011010110000111 "
b10100110001011000011010110000111 4
b10100110001011000011010110000111 <
0;
09
b0 =
b10100110001011000011010110000111 >
1,
#1730000
0,
b11110111111111101100101011101111 1
b11110111111111101100101011101111 5
02
1.
b10101100 3
#1735000
1,
#1740000
0,
b11011100001000101101110010111000 1
b11011100001000101101110010111000 5
1+
1/
b10101101 3
#1745000
1,
#1750000
0,
b100000010001111101110101000000 1
b100000010001111101110101000000 5
1*
12
0/
b10101110 3
#1755000
1,
#1760000
0,
b100010011111101011000101000100 1
b100010011111101011000101000100 5
0.
1/
b10101111 3
#1765000
1,
#1770000
0,
b10111001110110010110100001110011 1
b10111001110110010110100001110011 5
1-
b10110000 3
#1775000
1!
b1111 #
b1111 6
1'
1(
1%
1$
1;
19
b10111001110110010110100001110011 "
b10111001110110010110100001110011 4
b10111001110110010110100001110011 <
b1 =
1,
#1780000
0,
b10001110001110011001000000011100 1
b10001110001110011001000000011100 5
0/
0-
b10110001 3
#1785000
0!
b0 #
b0 6
0'
0(
0%
0$
b10001110001110011000100001110011 "
b10001110001110011000100001110011 4
b10001110001110011000100001110011 <
0;
09
b0 =
b10001110001110011000100001110011 >
1,
#1790000
0,
b1111010000000101010100011110 1
b1111010000000101010100011110 5
0*
1-
b10110010 3
#1795000
1,
#1800000
0,
b1000010011101111101011110000100 1
b1000010011101111101011110000100 5
1*
02
1.
b10110011 3
#1805000
1,
#1810000
0,
b101110100101110111100101011101 1
b101110100101110111100101011101 5
0*
0+
1/
b10110100 3
#1815000
17
1;
19
b101110100101110111100101011101 "
b101110100101110111100101011101 4
b101110100101110111100101011101 <
b1 =
1,
#1820000
1$
0,
b10001111001100101111101000011110 1
b10001111001100101111101000011110 5
1*
0/
0-
b10110101 3
#1825000
0&
0$
b10001111001100101111100101011101 "
b10001111001100101111100101011101 4
b10001111001100101111100101011101 <
1:
07
0;
09
b0 =
b10001111001100101111100101011101 >
1,
#1830000
0,
b10111100101000001011001001111001 1
b10111100101000001011001001111001 5
0*
1/
b10110110 3
#1835000
1,
#1840000
0,
b1100000000010110010110111000000 1
b1100000000010110010110111000000 5
1*
12
0/
1-
b10110111 3
#1845000
1,
#1850000
0,
b100100000000010001000101001000 1
b100100000000010001000101001000 5
1+
02
1/
b10111000 3
#1855000
1%
1$
0:
17
1;
19
b100100000000010001000101001000 "
b100100000000010001000101001000 4
b100100000000010001000101001000 <
b1 =
1,
#1860000
0%
0,
b1101100101001111111111111011001 1
b1101100101001111111111111011001 5
0+
0/
b10111001 3
#1865000
0&
0$
b1101100101001111111000101001000 "
b1101100101001111111000101001000 4
b1101100101001111111000101001000 <
1:
07
0;
09
b0 =
b1101100101001111111000101001000 >
1,
#1870000
0,
b11000000101001111110100010000001 1
b11000000101001111110100010000001 5
1+
0.
1/
b10111010 3
#1875000
1&
0%
1$
0:
1;
19
b11000000101001111110100010000001 "
b11000000101001111110100010000001 4
b11000000101001111110100010000001 <
b1 =
1,
#1880000
1'
1(
0&
0,
b11110111110011111111011011101111 1
b11110111110011111111011011101111 5
0+
12
1.
0/
0-
b10111011 3
#1885000
0'
0(
0$
b11110111110011111110100010000001 "
b11110111110011111110100010000001 4
b11110111110011111110100010000001 <
0;
09
b0 =
b11110111110011111110100010000001 >
1,
#1890000
0,
b10001010001010010000000000010100 1
b10001010001010010000000000010100 5
0*
0.
1/
1-
b10111100 3
#1895000
1'
1(
1;
19
b10001010001010010000000000010100 "
b10001010001010010000000000010100 4
b10001010001010010000000000010100 <
b1 =
1,
#1900000
1$
0,
b11010000000111110100000010100000 1
b11010000000111110100000010100000 5
1*
0/
b10111101 3
#1905000
0'
0(
0$
b11010000000111110100000000010100 "
b11010000000111110100000000010100 4
b11010000000111110100000000010100 <
0;
09
b0 =
b11010000000111110100000000010100 >
1,
#1910000
0,
b10010100100100011010101000101001 1
b10010100100100011010101000101001 5
0*
02
1.
0-
b10111110 3
#1915000
1,
#1920000
0,
b100101000001010011100101001010 1
b100101000001010011100101001010 5
12
1-
b10111111 3
#1925000
1,
#1930000
0,
b10110110000000001110001001101100 1
b10110110000000001110001001101100 5
1*
b11000000 3
#1935000
1,
#1940000
0,
b10001100011100010010001000011000 1
b10001100011100010010001000011000 5
1+
02
b11000001 3
#1945000
1,
#1950000
0,
b1101000000010100110111111010000 1
b1101000000010100110111111010000 5
0+
12
0.
1/
b11000010 3
#1955000
1'
1(
1$
1;
19
b1101000000010100110111111010000 "
b1101000000010100110111111010000 4
b1101000000010100110111111010000 <
b1 =
1,
#1960000
0'
0(
1&
0,
b10111001010101011011011001110010 1
b10111001010101011011011001110010 5
02
0-
b11000011 3
#1965000
0&
0$
b10111001010101011010111111010000 "
b10111001010101011010111111010000 4
b10111001010101011010111111010000 <
1:
0;
09
b0 =
b10111001010101011010111111010000 >
1,
#1970000
0,
b11000110101011010000010010001101 1
b11000110101011010000010010001101 5
0*
0/
b11000100 3
#1975000
1,
#1980000
0,
b11010000111010111100110010100001 1
b11010000111010111100110010100001 5
1+
1/
1-
b11000101 3
#1985000
1&
0%
0:
1;
19
b11010000111010111100110010100001 "
b11010000111010111100110010100001 4
b11010000111010111100110010100001 <
b1 =
1,
#1990000
1'
1(
0&
0,
b1011011000110110011100010110 1
b1011011000110110011100010110 5
0+
12
1.
b11000110 3
#1995000
0'
b1011011000110110110010100001 "
b1011011000110110110010100001 4
b1011011000110110110010100001 <
09
17
b1011011000110110110010100001 >
1,
#2000000
1%
1$
0,
b1110100010110111111010111101000 1
b1110100010110111111010111101000 5
1*
1+
0/
0-
b11000111 3
#2005000
0(
0%
b0 #
b0 6
0!
0$
07
0;
b0 =
1,
#2010000
0,
b1000001100110000111111110000011 1
b1000001100110000111111110000011 5
0*
b11001000 3
#2015000
1,
#2020000
0,
b1100110001101110001111111001100 1
b1100110001101110001111111001100 5
0+
02
0.
1/
b11001001 3
#2025000
1,
#2030000
0,
b11100010100001101000100011000101 1
b11100010100001101000100011000101 5
1*
0/
b11001010 3
#2035000
1,
#2040000
0,
b10011110111001100011011000111101 1
b10011110111001100011011000111101 5
1.
1/
1-
b11001011 3
#2045000
1$
17
1;
19
b10011110111001100011011000111101 "
b10011110111001100011011000111101 4
b10011110111001100011011000111101 <
b1 =
1,
#2050000
1(
0$
0,
b10111001010010010010010001110010 1
b10111001010010010010010001110010 5
0*
12
0.
0-
b11001100 3
#2055000
0(
b10111001010010010011011000111101 "
b10111001010010010011011000111101 4
b10111001010010010011011000111101 <
07
0;
09
b0 =
b10111001010010010011011000111101 >
1,
#2060000
0,
b10011000111110001100000000110001 1
b10011000111110001100000000110001 5
1*
1.
b11001101 3
#2065000
1,
#2070000
0,
b10010100101010101000010000101001 1
b10010100101010101000010000101001 5
02
0.
b11001110 3
#2075000
1,
#2080000
0,
b1101111110100111111100011011 1
b1101111110100111111100011011 5
1+
12
1.
0/
b11001111 3
#2085000
1,
#2090000
0,
b10010111100111000100100100101 1
b10010111100111000100100100101 5
0*
0.
b11010000 3
#2095000
1,
#2100000
0,
b110110001110000001001101101100 1
b110110001110000001001101101100 5
1*
0+
1.
1/
b11010001 3
#2105000
1,
#2110000
0,
b11101100110001101101010011011001 1
b11101100110001101101010011011001 5
0.
0/
b11010010 3
#2115000
1,
#2120000
0,
b1010001100110101001010110100011 1
b1010001100110101001010110100011 5
0*
1+
b11010011 3
#2125000
1,
#2130000
0,
b10111110110011101111111001111101 1
b10111110110011101111111001111101 5
1*
02
1.
1/
b11010100 3
#2135000
1,
#2140000
0,
b10111101100000100011101001111011 1
b10111101100000100011101001111011 5
0*
12
b11010101 3
#2145000
1,
#2150000
0,
b11110110001111010011100111101 1
b11110110001111010011100111101 5
1*
0+
1-
b11010110 3
#2155000
1(
1$
17
1;
19
b11110110001111010011100111101 "
b11110110001111010011100111101 4
b11110110001111010011100111101 <
b1 =
1,
#2160000
1%
0(
0,
b10010011010001111111100000100110 1
b10010011010001111111100000100110 5
1+
02
0/
b11010111 3
#2165000
0%
0&
0$
b10010011010001111110011100111101 "
b10010011010001111110011100111101 4
b10010011010001111110011100111101 <
1:
07
0;
09
b0 =
b10010011010001111110011100111101 >
1,
#2170000
0,
b11110111001010011001101011101110 1
b11110111001010011001101011101110 5
0+
0.
b11011000 3
#2175000
1,
#2180000
0,
b10101100110011100001110001011001 1
b10101100110011100001110001011001 5
0*
12
1.
b11011001 3
#2185000
1,
#2190000
0,
b1100101100000011111001111001011 1
b1100101100000011111001111001011 5
1+
1/
0-
b11011010 3
#2195000
1,
#2200000
0,
b1101000010001111111000111010000 1
b1101000010001111111000111010000 5
1*
02
0/
1-
b11011011 3
#2205000
1,
#2210000
0,
b11011010001111000011001010110100 1
b11011010001111000011001010110100 5
0*
0.
1/
b11011100 3
#2215000
1&
0%
0:
1;
19
b11011010001111000011001010110100 "
b11011010001111000011001010110100 4
b11011010001111000011001010110100 <
b1 =
1,
#2220000
1!
b1111 #
b1111 6
1%
1'
1(
0&
0,
b10001010001000000101110000010100 1
b10001010001000000101110000010100 5
12
1.
0/
0-
b11011101 3
#2225000
0!
b0 #
b0 6
0'
0(
0%
b10001010001000000101001010110100 "
b10001010001000000101001010110100 4
b10001010001000000101001010110100 <
0;
09
b0 =
b10001010001000000101001010110100 >
1,
#2230000
0,
b10101101011001110110110001011010 1
b10101101011001110110110001011010 5
02
0.
1-
b11011110 3
#2235000
1,
#2240000
0,
b10011011101001111000000000110111 1
b10011011101001111000000000110111 5
b11011111 3
#2245000
1,
#2250000
0,
b11110010101111100101101011100101 1
b11110010101111100101101011100101 5
1*
0+
1.
1/
b11100000 3
#2255000
1$
17
1;
19
b11110010101111100101101011100101 "
b11110010101111100101101011100101 4
b11110010101111100101101011100101 <
b1 =
1,
#2260000
1%
0$
0,
b1110111011110101110100011101 1
b1110111011110101110100011101 5
0*
1+
0.
0-
b11100001 3
#2265000
0%
0&
b1110111011110101101011100101 "
b1110111011110101101011100101 4
b1110111011110101101011100101 <
1:
07
0;
09
b0 =
b1110111011110101101011100101 >
1,
#2270000
0,
b10111111111110101000010001111111 1
b10111111111110101000010001111111 5
12
1.
1-
b11100010 3
#2275000
1(
1%
0:
17
1;
19
b10111111111110101000010001111111 "
b10111111111110101000010001111111 4
b10111111111110101000010001111111 <
b1 =
1,
#2280000
0%
1$
0,
b10110011111111110110110001100111 1
b10110011111111110110110001100111 5
1*
0+
0.
0-
b11100011 3
#2285000
0(
0$
b10110011111111110110010001111111 "
b10110011111111110110010001111111 4
b10110011111111110110010001111111 <
07
0;
09
b0 =
b10110011111111110110010001111111 >
1,
#2290000
0,
b10000011001110100110001000000110 1
b10000011001110100110001000000110 5
0*
1+
02
1.
0/
1-
b11100100 3
#2295000
1,
#2300000
0,
b10011001010001110100010000110010 1
b10011001010001110100010000110010 5
1*
0+
12
1/
0-
b11100101 3
#2305000
1,
#2310000
0,
b100100000000100111001101001000 1
b100100000000100111001101001000 5
02
b11100110 3
#2315000
1,
#2320000
0,
b10111000111110000011100001110001 1
b10111000111110000011100001110001 5
1+
12
0.
0/
1-
b11100111 3
#2325000
1,
#2330000
0,
b10101000001000010110001001010000 1
b10101000001000010110001001010000 5
0+
02
1.
b11101000 3
#2335000
1,
#2340000
0,
b11000110101011011111010010001101 1
b11000110101011011111010010001101 5
0*
1/
0-
b11101001 3
#2345000
1,
#2350000
0,
b10100110011111110010101001001100 1
b10100110011111110010101001001100 5
1*
1+
b11101010 3
#2355000
1,
#2360000
0,
b1111100100011100010011111111001 1
b1111100100011100010011111111001 5
0+
1-
b11101011 3
#2365000
1$
17
1;
19
b1111100100011100010011111111001 "
b1111100100011100010011111111001 4
b1111100100011100010011111111001 <
b1 =
1,
#2370000
1%
1(
0,
b100100100111110010111101001001 1
b100100100111110010111101001001 5
1+
12
0.
0-
b11101100 3
#2375000
0(
0%
b0 #
b0 6
0!
0$
b100100100111110010011111111001 "
b100100100111110010011111111001 4
b100100100111110010011111111001 <
07
0;
09
b0 =
b100100100111110010011111111001 >
1,
#2380000
0,
b11011100110001110001010010111001 1
b11011100110001110001010010111001 5
0/
b11101101 3
#2385000
1,
#2390000
0,
b1000000010111010101111110000000 1
b1000000010111010101111110000000 5
0+
02
1-
b11101110 3
#2395000
1,
#2400000
0,
b1101100000101010011111111011000 1
b1101100000101010011111111011000 5
1+
1/
0-
b11101111 3
#2405000
1,
#2410000
0,
b1101110001011100101100111011100 1
b1101110001011100101100111011100 5
0*
1.
0/
1-
b11110000 3
#2415000
1,
#2420000
0,
b1100011101110000000010111000111 1
b1100011101110000000010111000111 5
0.
0-
b11110001 3
#2425000
1,
#2430000
0,
b11001100111010101000001010011001 1
b11001100111010101000001010011001 5
1*
0+
1.
b11110010 3
#2435000
1,
#2440000
0,
b10101100111111010100000001011001 1
b10101100111111010100000001011001 5
0*
b11110011 3
#2445000
1,
#2450000
0,
b1001010111011000011010110010101 1
b1001010111011000011010110010101 5
1*
0.
b11110100 3
#2455000
1,
#2460000
0,
b10110010010111110101100101100 1
b10110010010111110101100101100 5
0*
1.
1/
b11110101 3
#2465000
1,
#2470000
0,
b11000101000010001100110010001010 1
b11000101000010001100110010001010 5
1+
12
0.
0/
b11110110 3
#2475000
1,
#2480000
0,
b1001010101011011001100010010 1
b1001010101011011001100010010 5
0+
1.
1/
1-
b11110111 3
#2485000
1(
17
1;
19
b1001010101011011001100010010 "
b1001010101011011001100010010 4
b1001010101011011001100010010 <
b1 =
1,
#2490000
1$
0,
b10110101011001101011100101101 1
b10110101011001101011100101101 5
1*
0.
0-
b11111000 3
#2495000
0(
0$
b10110101011001101001100010010 "
b10110101011001101001100010010 4
b10110101011001101001100010010 <
07
0;
09
b0 =
b10110101011001101001100010010 >
1,
#2500000
0,
b1011110101111010101100010111 1
b1011110101111010101100010111 5
0*
1+
02
1.
1-
b11111001 3
#2505000
1%
17
1;
19
b1011110101111010101100010111 "
b1011110101111010101100010111 4
b1011110101111010101100010111 <
b1 =
1,
#2510000
1$
0,
b11110011001000110010111011100110 1
b11110011001000110010111011100110 5
1*
0.
b11111010 3
#2515000
0%
0&
0$
b11110011001000110010101100010111 "
b11110011001000110010101100010111 4
b11110011001000110010101100010111 <
1:
07
0;
09
b0 =
b11110011001000110010101100010111 >
1,
#2520000
0,
b11110000000100011101101011100000 1
b11110000000100011101101011100000 5
b11111011 3
#2525000
1&
0%
1$
0:
1;
19
b11110000000100011101101011100000 "
b11110000000100011101101011100000 4
b11110000000100011101101011100000 <
b1 =
1,
#2530000
1'
1(
0&
0,
b10000010110011110001010000000101 1
b10000010110011110001010000000101 5
0+
12
0-
b11111100 3
#2535000
0'
0(
0$
b10000010110011110001101011100000 "
b10000010110011110001101011100000 4
b10000010110011110001101011100000 <
0;
09
b0 =
b10000010110011110001101011100000 >
1,
#2540000
0,
b10111111110111011110100001111111 1
b10111111110111011110100001111111 5
1+
1.
b11111101 3
#2545000
1,
#2550000
0,
b11010011111000010101110010100111 1
b11010011111000010101110010100111 5
0/
1-
b11111110 3
#2555000
1,
#2560000
0,
b10001101000011001011100000011010 1
b10001101000011001011100000011010 5
0*
1/
0-
b11111111 3
#2565000
1,
#2570000
0,
b1100100110100001000000111001001 1
b1100100110100001000000111001001 5
0.
1-
b100000000 3
#2575000
1!
b1111 #
b1111 6
1'
1(
1%
1;
19
b1100100110100001000000111001001 "
b1100100110100001000000111001001 4
b1100100110100001000000111001001 <
b1 =
1,
#2580000
b0 #
b0 6
0!
0%
0,
b1011011011100110000011110110110 1
b1011011011100110000011110110110 5
0+
0-
b100000001 3
#2585000
0'
0(
b1011011011100110000000111001001 "
b1011011011100110000000111001001 4
b1011011011100110000000111001001 <
0;
09
b0 =
b1011011011100110000000111001001 >
1,
#2590000
0,
b10111100110111100110100101111 1
b10111100110111100110100101111 5
1*
02
0/
b100000010 3
#2595000
1,
#2600000
0,
b10111100110011010001000001111001 1
b10111100110011010001000001111001 5
1+
1/
b100000011 3
#2605000
1,
#2610000
0,
b11100111101000010111000011001111 1
b11100111101000010111000011001111 5
0/
1-
b100000100 3
#2615000
1,
#2620000
0,
b1100100011000010010110111001000 1
b1100100011000010010110111001000 5
0+
12
0-
b100000101 3
#2625000
1,
#2630000
0,
b1111000100011111011000111110001 1
b1111000100011111011000111110001 5
0*
1+
1/
1-
b100000110 3
#2635000
1!
b1111 #
b1111 6
1'
1(
1%
1;
19
b1111000100011111011000111110001 "
b1111000100011111011000111110001 4
b1111000100011111011000111110001 <
b1 =
1,
#2640000
0'
b0 #
b0 6
0!
0%
0(
1&
1$
0,
b1100000000010010110101111000000 1
b1100000000010010110101111000000 5
1*
0+
02
0/
b100000111 3
#2645000
0&
0$
b1100000000010010111000111110001 "
b1100000000010010111000111110001 4
b1100000000010010111000111110001 <
1:
0;
09
b0 =
b1100000000010010111000111110001 >
1,
#2650000
0,
b110011101110001111011101100111 1
b110011101110001111011101100111 5
0*
0-
b100001000 3
#2655000
1,
#2660000
0,
b10110110000011000011101001101100 1
b10110110000011000011101001101100 5
1+
12
1/
1-
b100001001 3
#2665000
1!
b1111 #
b1111 6
1'
1(
1%
0:
1;
19
b10110110000011000011101001101100 "
b10110110000011000011101001101100 4
b10110110000011000011101001101100 <
b1 =
1,
#2670000
0'
b0 #
b0 6
0!
0%
0(
1&
0,
b11011001110100101111110010110011 1
b11011001110100101111110010110011 5
0+
02
0/
b100001010 3
#2675000
0&
b11011001110100101111101001101100 "
b11011001110100101111101001101100 4
b11011001110100101111101001101100 <
1:
0;
09
b0 =
b11011001110100101111101001101100 >
1,
#2680000
0,
b1010010111011000000100110100101 1
b1010010111011000000100110100101 5
1*
1+
12
0-
b100001011 3
#2685000
1,
#2690000
0,
b1100001111010001110100111000011 1
b1100001111010001110100111000011 5
0*
1.
1/
1-
b100001100 3
#2695000
1(
1%
0:
17
1;
19
b1100001111010001110100111000011 "
b1100001111010001110100111000011 4
b1100001111010001110100111000011 <
b1 =
1,
#2700000
0,
b1101000000101011101100111010000 1
b1101000000101011101100111010000 5
0/
0-
b100001101 3
#2705000
0(
0%
b0 #
b0 6
0!
b1101000000101011100100111000011 "
b1101000000101011100100111000011 4
b1101000000101011100100111000011 <
07
0;
09
b0 =
b1101000000101011100100111000011 >
1,
#2710000
0,
b1100011000010000110011111000110 1
b1100011000010000110011111000110 5
0+
0.
1-
b100001110 3
#2715000
1,
#2720000
0,
b1100000101101110110100011000 1
b1100000101101110110100011000 5
1+
1.
0-
b100001111 3
#2725000
1,
#2730000
0,
b1001100111100011101011110011001 1
b1001100111100011101011110011001 5
1-
b100010000 3
#2735000
1,
#2740000
0,
b110110000010110011100001101 1
b110110000010110011100001101 5
1*
0+
02
0.
0-
b100010001 3
#2745000
1,
#2750000
0,
b1100110100110110000100011001 1
b1100110100110110000100011001 5
1.
1/
1-
b100010010 3
#2755000
1$
17
1;
19
b1100110100110110000100011001 "
b1100110100110110000100011001 4
b1100110100110110000100011001 <
b1 =
1,
#2760000
0$
0,
b10100111011001111101111001001110 1
b10100111011001111101111001001110 5
0*
0.
0/
b100010011 3
#2765000
0&
b10100111011001111100000100011001 "
b10100111011001111100000100011001 4
b10100111011001111100000100011001 <
1:
07
0;
09
b0 =
b10100111011001111100000100011001 >
1,
#2770000
0,
b10010101110101110001100000101011 1
b10010101110101110001100000101011 5
12
1/
b100010100 3
#2775000
1'
1(
0:
1;
19
b10010101110101110001100000101011 "
b10010101110101110001100000101011 4
b10010101110101110001100000101011 <
b1 =
1,
#2780000
0'
0(
1&
0,
b1000001000110000000101110000010 1
b1000001000110000000101110000010 5
02
0/
0-
b100010101 3
#2785000
0&
b1000001000110000001100000101011 "
b1000001000110000001100000101011 4
b1000001000110000001100000101011 <
1:
0;
09
b0 =
b1000001000110000001100000101011 >
1,
#2790000
0,
b11010010000011000010000010100100 1
b11010010000011000010000010100100 5
1*
12
1.
1/
1-
b100010110 3
#2795000
1(
1$
0:
17
1;
19
b11010010000011000010000010100100 "
b11010010000011000010000010100100 4
b11010010000011000010000010100100 <
b1 =
1,
#2800000
0,
b11100000011111000101111011000000 1
b11100000011111000101111011000000 5
0.
0/
0-
b100010111 3
#2805000
0(
0$
b11100000011111000100000010100100 "
b11100000011111000100000010100100 4
b11100000011111000100000010100100 <
07
0;
09
b0 =
b11100000011111000100000010100100 >
1,
#2810000
0,
b11101110111100101100001011011101 1
b11101110111100101100001011011101 5
02
1.
1/
b100011000 3
#2815000
1,
#2820000
0,
b11110000110011001010100011100001 1
b11110000110011001010100011100001 5
0*
12
0.
b100011001 3
#2825000
1,
#2830000
0,
b1111001101100111001100111110011 1
b1111001101100111001100111110011 5
1+
02
b100011010 3
#2835000
1,
#2840000
0,
b1000000111101011011001110000001 1
b1000000111101011011001110000001 5
0+
0/
b100011011 3
#2845000
1,
#2850000
0,
b10000001110010011010011000000011 1
b10000001110010011010011000000011 5
1*
1+
1-
b100011100 3
#2855000
1,
#2860000
0,
b11111110111111110010100111111 1
b11111110111111110010100111111 5
0*
0+
12
1.
1/
b100011101 3
#2865000
1(
17
1;
19
b11111110111111110010100111111 "
b11111110111111110010100111111 4
b11111110111111110010100111111 <
b1 =
1,
#2870000
1%
0,
b10101101101001110111110001011011 1
b10101101101001110111110001011011 5
1+
0-
b100011110 3
#2875000
0(
0%
b0 #
b0 6
0!
b10101101101001110110010100111111 "
b10101101101001110110010100111111 4
b10101101101001110110010100111111 <
07
0;
09
b0 =
b10101101101001110110010100111111 >
1,
#2880000
0,
b10000110011111001101111000001100 1
b10000110011111001101111000001100 5
02
1-
b100011111 3
#2885000
1%
17
1;
19
b10000110011111001101111000001100 "
b10000110011111001101111000001100 4
b10000110011111001101111000001100 <
b1 =
1,
#2890000
0%
1(
0,
b11100111110101100100000111 1
b11100111110101100100000111 5
0+
12
0-
b100100000 3
#2895000
0(
b11100111110101111000001100 "
b11100111110101111000001100 4
b11100111110101111000001100 <
07
0;
09
b0 =
b11100111110101111000001100 >
1,
#2900000
0,
b1110000000001000010000111100000 1
b1110000000001000010000111100000 5
02
0/
b100100001 3
#2905000
1,
#2910000
0,
b11010010000101100100001010100100 1
b11010010000101100100001010100100 5
1*
12
0.
1-
b100100010 3
#2915000
1,
#2920000
0,
b100100001101010011100001001 1
b100100001101010011100001001 5
0-
b100100011 3
#2925000
1,
#2930000
0,
b11001100110010100010111010011001 1
b11001100110010100010111010011001 5
0*
1+
1.
1/
b100100100 3
#2935000
1,
#2940000
0,
b111110000011000010100001111 1
b111110000011000010100001111 5
1*
0+
02
0.
0/
1-
b100100101 3
#2945000
1,
#2950000
0,
b11010001101100110001110010100011 1
b11010001101100110001110010100011 5
0*
1+
1.
1/
b100100110 3
#2955000
1%
17
1;
19
b11010001101100110001110010100011 "
b11010001101100110001110010100011 4
b11010001101100110001110010100011 <
b1 =
1,
#2960000
0%
1$
0,
b10000101110101111000111000001011 1
b10000101110101111000111000001011 5
1*
0+
0.
0-
b100100111 3
#2965000
0&
0$
b10000101110101111001110010100011 "
b10000101110101111001110010100011 4
b10000101110101111001110010100011 <
1:
07
0;
09
b0 =
b10000101110101111001110010100011 >
1,
#2970000
0,
b110110001110011101100001101 1
b110110001110011101100001101 5
1+
12
b100101000 3
#2975000
1,
#2980000
0,
b11101001010110011111000011010010 1
b11101001010110011111000011010010 5
0+
0/
b100101001 3
#2985000
1,
#2990000
0,
b11010010101010100000000010100101 1
b11010010101010100000000010100101 5
0*
1/
b100101010 3
#2995000
1,
#3000000
0,
b11110001110001111101100011100011 1
b11110001110001111101100011100011 5
1*
1+
02
b100101011 3
#3005000
1,
#3010000
0,
b11000101000011100101000010001010 1
b11000101000011100101000010001010 5
0*
12
1.
0/
1-
b100101100 3
#3015000
1,
#3020000
0,
b1010111011011010000110110101110 1
b1010111011011010000110110101110 5
02
0.
0-
b100101101 3
#3025000
1,
#3030000
0,
b10001000010100111001111000010000 1
b10001000010100111001111000010000 5
1*
0+
1.
b100101110 3
#3035000
1,
#3040000
0,
b10111001010001111000110001110010 1
b10111001010001111000110001110010 5
0*
12
0.
1-
b100101111 3
#3045000
1,
#3050000
0,
b10011100101001100000011000111001 1
b10011100101001100000011000111001 5
1/
0-
b100110000 3
#3055000
1,
#3060000
0,
b10101011010111000011100001010110 1
b10101011010111000011100001010110 5
1+
1.
0/
b100110001 3
#3065000
1,
#3070000
0,
b10010101101010010111000000101011 1
b10010101101010010111000000101011 5
1*
02
1/
1-
b100110010 3
#3075000
1%
1$
0:
17
1;
19
b10010101101010010111000000101011 "
b10010101101010010111000000101011 4
b10010101101010010111000000101011 <
b1 =
1,
#3080000
0%
0,
b11001111101000100110101010011111 1
b11001111101000100110101010011111 5
0+
0.
0/
b100110011 3
#3085000
0&
0$
b11001111101000100111000000101011 "
b11001111101000100111000000101011 4
b11001111101000100111000000101011 <
1:
07
0;
09
b0 =
b11001111101000100111000000101011 >
1,
#3090000
0,
b1110011101111010111100011100 1
b1110011101111010111100011100 5
0*
12
1.
b100110100 3
#3095000
1,
#3100000
0,
b11000001011011101001101010000010 1
b11000001011011101001101010000010 5
02
0-
b100110101 3
#3105000
1,
#3110000
0,
b110100011110011010010101101000 1
b110100011110011010010101101000 5
0.
b100110110 3
#3115000
1,
#3120000
0,
b10110011000000111111101001100110 1
b10110011000000111111101001100110 5
1/
b100110111 3
#3125000
1,
#3130000
0,
b11011000011000110101111010110000 1
b11011000011000110101111010110000 5
1*
1+
1-
b100111000 3
#3135000
1&
0%
1$
0:
1;
19
b11011000011000110101111010110000 "
b11011000011000110101111010110000 4
b11011000011000110101111010110000 <
b1 =
1,
#3140000
0,
b11011110101101010001011010111101 1
b11011110101101010001011010111101 5
0+
0/
b100111001 3
#3145000
0&
0$
b11011110101101010001111010110000 "
b11011110101101010001111010110000 4
b11011110101101010001111010110000 <
1:
0;
09
b0 =
b11011110101101010001111010110000 >
1,
#3150000
0,
b10101010110110011001100101010 1
b10101010110110011001100101010 5
1+
12
1.
1/
0-
b100111010 3
#3155000
1,
#3160000
0,
b11001000101110110111110010010001 1
b11001000101110110111110010010001 5
0+
0.
0/
b100111011 3
#3165000
1,
#3170000
0,
b1000100111110100100000010 1
b1000100111110100100000010 5
0*
02
1.
1/
1-
b100111100 3
#3175000
0:
17
1;
19
b1000100111110100100000010 "
b1000100111110100100000010 4
b1000100111110100100000010 <
b1 =
1,
#3180000
1%
0,
b10110100101011100101000001101001 1
b10110100101011100101000001101001 5
1+
0/
0-
b100111101 3
#3185000
0%
0&
b10110100101011100100100100000010 "
b10110100101011100100100100000010 4
b10110100101011100100100100000010 <
1:
07
0;
09
b0 =
b10110100101011100100100100000010 >
1,
#3190000
0,
b101100011000011100111101011000 1
b101100011000011100111101011000 5
1*
0+
1/
b100111110 3
#3195000
1,
#3200000
0,
b10001001111111111011100100010 1
b10001001111111111011100100010 5
0*
0.
1-
b100111111 3
#3205000
1&
0:
1;
19
b10001001111111111011100100010 "
b10001001111111111011100100010 4
b10001001111111111011100100010 <
b1 =
1,
#3210000
1$
0,
b110010100100101110000101100101 1
b110010100100101110000101100101 5
1*
0/
b101000000 3
#3215000
0&
0$
b110010100100101111011100100010 "
b110010100100101111011100100010 4
b110010100100101111011100100010 <
1:
0;
09
b0 =
b110010100100101111011100100010 >
1,
#3220000
0,
b11100110101010101010110011001101 1
b11100110101010101010110011001101 5
0*
1/
0-
b101000001 3
#3225000
1,
#3230000
0,
b11011110100100011110100010111101 1
b11011110100100011110100010111101 5
12
b101000010 3
#3235000
1,
#3240000
0,
b11110111111101000010110011101111 1
b11110111111101000010110011101111 5
1*
02
b101000011 3
#3245000
1,
#3250000
0,
b10110111100111001001110001101111 1
b10110111100111001001110001101111 5
0*
1+
1.
0/
1-
b101000100 3
#3255000
1,
#3260000
0,
b110100111100000100110101101001 1
b110100111100000100110101101001 5
0+
12
0.
1/
b101000101 3
#3265000
1'
1(
0:
1;
19
b110100111100000100110101101001 "
b110100111100000100110101101001 4
b110100111100000100110101101001 <
b1 =
1,
#3270000
0'
0(
1&
0,
b11000100000101001011100010001000 1
b11000100000101001011100010001000 5
02
1.
0-
b101000110 3
#3275000
0&
b11000100000101001010110101101001 "
b11000100000101001010110101101001 4
b11000100000101001010110101101001 <
1:
0;
09
b0 =
07
b11000100000101001010110101101001 >
1,
#3280000
0,
b11000010101010101010000010000101 1
b11000010101010101010000010000101 5
1*
12
0.
1-
b101000111 3
#3285000
1'
1(
1$
0:
1;
19
b11000010101010101010000010000101 "
b11000010101010101010000010000101 4
b11000010101010101010000010000101 <
b1 =
1,
#3290000
0'
0(
1&
0,
b101111101101000010111101011111 1
b101111101101000010111101011111 5
02
0/
0-
b101001000 3
#3295000
0&
0$
b101111101101000010000010000101 "
b101111101101000010000010000101 4
b101111101101000010000010000101 <
1:
0;
09
b0 =
b101111101101000010000010000101 >
1,
#3300000
0,
b110001100111110001100101100011 1
b110001100111110001100101100011 5
0*
12
1.
1/
b101001001 3
#3305000
1,
#3310000
0,
b11110011001011000011001011100110 1
b11110011001011000011001011100110 5
02
0.
0/
1-
b101001010 3
#3315000
1,
#3320000
0,
b11100100111010011001101011001001 1
b11100100111010011001101011001001 5
1*
1+
b101001011 3
#3325000
1,
#3330000
0,
b11001101111101110110101010011011 1
b11001101111101110110101010011011 5
12
1.
1/
b101001100 3
#3335000
1(
1%
1$
0:
17
1;
19
b11001101111101110110101010011011 "
b11001101111101110110101010011011 4
b11001101111101110110101010011011 <
b1 =
1,
#3340000
0$
0,
b100011010101001011000101000110 1
b100011010101001011000101000110 5
0*
0/
b101001101 3
#3345000
0(
0%
b0 #
b0 6
0!
b100011010101001010101010011011 "
b100011010101001010101010011011 4
b100011010101001010101010011011 <
07
0;
09
b0 =
b100011010101001010101010011011 >
1,
#3350000
0,
b10000111111001110000100000001111 1
b10000111111001110000100000001111 5
0+
02
0.
0-
b101001110 3
#3355000
1,
#3360000
0,
b111010111011110001101101110101 1
b111010111011110001101101110101 5
1+
12
1.
1-
b101001111 3
#3365000
1,
#3370000
0,
b10110110101100101110011001101101 1
b10110110101100101110011001101101 5
1*
0+
02
0.
b101010000 3
#3375000
1,
#3380000
0,
b1111001100100000111101111110011 1
b1111001100100000111101111110011 5
1+
b101010001 3
#3385000
1,
#3390000
0,
b11011100100101001010111010111001 1
b11011100100101001010111010111001 5
0*
0+
b101010010 3
#3395000
1,
#3400000
0,
b11110000011101001110100011100000 1
b11110000011101001110100011100000 5
1*
1+
1/
b101010011 3
#3405000
1&
0%
1$
1;
19
b11110000011101001110100011100000 "
b11110000011101001110100011100000 4
b11110000011101001110100011100000 <
b1 =
1,
#3410000
1!
b1111 #
b1111 6
1%
1'
1(
0&
0$
0,
b11001111101101011111010010011111 1
b11001111101101011111010010011111 5
0*
12
0-
b101010100 3
#3415000
0!
b0 #
b0 6
0'
0(
0%
b11001111101101011110100011100000 "
b11001111101101011110100011100000 4
b11001111101101011110100011100000 <
0;
09
b0 =
b11001111101101011110100011100000 >
1,
#3420000
0,
b11110110110101111001101011101101 1
b11110110110101111001101011101101 5
1*
0+
02
1.
0/
b101010101 3
#3425000
1,
#3430000
0,
b10100110111110010101101001001101 1
b10100110111110010101101001001101 5
0*
1+
12
1-
b101010110 3
#3435000
1,
#3440000
0,
b10010111001101001000010000101110 1
b10010111001101001000010000101110 5
1*
02
0.
1/
0-
b101010111 3
#3445000
1,
#3450000
0,
b10111011001101010101100101110 1
b10111011001101010101100101110 5
0*
1.
1-
b101011000 3
#3455000
1%
17
1;
19
b10111011001101010101100101110 "
b10111011001101010101100101110 4
b10111011001101010101100101110 <
b1 =
1,
#3460000
1(
1$
0,
b1110100100110001111010111101001 1
b1110100100110001111010111101001 5
1*
12
0.
0-
b101011001 3
#3465000
0(
0%
b0 #
b0 6
0!
0$
b1110100100110001110101100101110 "
b1110100100110001110101100101110 4
b1110100100110001110101100101110 <
07
0;
09
b0 =
b1110100100110001110101100101110 >
1,
#3470000
0,
b11101110010000011111111011011100 1
b11101110010000011111111011011100 5
0+
1-
b101011010 3
#3475000
1'
1(
1$
1;
19
b11101110010000011111111011011100 "
b11101110010000011111111011011100 4
b11101110010000011111111011011100 <
b1 =
1,
#3480000
0'
0(
1&
0,
b10110001001010110011010001100010 1
b10110001001010110011010001100010 5
02
b101011011 3
#3485000
0&
0$
b10110001001010110011111011011100 "
b10110001001010110011111011011100 4
b10110001001010110011111011011100 <
1:
0;
09
b0 =
b10110001001010110011111011011100 >
1,
#3490000
0,
b1010110100101011101101110101101 1
b1010110100101011101101110101101 5
12
1.
b101011100 3
#3495000
1(
1$
0:
17
1;
19
b1010110100101011101101110101101 "
b1010110100101011101101110101101 4
b1010110100101011101101110101101 <
b1 =
1,
#3500000
1%
0,
b11100100110100010010110011001001 1
b11100100110100010010110011001001 5
1+
0.
0/
0-
b101011101 3
#3505000
0(
0%
b0 #
b0 6
0!
0$
b11100100110100010011101110101101 "
b11100100110100010011101110101101 4
b11100100110100010011101110101101 <
07
0;
09
b0 =
b11100100110100010011101110101101 >
1,
#3510000
0,
b10001101101110000100111000011011 1
b10001101101110000100111000011011 5
1.
1/
b101011110 3
#3515000
1,
#3520000
0,
b10110010100111011111110001100101 1
b10110010100111011111110001100101 5
0*
0+
b101011111 3
#3525000
1,
#3530000
0,
b11000001000100110001100010000010 1
b11000001000100110001100010000010 5
1*
1+
0.
1-
b101100000 3
#3535000
1!
b1111 #
b1111 6
1'
1(
1%
1$
1;
19
b11000001000100110001100010000010 "
b11000001000100110001100010000010 4
b11000001000100110001100010000010 <
b1 =
1,
#3540000
0$
0,
b11110101011011101010011011101010 1
b11110101011011101010011011101010 5
0*
0/
0-
b101100001 3
#3545000
0!
b0 #
b0 6
0'
0(
0%
b11110101011011101011100010000010 "
b11110101011011101011100010000010 4
b11110101011011101011100010000010 <
0;
09
b0 =
b11110101011011101011100010000010 >
1,
#3550000
0,
b10111000001101101100000001110000 1
b10111000001101101100000001110000 5
1*
b101100010 3
#3555000
1,
#3560000
0,
b111111110111011010000101111111 1
b111111110111011010000101111111 5
0*
02
1.
1-
b101100011 3
#3565000
1,
#3570000
0,
b11011001000000001011101010110010 1
b11011001000000001011101010110010 5
1*
12
1/
b101100100 3
#3575000
1(
1%
1$
17
1;
19
b11011001000000001011101010110010 "
b11011001000000001011101010110010 4
b11011001000000001011101010110010 <
b1 =
1,
#3580000
0,
b1111001011101011000010111110010 1
b1111001011101011000010111110010 5
0/
b101100101 3
#3585000
0(
0%
b0 #
b0 6
0!
0$
b1111001011101011001101010110010 "
b1111001011101011001101010110010 4
b1111001011101011001101010110010 <
07
0;
09
b0 =
b1111001011101011001101010110010 >
1,
#3590000
0,
b10110000010111001000011001100000 1
b10110000010111001000011001100000 5
0+
1/
0-
b101100110 3
#3595000
1,
#3600000
0,
b101010110010101010010101010101 1
b101010110010101010010101010101 5
0.
0/
b101100111 3
#3605000
1,
#3610000
0,
b10101000111001111101001001010001 1
b10101000111001111101001001010001 5
1+
02
1.
1/
b101101000 3
#3615000
1,
#3620000
0,
b1111011111000111010111111110111 1
b1111011111000111010111111110111 5
12
0/
b101101001 3
#3625000
1,
#3630000
0,
b10101001100000011001010001010011 1
b10101001100000011001010001010011 5
0*
0+
1/
b101101010 3
#3635000
1,
#3640000
0,
b1110100000110010100110111101000 1
b1110100000110010100110111101000 5
02
0/
1-
b101101011 3
#3645000
1,
#3650000
0,
b101000100011000011010101010001 1
b101000100011000011010101010001 5
1+
0.
1/
0-
b101101100 3
#3655000
1,
#3660000
0,
b10100000010101001100010001000000 1
b10100000010101001100010001000000 5
1*
1.
0/
1-
b101101101 3
#3665000
1,
#3670000
0,
b10000101011010101010000000001010 1
b10000101011010101010000000001010 5
0*
12
0.
1/
b101101110 3
#3675000
1!
b1111 #
b1111 6
1'
1(
1%
1;
19
b10000101011010101010000000001010 "
b10000101011010101010000000001010 4
b10000101011010101010000000001010 <
b1 =
1,
#3680000
1$
0,
b1010100010101011001101110101000 1
b1010100010101011001101110101000 5
1*
b101101111 3
#3685000
0!
b0 #
b0 6
0'
0(
0%
0$
b1010100010101011000000000001010 "
b1010100010101011000000000001010 4
b1010100010101011000000000001010 <
0;
09
b0 =
b1010100010101011000000000001010 >
1,
#3690000
0,
b1100000100000000111011111000001 1
b1100000100000000111011111000001 5
0+
1.
0/
0-
b101110000 3
#3695000
1,
#3700000
0,
b110101011001100010110101101010 1
b110101011001100010110101101010 5
0*
02
0.
b101110001 3
#3705000
1,
#3710000
0,
b11100010101111010001110011000101 1
b11100010101111010001110011000101 5
1*
1+
12
1/
b101110010 3
#3715000
1,
#3720000
0,
b10000101001110101010100100001 1
b10000101001110101010100100001 5
0*
0+
0/
b101110011 3
#3725000
1,
#3730000
0,
b10100000011110011110101001000000 1
b10100000011110011110101001000000 5
1*
02
1/
b101110100 3
#3735000
1,
#3740000
0,
b11100110110110000101100111001 1
b11100110110110000101100111001 5
0*
1+
12
1.
b101110101 3
#3745000
1,
#3750000
0,
b10110000001100110011111001100000 1
b10110000001100110011111001100000 5
1*
0+
0/
b101110110 3
#3755000
1,
#3760000
0,
b11111010101100000000100111110 1
b11111010101100000000100111110 5
0*
02
1-
b101110111 3
#3765000
1,
#3770000
0,
b11011100011001001010010010111000 1
b11011100011001001010010010111000 5
1*
1+
0.
1/
0-
b101111000 3
#3775000
1,
#3780000
0,
b1101101100000000100001111011011 1
b1101101100000000100001111011011 5
0*
1.
0/
1-
b101111001 3
#3785000
1,
#3790000
0,
b111000100011111111100101110001 1
b111000100011111111100101110001 5
0+
0.
1/
0-
b101111010 3
#3795000
1,
#3800000
0,
b11100000000011001101111011000000 1
b11100000000011001101111011000000 5
1*
12
1.
1-
b101111011 3
#3805000
1(
1$
17
1;
19
b11100000000011001101111011000000 "
b11100000000011001101111011000000 4
b11100000000011001101111011000000 <
b1 =
1,
#3810000
1%
0(
0,
b100001101110111101100001000 1
b100001101110111101100001000 5
1+
02
0-
b101111100 3
#3815000
0%
0&
0$
b100001101110111111011000000 "
b100001101110111111011000000 4
b100001101110111111011000000 <
1:
07
0;
09
b0 =
b100001101110111111011000000 >
1,
#3820000
0,
b1110010110100000111100111100101 1
b1110010110100000111100111100101 5
b101111101 3
#3825000
1,
#3830000
0,
b1011011010100101111111110110110 1
b1011011010100101111111110110110 5
0*
0+
0.
1-
b101111110 3
#3835000
1&
0:
1;
19
b1011011010100101111111110110110 "
b1011011010100101111111110110110 4
b1011011010100101111111110110110 <
b1 =
1,
#3840000
1'
1(
0&
1$
0,
b11101011110111101111010011010111 1
b11101011110111101111010011010111 5
1*
12
b101111111 3
#3845000
0'
0(
0$
b11101011110111101111111110110110 "
b11101011110111101111111110110110 4
b11101011110111101111111110110110 <
0;
09
b0 =
b11101011110111101111111110110110 >
1,
#3850000
0,
b11101010100010000000000011010101 1
b11101010100010000000000011010101 5
0*
02
1.
0/
0-
b110000000 3
#3855000
1,
#3860000
0,
b1101110010110000001000111011100 1
b1101110010110000001000111011100 5
1+
12
0.
1/
b110000001 3
#3865000
1,
#3870000
0,
b1100110001011001100011111001100 1
b1100110001011001100011111001100 5
1*
02
b110000010 3
#3875000
1,
#3880000
0,
b11000001000010110000011010000010 1
b11000001000010110000011010000010 5
0*
0+
12
1-
b110000011 3
#3885000
1'
1(
1;
19
b11000001000010110000011010000010 "
b11000001000010110000011010000010 4
b11000001000010110000011010000010 <
b1 =
1,
#3890000
0'
0(
1&
0,
b1101110111101000011100011011 1
b1101110111101000011100011011 5
02
0-
b110000100 3
#3895000
0&
b1101110111101000011010000010 "
b1101110111101000011010000010 4
b1101110111101000011010000010 <
1:
0;
09
b0 =
b1101110111101000011010000010 >
1,
#3900000
0,
b111110110110010010110101111101 1
b111110110110010010110101111101 5
1*
1+
12
1-
b110000101 3
#3905000
1!
b1111 #
b1111 6
1'
1(
1%
1$
0:
1;
19
b111110110110010010110101111101 "
b111110110110010010110101111101 4
b111110110110010010110101111101 <
b1 =
1,
#3910000
0'
b0 #
b0 6
0!
0%
0(
1&
0,
b11000011001100101000001010000110 1
b11000011001100101000001010000110 5
0+
02
1.
0/
b110000110 3
#3915000
0&
0$
b11000011001100101000110101111101 "
b11000011001100101000110101111101 4
b11000011001100101000110101111101 <
1:
0;
09
b0 =
b11000011001100101000110101111101 >
1,
#3920000
0,
b1001110011111111001011110011100 1
b1001110011111111001011110011100 5
0*
1+
12
0-
b110000111 3
#3925000
1,
#3930000
0,
b1011000110010100010010110110001 1
b1011000110010100010010110110001 5
1*
02
0.
1/
1-
b110001000 3
#3935000
1&
0%
1$
0:
1;
19
b1011000110010100010010110110001 "
b1011000110010100010010110110001 4
b1011000110010100010010110110001 <
b1 =
1,
#3940000
0,
b11010001001011111011010010100010 1
b11010001001011111011010010100010 5
1.
0/
0-
b110001001 3
#3945000
0&
0$
b11010001001011111010010110110001 "
b11010001001011111010010110110001 4
b11010001001011111010010110110001 <
1:
0;
09
b0 =
b11010001001011111010010110110001 >
1,
#3950000
0,
b1101111110100100010100111011111 1
b1101111110100100010100111011111 5
12
0.
1/
1-
b110001010 3
#3955000
1!
b1111 #
b1111 6
1'
1(
1%
1$
0:
1;
19
b1101111110100100010100111011111 "
b1101111110100100010100111011111 4
b1101111110100100010100111011111 <
b1 =
1,
#3960000
0,
b10100011000111101110110001000110 1
b10100011000111101110110001000110 5
1.
0-
b110001011 3
#3965000
0!
b0 #
b0 6
0'
0(
0%
0$
b10100011000111101110100111011111 "
b10100011000111101110100111011111 4
b10100011000111101110100111011111 <
0;
09
b0 =
07
b10100011000111101110100111011111 >
1,
#3970000
0,
b10101100101101001010111001011001 1
b10101100101101001010111001011001 5
0+
02
0.
0/
1-
b110001100 3
#3975000
1,
#3980000
0,
b11111110111101010100100011111101 1
b11111110111101010100100011111101 5
0*
1+
1.
1/
b110001101 3
#3985000
1%
17
1;
19
b11111110111101010100100011111101 "
b11111110111101010100100011111101 4
b11111110111101010100100011111101 <
b1 =
1,
#3990000
0%
0,
b11110000100001100110100011100001 1
b11110000100001100110100011100001 5
0+
0.
0/
b110001110 3
#3995000
0&
b11110000100001100110100011111101 "
b11110000100001100110100011111101 4
b11110000100001100110100011111101 <
1:
07
0;
09
b0 =
b11110000100001100110100011111101 >
1,
#4000000
0,
b11000100110000110000101010001001 1
b11000100110000110000101010001001 5
12
1.
1/
b110001111 3
#4005000
1(
0:
17
1;
19
b11000100110000110000101010001001 "
b11000100110000110000101010001001 4
b11000100110000110000101010001001 <
b1 =
1,
#4010000
1%
0(
0,
b11001011011101101011011010010110 1
b11001011011101101011011010010110 5
1+
02
0.
0/
b110010000 3
#4015000
0%
0&
b11001011011101101010101010001001 "
b11001011011101101010101010001001 4
b11001011011101101010101010001001 <
1:
07
0;
09
b0 =
b11001011011101101010101010001001 >
1,
#4020000
0,
b111110111001010100111101111101 1
b111110111001010100111101111101 5
0+
1.
0-
b110010001 3
#4025000
1,
#4030000
0,
b110101010010101011110101101010 1
b110101010010101011110101101010 5
1+
12
1/
1-
b110010010 3
#4035000
1(
1%
0:
17
1;
19
b110101010010101011110101101010 "
b110101010010101011110101101010 4
b110101010010101011110101101010 <
b1 =
1,
#4040000
0%
1$
0,
b1110011000000011011001111100110 1
b1110011000000011011001111100110 5
1*
0+
0-
b110010011 3
#4045000
0(
0$
b1110011000000011011110101101010 "
b1110011000000011011110101101010 4
b1110011000000011011110101101010 <
07
0;
09
b0 =
b1110011000000011011110101101010 >
1,
#4050000
0,
b11110011101010111001000011100111 1
b11110011101010111001000011100111 5
1+
0/
b110010100 3
#4055000
1,
#4060000
0,
b1001011000000001110101110010110 1
b1001011000000001110101110010110 5
0*
02
0.
b110010101 3
#4065000
1,
#4070000
0,
b10100010110011110101001001000101 1
b10100010110011110101001001000101 5
0+
1.
1/
b110010110 3
#4075000
1,
#4080000
0,
b1011001101100000110101110110011 1
b1011001101100000110101110110011 5
0.
1-
b110010111 3
#4085000
1&
1;
19
b1011001101100000110101110110011 "
b1011001101100000110101110110011 4
b1011001101100000110101110110011 <
b1 =
1,
#4090000
1$
0,
b1000011110001010101000110000111 1
b1000011110001010101000110000111 5
1*
0-
b110011000 3
#4095000
0&
0$
b1000011110001010100101110110011 "
b1000011110001010100101110110011 4
b1000011110001010100101110110011 <
1:
0;
09
b0 =
b1000011110001010100101110110011 >
1,
#4100000
0,
b10100000011100110000000001000000 1
b10100000011100110000000001000000 5
0*
12
1.
0/
1-
b110011001 3
#4105000
1,
#4110000
0,
b110100011011010010001101101000 1
b110100011011010010001101101000 5
1+
0.
0-
b110011010 3
#4115000
1,
#4120000
0,
b11110111001010000111011011101110 1
b11110111001010000111011011101110 5
0+
1/
b110011011 3
#4125000
1,
#4130000
0,
b10110111111000001100110001101111 1
b10110111111000001100110001101111 5
1+
1.
b110011100 3
#4135000
1,
#4140000
0,
b1111101001101000011010111111010 1
b1111101001101000011010111111010 5
1*
0+
0.
0/
1-
b110011101 3
#4145000
1,
#4150000
0,
b1101010110110011110000111010101 1
b1101010110110011110000111010101 5
1+
02
1/
0-
b110011110 3
#4155000
1,
#4160000
0,
b111010010010101101101101110100 1
b111010010010101101101101110100 5
0+
1.
0/
1-
b110011111 3
#4165000
1,
#4170000
0,
b1010110010110011001011110101100 1
b1010110010110011001011110101100 5
1+
0.
1/
b110100000 3
#4175000
1&
0%
1$
0:
1;
19
b1010110010110011001011110101100 "
b1010110010110011001011110101100 4
b1010110010110011001011110101100 <
b1 =
1,
#4180000
1'
1(
0&
0$
0,
b10111111011011101110101001111110 1
b10111111011011101110101001111110 5
0*
0+
12
1.
0-
b110100001 3
#4185000
0'
0(
b10111111011011101111011110101100 "
b10111111011011101111011110101100 4
b10111111011011101111011110101100 <
0;
09
b0 =
07
b10111111011011101111011110101100 >
1,
#4190000
0,
b1111011100110111111110111110111 1
b1111011100110111111110111110111 5
1*
02
b110100010 3
#4195000
1,
#4200000
0,
b10011100010001000101101000111000 1
b10011100010001000101101000111000 5
0*
1+
12
0.
b110100011 3
#4205000
1,
#4210000
0,
b11011111000111100000010010111110 1
b11011111000111100000010010111110 5
1*
0/
1-
b110100100 3
#4215000
1,
#4220000
0,
b11001010101000110100010010010101 1
b11001010101000110100010010010101 5
02
1/
0-
b110100101 3
#4225000
1,
#4230000
0,
b11110101001111101010111011101010 1
b11110101001111101010111011101010 5
0*
12
1.
1-
b110100110 3
#4235000
1(
1%
17
1;
19
b11110101001111101010111011101010 "
b11110101001111101010111011101010 4
b11110101001111101010111011101010 <
b1 =
1,
#4240000
0%
0,
b111010000100010111101101110100 1
b111010000100010111101101110100 5
0+
0.
b110100111 3
#4245000
b111010000100010110111011101010 "
b111010000100010110111011101010 4
b111010000100010110111011101010 <
09
b111010000100010110111011101010 >
1,
#4250000
1%
0,
b10001110000110010100100100011 1
b10001110000110010100100100011 5
1+
02
0-
b110101000 3
#4255000
0(
0%
b0 #
b0 6
0!
07
0;
b0 =
1,
#4260000
0,
b1010110100010110010101110101101 1
b1010110100010110010101110101101 5
1*
12
1.
1-
b110101001 3
#4265000
1(
1%
1$
17
1;
19
b1010110100010110010101110101101 "
b1010110100010110010101110101101 4
b1010110100010110010101110101101 <
b1 =
1,
#4270000
0$
0,
b11001100010001011110101010011000 1
b11001100010001011110101010011000 5
0*
b110101010 3
#4275000
0(
0%
b0 #
b0 6
0!
b11001100010001011110101110101101 "
b11001100010001011110101110101101 4
b11001100010001011110101110101101 <
07
0;
09
b0 =
b11001100010001011110101110101101 >
1,
#4280000
0,
b110001110000100111111101100011 1
b110001110000100111111101100011 5
1*
0+
0-
b110101011 3
#4285000
1,
#4290000
0,
b1011110010110001101100110111100 1
b1011110010110001101100110111100 5
0*
1+
02
0/
b110101100 3
#4295000
1,
#4300000
0,
b11001011101111100011110010010111 1
b11001011101111100011110010010111 5
1*
b110101101 3
#4305000
1,
#4310000
0,
b10000100111000100110001000001001 1
b10000100111000100110001000001001 5
0*
0+
1/
b110101110 3
#4315000
1,
#4320000
0,
b1000111011111110110100110001110 1
b1000111011111110110100110001110 5
1+
12
1-
b110101111 3
#4325000
1(
1%
17
1;
19
b1000111011111110110100110001110 "
b1000111011111110110100110001110 4
b1000111011111110110100110001110 <
b1 =
1,
#4330000
0%
0,
b10010100111111011010010000101001 1
b10010100111111011010010000101001 5
0+
0.
0/
b110110000 3
#4335000
0(
b10010100111111011010100110001110 "
b10010100111111011010100110001110 4
b10010100111111011010100110001110 <
07
0;
09
b0 =
b10010100111111011010100110001110 >
1,
#4340000
0,
b10010010000101011110000000100100 1
b10010010000101011110000000100100 5
1*
1+
02
0-
b110110001 3
#4345000
1,
#4350000
0,
b11101101011001011000101011011010 1
b11101101011001011000101011011010 5
0+
b110110010 3
#4355000
1,
#4360000
0,
b10010110010011000000000000101100 1
b10010110010011000000000000101100 5
12
1.
1/
b110110011 3
#4365000
1,
#4370000
0,
b11101000001100101110011011010000 1
b11101000001100101110011011010000 5
1+
02
0.
1-
b110110100 3
#4375000
1&
0%
1$
1;
19
b11101000001100101110011011010000 "
b11101000001100101110011011010000 4
b11101000001100101110011011010000 <
b1 =
1,
#4380000
1!
b1111 #
b1111 6
1%
1'
1(
0&
0$
0,
b1110100110100010011101111101001 1
b1110100110100010011101111101001 5
0*
12
0/
0-
b110110101 3
#4385000
0!
b0 #
b0 6
0'
0(
0%
b1110100110100010010011011010000 "
b1110100110100010010011011010000 4
b1110100110100010010011011010000 <
0;
09
b0 =
b1110100110100010010011011010000 >
1,
#4390000
0,
b10011101011101011001100000111010 1
b10011101011101011001100000111010 5
1*
0+
02
1/
b110110110 3
#4395000
1,
#4400000
0,
b11010000100010111100011010100001 1
b11010000100010111100011010100001 5
0*
1+
0/
1-
b110110111 3
#4405000
1,
#4410000
0,
b1010101111100001010110110101011 1
b1010101111100001010110110101011 5
1*
0+
12
1.
1/
0-
b110111000 3
#4415000
1,
#4420000
0,
b11110010010111100000000 1
b11110010010111100000000 5
0.
0/
1-
b110111001 3
#4425000
1,
#4430000
0,
b101110000000010111110101011100 1
b101110000000010111110101011100 5
1+
02
1/
b110111010 3
#4435000
1&
0%
1$
1;
19
b101110000000010111110101011100 "
b101110000000010111110101011100 4
b101110000000010111110101011100 <
b1 =
1,
#4440000
1'
1(
0&
0,
b1010100010001100000000110101000 1
b1010100010001100000000110101000 5
0+
12
0/
0-
b110111011 3
#4445000
0'
0(
0$
b1010100010001100001110101011100 "
b1010100010001100001110101011100 4
b1010100010001100001110101011100 <
0;
09
b0 =
b1010100010001100001110101011100 >
1,
#4450000
0,
b1001011011110011100111110010110 1
b1001011011110011100111110010110 5
1.
1/
1-
b110111100 3
#4455000
1(
1$
17
1;
19
b1001011011110011100111110010110 "
b1001011011110011100111110010110 4
b1001011011110011100111110010110 <
b1 =
1,
#4460000
1%
0$
0,
b1111110100001000110000111111101 1
b1111110100001000110000111111101 5
0*
1+
0.
b110111101 3
#4465000
0(
0%
b0 #
b0 6
0!
b1111110100001000110111110010110 "
b1111110100001000110111110010110 4
b1111110100001000110111110010110 <
07
0;
09
b0 =
b1111110100001000110111110010110 >
1,
#4470000
0,
b11011101111101001111000010111011 1
b11011101111101001111000010111011 5
0+
1.
b110111110 3
#4475000
1(
17
1;
19
b11011101111101001111000010111011 "
b11011101111101001111000010111011 4
b11011101111101001111000010111011 <
b1 =
1,
#4480000
1$
0,
b10111001010011011001100101110 1
b10111001010011011001100101110 5
1*
0.
0/
b110111111 3
#4485000
0(
0$
b10111001010011011000010111011 "
b10111001010011011000010111011 4
b10111001010011011000010111011 <
07
0;
09
b0 =
b10111001010011011000010111011 >
1,
#4490000
0,
b10111111011111101111100101111 1
b10111111011111101111100101111 5
0*
1+
1.
1/
0-
b111000000 3
#4495000
1,
#4500000
0,
b11110010101110110011010011100101 1
b11110010101110110011010011100101 5
02
0.
0/
1-
b111000001 3
#4505000
1,
#4510000
0,
b10111101011000110010100101111 1
b10111101011000110010100101111 5
1*
0+
1.
b111000010 3
#4515000
1,
#4520000
0,
b101110010100011010000101011100 1
b101110010100011010000101011100 5
1+
0.
1/
0-
b111000011 3
#4525000
1,
#4530000
0,
b10000001101001110011001000000011 1
b10000001101001110011001000000011 5
0+
1.
0/
b111000100 3
#4535000
1,
#4540000
0,
b111110010110111100110101111100 1
b111110010110111100110101111100 5
0*
12
1/
b111000101 3
#4545000
1,
#4550000
0,
b1011001010010000110100010110 1
b1011001010010000110100010110 5
1*
1+
02
0.
1-
b111000110 3
#4555000
1&
0%
1$
1;
19
b1011001010010000110100010110 "
b1011001010010000110100010110 4
b1011001010010000110100010110 <
b1 =
1,
#4560000
0,
b1110101110010000100111111101011 1
b1110101110010000100111111101011 5
b111000111 3
#4565000
0&
0$
b1110101110010000100110100010110 "
b1110101110010000100110100010110 4
b1110101110010000100110100010110 <
1:
0;
09
b0 =
b1110101110010000100110100010110 >
1,
#4570000
0,
b10010010001110101101110000100100 1
b10010010001110101101110000100100 5
0*
0+
0-
b111001000 3
#4575000
1,
#4580000
0,
b1001100111111100001000110011001 1
b1001100111111100001000110011001 5
1+
12
b111001001 3
#4585000
1,
#4590000
0,
b1010001000001001101110110100010 1
b1010001000001001101110110100010 5
1*
0+
0/
1-
b111001010 3
#4595000
1,
#4600000
0,
b10011011110010111111111000110111 1
b10011011110010111111111000110111 5
1+
02
0-
b111001011 3
#4605000
1,
#4610000
0,
b1101101011000001011000111011010 1
b1101101011000001011000111011010 5
12
1.
1-
b111001100 3
#4615000
1,
#4620000
0,
b11101111001101111010000011011110 1
b11101111001101111010000011011110 5
0+
1/
0-
b111001101 3
#4625000
1,
#4630000
0,
b1001010001001101000101110010100 1
b1001010001001101000101110010100 5
0*
02
0/
1-
b111001110 3
#4635000
1,
#4640000
0,
b10010011110100101011100000100111 1
b10010011110100101011100000100111 5
1*
1+
0.
1/
b111001111 3
#4645000
1&
0%
1$
0:
1;
19
b10010011110100101011100000100111 "
b10010011110100101011100000100111 4
b10010011110100101011100000100111 <
b1 =
1,
#4650000
0$
0,
b11000110011111010100010010001100 1
b11000110011111010100010010001100 5
0*
1.
0-
b111010000 3
#4655000
0&
b11000110011111010101100000100111 "
b11000110011111010101100000100111 4
b11000110011111010101100000100111 <
1:
0;
09
b0 =
07
b11000110011111010101100000100111 >
1,
#4660000
0,
b11000110111111111110001010001101 1
b11000110111111111110001010001101 5
12
0.
0/
b111010001 3
#4665000
1,
#4670000
0,
b10110000001101011000100001100000 1
b10110000001101011000100001100000 5
1-
b111010010 3
#4675000
1,
#4680000
0,
b110101010011100011110101101010 1
b110101010011100011110101101010 5
1*
02
0-
b111010011 3
#4685000
1,
#4690000
0,
b1001000111101111110101110010001 1
b1001000111101111110101110010001 5
0*
12
1.
1-
b111010100 3
#4695000
1,
#4700000
0,
b1101001110100111111101111010011 1
b1101001110100111111101111010011 5
1*
0.
0-
b111010101 3
#4705000
1,
#4710000
0,
b10001010110011100000110000010101 1
b10001010110011100000110000010101 5
1.
1/
b111010110 3
#4715000
1,
#4720000
0,
b10001010001100000001000000010100 1
b10001010001100000001000000010100 5
b111010111 3
#4725000
1,
#4730000
0,
b111010011101011100100001110 1
b111010011101011100100001110 5
0*
0+
02
1-
b111011000 3
#4735000
0:
17
1;
19
b111010011101011100100001110 "
b111010011101011100100001110 4
b111010011101011100100001110 <
b1 =
1,
#4740000
1%
1$
0,
b10011100100110101100110000111001 1
b10011100100110101100110000111001 5
1*
1+
0-
b111011001 3
#4745000
0%
0&
0$
b10011100100110101101100100001110 "
b10011100100110101101100100001110 4
b10011100100110101101100100001110 <
1:
07
0;
09
b0 =
b10011100100110101101100100001110 >
1,
#4750000
0,
b1111101011101010000100111111010 1
b1111101011101010000100111111010 5
0+
1-
b111011010 3
#4755000
1$
0:
17
1;
19
b1111101011101010000100111111010 "
b1111101011101010000100111111010 4
b1111101011101010000100111111010 <
b1 =
1,
#4760000
1%
0,
b10001001011010111100100100010 1
b10001001011010111100100100010 5
1+
b111011011 3
#4765000
0%
0&
0$
b10001001011010110100111111010 "
b10001001011010110100111111010 4
b10001001011010110100111111010 <
1:
07
0;
09
b0 =
b10001001011010110100111111010 >
1,
#4770000
0,
b11000100111010101000000010001001 1
b11000100111010101000000010001001 5
0*
0+
12
0.
0-
b111011100 3
#4775000
1,
#4780000
0,
b1001101010010001111110110011010 1
b1001101010010001111110110011010 5
1+
1-
b111011101 3
#4785000
1!
b1111 #
b1111 6
1'
1(
1%
0:
1;
19
b1001101010010001111110110011010 "
b1001101010010001111110110011010 4
b1001101010010001111110110011010 <
b1 =
1,
#4790000
0'
b0 #
b0 6
0!
0%
0(
1&
0,
b100010010011000011000101000100 1
b100010010011000011000101000100 5
0+
02
1.
0/
0-
b111011110 3
#4795000
0&
b100010010011000011110110011010 "
b100010010011000011110110011010 4
b100010010011000011110110011010 <
1:
0;
09
b0 =
b100010010011000011110110011010 >
1,
#4800000
0,
b11110111110000110111100011101111 1
b11110111110000110111100011101111 5
1+
12
1/
1-
b111011111 3
#4805000
1(
1%
0:
17
1;
19
b11110111110000110111100011101111 "
b11110111110000110111100011101111 4
b11110111110000110111100011101111 <
b1 =
1,
#4810000
0%
0(
0,
b10101110101100101101011001011101 1
b10101110101100101101011001011101 5
0+
02
0/
b111100000 3
#4815000
0&
b10101110101100101101100011101111 "
b10101110101100101101100011101111 4
b10101110101100101101100011101111 <
1:
07
0;
09
b0 =
b10101110101100101101100011101111 >
1,
#4820000
0,
b10101110010001001110111001011100 1
b10101110010001001110111001011100 5
1*
0.
0-
b111100001 3
#4825000
1,
#4830000
0,
b11100101100001011111101011001011 1
b11100101100001011111101011001011 5
0*
1.
1-
b111100010 3
#4835000
1,
#4840000
0,
b1111111110101101010100011111 1
b1111111110101101010100011111 5
1*
1+
1/
b111100011 3
#4845000
1%
1$
0:
17
1;
19
b1111111110101101010100011111 "
b1111111110101101010100011111 4
b1111111110101101010100011111 <
b1 =
1,
#4850000
0%
1(
0$
0,
b11010110011000100001000010101100 1
b11010110011000100001000010101100 5
0*
0+
12
0.
0-
b111100100 3
#4855000
0(
b11010110011000100001010100011111 "
b11010110011000100001010100011111 4
b11010110011000100001010100011111 <
07
0;
09
b0 =
b11010110011000100001010100011111 >
1,
#4860000
0,
b10010111100010101100010000101111 1
b10010111100010101100010000101111 5
02
1.
1-
b111100101 3
#4865000
17
1;
19
b10010111100010101100010000101111 "
b10010111100010101100010000101111 4
b10010111100010101100010000101111 <
b1 =
1,
#4870000
1$
0,
b10010101100110011001100000101011 1
b10010101100110011001100000101011 5
1*
b111100110 3
#4875000
0&
0$
b10010101100110011000010000101111 "
b10010101100110011000010000101111 4
b10010101100110011000010000101111 <
1:
07
0;
09
b0 =
b10010101100110011000010000101111 >
1,
#4880000
0,
b101111011000001000100001011 1
b101111011000001000100001011 5
0*
1+
12
b111100111 3
#4885000
1(
1%
0:
17
1;
19
b101111011000001000100001011 "
b101111011000001000100001011 4
b101111011000001000100001011 <
b1 =
1,
#4890000
0,
b10000100100110010100000000001001 1
b10000100100110010100000000001001 5
0.
0/
0-
b111101000 3
#4895000
0(
0%
b0 #
b0 6
0!
b10000100100110010101000100001011 "
b10000100100110010101000100001011 4
b10000100100110010101000100001011 <
07
0;
09
b0 =
b10000100100110010101000100001011 >
1,
#4900000
0,
b10001100100000110011100100011 1
b10001100100000110011100100011 5
1*
02
1/
b111101001 3
#4905000
1,
#4910000
0,
b10011100001101101111111000111000 1
b10011100001101101111111000111000 5
0*
0+
0/
b111101010 3
#4915000
1,
#4920000
0,
b11001000000110111000100110010 1
b11001000000110111000100110010 5
1*
1+
12
1.
1-
b111101011 3
#4925000
1,
#4930000
0,
b110101101101000011101101101011 1
b110101101101000011101101101011 5
0*
02
b111101100 3
#4935000
1,
#4940000
0,
b10101101111010010111010001011011 1
b10101101111010010111010001011011 5
1*
0+
12
0.
b111101101 3
#4945000
1,
#4950000
0,
b10010011111110101110001000100111 1
b10010011111110101110001000100111 5
02
1.
1/
0-
b111101110 3
#4955000
1,
#4960000
0,
b1011101000001001111011110111010 1
b1011101000001001111011110111010 5
0*
1+
12
0.
0/
1-
b111101111 3
#4965000
1,
#4970000
0,
b11010101010111011001010010101010 1
b11010101010111011001010010101010 5
1*
0+
1.
b111110000 3
#4975000
1,
#4980000
0,
b10001101010110101010100100011 1
b10001101010110101010100100011 5
0*
1+
1/
0-
b111110001 3
#4985000
1,
#4990000
0,
b10101110111000101011100001011101 1
b10101110111000101011100001011101 5
0+
02
b111110010 3
#4995000
1,
#5000000
0,
b1000110110100000110101110001101 1
b1000110110100000110101110001101 5
0.
0/
1-
b111110011 3
#5005000
1,
#5010000
0,
b10001100111000101010000000011001 1
b10001100111000101010000000011001 5
1*
12
1/
0-
b111110100 3
#5015000
1,
#5020000
0,
b11010101100100010010101010101011 1
b11010101100100010010101010101011 5
0*
1+
02
1.
1-
b111110101 3
#5025000
1%
17
1;
19
b11010101100100010010101010101011 "
b11010101100100010010101010101011 4
b11010101100100010010101010101011 <
b1 =
1,
#5030000
0%
1$
0,
b100001100000001011000101000011 1
b100001100000001011000101000011 5
1*
0+
0/
0-
b111110110 3
#5035000
0&
0$
b100001100000001010101010101011 "
b100001100000001010101010101011 4
b100001100000001010101010101011 <
1:
07
0;
09
b0 =
b100001100000001010101010101011 >
1,
#5040000
0,
b1000111001010100110100010001 1
b1000111001010100110100010001 5
1+
12
b111110111 3
#5045000
1,
#5050000
0,
b111000010001110111010101110000 1
b111000010001110111010101110000 5
b111111000 3
#5055000
1,
#5060000
0,
b10011111110111111101101000111111 1
b10011111110111111101101000111111 5
0+
0.
1/
b111111001 3
#5065000
1,
#5070000
0,
b10000110111011111100001000001101 1
b10000110111011111100001000001101 5
0*
1+
0/
b111111010 3
#5075000
1,
#5080000
0,
b11101001101110001100000111 1
b11101001101110001100000111 5
1*
0+
1.
b111111011 3
#5085000
1,
#5090000
0,
b1010110000110101110001110101100 1
b1010110000110101110001110101100 5
1+
0.
1/
b111111100 3
#5095000
1,
#5100000
0,
b11100000010100000100100111000 1
b11100000010100000100100111000 5
0+
0/
b111111101 3
#5105000
1,
#5110000
0,
b11110001100001111010000011100011 1
b11110001100001111010000011100011 5
0*
1/
1-
b111111110 3
#5115000
1'
1(
0:
1;
19
b11110001100001111010000011100011 "
b11110001100001111010000011100011 4
b11110001100001111010000011100011 <
b1 =
1,
#5120000
0'
0(
1&
1$
0,
b1001101011000000011000110011010 1
b1001101011000000011000110011010 5
1*
02
0/
b111111111 3
#5125000
0&
0$
b1001101011000000010000011100011 "
b1001101011000000010000011100011 4
b1001101011000000010000011100011 <
1:
0;
09
b0 =
b1001101011000000010000011100011 >
1,
#5130000
0,
b110000010100111111100001100 1
b110000010100111111100001100 5
0*
1+
12
1/
b1000000000 3
#5135000
1!
b1111 #
b1111 6
1'
1(
1%
0:
1;
19
b110000010100111111100001100 "
b110000010100111111100001100 4
b110000010100111111100001100 <
b1 =
1,
#5140000
1$
0,
b110100000101000001100101101000 1
b110100000101000001100101101000 5
1*
1.
b1000000001 3
#5145000
0!
b0 #
b0 6
0'
0(
0%
0$
b110100000101000001111100001100 "
b110100000101000001111100001100 4
b110100000101000001111100001100 <
0;
09
b0 =
07
b110100000101000001111100001100 >
1,
#5150000
0,
b11100010100001100000100111000 1
b11100010100001100000100111000 5
0*
0+
02
0.
0-
b1000000010 3
#5155000
1,
#5160000
0,
b10110000001111111101100101100 1
b10110000001111111101100101100 5
1*
1+
12
1.
1-
b1000000011 3
#5165000
1(
1%
1$
17
1;
19
b10110000001111111101100101100 "
b10110000001111111101100101100 4
b10110000001111111101100101100 <
b1 =
1,
#5170000
0,
b1101010001101101001111111010100 1
b1101010001101101001111111010100 5
0.
b1000000100 3
#5175000
0(
0%
b0 #
b0 6
0!
0$
b1101010001101101001101100101100 "
b1101010001101101001101100101100 4
b1101010001101101001101100101100 <
07
0;
09
b0 =
b1101010001101101001101100101100 >
1,
#5180000
0,
b10101111101110000010110001011111 1
b10101111101110000010110001011111 5
0*
0+
02
1.
0/
b1000000101 3
#5185000
1,
#5190000
0,
b11110001001110000101010011100010 1
b11110001001110000101010011100010 5
1+
12
0.
b1000000110 3
#5195000
1,
#5200000
0,
b1101010110001001100010111010101 1
b1101010110001001100010111010101 5
0+
02
b1000000111 3
#5205000
1,
#5210000
0,
b1111111010001100101010111111110 1
b1111111010001100101010111111110 5
1*
1+
1.
b1000001000 3
#5215000
1,
#5220000
0,
b11101010010100010110100111010 1
b11101010010100010110100111010 5
0.
b1000001001 3
#5225000
1,
#5230000
0,
b1011000000001000101001110110000 1
b1011000000001000101001110110000 5
0+
0-
b1000001010 3
#5235000
1,
#5240000
0,
b10011101001100001101000000111010 1
b10011101001100001101000000111010 5
0*
1+
12
1.
b1000001011 3
#5245000
1,
#5250000
0,
b111111001110110111010101111110 1
b111111001110110111010101111110 5
1*
b1000001100 3
#5255000
1,
#5260000
0,
b10101000010110111011100001010000 1
b10101000010110111011100001010000 5
0+
02
0.
1/
b1000001101 3
#5265000
1,
#5270000
0,
b10000001110110110100000100 1
b10000001110110110100000100 5
0*
1+
12
0/
b1000001110 3
#5275000
1,
#5280000
0,
b1010010010111100010011110100100 1
b1010010010111100010011110100100 5
1.
1-
b1000001111 3
#5285000
1,
#5290000
0,
b10100011000001101001010001000110 1
b10100011000001101001010001000110 5
b1000010000 3
#5295000
1,
#5300000
0,
b1000010001000000011011110000100 1
b1000010001000000011011110000100 5
1/
0-
b1000010001 3
#5305000
1,
#5310000
0,
b10100110100101010001011001001101 1
b10100110100101010001011001001101 5
1*
02
b1000010010 3
#5315000
1,
#5320000
0,
b11111101100110101000011011111011 1
b11111101100110101000011011111011 5
0*
0.
b1000010011 3
#5325000
1,
#5330000
0,
b11010110110110110000011010101101 1
b11010110110110110000011010101101 5
1.
1-
b1000010100 3
#5335000
1%
17
1;
19
b11010110110110110000011010101101 "
b11010110110110110000011010101101 4
b11010110110110110000011010101101 <
b1 =
1,
#5340000
0%
1(
1$
0,
b111111100100001100101101111111 1
b111111100100001100101101111111 5
1*
0+
12
0.
0/
b1000010101 3
#5345000
0(
0$
b111111100100001100011010101101 "
b111111100100001100011010101101 4
b111111100100001100011010101101 <
07
0;
09
b0 =
b111111100100001100011010101101 >
1,
#5350000
0,
b11100100001101011000010011001000 1
b11100100001101011000010011001000 5
0*
1+
0-
b1000010110 3
#5355000
1,
#5360000
0,
b1001010111100110111011110010101 1
b1001010111100110111011110010101 5
1*
02
b1000010111 3
#5365000
1,
#5370000
0,
b10110101010000101110000001101010 1
b10110101010000101110000001101010 5
0*
0+
1-
b1000011000 3
#5375000
1,
#5380000
0,
b1010001010100000101100110100010 1
b1010001010100000101100110100010 5
1+
1/
b1000011001 3
#5385000
1&
0%
1;
19
b1010001010100000101100110100010 "
b1010001010100000101100110100010 4
b1010001010100000101100110100010 <
b1 =
1,
#5390000
1$
0,
b10111010100110011010110001110101 1
b10111010100110011010110001110101 5
1*
0+
1.
b1000011010 3
#5395000
0&
0$
b10111010100110011011100110100010 "
b10111010100110011011100110100010 4
b10111010100110011011100110100010 <
1:
0;
09
b0 =
07
b10111010100110011011100110100010 >
1,
#5400000
0,
b10111101011110100011110001111010 1
b10111101011110100011110001111010 5
0*
1+
12
b1000011011 3
#5405000
1(
1%
0:
17
1;
19
b10111101011110100011110001111010 "
b10111101011110100011110001111010 4
b10111101011110100011110001111010 <
b1 =
1,
#5410000
0%
1$
0,
b1011100111100101111001110111001 1
b1011100111100101111001110111001 5
1*
0+
0-
b1000011100 3
#5415000
0(
0$
b1011100111100101111110001111010 "
b1011100111100101111110001111010 4
b1011100111100101111110001111010 <
07
0;
09
b0 =
b1011100111100101111110001111010 >
1,
#5420000
0,
b1111001010011111000010111110010 1
b1111001010011111000010111110010 5
1+
02
0/
1-
b1000011101 3
#5425000
1,
#5430000
0,
b1010001010011110100001110100010 1
b1010001010011110100001110100010 5
0*
0+
b1000011110 3
#5435000
1,
#5440000
0,
b10000101010001111101100000001010 1
b10000101010001111101100000001010 5
1*
1+
12
0-
b1000011111 3
#5445000
1,
#5450000
0,
b1110101010111101101011111101010 1
b1110101010111101101011111101010 5
0*
1/
1-
b1000100000 3
#5455000
1(
1%
17
1;
19
b1110101010111101101011111101010 "
b1110101010111101101011111101010 4
b1110101010111101101011111101010 <
b1 =
1,
#5460000
0(
1$
0,
b1100010001100001011001111000100 1
b1100010001100001011001111000100 5
1*
02
0.
0-
b1000100001 3
#5465000
0%
0&
0$
b1100010001100001011011111101010 "
b1100010001100001011011111101010 4
b1100010001100001011011111101010 <
1:
07
0;
09
b0 =
b1100010001100001011011111101010 >
1,
#5470000
0,
b1111111001101001011100111111110 1
b1111111001101001011100111111110 5
0+
1.
0/
1-
b1000100010 3
#5475000
1,
#5480000
0,
b1010001010000010000111110100010 1
b1010001010000010000111110100010 5
1+
12
0.
0-
b1000100011 3
#5485000
1,
#5490000
0,
b1110110000011001101101111101100 1
b1110110000011001101101111101100 5
0*
1/
1-
b1000100100 3
#5495000
1!
b1111 #
b1111 6
1'
1(
1%
0:
1;
19
b1110110000011001101101111101100 "
b1110110000011001101101111101100 4
b1110110000011001101101111101100 <
b1 =
1,
#5500000
0,
b111100011011000000011101111000 1
b111100011011000000011101111000 5
1.
0-
b1000100101 3
#5505000
0!
b0 #
b0 6
0'
0(
0%
b111100011011000001101111101100 "
b111100011011000001101111101100 4
b111100011011000001101111101100 <
0;
09
b0 =
07
b111100011011000001101111101100 >
1,
#5510000
0,
b1000110101011010100001110001101 1
b1000110101011010100001110001101 5
0.
1-
b1000100110 3
#5515000
1!
b1111 #
b1111 6
1'
1(
1%
1;
19
b1000110101011010100001110001101 "
b1000110101011010100001110001101 4
b1000110101011010100001110001101 <
b1 =
1,
#5520000
0!
b0 #
b0 6
0%
0'
0(
1&
0,
b10100000100110100110011001000001 1
b10100000100110100110011001000001 5
02
0-
b1000100111 3
#5525000
0&
b10100000100110100110001110001101 "
b10100000100110100110001110001101 4
b10100000100110100110001110001101 <
1:
0;
09
b0 =
b10100000100110100110001110001101 >
1,
#5530000
0,
b100101010100001011100001001 1
b100101010100001011100001001 5
b1000101000 3
#5535000
1,
#5540000
0,
b101001100110110001100001010 1
b101001100110110001100001010 5
1*
0+
12
b1000101001 3
#5545000
1,
#5550000
0,
b111010100101001101010101110101 1
b111010100101001101010101110101 5
1+
1.
1-
b1000101010 3
#5555000
1(
1%
1$
0:
17
1;
19
b111010100101001101010101110101 "
b111010100101001101010101110101 4
b111010100101001101010101110101 <
b1 =
1,
#5560000
0%
0(
0,
b11011000000111000010001010110000 1
b11011000000111000010001010110000 5
0+
02
0-
b1000101011 3
#5565000
0&
0$
b11011000000111000011010101110101 "
b11011000000111000011010101110101 4
b11011000000111000011010101110101 <
1:
07
0;
09
b0 =
b11011000000111000011010101110101 >
1,
#5570000
0,
b111101110111100101111101111011 1
b111101110111100101111101111011 5
1+
12
0/
1-
b1000101100 3
#5575000
1,
#5580000
0,
b11011011000101100110110010110110 1
b11011011000101100110110010110110 5
0+
0.
0-
b1000101101 3
#5585000
1,
#5590000
0,
b1111111111101000010010111111111 1
b1111111111101000010010111111111 5
1.
1-
b1000101110 3
#5595000
1,
#5600000
0,
b11111001001100100010100111110 1
b11111001001100100010100111110 5
1+
0-
b1000101111 3
#5605000
1,
#5610000
0,
b1111100111000000100010111111001 1
b1111100111000000100010111111001 5
0*
1-
b1000110000 3
#5615000
1,
#5620000
0,
b11000100011001101000100010001000 1
b11000100011001101000100010001000 5
0+
0.
0-
b1000110001 3
#5625000
1,
#5630000
0,
b11100000011101001010010011000000 1
b11100000011101001010010011000000 5
1.
1/
1-
b1000110010 3
#5635000
1(
0:
17
1;
19
b11100000011101001010010011000000 "
b11100000011101001010010011000000 4
b11100000011101001010010011000000 <
b1 =
1,
#5640000
0,
b11001000011101001001010010010000 1
b11001000011101001001010010010000 5
0.
0/
0-
b1000110011 3
#5645000
0(
b11001000011101001000010011000000 "
b11001000011101001000010011000000 4
b11001000011101001000010011000000 <
07
0;
09
b0 =
b11001000011101001000010011000000 >
1,
#5650000
0,
b11110101110010010001110011101011 1
b11110101110010010001110011101011 5
02
1/
b1000110100 3
#5655000
1,
#5660000
0,
b1011010110101101110100010110 1
b1011010110101101110100010110 5
1+
1.
0/
1-
b1000110101 3
#5665000
1,
#5670000
0,
b100001100101001000101101000011 1
b100001100101001000101101000011 5
0.
1/
b1000110110 3
#5675000
1&
0%
1;
19
b100001100101001000101101000011 "
b100001100101001000101101000011 4
b100001100101001000101101000011 <
b1 =
1,
#5680000
1$
0,
b11001010101000101001001010010101 1
b11001010101000101001001010010101 5
1*
1.
0-
b1000110111 3
#5685000
0&
0$
b11001010101000101000101101000011 "
b11001010101000101000101101000011 4
b11001010101000101000101101000011 <
1:
0;
09
b0 =
07
b11001010101000101000101101000011 >
1,
#5690000
0,
b110110101010001111101101101101 1
b110110101010001111101101101101 5
12
1-
b1000111000 3
#5695000
1(
1%
1$
0:
17
1;
19
b110110101010001111101101101101 "
b110110101010001111101101101101 4
b110110101010001111101101101101 <
b1 =
1,
#5700000
0(
0$
0,
b10011111101000100011100100111 1
b10011111101000100011100100111 5
0*
02
b1000111001 3
#5705000
0%
0&
b10011111101000101101101101101 "
b10011111101000101101101101101 4
b10011111101000101101101101101 <
1:
07
0;
09
b0 =
b10011111101000101101101101101 >
1,
#5710000
0,
b10010100100110101100100000101001 1
b10010100100110101100100000101001 5
0+
0-
b1000111010 3
#5715000
1,
#5720000
0,
b10001100011011111000010000011000 1
b10001100011011111000010000011000 5
12
0.
0/
b1000111011 3
#5725000
1,
#5730000
0,
b1100011010110101011010111000110 1
b1100011010110101011010111000110 5
1.
1/
b1000111100 3
#5735000
1,
#5740000
0,
b1001111101000010111000110011111 1
b1001111101000010111000110011111 5
1+
b1000111101 3
#5745000
1,
#5750000
0,
b10010011010010110001001000100110 1
b10010011010010110001001000100110 5
0+
02
0.
1-
b1000111110 3
#5755000
1&
0:
1;
19
b10010011010010110001001000100110 "
b10010011010010110001001000100110 4
b10010011010010110001001000100110 <
b1 =
1,
#5760000
1$
0,
b1000110000100110111100010001 1
b1000110000100110111100010001 5
1*
1.
0-
b1000111111 3
#5765000
0&
0$
b1000110000100111001000100110 "
b1000110000100111001000100110 4
b1000110000100111001000100110 <
1:
0;
09
b0 =
07
b1000110000100111001000100110 >
1,
#5770000
0,
b11000000000101111101111010000000 1
b11000000000101111101111010000000 5
0*
1+
0.
0/
1-
b1001000000 3
#5775000
1,
#5780000
0,
b10110010101000101011110001100101 1
b10110010101000101011110001100101 5
1*
0+
12
1/
0-
b1001000001 3
#5785000
1,
#5790000
0,
b1011101010110011101111110111010 1
b1011101010110011101111110111010 5
02
0/
1-
b1001000010 3
#5795000
1,
#5800000
0,
b1110011011100001010100011100 1
b1110011011100001010100011100 5
0*
1.
1/
b1001000011 3
#5805000
0:
17
1;
19
b1110011011100001010100011100 "
b1110011011100001010100011100 4
b1110011011100001010100011100 <
b1 =
1,
#5810000
1%
0,
b11011110110011001100100010111101 1
b11011110110011001100100010111101 5
1+
0.
0/
0-
b1001000100 3
#5815000
0%
0&
b11011110110011001101010100011100 "
b11011110110011001101010100011100 4
b11011110110011001101010100011100 <
1:
07
0;
09
b0 =
b11011110110011001101010100011100 >
1,
#5820000
0,
b11001111001011100100111010011110 1
b11001111001011100100111010011110 5
1.
b1001000101 3
#5825000
1,
#5830000
0,
b10001010101000000101111000010101 1
b10001010101000000101111000010101 5
1*
0+
1/
b1001000110 3
#5835000
1,
#5840000
0,
b11111101101001111101100111111 1
b11111101101001111101100111111 5
1+
12
0/
1-
b1001000111 3
#5845000
1,
#5850000
0,
b10000011001011001000101000000110 1
b10000011001011001000101000000110 5
02
0.
1/
0-
b1001001000 3
#5855000
1,
#5860000
0,
b1111010010101000000100111110100 1
b1111010010101000000100111110100 5
0*
b1001001001 3
#5865000
1,
#5870000
0,
b110000100001000011100001100 1
b110000100001000011100001100 5
0+
12
0/
1-
b1001001010 3
#5875000
1,
#5880000
0,
b110101100011010110001101101011 1
b110101100011010110001101101011 5
1*
1+
02
1.
1/
b1001001011 3
#5885000
1%
1$
0:
17
1;
19
b110101100011010110001101101011 "
b110101100011010110001101101011 4
b110101100011010110001101101011 <
b1 =
1,
#5890000
0%
0$
0,
b10001100001001111100100100011 1
b10001100001001111100100100011 5
0*
0+
0/
0-
b1001001100 3
#5895000
0&
b10001100001001110001101101011 "
b10001100001001110001101101011 4
b10001100001001110001101101011 <
1:
07
0;
09
b0 =
b10001100001001110001101101011 >
1,
#5900000
0,
b10011110101000011001000000111101 1
b10011110101000011001000000111101 5
12
1/
b1001001101 3
#5905000
1,
#5910000
0,
b1000101011010010000110110001010 1
b1000101011010010000110110001010 5
1*
1+
02
0/
b1001001110 3
#5915000
1,
#5920000
0,
b1101010101001010101010111010101 1
b1101010101001010101010111010101 5
0*
0.
b1001001111 3
#5925000
1,
#5930000
0,
b11100010100101010001100111000 1
b11100010100101010001100111000 5
1.
1/
1-
b1001010000 3
#5935000
1%
0:
17
1;
19
b11100010100101010001100111000 "
b11100010100101010001100111000 4
b11100010100101010001100111000 <
b1 =
1,
#5940000
0%
1(
1$
0,
b10100000100001100100110001000001 1
b10100000100001100100110001000001 5
1*
0+
12
0.
0-
b1001010001 3
#5945000
0(
0$
b10100000100001100100001100111000 "
b10100000100001100100001100111000 4
b10100000100001100100001100111000 <
07
0;
09
b0 =
b10100000100001100100001100111000 >
1,
#5950000
0,
b110001101010010110001101100011 1
b110001101010010110001101100011 5
1.
0/
b1001010010 3
#5955000
1,
#5960000
0,
b1010010001001101001000110100100 1
b1010010001001101001000110100100 5
0*
1-
b1001010011 3
#5965000
1,
#5970000
0,
b1100100100101001110001111001001 1
b1100100100101001110001111001001 5
02
0.
1/
b1001010100 3
#5975000
1&
1;
19
b1100100100101001110001111001001 "
b1100100100101001110001111001001 4
b1100100100101001110001111001001 <
b1 =
1,
#5980000
1$
0,
b1111000011101110101110111110000 1
b1111000011101110101110111110000 5
1*
1+
1.
0/
b1001010101 3
#5985000
0&
0$
b1111000011101110100001111001001 "
b1111000011101110100001111001001 4
b1111000011101110100001111001001 <
1:
0;
09
b0 =
b1111000011101110100001111001001 >
1,
#5990000
0,
b11110100010001011011111011101000 1
b11110100010001011011111011101000 5
0*
0+
12
1/
0-
b1001010110 3
#5995000
1,
#6000000
0,
b1111110001110101001111111111100 1
b1111110001110101001111111111100 5
1+
02
0.
0/
1-
b1001010111 3
#6005000
1,
#6010000
0,
b1100000111000011100011111000001 1
b1100000111000011100011111000001 5
1*
0-
b1001011000 3
#6015000
1,
#6020000
0,
b1100110110100111010011111001101 1
b1100110110100111010011111001101 5
0*
0+
1.
1/
b1001011001 3
#6025000
1,
#6030000
0,
b10011101000110110001001000111010 1
b10011101000110110001001000111010 5
1*
1+
0.
1-
b1001011010 3
#6035000
1&
0%
1$
0:
1;
19
b10011101000110110001001000111010 "
b10011101000110110001001000111010 4
b10011101000110110001001000111010 <
b1 =
1,
#6040000
0,
b1111010010011101011111111110100 1
b1111010010011101011111111110100 5
0+
1.
0/
b1001011011 3
#6045000
0&
0$
b1111010010011101011001000111010 "
b1111010010011101011001000111010 4
b1111010010011101011001000111010 <
1:
0;
09
b0 =
b1111010010011101011001000111010 >
1,
#6050000
0,
b11111001110100010011100111110 1
b11111001110100010011100111110 5
0*
1+
0.
1/
0-
b1001011100 3
#6055000
1,
#6060000
0,
b11100101100001111100110011001011 1
b11100101100001111100110011001011 5
12
1.
0/
1-
b1001011101 3
#6065000
1,
#6070000
0,
b1010101001000110001001110101010 1
b1010101001000110001001110101010 5
0+
02
0.
b1001011110 3
#6075000
1,
#6080000
0,
b111101000101111111011101111010 1
b111101000101111111011101111010 5
1*
1+
12
1/
b1001011111 3
#6085000
1!
b1111 #
b1111 6
1'
1(
1%
1$
0:
1;
19
b111101000101111111011101111010 "
b111101000101111111011101111010 4
b111101000101111111011101111010 <
b1 =
1,
#6090000
0,
b10101100111011001010100101011 1
b10101100111011001010100101011 5
1.
0/
0-
b1001100000 3
#6095000
0!
b0 #
b0 6
0'
0(
0%
0$
b10101100111011001011101111010 "
b10101100111011001011101111010 4
b10101100111011001011101111010 <
0;
09
b0 =
b10101100111011001011101111010 >
1,
#6100000
0,
b111011011100100011011101110110 1
b111011011100100011011101110110 5
0+
0.
1/
b1001100001 3
#6105000
1,
#6110000
0,
b10010001111010000011010000100011 1
b10010001111010000011010000100011 5
0*
b1001100010 3
#6115000
1,
#6120000
0,
b11010110010101110000101010101100 1
b11010110010101110000101010101100 5
1+
1-
b1001100011 3
#6125000
1!
b1111 #
b1111 6
1'
1(
1%
1;
19
b11010110010101110000101010101100 "
b11010110010101110000101010101100 4
b11010110010101110000101010101100 <
b1 =
1,
#6130000
0!
b0 #
b0 6
0%
0'
0(
1&
0,
b110101010111100110011101101010 1
b110101010111100110011101101010 5
02
0-
b1001100100 3
#6135000
0&
b110101010111100110101010101100 "
b110101010111100110101010101100 4
b110101010111100110101010101100 <
1:
0;
09
b0 =
b110101010111100110101010101100 >
1,
#6140000
0,
b11010101100001110000011010101011 1
b11010101100001110000011010101011 5
0+
12
1.
0/
1-
b1001100101 3
#6145000
1,
#6150000
0,
b1111101101110011010101111111011 1
b1111101101110011010101111111011 5
1+
0.
b1001100110 3
#6155000
1,
#6160000
0,
b11011100010111000111110010111000 1
b11011100010111000111110010111000 5
0+
1.
b1001100111 3
#6165000
1,
#6170000
0,
b1010101001101011010111110101010 1
b1010101001101011010111110101010 5
0.
0-
b1001101000 3
#6175000
1,
#6180000
0,
b1001001101101000001111110010011 1
b1001001101101000001111110010011 5
1*
02
1.
1/
1-
b1001101001 3
#6185000
1$
0:
17
1;
19
b1001001101101000001111110010011 "
b1001001101101000001111110010011 4
b1001001101101000001111110010011 <
b1 =
1,
#6190000
1%
0,
b10001000100111110110101000010001 1
b10001000100111110110101000010001 5
1+
0.
0/
b1001101010 3
#6195000
0%
0&
0$
b10001000100111110111111110010011 "
b10001000100111110111111110010011 4
b10001000100111110111111110010011 <
1:
07
0;
09
b0 =
b10001000100111110111111110010011 >
1,
#6200000
0,
b11011101010011001001010010111010 1
b11011101010011001001010010111010 5
12
1.
0-
b1001101011 3
#6205000
1,
#6210000
0,
b11000110000101110100000010001100 1
b11000110000101110100000010001100 5
0+
1/
1-
b1001101100 3
#6215000
1(
1$
0:
17
1;
19
b11000110000101110100000010001100 "
b11000110000101110100000010001100 4
b11000110000101110100000010001100 <
b1 =
1,
#6220000
0,
b10100111100001010010010001001111 1
b10100111100001010010010001001111 5
0.
0/
b1001101101 3
#6225000
0(
0$
b10100111100001010010000010001100 "
b10100111100001010010000010001100 4
b10100111100001010010000010001100 <
07
0;
09
b0 =
b10100111100001010010000010001100 >
1,
#6230000
0,
b11010110000011100010011010101100 1
b11010110000011100010011010101100 5
0*
1/
0-
b1001101110 3
#6235000
1,
#6240000
0,
b11011000001000110101010010110000 1
b11011000001000110101010010110000 5
1+
0/
b1001101111 3
#6245000
1,
#6250000
0,
b10100110110001011011001001001101 1
b10100110110001011011001001001101 5
1*
0+
02
1/
b1001110000 3
#6255000
1,
#6260000
0,
b1111010100001110111111111110101 1
b1111010100001110111111111110101 5
0/
1-
b1001110001 3
#6265000
1,
#6270000
0,
b11111011010110110101001011110110 1
b11111011010110110101001011110110 5
0*
12
1.
0-
b1001110010 3
#6275000
1,
#6280000
0,
b10000001011110000111111000000010 1
b10000001011110000111111000000010 5
1*
1+
0.
1/
1-
b1001110011 3
#6285000
1!
b1111 #
b1111 6
1'
1(
1%
1$
1;
19
b10000001011110000111111000000010 "
b10000001011110000111111000000010 4
b10000001011110000111111000000010 <
b1 =
1,
#6290000
0'
b0 #
b0 6
0!
0%
0(
1&
0$
0,
b1001010001001100101011110010100 1
b1001010001001100101011110010100 5
0*
0+
02
0/
b1001110100 3
#6295000
0&
b1001010001001100101111000000010 "
b1001010001001100101111000000010 4
b1001010001001100101111000000010 <
1:
0;
09
b0 =
b1001010001001100101111000000010 >
1,
#6300000
0,
b10100010011011100100110001000100 1
b10100010011011100100110001000100 5
1*
1+
12
1/
b1001110101 3
#6305000
1!
b1111 #
b1111 6
1'
1(
1%
1$
0:
1;
19
b10100010011011100100110001000100 "
b10100010011011100100110001000100 4
b10100010011011100100110001000100 <
b1 =
1,
#6310000
0,
b1000010111100010010001110000101 1
b1000010111100010010001110000101 5
1.
0-
b1001110110 3
#6315000
0!
b0 #
b0 6
0'
0(
0%
0$
b1000010111100010010110001000100 "
b1000010111100010010110001000100 4
b1000010111100010010110001000100 <
0;
09
b0 =
07
b1000010111100010010110001000100 >
1,
#6320000
0,
b11011000000000111001100010110000 1
b11011000000000111001100010110000 5
0*
0+
0/
1-
b1001110111 3
#6325000
1,
#6330000
0,
b11000100010101010100001010001000 1
b11000100010101010100001010001000 5
1*
1+
02
b1001111000 3
#6335000
1,
#6340000
0,
b11100100111101100111010011001001 1
b11100100111101100111010011001001 5
12
0-
b1001111001 3
#6345000
1,
#6350000
0,
b1101000010000101000110111010000 1
b1101000010000101000110111010000 5
0+
02
0.
b1001111010 3
#6355000
1,
#6360000
0,
b1001100110111111110011110011001 1
b1001100110111111110011110011001 5
1+
1.
b1001111011 3
#6365000
1,
#6370000
0,
b1110010011110010100100111100100 1
b1110010011110010100100111100100 5
0+
1/
1-
b1001111100 3
#6375000
1$
17
1;
19
b1110010011110010100100111100100 "
b1110010011110010100100111100100 4
b1110010011110010100100111100100 <
b1 =
1,
#6380000
1(
0,
b11011101100010101001100010111011 1
b11011101100010101001100010111011 5
12
0-
b1001111101 3
#6385000
0(
0$
b11011101100010101000100111100100 "
b11011101100010101000100111100100 4
b11011101100010101000100111100100 <
07
0;
09
b0 =
b11011101100010101000100111100100 >
1,
#6390000
0,
b10000000011111110100010000000000 1
b10000000011111110100010000000000 5
0*
1+
1-
b1001111110 3
#6395000
1(
1%
17
1;
19
b10000000011111110100010000000000 "
b10000000011111110100010000000000 4
b10000000011111110100010000000000 <
b1 =
1,
#6400000
0%
0(
0,
b10000011100100000110110000000111 1
b10000011100100000110110000000111 5
0+
02
0.
b1001111111 3
#6405000
1&
b10000011100100000110110000000111 "
b10000011100100000110110000000111 4
b10000011100100000110110000000111 <
1:
07
b10000011100100000110110000000111 >
1,
#6410000
1!
b1111 #
b1111 6
1%
1'
1(
0&
0,
b10001010101111111110100100010 1
b10001010101111111110100100010 5
1+
12
0/
b1010000000 3
#6415000
0!
b0 #
b0 6
0'
0(
0%
b10001010101111110110000000111 "
b10001010101111110110000000111 4
b10001010101111110110000000111 <
0;
09
b0 =
b10001010101111110110000000111 >
1,
#6420000
0,
b10101110101001110010000001011101 1
b10101110101001110010000001011101 5
1*
0+
02
1.
b1010000001 3
#6425000
1,
#6430000
0,
b10000100000001111011101000001000 1
b10000100000001111011101000001000 5
0*
1+
b1010000010 3
#6435000
1,
#6440000
0,
b1101101110000111110111111011011 1
b1101101110000111110111111011011 5
1*
0+
12
1/
b1010000011 3
#6445000
1(
1$
0:
17
1;
19
b1101101110000111110111111011011 "
b1101101110000111110111111011011 4
b1101101110000111110111111011011 <
b1 =
1,
#6450000
0(
0,
b10110110101010011011010001101101 1
b10110110101010011011010001101101 5
02
0-
b1010000100 3
#6455000
0&
0$
b10110110101010011010111111011011 "
b10110110101010011010111111011011 4
b10110110101010011010111111011011 <
1:
07
0;
09
b0 =
b10110110101010011010111111011011 >
1,
#6460000
0,
b10011000111111100010111000110001 1
b10011000111111100010111000110001 5
12
1-
b1010000101 3
#6465000
1(
1$
0:
17
1;
19
b10011000111111100010111000110001 "
b10011000111111100010111000110001 4
b10011000111111100010111000110001 <
b1 =
1,
#6470000
0(
0,
b10101100101000010010100001011001 1
b10101100101000010010100001011001 5
02
0.
0-
b1010000110 3
#6475000
0&
0$
b10101100101000010010111000110001 "
b10101100101000010010111000110001 4
b10101100101000010010111000110001 <
1:
07
0;
09
b0 =
b10101100101000010010111000110001 >
1,
#6480000
0,
b1000110110110001111000110001101 1
b1000110110110001111000110001101 5
1+
12
1.
b1010000111 3
#6485000
1,
#6490000
0,
b11000001001011011000001010000010 1
b11000001001011011000001010000010 5
0*
0+
0/
1-
b1010001000 3
#6495000
1,
#6500000
0,
b1011100010110111010010110111000 1
b1011100010110111010010110111000 5
1*
0.
1/
b1010001001 3
#6505000
1'
1(
1$
0:
1;
19
b1011100010110111010010110111000 "
b1011100010110111010010110111000 4
b1011100010110111010010110111000 <
b1 =
1,
#6510000
0'
b0 #
b0 6
0!
0%
0(
1&
0$
0,
b10011100011010010111110000111000 1
b10011100011010010111110000111000 5
0*
1+
02
b1010001010 3
#6515000
b10011100011010010111110000111000 "
b10011100011010010111110000111000 4
b10011100011010010111110000111000 <
1:
b10011100011010010111110000111000 >
1,
#6520000
1$
0,
b10110011001000011011011001100110 1
b10110011001000011011011001100110 5
1*
0+
0/
b1010001011 3
#6525000
0&
0$
b10110011001000011011110000111000 "
b10110011001000011011110000111000 4
b10110011001000011011110000111000 <
0;
09
b0 =
b10110011001000011011110000111000 >
1,
#6530000
0,
b10010011011111010011101000100110 1
b10010011011111010011101000100110 5
1+
12
0-
b1010001100 3
#6535000
1,
#6540000
0,
b110010010010010100100001100 1
b110010010010010100100001100 5
1/
1-
b1010001101 3
#6545000
1!
b1111 #
b1111 6
1'
1(
1%
1$
0:
1;
19
b110010010010010100100001100 "
b110010010010010100100001100 4
b110010010010010100100001100 <
b1 =
1,
#6550000
0!
b0 #
b0 6
0%
0'
0(
1&
0,
b1100010110110111100000011 1
b1100010110110111100000011 5
02
0/
b1010001110 3
#6555000
0&
0$
b1100010110110100100001100 "
b1100010110110100100001100 4
b1100010110110100100001100 <
1:
0;
09
b0 =
b1100010110110100100001100 >
1,
#6560000
0,
b110111010000100001100001101 1
b110111010000100001100001101 5
0*
12
1.
1/
b1010001111 3
#6565000
1(
1%
0:
17
1;
19
b110111010000100001100001101 "
b110111010000100001100001101 4
b110111010000100001100001101 <
b1 =
1,
#6570000
0,
b10101101101000010111001001011011 1
b10101101101000010111001001011011 5
0/
0-
b1010010000 3
#6575000
0(
0%
b0 #
b0 6
0!
b10101101101000010110001100001101 "
b10101101101000010110001100001101 4
b10101101101000010110001100001101 <
07
0;
09
b0 =
b10101101101000010110001100001101 >
1,
#6580000
0,
b10010010011100100010000000100100 1
b10010010011100100010000000100100 5
0+
b1010010001 3
#6585000
1,
#6590000
0,
b101010101100100111000101010101 1
b101010101100100111000101010101 5
1+
0.
1/
b1010010010 3
#6595000
1,
#6600000
0,
b1111001001100100101101111110010 1
b1111001001100100101101111110010 5
1*
0+
0/
1-
b1010010011 3
#6605000
1,
#6610000
0,
b1111001011001010111110111110010 1
b1111001011001010111110111110010 5
0*
1+
1/
b1010010100 3
#6615000
1!
b1111 #
b1111 6
1'
1(
1%
1;
19
b1111001011001010111110111110010 "
b1111001011001010111110111110010 4
b1111001011001010111110111110010 <
b1 =
1,
#6620000
b0 #
b0 6
0!
0%
0,
b10000000110001111010110000000001 1
b10000000110001111010110000000001 5
0+
1.
0/
b1010010101 3
#6625000
0'
0(
b10000000110001111011110111110010 "
b10000000110001111011110111110010 4
b10000000110001111011110111110010 <
0;
09
b0 =
b10000000110001111011110111110010 >
1,
#6630000
0,
b11000000001111101011100010000000 1
b11000000001111101011100010000000 5
1+
02
0.
0-
b1010010110 3
#6635000
1,
#6640000
0,
b11000110010001011000010010001100 1
b11000110010001011000010010001100 5
1.
1-
b1010010111 3
#6645000
1,
#6650000
0,
b11011101011010110110111010111010 1
b11011101011010110110111010111010 5
0+
b1010011000 3
#6655000
1,
#6660000
0,
b1000101011001001011001110001010 1
b1000101011001001011001110001010 5
1+
12
0.
1/
0-
b1010011001 3
#6665000
1,
#6670000
0,
b10010110001110010011100000101100 1
b10010110001110010011100000101100 5
1-
b1010011010 3
#6675000
1!
b1111 #
b1111 6
1'
1(
1%
1;
19
b10010110001110010011100000101100 "
b10010110001110010011100000101100 4
b10010110001110010011100000101100 <
b1 =
1,
#6680000
0'
b0 #
b0 6
0!
0%
0(
1&
1$
0,
b10000101111010110000000000001011 1
b10000101111010110000000000001011 5
1*
0+
02
1.
0/
b1010011011 3
#6685000
0&
0$
b10000101111010110001100000101100 "
b10000101111010110001100000101100 4
b10000101111010110001100000101100 <
1:
0;
09
b0 =
b10000101111010110001100000101100 >
1,
#6690000
0,
b1101011000000000001101111010110 1
b1101011000000000001101111010110 5
0*
0.
b1010011100 3
#6695000
1,
#6700000
0,
b110110001100011101010101101100 1
b110110001100011101010101101100 5
12
1/
b1010011101 3
#6705000
1'
1(
0:
1;
19
b110110001100011101010101101100 "
b110110001100011101010101101100 4
b110110001100011101010101101100 <
b1 =
1,
#6710000
b1111 #
b1111 6
1!
1%
1$
0,
b1001011000001111010010110010110 1
b1001011000001111010010110010110 5
1*
1+
0/
b1010011110 3
#6715000
0!
b0 #
b0 6
0'
0(
0%
0$
b1001011000001111011010101101100 "
b1001011000001111011010101101100 4
b1001011000001111011010101101100 <
0;
09
b0 =
b1001011000001111011010101101100 >
1,
#6720000
0,
b111001011100111101010101110010 1
b111001011100111101010101110010 5
0*
1.
0-
b1010011111 3
#6725000
1,
#6730000
0,
b10111010101011110001010001110101 1
b10111010101011110001010001110101 5
1*
0.
b1010100000 3
#6735000
1,
#6740000
0,
b1011010010010010111101110110100 1
b1011010010010010111101110110100 5
0*
02
b1010100001 3
#6745000
1,
#6750000
0,
b100110111000000111001101001101 1
b100110111000000111001101001101 5
1*
0+
1.
1/
b1010100010 3
#6755000
1,
#6760000
0,
b11010101011111001100010010101010 1
b11010101011111001100010010101010 5
12
0.
0/
1-
b1010100011 3
#6765000
1,
#6770000
0,
b1001011100101101011001110010111 1
b1001011100101101011001110010111 5
0*
1.
1/
0-
b1010100100 3
#6775000
1,
#6780000
0,
b111111000110111100011101111110 1
b111111000110111100011101111110 5
1+
02
1-
b1010100101 3
#6785000
1%
17
1;
19
b111111000110111100011101111110 "
b111111000110111100011101111110 4
b111111000110111100011101111110 <
b1 =
1,
#6790000
1(
0,
b1101111111111101101010111011111 1
b1101111111111101101010111011111 5
12
0.
0/
b1010100110 3
#6795000
0(
0%
b0 #
b0 6
0!
b1101111111111101100011101111110 "
b1101111111111101100011101111110 4
b1101111111111101100011101111110 <
07
0;
09
b0 =
b1101111111111101100011101111110 >
1,
#6800000
0,
b1001011011100100101010110010110 1
b1001011011100100101010110010110 5
1*
0+
02
1.
1/
0-
b1010100111 3
#6805000
1,
#6810000
0,
b11111001011111000000011011110010 1
b11111001011111000000011011110010 5
0*
0/
1-
b1010101000 3
#6815000
1,
#6820000
0,
b10110111010100101001101001101110 1
b10110111010100101001101001101110 5
1+
12
0.
b1010101001 3
#6825000
1,
#6830000
0,
b100111100101101011111101001111 1
b100111100101101011111101001111 5
1*
0+
02
1.
1/
0-
b1010101010 3
#6835000
1,
#6840000
0,
b1010110110101001100011110101101 1
b1010110110101001100011110101101 5
0/
b1010101011 3
#6845000
1,
#6850000
0,
b11011101100111101110010010111011 1
b11011101100111101110010010111011 5
0*
1+
12
0.
1/
1-
b1010101100 3
#6855000
1!
b1111 #
b1111 6
1'
1(
1%
1;
19
b11011101100111101110010010111011 "
b11011101100111101110010010111011 4
b11011101100111101110010010111011 <
b1 =
1,
#6860000
0'
b0 #
b0 6
0!
0%
0(
1&
0,
b100111011101011001111101001110 1
b100111011101011001111101001110 5
0+
02
0/
b1010101101 3
#6865000
0&
b100111011101011000010010111011 "
b100111011101011000010010111011 4
b100111011101011000010010111011 <
1:
0;
09
b0 =
b100111011101011000010010111011 >
1,
#6870000
0,
b11100011100010001110011011000111 1
b11100011100010001110011011000111 5
12
1/
0-
b1010101110 3
#6875000
1,
#6880000
0,
b10010010001111000010001000100100 1
b10010010001111000010001000100100 5
1*
1+
1-
b1010101111 3
#6885000
1!
b1111 #
b1111 6
1'
1(
1%
1$
0:
1;
19
b10010010001111000010001000100100 "
b10010010001111000010001000100100 4
b10010010001111000010001000100100 <
b1 =
1,
#6890000
0,
b101110010011011110001101011100 1
b101110010011011110001101011100 5
1.
0-
b1010110000 3
#6895000
0!
b0 #
b0 6
0'
0(
0%
0$
b101110010011011110001000100100 "
b101110010011011110001000100100 4
b101110010011011110001000100100 <
0;
09
b0 =
07
b101110010011011110001000100100 >
1,
#6900000
0,
b11000100010011100011001010001000 1
b11000100010011100011001010001000 5
0/
1-
b1010110001 3
#6905000
1,
#6910000
0,
b111000110101101011111101110001 1
b111000110101101011111101110001 5
0+
02
b1010110010 3
#6915000
1,
#6920000
0,
b10011000000111000010100000110000 1
b10011000000111000010100000110000 5
1+
0-
b1010110011 3
#6925000
1,
#6930000
0,
b1110001001110100101001111100010 1
b1110001001110100101001111100010 5
0+
12
0.
1/
1-
b1010110100 3
#6935000
1'
1(
1$
1;
19
b1110001001110100101001111100010 "
b1110001001110100101001111100010 4
b1110001001110100101001111100010 <
b1 =
1,
#6940000
0'
0(
1&
0,
b11100111000010110111110011001110 1
b11100111000010110111110011001110 5
02
b1010110101 3
#6945000
0&
0$
b11100111000010110111001111100010 "
b11100111000010110111001111100010 4
b11100111000010110111001111100010 <
1:
0;
09
b0 =
b11100111000010110111001111100010 >
1,
#6950000
0,
b11101010110101100111110011010101 1
b11101010110101100111110011010101 5
12
0/
0-
b1010110110 3
#6955000
1,
#6960000
0,
b10110011010010000101111001100110 1
b10110011010010000101111001100110 5
02
1.
b1010110111 3
#6965000
1,
#6970000
0,
b10100100011000100101100101001 1
b10100100011000100101100101001 5
0*
1+
12
0.
1/
b1010111000 3
#6975000
1,
#6980000
0,
b1011011001001100110000110110110 1
b1011011001001100110000110110110 5
0+
0/
b1010111001 3
#6985000
1,
#6990000
0,
b11010011001001110001001010100110 1
b11010011001001110001001010100110 5
1*
02
1.
1/
b1010111010 3
#6995000
1,
#7000000
0,
b1100011001110000000100111000110 1
b1100011001110000000100111000110 5
0*
1+
0/
b1010111011 3
#7005000
1,
#7010000
0,
b1000010101101101001101110000101 1
b1000010101101101001101110000101 5
1*
1/
b1010111100 3
#7015000
1,
#7020000
0,
b1001010000001011000001110010100 1
b1001010000001011000001110010100 5
0*
b1010111101 3
#7025000
1,
#7030000
0,
b110110011001000011010101101100 1
b110110011001000011010101101100 5
0+
12
0.
b1010111110 3
#7035000
1,
#7040000
0,
b10111000000010100010101001110000 1
b10111000000010100010101001110000 5
02
1-
b1010111111 3
#7045000
1&
0:
1;
19
b10111000000010100010101001110000 "
b10111000000010100010101001110000 4
b10111000000010100010101001110000 <
b1 =
1,
#7050000
0,
b10000101000010101101110000001010 1
b10000101000010101101110000001010 5
1+
0-
b1011000000 3
#7055000
0&
b10000101000010101100101001110000 "
b10000101000010101100101001110000 4
b10000101000010101100101001110000 <
1:
0;
09
b0 =
b10000101000010101100101001110000 >
1,
#7060000
0,
b101000011000010100010101010000 1
b101000011000010100010101010000 5
1*
0+
12
1.
b1011000001 3
#7065000
1,
#7070000
0,
b11111001100110100101100011110011 1
b11111001100110100101100011110011 5
1+
02
1-
b1011000010 3
#7075000
1%
1$
0:
17
1;
19
b11111001100110100101100011110011 "
b11111001100110100101100011110011 4
b11111001100110100101100011110011 <
b1 =
1,
#7080000
1(
0,
b1001010010010011000100110010100 1
b1001010010010011000100110010100 5
12
0-
b1011000011 3
#7085000
0(
0%
b0 #
b0 6
0!
0$
b1001010010010011001100011110011 "
b1001010010010011001100011110011 4
b1001010010010011001100011110011 <
07
0;
09
b0 =
b1001010010010011001100011110011 >
1,
#7090000
0,
b10001001000011010101111000010010 1
b10001001000011010101111000010010 5
0/
b1011000100 3
#7095000
1,
#7100000
0,
b11001001011001111100111010010010 1
b11001001011001111100111010010010 5
0*
0+
0.
1/
b1011000101 3
#7105000
1,
#7110000
0,
b11101100011110101011000011011000 1
b11101100011110101011000011011000 5
1*
0/
b1011000110 3
#7115000
1,
#7120000
0,
b1010010011100001010011110100100 1
b1010010011100001010011110100100 5
0*
1+
1.
b1011000111 3
#7125000
1,
#7130000
0,
b11100100010010011100100111001 1
b11100100010010011100100111001 5
02
0.
1/
1-
b1011001000 3
#7135000
1&
0%
1;
19
b11100100010010011100100111001 "
b11100100010010011100100111001 4
b11100100010010011100100111001 <
b1 =
1,
#7140000
1$
0,
b1111011101000010000000111110111 1
b1111011101000010000000111110111 5
1*
0+
1.
0/
b1011001001 3
#7145000
0&
0$
b1111011101000010001100100111001 "
b1111011101000010001100100111001 4
b1111011101000010001100100111001 <
1:
0;
09
b0 =
b1111011101000010001100100111001 >
1,
#7150000
0,
b11100010011110011001100111000 1
b11100010011110011001100111000 5
0*
12
0.
0-
b1011001010 3
#7155000
1,
#7160000
0,
b100100001011011100100101001000 1
b100100001011011100100101001000 5
1*
1+
02
1.
b1011001011 3
#7165000
1,
#7170000
0,
b110100011001000011111101101000 1
b110100011001000011111101101000 5
1/
b1011001100 3
#7175000
1,
#7180000
0,
b11010011100100101000001010100111 1
b11010011100100101000001010100111 5
0*
0.
0/
b1011001101 3
#7185000
1,
#7190000
0,
b11100011101011101000111011000111 1
b11100011101011101000111011000111 5
0+
1.
1/
b1011001110 3
#7195000
1,
#7200000
0,
b10001011001101111000100100010 1
b10001011001101111000100100010 5
1*
1+
1-
b1011001111 3
#7205000
1%
1$
0:
17
1;
19
b10001011001101111000100100010 "
b10001011001101111000100100010 4
b10001011001101111000100100010 <
b1 =
1,
#7210000
1(
0$
0,
b10010010001100110000001000100100 1
b10010010001100110000001000100100 5
0*
12
b1011010000 3
#7215000
0(
0%
b0 #
b0 6
0!
b10010010001100110001000100100010 "
b10010010001100110001000100100010 4
b10010010001100110001000100100010 <
07
0;
09
b0 =
b10010010001100110001000100100010 >
1,
#7220000
0,
b10001000001000111011010000010000 1
b10001000001000111011010000010000 5
0/
0-
b1011010001 3
#7225000
1,
#7230000
0,
b101010111100000011111101010101 1
b101010111100000011111101010101 5
1*
02
0.
1/
b1011010010 3
#7235000
1,
#7240000
0,
b1111000111111011110011111110001 1
b1111000111111011110011111110001 5
0+
1-
b1011010011 3
#7245000
1&
1$
1;
19
b1111000111111011110011111110001 "
b1111000111111011110011111110001 4
b1111000111111011110011111110001 <
b1 =
1,
#7250000
1'
1(
0&
0,
b1011100100011001101100110111001 1
b1011100100011001101100110111001 5
12
1.
0/
0-
b1011010100 3
#7255000
0'
0(
0$
b1011100100011001100011111110001 "
b1011100100011001100011111110001 4
b1011100100011001100011111110001 <
0;
09
b0 =
b1011100100011001100011111110001 >
1,
#7260000
0,
b10000100110000011011110000001001 1
b10000100110000011011110000001001 5
0*
02
b1011010101 3
#7265000
1,
#7270000
0,
b1101011000000111000100011010 1
b1101011000000111000100011010 5
1+
0.
b1011010110 3
#7275000
1,
#7280000
0,
b10000101010101000010101000001010 1
b10000101010101000010101000001010 5
1*
0+
12
1/
1-
b1011010111 3
#7285000
1'
1(
1$
1;
19
b10000101010101000010101000001010 "
b10000101010101000010101000001010 4
b10000101010101000010101000001010 <
b1 =
1,
#7290000
0'
b0 #
b0 6
0!
0%
0(
1&
0$
0,
b10111110000111111101010001111100 1
b10111110000111111101010001111100 5
0*
1+
02
0/
0-
b1011011000 3
#7295000
0&
b10111110000111111100101000001010 "
b10111110000111111100101000001010 4
b10111110000111111100101000001010 <
1:
0;
09
b0 =
b10111110000111111100101000001010 >
1,
#7300000
0,
b10101010000110111111100101010 1
b10101010000110111111100101010 5
1*
0+
12
b1011011001 3
#7305000
1,
#7310000
0,
b11010111001101000001110010101110 1
b11010111001101000001110010101110 5
0*
1+
1/
1-
b1011011010 3
#7315000
1!
b1111 #
b1111 6
1'
1(
1%
0:
1;
19
b11010111001101000001110010101110 "
b11010111001101000001110010101110 4
b11010111001101000001110010101110 <
b1 =
1,
#7320000
b0 #
b0 6
0!
0%
1$
0,
b11011110100011110000001010111101 1
b11011110100011110000001010111101 5
1*
0+
0/
b1011011011 3
#7325000
0'
0(
0$
b11011110100011110001110010101110 "
b11011110100011110001110010101110 4
b11011110100011110001110010101110 <
0;
09
b0 =
b11011110100011110001110010101110 >
1,
#7330000
0,
b1011111100001001100110110111111 1
b1011111100001001100110110111111 5
0*
1+
02
1/
b1011011100 3
#7335000
1&
0%
1;
19
b1011111100001001100110110111111 "
b1011111100001001100110110111111 4
b1011111100001001100110110111111 <
b1 =
1,
#7340000
0,
b11001111100011011001111010011111 1
b11001111100011011001111010011111 5
1.
0-
b1011011101 3
#7345000
0&
b11001111100011011000110110111111 "
b11001111100011011000110110111111 4
b11001111100011011000110110111111 <
1:
0;
09
b0 =
07
b11001111100011011000110110111111 >
1,
#7350000
0,
b10000001111001111011100100000 1
b10000001111001111011100100000 5
1*
0+
0.
0/
1-
b1011011110 3
#7355000
1,
#7360000
0,
b1010100100110110111001110101001 1
b1010100100110110111001110101001 5
12
1.
b1011011111 3
#7365000
1,
#7370000
0,
b1001111110100110101010110011111 1
b1001111110100110101010110011111 5
0*
02
1/
0-
b1011100000 3
#7375000
1,
#7380000
0,
b10011110111101100111111000111101 1
b10011110111101100111111000111101 5
1*
0.
0/
1-
b1011100001 3
#7385000
1,
#7390000
0,
b111010111010110111100001110 1
b111010111010110111100001110 5
1+
12
1.
0-
b1011100010 3
#7395000
1,
#7400000
0,
b1000100111100100011111110001001 1
b1000100111100100011111110001001 5
0*
02
0.
b1011100011 3
#7405000
1,
#7410000
0,
b10101111111101011011110001011111 1
b10101111111101011011110001011111 5
1*
0+
12
1.
1/
1-
b1011100100 3
#7415000
1(
1$
0:
17
1;
19
b10101111111101011011110001011111 "
b10101111111101011011110001011111 4
b10101111111101011011110001011111 <
b1 =
1,
#7420000
0,
b10101011010100100011100101010 1
b10101011010100100011100101010 5
0.
0/
b1011100101 3
#7425000
0(
0$
b10101011010100101110001011111 "
b10101011010100101110001011111 4
b10101011010100101110001011111 <
07
0;
09
b0 =
b10101011010100101110001011111 >
1,
#7430000
0,
b10010101111001011110100100101 1
b10010101111001011110100100101 5
0-
b1011100110 3
#7435000
1,
#7440000
0,
b1000000000110111110101110000000 1
b1000000000110111110101110000000 5
02
1.
1-
b1011100111 3
#7445000
1,
#7450000
0,
b110100101111010001110101101001 1
b110100101111010001110101101001 5
1+
12
1/
0-
b1011101000 3
#7455000
1,
#7460000
0,
b11100110010011101101011011001100 1
b11100110010011101101011011001100 5
0*
0+
0.
0/
b1011101001 3
#7465000
1,
#7470000
0,
b1111000101110101101010111110001 1
b1111000101110101101010111110001 5
1*
1+
1.
1/
1-
b1011101010 3
#7475000
1(
1%
1$
17
1;
19
b1111000101110101101010111110001 "
b1111000101110101101010111110001 4
b1111000101110101101010111110001 <
b1 =
1,
#7480000
0(
0$
0,
b110010111101001011100101100101 1
b110010111101001011100101100101 5
0*
02
0.
0-
b1011101011 3
#7485000
0%
0&
b110010111101001011010111110001 "
b110010111101001011010111110001 4
b110010111101001011010111110001 <
1:
07
0;
09
b0 =
b110010111101001011010111110001 >
1,
#7490000
0,
b1010011101101010100100110100111 1
b1010011101101010100100110100111 5
1*
12
1.
1-
b1011101100 3
#7495000
1(
1%
1$
0:
17
1;
19
b1010011101101010100100110100111 "
b1010011101101010100100110100111 4
b1010011101101010100100110100111 <
b1 =
1,
#7500000
0$
0,
b101111001001111101011101011110 1
b101111001001111101011101011110 5
0*
0-
b1011101101 3
#7505000
0(
0%
b0 #
b0 6
0!
b101111001001111100100110100111 "
b101111001001111100100110100111 4
b101111001001111100100110100111 <
07
0;
09
b0 =
b101111001001111100100110100111 >
1,
#7510000
0,
b10110101101001000110100001101011 1
b10110101101001000110100001101011 5
1*
0+
02
0/
1-
b1011101110 3
#7515000
1,
#7520000
0,
b10111101100001011000100101111 1
b10111101100001011000100101111 5
0*
1+
12
0.
1/
0-
b1011101111 3
#7525000
1,
#7530000
0,
b10101110101110001101001001011101 1
b10101110101110001101001001011101 5
0+
1.
1-
b1011110000 3
#7535000
1(
17
1;
19
b10101110101110001101001001011101 "
b10101110101110001101001001011101 4
b10101110101110001101001001011101 <
b1 =
1,
#7540000
1%
0,
b11110001111110101010011011100011 1
b11110001111110101010011011100011 5
1+
0/
b1011110001 3
#7545000
0(
0%
b0 #
b0 6
0!
b11110001111110101011001001011101 "
b11110001111110101011001001011101 4
b11110001111110101011001001011101 <
07
0;
09
b0 =
b11110001111110101011001001011101 >
1,
#7550000
0,
b10010010001001101110110000100100 1
b10010010001001101110110000100100 5
0+
0.
1/
b1011110010 3
#7555000
1'
1(
1;
19
b10010010001001101110110000100100 "
b10010010001001101110110000100100 4
b10010010001001101110110000100100 <
b1 =
1,
#7560000
0'
0(
1&
1$
0,
b11110010100111111001001011100101 1
b11110010100111111001001011100101 5
1*
02
0-
b1011110011 3
#7565000
0&
0$
b11110010100111111000110000100100 "
b11110010100111111000110000100100 4
b11110010100111111000110000100100 <
1:
0;
09
b0 =
b11110010100111111000110000100100 >
1,
#7570000
0,
b10010010001010000111100100100 1
b10010010001010000111100100100 5
12
0/
b1011110100 3
#7575000
1,
#7580000
0,
b11100101011100100110110011001010 1
b11100101011100100110110011001010 5
1+
02
1/
b1011110101 3
#7585000
1,
#7590000
0,
b111110100001001001011101111101 1
b111110100001001001011101111101 5
0*
0+
0/
1-
b1011110110 3
#7595000
1,
#7600000
0,
b10011110101100001110010000111101 1
b10011110101100001110010000111101 5
1*
1+
12
1/
b1011110111 3
#7605000
1!
b1111 #
b1111 6
1'
1(
1%
1$
0:
1;
19
b10011110101100001110010000111101 "
b10011110101100001110010000111101 4
b10011110101100001110010000111101 <
b1 =
1,
#7610000
0!
b0 #
b0 6
0%
0'
0(
1&
0,
b11010100011100001000100110101 1
b11010100011100001000100110101 5
02
0/
0-
b1011111000 3
#7615000
0&
0$
b11010100011100000010000111101 "
b11010100011100000010000111101 4
b11010100011100000010000111101 <
1:
0;
09
b0 =
b11010100011100000010000111101 >
1,
#7620000
0,
b1111110110001000000110111111101 1
b1111110110001000000110111111101 5
0*
0+
12
1.
1/
1-
b1011111001 3
#7625000
1(
0:
17
1;
19
b1111110110001000000110111111101 "
b1111110110001000000110111111101 4
b1111110110001000000110111111101 <
b1 =
1,
#7630000
1%
0(
0,
b1100110100010000101100111001101 1
b1100110100010000101100111001101 5
1+
02
0.
0-
b1011111010 3
#7635000
0%
0&
b1100110100010000100110111111101 "
b1100110100010000100110111111101 4
b1100110100010000100110111111101 <
1:
07
0;
09
b0 =
b1100110100010000100110111111101 >
1,
#7640000
0,
b10101101101101111110110001011011 1
b10101101101101111110110001011011 5
1*
0+
1.
1-
b1011111011 3
#7645000
1$
0:
17
1;
19
b10101101101101111110110001011011 "
b10101101101101111110110001011011 4
b10101101101101111110110001011011 <
b1 =
1,
#7650000
1%
1(
0,
b1010011010100101010111110100110 1
b1010011010100101010111110100110 5
1+
12
0-
b1011111100 3
#7655000
0(
0%
b0 #
b0 6
0!
0$
b1010011010100101010110001011011 "
b1010011010100101010110001011011 4
b1010011010100101010110001011011 <
07
0;
09
b0 =
b1010011010100101010110001011011 >
1,
#7660000
0,
b11011001010100100010101010110010 1
b11011001010100100010101010110010 5
0.
b1011111101 3
#7665000
1,
#7670000
0,
b11110010001110011110011011100100 1
b11110010001110011110011011100100 5
1.
0/
b1011111110 3
#7675000
1,
#7680000
0,
b1100000011011111010101111000000 1
b1100000011011111010101111000000 5
0*
0+
1/
1-
b1011111111 3
#7685000
1(
17
1;
19
b1100000011011111010101111000000 "
b1100000011011111010101111000000 4
b1100000011011111010101111000000 <
b1 =
1,
#7690000
0,
b1100110011100000111101111001100 1
b1100110011100000111101111001100 5
0-
b1100000000 3
#7695000
0(
b1100110011100000110101111000000 "
b1100110011100000110101111000000 4
b1100110011100000110101111000000 <
07
0;
09
b0 =
b1100110011100000110101111000000 >
1,
#7700000
0,
b11100000000100010010100011000000 1
b11100000000100010010100011000000 5
1*
02
0.
b1100000001 3
#7705000
1,
#7710000
0,
b11100111010100011011011011001110 1
b11100111010100011011011011001110 5
12
1.
0/
1-
b1100000010 3
#7715000
1,
#7720000
0,
b1111010001111101110001111110100 1
b1111010001111101110001111110100 5
1+
02
0.
1/
b1100000011 3
#7725000
1&
0%
1$
1;
19
b1111010001111101110001111110100 "
b1111010001111101110001111110100 4
b1111010001111101110001111110100 <
b1 =
1,
#7730000
1!
b1111 #
b1111 6
1%
1'
1(
0&
0$
0,
b10101101001101111100101001011010 1
b10101101001101111100101001011010 5
0*
12
1.
0/
b1100000100 3
#7735000
0!
b0 #
b0 6
0'
0(
0%
b10101101001101111100001111110100 "
b10101101001101111100001111110100 4
b10101101001101111100001111110100 <
0;
09
b0 =
b10101101001101111100001111110100 >
1,
#7740000
0,
b11011100101010110010111010111001 1
b11011100101010110010111010111001 5
1*
0.
0-
b1100000101 3
#7745000
1,
#7750000
0,
b10011111011011001111101000111110 1
b10011111011011001111101000111110 5
0+
02
1/
b1100000110 3
#7755000
1,
#7760000
0,
b1110100101111000001110111101001 1
b1110100101111000001110111101001 5
0*
1+
b1100000111 3
#7765000
1,
#7770000
0,
b111000011111111011000101110000 1
b111000011111111011000101110000 5
1.
0/
b1100001000 3
#7775000
1,
#7780000
0,
b1010000011001000001110110100000 1
b1010000011001000001110110100000 5
12
b1100001001 3
#7785000
1,
#7790000
0,
b1000111000000011010011110001110 1
b1000111000000011010011110001110 5
1*
0.
1/
b1100001010 3
#7795000
1,
#7800000
0,
b1010110111100011001101110101101 1
b1010110111100011001101110101101 5
0*
1.
0/
b1100001011 3
#7805000
1,
#7810000
0,
b100011011110100000001101000110 1
b100011011110100000001101000110 5
0.
1/
1-
b1100001100 3
#7815000
1!
b1111 #
b1111 6
1'
1(
1%
1;
19
b100011011110100000001101000110 "
b100011011110100000001101000110 4
b100011011110100000001101000110 <
b1 =
1,
#7820000
0!
b0 #
b0 6
0%
0'
0(
1&
0,
b10111010101111011001101001110101 1
b10111010101111011001101001110101 5
02
1.
b1100001101 3
#7825000
1%
1(
0&
b10111010101111011000001101000110 "
b10111010101111011000001101000110 4
b10111010101111011000001101000110 <
1:
09
17
b10111010101111011000001101000110 >
1,
#7830000
1$
0,
b1011001000100100111000110110010 1
b1011001000100100111000110110010 5
1*
12
0.
b1100001110 3
#7835000
0(
0%
b0 #
b0 6
0!
0$
07
0;
b0 =
1,
#7840000
0,
b110100011000010101111101101000 1
b110100011000010101111101101000 5
0*
b1100001111 3
#7845000
1!
b1111 #
b1111 6
1'
1(
1%
0:
1;
19
b110100011000010101111101101000 "
b110100011000010101111101101000 4
b110100011000010101111101101000 <
b1 =
1,
#7850000
0!
b0 #
b0 6
0%
0'
0(
1&
1$
0,
b11000101010001110101000010001010 1
b11000101010001110101000010001010 5
1*
02
0-
b1100010000 3
#7855000
0&
0$
b11000101010001110101111101101000 "
b11000101010001110101111101101000 4
b11000101010001110101111101101000 <
1:
0;
09
b0 =
b11000101010001110101111101101000 >
1,
#7860000
0,
b10110001110110110000100001100011 1
b10110001110110110000100001100011 5
0*
12
1.
0/
1-
b1100010001 3
#7865000
1,
#7870000
0,
b10001011101000101100101000010111 1
b10001011101000101100101000010111 5
02
1/
b1100010010 3
#7875000
1%
0:
17
1;
19
b10001011101000101100101000010111 "
b10001011101000101100101000010111 4
b10001011101000101100101000010111 <
b1 =
1,
#7880000
1(
1$
0,
b10111110010010011000100101111 1
b10111110010010011000100101111 5
1*
12
0.
0/
0-
b1100010011 3
#7885000
0(
0%
b0 #
b0 6
0!
0$
b10111110010010010101000010111 "
b10111110010010010101000010111 4
b10111110010010010101000010111 <
07
0;
09
b0 =
b10111110010010010101000010111 >
1,
#7890000
0,
b10101010010101111001100101010 1
b10101010010101111001100101010 5
02
1.
1-
b1100010100 3
#7895000
1,
#7900000
0,
b1110000101001011000110111100001 1
b1110000101001011000110111100001 5
0*
0+
12
0-
b1100010101 3
#7905000
1,
#7910000
0,
b1100000111010101110101111000001 1
b1100000111010101110101111000001 5
1*
1+
0.
1-
b1100010110 3
#7915000
1,
#7920000
0,
b11011101101001101001000010111011 1
b11011101101001101001000010111011 5
0*
1.
b1100010111 3
#7925000
1,
#7930000
0,
b1010110001111101111110110101100 1
b1010110001111101111110110101100 5
0+
02
b1100011000 3
#7935000
1,
#7940000
0,
b10111110101100000000101001111101 1
b10111110101100000000101001111101 5
1*
1+
12
0.
1/
0-
b1100011001 3
#7945000
1,
#7950000
0,
b1010001010010111100001110100010 1
b1010001010010111100001110100010 5
b1100011010 3
#7955000
1,
#7960000
0,
b1000010011110101100010110000100 1
b1000010011110101100010110000100 5
b1100011011 3
#7965000
1,
#7970000
0,
b11011100000010000100000010111000 1
b11011100000010000100000010111000 5
0+
02
1.
b1100011100 3
#7975000
1,
#7980000
0,
b11010101110110110010011010101011 1
b11010101110110110010011010101011 5
0*
1+
12
0.
1-
b1100011101 3
#7985000
1!
b1111 #
b1111 6
1'
1(
1%
1;
19
b11010101110110110010011010101011 "
b11010101110110110010011010101011 4
b11010101110110110010011010101011 <
b1 =
1,
#7990000
0'
b0 #
b0 6
0!
0%
0(
1&
0,
b1000010000000110000011110000100 1
b1000010000000110000011110000100 5
0+
02
1.
b1100011110 3
#7995000
1(
0&
b1000010000000110000011010101011 "
b1000010000000110000011010101011 4
b1000010000000110000011010101011 <
1:
09
17
b1000010000000110000011010101011 >
1,
#8000000
1$
0,
b101000110011101101000101010001 1
b101000110011101101000101010001 5
1*
0.
0-
b1100011111 3
#8005000
0(
0$
07
0;
b0 =
1,
#8010000
0,
b10000000010010100101001000000000 1
b10000000010010100101001000000000 5
12
0/
b1100100000 3
#8015000
1,
#8020000
0,
b10101001101110010100001001010011 1
b10101001101110010100001001010011 5
0*
1+
02
1.
1/
b1100100001 3
#8025000
1,
#8030000
0,
b10111100100111110010110001111001 1
b10111100100111110010110001111001 5
0/
1-
b1100100010 3
#8035000
1,
#8040000
0,
b11011010111101110111100010110101 1
b11011010111101110111100010110101 5
1*
0+
b1100100011 3
#8045000
1,
#8050000
0,
b11001101110111000100100110011 1
b11001101110111000100100110011 5
1+
12
0.
0-
b1100100100 3
#8055000
1,
#8060000
0,
b10110100101100101000011001101001 1
b10110100101100101000011001101001 5
1.
1/
1-
b1100100101 3
#8065000
1(
1%
1$
0:
17
1;
19
b10110100101100101000011001101001 "
b10110100101100101000011001101001 4
b10110100101100101000011001101001 <
b1 =
1,
#8070000
0%
0,
b11011001100110110011100110110 1
b11011001100110110011100110110 5
0+
0/
b1100100110 3
#8075000
0(
0$
b11011001100110110011001101001 "
b11011001100110110011001101001 4
b11011001100110110011001101001 <
07
0;
09
b0 =
b11011001100110110011001101001 >
1,
#8080000
0,
b11001100100110010100000010011001 1
b11001100100110010100000010011001 5
b1100100111 3
#8085000
1,
#8090000
0,
b1010001110001111010100010100 1
b1010001110001111010100010100 5
0*
0.
1/
0-
b1100101000 3
#8095000
1,
#8100000
0,
b101110111010001101001101011101 1
b101110111010001101001101011101 5
1.
0/
1-
b1100101001 3
#8105000
1,
#8110000
0,
b10011101010010111010101000111010 1
b10011101010010111010101000111010 5
02
1/
0-
b1100101010 3
#8115000
1,
#8120000
0,
b11111111011000110101100111111 1
b11111111011000110101100111111 5
1*
1+
0/
b1100101011 3
#8125000
1,
#8130000
0,
b10110111100110100110101001101111 1
b10110111100110100110101001101111 5
0+
0.
b1100101100 3
#8135000
1,
#8140000
0,
b1010010110110111100111110100101 1
b1010010110110111100111110100101 5
0*
12
1/
1-
b1100101101 3
#8145000
1'
1(
1;
19
b1010010110110111100111110100101 "
b1010010110110111100111110100101 4
b1010010110110111100111110100101 <
b1 =
1,
#8150000
b1111 #
b1111 6
1!
1%
1$
0,
b11001101000001010100100110011 1
b11001101000001010100100110011 5
1*
1+
1.
b1100101110 3
#8155000
0!
b0 #
b0 6
0'
0(
0%
0$
b11001101000001010111110100101 "
b11001101000001010111110100101 4
b11001101000001010111110100101 <
0;
09
b0 =
07
b11001101000001010111110100101 >
1,
#8160000
0,
b11110010110000001111111011100101 1
b11110010110000001111111011100101 5
0*
02
0/
0-
b1100101111 3
#8165000
1,
#8170000
0,
b10000011010001101000000000000110 1
b10000011010001101000000000000110 5
1/
b1100110000 3
#8175000
1,
#8180000
0,
b10011110011001101101100100111 1
b10011110011001101101100100111 5
12
b1100110001 3
#8185000
1,
#8190000
0,
b11000000100010111101101010000001 1
b11000000100010111101101010000001 5
0+
0/
b1100110010 3
#8195000
1,
#8200000
0,
b110111010000101011110101101110 1
b110111010000101011110101101110 5
1+
02
b1100110011 3
#8205000
1,
#8210000
0,
b10010100100001101000100000101001 1
b10010100100001101000100000101001 5
1*
12
0.
1/
1-
b1100110100 3
#8215000
1!
b1111 #
b1111 6
1'
1(
1%
1$
1;
19
b10010100100001101000100000101001 "
b10010100100001101000100000101001 4
b10010100100001101000100000101001 <
b1 =
1,
#8220000
0,
b1101001111000110001110111010011 1
b1101001111000110001110111010011 5
1.
0-
b1100110101 3
#8225000
0!
b0 #
b0 6
0'
0(
0%
0$
b1101001111000110000100000101001 "
b1101001111000110000100000101001 4
b1101001111000110000100000101001 <
0;
09
b0 =
07
b1101001111000110000100000101001 >
1,
#8230000
0,
b100011001110110110111101000110 1
b100011001110110110111101000110 5
0*
0.
b1100110110 3
#8235000
1,
#8240000
0,
b10011100011111010010110000111000 1
b10011100011111010010110000111000 5
0+
1.
0/
1-
b1100110111 3
#8245000
1,
#8250000
0,
b10001001100110101001100000010011 1
b10001001100110101001100000010011 5
1*
02
0-
b1100111000 3
#8255000
1,
#8260000
0,
b11000000011110111100100110000 1
b11000000011110111100100110000 5
12
1/
b1100111001 3
#8265000
1,
#8270000
0,
b1110011101001100101110111100111 1
b1110011101001100101110111100111 5
02
0.
b1100111010 3
#8275000
1,
#8280000
0,
b11001010100111111000111010010101 1
b11001010100111111000111010010101 5
1+
12
b1100111011 3
#8285000
1,
#8290000
0,
b11100011100011011000001011000111 1
b11100011100011011000001011000111 5
0*
02
1.
0/
b1100111100 3
#8295000
1,
#8300000
0,
b10001111101100001001001000011111 1
b10001111101100001001001000011111 5
0+
12
0.
1/
b1100111101 3
#8305000
1,
#8310000
0,
b10110001010000000101100001100010 1
b10110001010000000101100001100010 5
1.
b1100111110 3
#8315000
1,
#8320000
0,
b11110111000000001110100011101110 1
b11110111000000001110100011101110 5
1*
1+
b1100111111 3
#8325000
1,
#8330000
0,
b11000000110010001101101010000001 1
b11000000110010001101101010000001 5
0+
02
1-
b1101000000 3
#8335000
1$
17
1;
19
b11000000110010001101101010000001 "
b11000000110010001101101010000001 4
b11000000110010001101101010000001 <
b1 =
1,
#8340000
1%
1(
0,
b1010101111101101100111110101011 1
b1010101111101101100111110101011 5
1+
12
0.
b1101000001 3
#8345000
0(
0%
b0 #
b0 6
0!
0$
b1010101111101101101101010000001 "
b1010101111101101101101010000001 4
b1010101111101101101101010000001 <
07
0;
09
b0 =
b1010101111101101101101010000001 >
1,
#8350000
0,
b110110011011011101001101101100 1
b110110011011011101001101101100 5
0*
0+
0-
b1101000010 3
#8355000
1,
#8360000
0,
b10010011111000111111111000100111 1
b10010011111000111111111000100111 5
1*
1+
1.
b1101000011 3
#8365000
1,
#8370000
0,
b111010011010001111011101110100 1
b111010011010001111011101110100 5
02
0.
b1101000100 3
#8375000
1,
#8380000
0,
b1111000010000100111100011110 1
b1111000010000100111100011110 5
0*
0+
12
1-
b1101000101 3
#8385000
1'
1(
1;
19
b1111000010000100111100011110 "
b1111000010000100111100011110 4
b1111000010000100111100011110 <
b1 =
1,
#8390000
b1111 #
b1111 6
1!
1%
1$
0,
b11011010101110000000001010110101 1
b11011010101110000000001010110101 5
1*
1+
0/
b1101000110 3
#8395000
0!
b0 #
b0 6
0'
0(
0%
0$
b11011010101110000000111100011110 "
b11011010101110000000111100011110 4
b11011010101110000000111100011110 <
0;
09
b0 =
b11011010101110000000111100011110 >
1,
#8400000
0,
b10011111111110110101001000111111 1
b10011111111110110101001000111111 5
0*
0+
1.
1/
0-
b1101000111 3
#8405000
1,
#8410000
0,
b1111000010100001110100111110000 1
b1111000010100001110100111110000 5
1*
02
0/
b1101001000 3
#8415000
1,
#8420000
0,
b10010111001001111101100100101 1
b10010111001001111101100100101 5
0*
12
0.
1-
b1101001001 3
#8425000
1,
#8430000
0,
b10011101110000001101110000111011 1
b10011101110000001101110000111011 5
1*
1+
02
1/
b1101001010 3
#8435000
1&
0%
1$
1;
19
b10011101110000001101110000111011 "
b10011101110000001101110000111011 4
b10011101110000001101110000111011 <
b1 =
1,
#8440000
0,
b11011001101011010010110010110011 1
b11011001101011010010110010110011 5
0+
0/
0-
b1101001011 3
#8445000
0&
0$
b11011001101011010011110000111011 "
b11011001101011010011110000111011 4
b11011001101011010011110000111011 <
1:
0;
09
b0 =
b11011001101011010011110000111011 >
1,
#8450000
0,
b1001111111111101000010110011111 1
b1001111111111101000010110011111 5
1.
1-
b1101001100 3
#8455000
1,
#8460000
0,
b110000000010100111001101100000 1
b110000000010100111001101100000 5
0*
b1101001101 3
#8465000
1,
#8470000
0,
b10001110111101110001001000011101 1
b10001110111101110001001000011101 5
1*
1+
0.
1/
b1101001110 3
#8475000
1&
0%
1$
0:
1;
19
b10001110111101110001001000011101 "
b10001110111101110001001000011101 4
b10001110111101110001001000011101 <
b1 =
1,
#8480000
1!
b1111 #
b1111 6
1%
1'
1(
0&
0,
b11011010000101111000110010110100 1
b11011010000101111000110010110100 5
12
1.
0/
0-
b1101001111 3
#8485000
0!
b0 #
b0 6
0'
0(
0%
0$
b11011010000101111001001000011101 "
b11011010000101111001001000011101 4
b11011010000101111001001000011101 <
0;
09
b0 =
b11011010000101111001001000011101 >
1,
#8490000
0,
b10000111100110000100000100 1
b10000111100110000100000100 5
0*
1-
b1101010000 3
#8495000
1,
#8500000
0,
b11111111110110000001110011111111 1
b11111111110110000001110011111111 5
1*
02
0.
1/
0-
b1101010001 3
#8505000
1,
#8510000
0,
b1100110000010100001100111001100 1
b1100110000010100001100111001100 5
0+
12
1-
b1101010010 3
#8515000
1'
1(
1$
1;
19
b1100110000010100001100111001100 "
b1100110000010100001100111001100 4
b1100110000010100001100111001100 <
b1 =
1,
#8520000
b1111 #
b1111 6
1!
1%
0,
b11011011110101000011101010110111 1
b11011011110101000011101010110111 5
1+
1.
0/
0-
b1101010011 3
#8525000
0!
b0 #
b0 6
0'
0(
0%
0$
b11011011110101000011100111001100 "
b11011011110101000011100111001100 4
b11011011110101000011100111001100 <
0;
09
b0 =
b11011011110101000011100111001100 >
1,
#8530000
0,
b1101010110111111100111111010101 1
b1101010110111111100111111010101 5
0*
02
1/
b1101010100 3
#8535000
1,
#8540000
0,
b11110000101100110001110011100001 1
b11110000101100110001110011100001 5
1*
0/
1-
b1101010101 3
#8545000
1,
#8550000
0,
b111100010010100000000 1
b111100010010100000000 5
0+
12
0.
0-
b1101010110 3
#8555000
1,
#8560000
0,
b10110001011111001011011001100010 1
b10110001011111001011011001100010 5
0*
1/
b1101010111 3
#8565000
1,
#8570000
0,
b10111001000010001110010001110010 1
b10111001000010001110010001110010 5
1+
02
1.
0/
b1101011000 3
#8575000
1,
#8580000
0,
b11101001111010100101011011010011 1
b11101001111010100101011011010011 5
0+
1-
b1101011001 3
#8585000
1,
#8590000
0,
b10110101110000000010100001101011 1
b10110101110000000010100001101011 5
1*
1+
0-
b1101011010 3
#8595000
1,
#8600000
0,
b101111111011100100011101011111 1
b101111111011100100011101011111 5
0*
1-
b1101011011 3
#8605000
1,
#8610000
0,
b1111111110010100111010111111111 1
b1111111110010100111010111111111 5
0+
12
b1101011100 3
#8615000
1,
#8620000
0,
b101101010110100110111101011010 1
b101101010110100110111101011010 5
1+
0.
1/
0-
b1101011101 3
#8625000
1,
#8630000
0,
b111101100110011101100101111011 1
b111101100110011101100101111011 5
0+
1.
0/
1-
b1101011110 3
#8635000
1,
#8640000
0,
b10000010011011110111100100000 1
b10000010011011110111100100000 5
b1101011111 3
#8645000
1,
#8650000
0,
b10110111010101000001001001101110 1
b10110111010101000001001001101110 5
1+
1/
b1101100000 3
#8655000
1(
1%
17
1;
19
b10110111010101000001001001101110 "
b10110111010101000001001001101110 4
b10110111010101000001001001101110 <
b1 =
1,
#8660000
0%
0,
b11011010110100011100100010110101 1
b11011010110100011100100010110101 5
0+
0.
b1101100001 3
#8665000
b11011010110100011101001001101110 "
b11011010110100011101001001101110 4
b11011010110100011101001001101110 <
09
b11011010110100011101001001101110 >
1,
#8670000
1$
0,
b10001111111001011010101000011111 1
b10001111111001011010101000011111 5
1*
0-
b1101100010 3
#8675000
0(
0$
07
0;
b0 =
1,
#8680000
0,
b1101110011000111001100011011 1
b1101110011000111001100011011 5
1+
02
1.
0/
1-
b1101100011 3
#8685000
1,
#8690000
0,
b1010000001010100000000 1
b1010000001010100000000 5
0*
0.
1/
b1101100100 3
#8695000
1&
0%
1;
19
b1010000001010100000000 "
b1010000001010100000000 4
b1010000001010100000000 <
b1 =
1,
#8700000
1!
b1111 #
b1111 6
1%
1'
1(
0&
1$
0,
b111001001101001000011101110010 1
b111001001101001000011101110010 5
1*
12
0/
0-
b1101100101 3
#8705000
0!
b0 #
b0 6
0'
0(
0%
0$
b111001001101001001010100000000 "
b111001001101001001010100000000 4
b111001001101001001010100000000 <
0;
09
b0 =
b111001001101001001010100000000 >
1,
#8710000
0,
b11111110101000101101000011111101 1
b11111110101000101101000011111101 5
0*
1.
b1101100110 3
#8715000
1,
#8720000
0,
b11000011001010100101011010000110 1
b11000011001010100101011010000110 5
1*
02
1/
b1101100111 3
#8725000
1,
#8730000
0,
b111101001011111000110101111010 1
b111101001011111000110101111010 5
0*
0+
0.
0/
1-
b1101101000 3
#8735000
1,
#8740000
0,
b10101001011000001001000001010010 1
b10101001011000001001000001010010 5
1*
12
1/
0-
b1101101001 3
#8745000
1,
#8750000
0,
b1110110100010010011111111101101 1
b1110110100010010011111111101101 5
0*
1+
1.
1-
b1101101010 3
#8755000
1(
1%
17
1;
19
b1110110100010010011111111101101 "
b1110110100010010011111111101101 4
b1110110100010010011111111101101 <
b1 =
1,
#8760000
0%
0(
1$
0,
b10001011111110111101111000010111 1
b10001011111110111101111000010111 5
1*
0+
02
0.
0-
b1101101011 3
#8765000
0&
0$
b10001011111110111101111111101101 "
b10001011111110111101111111101101 4
b10001011111110111101111111101101 <
1:
07
0;
09
b0 =
b10001011111110111101111111101101 >
1,
#8770000
0,
b1011000100011100100111110110001 1
b1011000100011100100111110110001 5
0*
1+
1.
0/
1-
b1101101100 3
#8775000
1,
#8780000
0,
b11100110110100011000011011001101 1
b11100110110100011000011011001101 5
1*
0+
12
b1101101101 3
#8785000
1,
#8790000
0,
b10011100101111011010101000111001 1
b10011100101111011010101000111001 5
1/
0-
b1101101110 3
#8795000
1,
#8800000
0,
b1101101101011010000110111011011 1
b1101101101011010000110111011011 5
02
0.
1-
b1101101111 3
#8805000
1&
1$
0:
1;
19
b1101101101011010000110111011011 "
b1101101101011010000110111011011 4
b1101101101011010000110111011011 <
b1 =
1,
#8810000
1'
1(
0&
0,
b11000111001101101111000010001110 1
b11000111001101101111000010001110 5
12
0-
b1101110000 3
#8815000
0'
0(
0$
b11000111001101101110110111011011 "
b11000111001101101110110111011011 4
b11000111001101101110110111011011 <
0;
09
b0 =
b11000111001101101110110111011011 >
1,
#8820000
0,
b11111010000001001100111011110100 1
b11111010000001001100111011110100 5
0*
1+
1-
b1101110001 3
#8825000
1!
b1111 #
b1111 6
1'
1(
1%
1;
19
b11111010000001001100111011110100 "
b11111010000001001100111011110100 4
b11111010000001001100111011110100 <
b1 =
1,
#8830000
0!
b0 #
b0 6
0%
0'
0(
1&
0,
b111101010001011000011101111010 1
b111101010001011000011101111010 5
02
1.
0-
b1101110010 3
#8835000
0&
b111101010001011000111011110100 "
b111101010001011000111011110100 4
b111101010001011000111011110100 <
1:
0;
09
b0 =
07
b111101010001011000111011110100 >
1,
#8840000
0,
b11001100010001011010011010011000 1
b11001100010001011010011010011000 5
1*
0+
12
0.
b1101110011 3
#8845000
1,
#8850000
0,
b11111001111101100010100111110 1
b11111001111101100010100111110 5
1+
0/
1-
b1101110100 3
#8855000
1,
#8860000
0,
b100111011000110100000001 1
b100111011000110100000001 5
1.
1/
b1101110101 3
#8865000
1(
1%
1$
0:
17
1;
19
b100111011000110100000001 "
b100111011000110100000001 4
b100111011000110100000001 <
b1 =
1,
#8870000
0$
0,
b111110001110110000100101111100 1
b111110001110110000100101111100 5
0*
0/
b1101110110 3
#8875000
0(
0%
b0 #
b0 6
0!
b111110001110110000110100000001 "
b111110001110110000110100000001 4
b111110001110110000110100000001 <
07
0;
09
b0 =
b111110001110110000110100000001 >
1,
#8880000
0,
b1101110111011010011001111011101 1
b1101110111011010011001111011101 5
1*
0+
02
0.
1/
0-
b1101110111 3
#8885000
1,
#8890000
0,
b11010100111100011101111010101001 1
b11010100111100011101111010101001 5
0*
12
0/
1-
b1101111000 3
#8895000
1,
#8900000
0,
b10101111010010001010010001011110 1
b10101111010010001010010001011110 5
1+
02
1.
1/
b1101111001 3
#8905000
1%
17
1;
19
b10101111010010001010010001011110 "
b10101111010010001010010001011110 4
b10101111010010001010010001011110 <
b1 =
1,
#8910000
0,
b1011110000010010001100010111 1
b1011110000010010001100010111 5
0/
b1101111010 3
#8915000
0%
0&
b1011110000010010010001011110 "
b1011110000010010010001011110 4
b1011110000010010010001011110 <
1:
07
0;
09
b0 =
b1011110000010010010001011110 >
1,
#8920000
0,
b11000001011101111000100110000 1
b11000001011101111000100110000 5
12
0.
1/
0-
b1101111011 3
#8925000
1,
#8930000
0,
b11110010101001110001010011100101 1
b11110010101001110001010011100101 5
0+
02
1.
b1101111100 3
#8935000
1,
#8940000
0,
b110001011000001011101101100010 1
b110001011000001011101101100010 5
0.
0/
1-
b1101111101 3
#8945000
1,
#8950000
0,
b110000101101111000100101100001 1
b110000101101111000100101100001 5
12
b1101111110 3
#8955000
1,
#8960000
0,
b10110101111111011110011001101011 1
b10110101111111011110011001101011 5
1/
0-
b1101111111 3
#8965000
1,
#8970000
0,
b1011111010100111111101110111110 1
b1011111010100111111101110111110 5
1+
02
1.
1-
b1110000000 3
#8975000
1%
0:
17
1;
19
b1011111010100111111101110111110 "
b1011111010100111111101110111110 4
b1011111010100111111101110111110 <
b1 =
1,
#8980000
0,
b11001010010100100011001010010100 1
b11001010010100100011001010010100 5
0/
0-
b1110000001 3
#8985000
0%
0&
b11001010010100100011101110111110 "
b11001010010100100011101110111110 4
b11001010010100100011101110111110 <
1:
07
0;
09
b0 =
b11001010010100100011101110111110 >
1,
#8990000
0,
b10010000001011101011000000100000 1
b10010000001011101011000000100000 5
1*
12
0.
1-
b1110000010 3
#8995000
1,
#9000000
0,
b11101101011110001101100011011010 1
b11101101011110001101100011011010 5
0*
0+
1.
1/
0-
b1110000011 3
#9005000
1,
#9010000
0,
b111111000001110000100001111 1
b111111000001110000100001111 5
0.
0/
b1110000100 3
#9015000
1,
#9020000
0,
b1011100101111110010111110111001 1
b1011100101111110010111110111001 5
b1110000101 3
#9025000
1,
#9030000
0,
b1110011100110111100110111100111 1
b1110011100110111100110111100111 5
02
1.
1/
1-
b1110000110 3
#9035000
0:
17
1;
19
b1110011100110111100110111100111 "
b1110011100110111100110111100111 4
b1110011100110111100110111100111 <
b1 =
1,
#9040000
1$
0,
b10000110011011100100100000001100 1
b10000110011011100100100000001100 5
1*
0/
0-
b1110000111 3
#9045000
0&
0$
b10000110011011100100110111100111 "
b10000110011011100100110111100111 4
b10000110011011100100110111100111 <
1:
07
0;
09
b0 =
b10000110011011100100110111100111 >
1,
#9050000
0,
b11111111001111001101111011111110 1
b11111111001111001101111011111110 5
0*
0.
1-
b1110001000 3
#9055000
1,
#9060000
0,
b10111011011000111001011001110110 1
b10111011011000111001011001110110 5
12
b1110001001 3
#9065000
1,
#9070000
0,
b1100001110011001101001111000011 1
b1100001110011001101001111000011 5
1*
1.
b1110001010 3
#9075000
1,
#9080000
0,
b11111010101000000111111011110101 1
b11111010101000000111111011110101 5
1+
02
0.
b1110001011 3
#9085000
1,
#9090000
0,
b1101001001100011100100111010010 1
b1101001001100011100100111010010 5
0*
0+
12
0-
b1110001100 3
#9095000
1,
#9100000
0,
b1100111101110010000101111001111 1
b1100111101110010000101111001111 5
1*
1+
1/
b1110001101 3
#9105000
1,
#9110000
0,
b1110010100111000111001111100101 1
b1110010100111000111001111100101 5
0*
02
1.
1-
b1110001110 3
#9115000
1%
0:
17
1;
19
b1110010100111000111001111100101 "
b1110010100111000111001111100101 4
b1110010100111000111001111100101 <
b1 =
1,
#9120000
0%
1(
1$
0,
b101100110010010111110101011001 1
b101100110010010111110101011001 5
1*
0+
12
0.
b1110001111 3
#9125000
0(
0$
b101100110010010111001111100101 "
b101100110010010111001111100101 4
b101100110010010111001111100101 <
07
0;
09
b0 =
b101100110010010111001111100101 >
1,
#9130000
0,
b11000011111110000011000010000111 1
b11000011111110000011000010000111 5
0*
02
b1110010000 3
#9135000
1&
1;
19
b11000011111110000011000010000111 "
b11000011111110000011000010000111 4
b11000011111110000011000010000111 <
b1 =
1,
#9140000
1'
1(
0&
0,
b100010010110101111000101000100 1
b100010010110101111000101000100 5
12
1.
0/
0-
b1110010001 3
#9145000
0'
0(
b100010010110101111000010000111 "
b100010010110101111000010000111 4
b100010010110101111000010000111 <
0;
09
b0 =
b100010010110101111000010000111 >
1,
#9150000
0,
b10010011011001100010011000100110 1
b10010011011001100010011000100110 5
1*
1+
02
0.
b1110010010 3
#9155000
1,
#9160000
0,
b1011010111110000010100010110 1
b1011010111110000010100010110 5
0*
0+
1-
b1110010011 3
#9165000
1,
#9170000
0,
b11100100100010110110101011001001 1
b11100100100010110110101011001001 5
1+
12
1.
0-
b1110010100 3
#9175000
1,
#9180000
0,
b1110001001010100110110111100010 1
b1110001001010100110110111100010 5
0+
b1110010101 3
#9185000
1,
#9190000
0,
b11110000001110100001110011100000 1
b11110000001110100001110011100000 5
0.
1-
b1110010110 3
#9195000
1,
#9200000
0,
b10100011000101101001110001000110 1
b10100011000101101001110001000110 5
1*
02
0-
b1110010111 3
#9205000
1,
#9210000
0,
b10111001101111011000101001110011 1
b10111001101111011000101001110011 5
1+
b1110011000 3
#9215000
1,
#9220000
0,
b11111111001100100110001011111110 1
b11111111001100100110001011111110 5
0+
12
1.
1/
b1110011001 3
#9225000
1,
#9230000
0,
b1110101110100010100110111101011 1
b1110101110100010100110111101011 5
1+
0/
1-
b1110011010 3
#9235000
1,
#9240000
0,
b11100101001010011000100011001010 1
b11100101001010011000100011001010 5
0*
b1110011011 3
#9245000
1,
#9250000
0,
b10101010000010110110011001010100 1
b10101010000010110110011001010100 5
1*
0+
0.
b1110011100 3
#9255000
1,
#9260000
0,
b1111010010010110111011111110100 1
b1111010010010110111011111110100 5
0*
02
b1110011101 3
#9265000
1,
#9270000
0,
b100000010000010110101101000000 1
b100000010000010110101101000000 5
1*
1.
1/
0-
b1110011110 3
#9275000
1,
#9280000
0,
b100101010110001100110101001010 1
b100101010110001100110101001010 5
0*
12
0.
0/
1-
b1110011111 3
#9285000
1,
#9290000
0,
b100000001100001001000101000000 1
b100000001100001001000101000000 5
1*
1+
02
1.
1/
0-
b1110100000 3
#9295000
1,
#9300000
0,
b1010010100000000000110110100101 1
b1010010100000000000110110100101 5
0.
b1110100001 3
#9305000
1,
#9310000
0,
b10001010011100001110011000010100 1
b10001010011100001110011000010100 5
12
1.
0/
b1110100010 3
#9315000
1,
#9320000
0,
b10011101100010010110100100111 1
b10011101100010010110100100111 5
0*
0.
1/
1-
b1110100011 3
#9325000
1!
b1111 #
b1111 6
1'
1(
1%
1;
19
b10011101100010010110100100111 "
b10011101100010010110100100111 4
b10011101100010010110100100111 <
b1 =
1,
#9330000
b0 #
b0 6
0!
0%
0,
b10011010011110110101111000110100 1
b10011010011110110101111000110100 5
0+
1.
0/
b1110100100 3
#9335000
0'
0(
b10011010011110110100110100100111 "
b10011010011110110100110100100111 4
b10011010011110110100110100100111 <
0;
09
b0 =
b10011010011110110100110100100111 >
1,
#9340000
0,
b1111111001100000100011111111110 1
b1111111001100000100011111111110 5
1*
b1110100101 3
#9345000
1,
#9350000
0,
b11110010010010101111100011100100 1
b11110010010010101111100011100100 5
1+
02
b1110100110 3
#9355000
1,
#9360000
0,
b10110110000011110010110001101100 1
b10110110000011110010110001101100 5
0*
0+
12
0.
1/
0-
b1110100111 3
#9365000
1,
#9370000
0,
b1010000111000001110001110100001 1
b1010000111000001110001110100001 5
b1110101000 3
#9375000
1,
#9380000
0,
b101101111101100000110101011011 1
b101101111101100000110101011011 5
1+
02
1.
0/
1-
b1110101001 3
#9385000
1,
#9390000
0,
b10100101101100111001010001001011 1
b10100101101100111001010001001011 5
0+
12
1/
b1110101010 3
#9395000
1(
17
1;
19
b10100101101100111001010001001011 "
b10100101101100111001010001001011 4
b10100101101100111001010001001011 <
b1 =
1,
#9400000
0(
0,
b10100101011000110001000001001010 1
b10100101011000110001000001001010 5
02
b1110101011 3
#9405000
1(
b10100101011000110001010001001011 "
b10100101011000110001010001001011 4
b10100101011000110001010001001011 <
1:
09
b10100101011000110001010001001011 >
1,
#9410000
1$
0,
b1000101110100001111001110001011 1
b1000101110100001111001110001011 5
1*
0.
0/
0-
b1110101100 3
#9415000
0(
0$
07
0;
b0 =
1,
#9420000
0,
b11111111010010001111111011111110 1
b11111111010010001111111011111110 5
1+
12
1.
1-
b1110101101 3
#9425000
1,
#9430000
0,
b10001100001110110110110000011000 1
b10001100001110110110110000011000 5
0+
02
0-
b1110101110 3
#9435000
1,
#9440000
0,
b10010010101101001101101000100101 1
b10010010101101001101101000100101 5
1+
1/
b1110101111 3
#9445000
1,
#9450000
0,
b1010101110010100001111110101011 1
b1010101110010100001111110101011 5
12
0.
0/
b1110110000 3
#9455000
1,
#9460000
0,
b110100111000101000001101101001 1
b110100111000101000001101101001 5
0+
1.
b1110110001 3
#9465000
1,
#9470000
0,
b1000001100100111111010110000011 1
b1000001100100111111010110000011 5
b1110110010 3
#9475000
1,
#9480000
0,
b11010111111010000101001010101111 1
b11010111111010000101001010101111 5
0*
02
0.
1/
1-
b1110110011 3
#9485000
1&
0:
1;
19
b11010111111010000101001010101111 "
b11010111111010000101001010101111 4
b11010111111010000101001010101111 <
b1 =
1,
#9490000
1!
b1111 #
b1111 6
1%
1'
1(
0&
0,
b10011001101011011100000000110011 1
b10011001101011011100000000110011 5
1+
12
1.
0-
b1110110100 3
#9495000
0!
b0 #
b0 6
0'
0(
0%
b10011001101011011101001010101111 "
b10011001101011011101001010101111 4
b10011001101011011101001010101111 <
0;
09
b0 =
07
b10011001101011011101001010101111 >
1,
#9500000
0,
b11110101111000011011110011101011 1
b11110101111000011011110011101011 5
0+
02
0/
1-
b1110110101 3
#9505000
1,
#9510000
0,
b11110100110000110110001011101001 1
b11110100110000110110001011101001 5
1*
1/
b1110110110 3
#9515000
1$
17
1;
19
b11110100110000110110001011101001 "
b11110100110000110110001011101001 4
b11110100110000110110001011101001 <
b1 =
1,
#9520000
1%
0$
0,
b10011000010000001111100000110000 1
b10011000010000001111100000110000 5
0*
1+
0.
0-
b1110110111 3
#9525000
0%
0&
b10011000010000001110001011101001 "
b10011000010000001110001011101001 4
b10011000010000001110001011101001 <
1:
07
0;
09
b0 =
b10011000010000001110001011101001 >
1,
#9530000
0,
b101111110100111110011101011111 1
b101111110100111110011101011111 5
b1110111000 3
#9535000
1,
#9540000
0,
b10001100101011111001000000011001 1
b10001100101011111001000000011001 5
1*
0+
1.
0/
b1110111001 3
#9545000
1,
#9550000
0,
b110001010011100000000 1
b110001010011100000000 5
1+
0.
1/
b1110111010 3
#9555000
1,
#9560000
0,
b10110100101001100001001001101001 1
b10110100101001100001001001101001 5
0*
0+
1.
0/
b1110111011 3
#9565000
1,
#9570000
0,
b111111110111110110100101111111 1
b111111110111110110100101111111 5
1+
0.
1/
1-
b1110111100 3
#9575000
1&
0%
0:
1;
19
b111111110111110110100101111111 "
b111111110111110110100101111111 4
b111111110111110110100101111111 <
b1 =
1,
#9580000
1$
0,
b1000010101000101010001110000101 1
b1000010101000101010001110000101 5
1*
0+
0-
b1110111101 3
#9585000
0&
0$
b1000010101000101010100101111111 "
b1000010101000101010100101111111 4
b1000010101000101010100101111111 <
1:
0;
09
b0 =
b1000010101000101010100101111111 >
1,
#9590000
0,
b11101101110111110111101011011011 1
b11101101110111110111101011011011 5
1-
b1110111110 3
#9595000
1&
1$
0:
1;
19
b11101101110111110111101011011011 "
b11101101110111110111101011011011 4
b11101101110111110111101011011011 <
b1 =
1,
#9600000
1!
b1111 #
b1111 6
1%
1'
1(
0&
0$
0,
b10010111101001101010010000101111 1
b10010111101001101010010000101111 5
0*
1+
12
1.
0/
b1110111111 3
#9605000
0!
b0 #
b0 6
0'
0(
0%
b10010111101001101011101011011011 "
b10010111101001101011101011011011 4
b10010111101001101011101011011011 <
0;
09
b0 =
b10010111101001101011101011011011 >
1,
#9610000
0,
b11001101010100011101100010011010 1
b11001101010100011101100010011010 5
0+
02
0.
b1111000000 3
#9615000
1,
#9620000
0,
b111101011000110101011101111010 1
b111101011000110101011101111010 5
1*
12
1.
1/
0-
b1111000001 3
#9625000
1,
#9630000
0,
b1011101110101000100111110111011 1
b1011101110101000100111110111011 5
1+
b1111000010 3
#9635000
1,
#9640000
0,
b10011101001111010111001000111010 1
b10011101001111010111001000111010 5
0*
0.
b1111000011 3
#9645000
1,
#9650000
0,
b10101100110111111000110001011001 1
b10101100110111111000110001011001 5
1.
1-
b1111000100 3
#9655000
1(
1%
17
1;
19
b10101100110111111000110001011001 "
b10101100110111111000110001011001 4
b10101100110111111000110001011001 <
b1 =
1,
#9660000
0,
b10000010000011111100111000000100 1
b10000010000011111100111000000100 5
0/
b1111000101 3
#9665000
0(
0%
b0 #
b0 6
0!
b10000010000011111100110001011001 "
b10000010000011111100110001011001 4
b10000010000011111100110001011001 <
07
0;
09
b0 =
b10000010000011111100110001011001 >
1,
#9670000
0,
b11111111010110000101011011111110 1
b11111111010110000101011011111110 5
1*
0+
1/
b1111000110 3
#9675000
1(
1$
17
1;
19
b11111111010110000101011011111110 "
b11111111010110000101011011111110 4
b11111111010110000101011011111110 <
b1 =
1,
#9680000
1%
0,
b10011010010101010000000000110100 1
b10011010010101010000000000110100 5
1+
0.
0-
b1111000111 3
#9685000
0(
0%
b0 #
b0 6
0!
0$
b10011010010101010001011011111110 "
b10011010010101010001011011111110 4
b10011010010101010001011011111110 <
07
0;
09
b0 =
b10011010010101010001011011111110 >
1,
#9690000
0,
b10110000100000111001011001100001 1
b10110000100000111001011001100001 5
1.
0/
b1111001000 3
#9695000
1,
#9700000
0,
b10000111111111001100000100 1
b10000111111111001100000100 5
0*
02
0.
1/
1-
b1111001001 3
#9705000
1&
0%
1;
19
b10000111111111001100000100 "
b10000111111111001100000100 4
b10000111111111001100000100 <
b1 =
1,
#9710000
0,
b10010100011001011000011000101000 1
b10010100011001011000011000101000 5
1.
0-
b1111001010 3
#9715000
0&
b10010100011001011001001100000100 "
b10010100011001011001001100000100 4
b10010100011001011001001100000100 <
1:
0;
09
b0 =
07
b10010100011001011001001100000100 >
1,
#9720000
0,
b11001000000010111001000010010000 1
b11001000000010111001000010010000 5
12
0/
b1111001011 3
#9725000
1,
#9730000
0,
b11011110010100111100101010111100 1
b11011110010100111100101010111100 5
1/
1-
b1111001100 3
#9735000
1(
1%
0:
17
1;
19
b11011110010100111100101010111100 "
b11011110010100111100101010111100 4
b11011110010100111100101010111100 <
b1 =
1,
#9740000
0%
0,
b1010110000010010110001110101100 1
b1010110000010010110001110101100 5
0+
0.
0-
b1111001101 3
#9745000
0(
b1010110000010010110101010111100 "
b1010110000010010110101010111100 4
b1010110000010010110101010111100 <
07
0;
09
b0 =
b1010110000010010110101010111100 >
1,
#9750000
0,
b10110001010000101001010001100010 1
b10110001010000101001010001100010 5
1*
02
1.
0/
1-
b1111001110 3
#9755000
1,
#9760000
0,
b10110101101110010101100101101 1
b10110101101110010101100101101 5
1+
1/
b1111001111 3
#9765000
1%
1$
17
1;
19
b10110101101110010101100101101 "
b10110101101110010101100101101 4
b10110101101110010101100101101 <
b1 =
1,
#9770000
0,
b1000110000101001011111110001100 1
b1000110000101001011111110001100 5
0/
0-
b1111010000 3
#9775000
0%
0&
0$
b1000110000101001010101100101101 "
b1000110000101001010101100101101 4
b1000110000101001010101100101101 <
1:
07
0;
09
b0 =
b1000110000101001010101100101101 >
1,
#9780000
0,
b10001001101000111000010000010011 1
b10001001101000111000010000010011 5
12
1/
1-
b1111010001 3
#9785000
1(
1%
1$
0:
17
1;
19
b10001001101000111000010000010011 "
b10001001101000111000010000010011 4
b10001001101000111000010000010011 <
b1 =
1,
#9790000
0%
0(
0$
0,
b10101100111101101111001001011001 1
b10101100111101101111001001011001 5
0*
0+
02
0/
0-
b1111010010 3
#9795000
0&
b10101100111101101110010000010011 "
b10101100111101101110010000010011 4
b10101100111101101110010000010011 <
1:
07
0;
09
b0 =
b10101100111101101110010000010011 >
1,
#9800000
0,
b10101100101010011000111001011001 1
b10101100101010011000111001011001 5
12
0.
b1111010011 3
#9805000
1,
#9810000
0,
b11001001100011011100010010010011 1
b11001001100011011100010010010011 5
1.
1/
b1111010100 3
#9815000
1,
#9820000
0,
b11110010010110111110100111100 1
b11110010010110111110100111100 5
1*
1+
02
0.
b1111010101 3
#9825000
1,
#9830000
0,
b11110110011111101101011011101100 1
b11110110011111101101011011101100 5
12
1.
0/
b1111010110 3
#9835000
1,
#9840000
0,
b10100101101000100001100101001 1
b10100101101000100001100101001 5
b1111010111 3
#9845000
1,
#9850000
0,
b11101011100111001111001011010111 1
b11101011100111001111001011010111 5
0+
02
1/
b1111011000 3
#9855000
1,
#9860000
0,
b100110110010000010111101001101 1
b100110110010000010111101001101 5
1+
1-
b1111011001 3
#9865000
1%
1$
0:
17
1;
19
b100110110010000010111101001101 "
b100110110010000010111101001101 4
b100110110010000010111101001101 <
b1 =
1,
#9870000
0,
b11000010101111110011001010000101 1
b11000010101111110011001010000101 5
0.
0/
0-
b1111011010 3
#9875000
0%
0&
0$
b11000010101111110010111101001101 "
b11000010101111110010111101001101 4
b11000010101111110010111101001101 <
1:
07
0;
09
b0 =
b11000010101111110010111101001101 >
1,
#9880000
0,
b1100000011011001000101111000000 1
b1100000011011001000101111000000 5
0+
12
1.
1/
b1111011011 3
#9885000
1,
#9890000
0,
b1111010000010110001101111110100 1
b1111010000010110001101111110100 5
0*
1+
02
0.
0/
1-
b1111011100 3
#9895000
1,
#9900000
0,
b100000111011100011111101000001 1
b100000111011100011111101000001 5
12
1/
b1111011101 3
#9905000
1!
b1111 #
b1111 6
1'
1(
1%
0:
1;
19
b100000111011100011111101000001 "
b100000111011100011111101000001 4
b100000111011100011111101000001 <
b1 =
1,
#9910000
0!
b0 #
b0 6
0%
0'
0(
1&
1$
0,
b11000111001110011011101010001110 1
b11000111001110011011101010001110 5
1*
02
0/
0-
b1111011110 3
#9915000
0&
0$
b11000111001110011011111101000001 "
b11000111001110011011111101000001 4
b11000111001110011011111101000001 <
1:
0;
09
b0 =
b11000111001110011011111101000001 >
1,
#9920000
0,
b1000010001011110110101110000100 1
b1000010001011110110101110000100 5
1.
1-
b1111011111 3
#9925000
1,
#9930000
0,
b10100110000111111101000001001100 1
b10100110000111111101000001001100 5
0*
0-
b1111100000 3
#9935000
1,
#9940000
0,
b11110001000001000001000011100010 1
b11110001000001000001000011100010 5
1*
0.
b1111100001 3
#9945000
1,
#9950000
0,
b1110101100000001110010111101011 1
b1110101100000001110010111101011 5
0+
1-
b1111100010 3
#9955000
1,
#9960000
0,
b11100010111001011010011011000101 1
b11100010111001011010011011000101 5
12
1/
0-
b1111100011 3
#9965000
1,
#9970000
0,
b11011111111101010110101010111111 1
b11011111111101010110101010111111 5
1+
1.
0/
b1111100100 3
#9975000
1,
#9980000
0,
b100010111001011100011101000101 1
b100010111001011100011101000101 5
0*
0+
02
0.
1/
b1111100101 3
#9985000
1,
#9990000
0,
b11101011011010111110001011010110 1
b11101011011010111110001011010110 5
1+
12
0/
1-
b1111100110 3
#9995000
1,
#10000000
0,
b11110111100001111100001011101111 1
b11110111100001111100001011101111 5
0+
1/
b1111100111 3
#10005000
1'
1(
0:
1;
19
b11110111100001111100001011101111 "
b11110111100001111100001011101111 4
b11110111100001111100001011101111 <
b1 =
1,
#10010000
b1111 #
b1111 6
1!
1%
0,
b10001000100011001111101000010001 1
b10001000100011001111101000010001 5
1+
0/
b1111101000 3
#10015000
0!
b0 #
b0 6
0'
0(
0%
b10001000100011001110001011101111 "
b10001000100011001110001011101111 4
b10001000100011001110001011101111 <
0;
09
b0 =
b10001000100011001110001011101111 >
1,
#10020000
0,
b1010100111010010100100110101001 1
b1010100111010010100100110101001 5
1*
1.
0-
b1111101001 3
#10025000
1,
#10030000
0,
b10001100000010101010100000011000 1
b10001100000010101010100000011000 5
0*
02
0.
1/
b1111101010 3
#10035000
1,
#10040000
0,
b1011010011000100000001110110100 1
b1011010011000100000001110110100 5
1*
1.
1-
b1111101011 3
#10045000
1%
1$
17
1;
19
b1011010011000100000001110110100 "
b1011010011000100000001110110100 4
b1011010011000100000001110110100 <
b1 =
1,
#10050000
0%
0$
0,
b1001110101000100101010110011101 1
b1001110101000100101010110011101 5
0*
0+
0-
b1111101100 3
#10055000
0&
b1001110101000100100001110110100 "
b1001110101000100100001110110100 4
b1001110101000100100001110110100 <
1:
07
0;
09
b0 =
b1001110101000100100001110110100 >
1,
#10060000
0,
b1110000100000100011011111100001 1
b1110000100000100011011111100001 5
1+
12
0.
1-
b1111101101 3
#10065000
1!
b1111 #
b1111 6
1'
1(
1%
0:
1;
19
b1110000100000100011011111100001 "
b1110000100000100011011111100001 4
b1110000100000100011011111100001 <
b1 =
1,
#10070000
0,
b11110101010110011110110011101010 1
b11110101010110011110110011101010 5
1.
0-
b1111101110 3
#10075000
0!
b0 #
b0 6
0'
0(
0%
b11110101010110011111011111100001 "
b11110101010110011111011111100001 4
b11110101010110011111011111100001 <
0;
09
b0 =
07
b11110101010110011111011111100001 >
1,
#10080000
0,
b101100000110000110100101011000 1
b101100000110000110100101011000 5
0.
0/
1-
b1111101111 3
#10085000
1,
#10090000
0,
b11001010010000000000111010010100 1
b11001010010000000000111010010100 5
1*
0+
02
1.
1/
0-
b1111110000 3
#10095000
1,
#10100000
0,
b10100101001011111011100101001 1
b10100101001011111011100101001 5
0/
1-
b1111110001 3
#10105000
1,
#10110000
0,
b11000110101101110010001010001101 1
b11000110101101110010001010001101 5
0-
b1111110010 3
#10115000
1,
#10120000
0,
b1000000011010101011110110000000 1
b1000000011010101011110110000000 5
0.
b1111110011 3
#10125000
1,
#10130000
0,
b10101011000100110111101001010110 1
b10101011000100110111101001010110 5
b1111110100 3
#10135000
1,
#10140000
0,
b1010101111011111010110110101011 1
b1010101111011111010110110101011 5
12
1/
b1111110101 3
#10145000
1,
#10150000
0,
b1101100000101000111101111011000 1
b1101100000101000111101111011000 5
0*
02
b1111110110 3
#10155000
1,
#10160000
0,
b1011010101110000111111110110101 1
b1011010101110000111111110110101 5
1*
1.
0/
1-
b1111110111 3
#10165000
1,
#10170000
0,
b10001101100000001010111000011011 1
b10001101100000001010111000011011 5
1+
0.
1/
b1111111000 3
#10175000
1&
0%
1$
1;
19
b10001101100000001010111000011011 "
b10001101100000001010111000011011 4
b10001101100000001010111000011011 <
b1 =
1,
#10180000
1!
b1111 #
b1111 6
1%
1'
1(
0&
0,
b10111000100001000011110001110001 1
b10111000100001000011110001110001 5
12
1.
0-
b1111111001 3
#10185000
0!
b0 #
b0 6
0'
0(
0%
0$
b10111000100001000010111000011011 "
b10111000100001000010111000011011 4
b10111000100001000010111000011011 <
0;
09
b0 =
07
b10111000100001000010111000011011 >
1,
#10190000
0,
b11100001111011001110110011000011 1
b11100001111011001110110011000011 5
0*
02
0.
1-
b1111111010 3
#10195000
1&
0%
1;
19
b11100001111011001110110011000011 "
b11100001111011001110110011000011 4
b11100001111011001110110011000011 <
b1 =
1,
#10200000
1$
0,
b1111110010001001111010111111100 1
b1111110010001001111010111111100 5
1*
1.
0/
b1111111011 3
#10205000
0&
0$
b1111110010001001110110011000011 "
b1111110010001001110110011000011 4
b1111110010001001110110011000011 <
1:
0;
09
b0 =
b1111110010001001110110011000011 >
1,
#10210000
0,
b1001010011101100111110110010100 1
b1001010011101100111110110010100 5
0*
0+
12
b1111111100 3
#10215000
1,
#10220000
0,
b111101101100100101100001111 1
b111101101100100101100001111 5
1+
02
0.
1/
0-
b1111111101 3
#10225000
1,
#10230000
0,
b100101111110000010101101001011 1
b100101111110000010101101001011 5
0+
1.
b1111111110 3
#10235000
1,
#10240000
0,
b1010110001110110010001110101100 1
b1010110001110110010001110101100 5
1*
0.
1-
b1111111111 3
#10245000
1&
1$
0:
1;
19
b1010110001110110010001110101100 "
b1010110001110110010001110101100 4
b1010110001110110010001110101100 <
b1 =
1,
#10250000
0$
0,
b1010110000000100111100110101100 1
b1010110000000100111100110101100 5
0*
1+
1.
0/
0-
b10000000000 3
#10255000
0&
b1010110000000100110001110101100 "
b1010110000000100110001110101100 4
b1010110000000100110001110101100 <
1:
0;
09
b0 =
b1010110000000100110001110101100 >
1,
#10260000
0,
b1101111011010100011101111011110 1
b1101111011010100011101111011110 5
0+
12
1/
1-
b10000000001 3
#10265000
1(
0:
17
1;
19
b1101111011010100011101111011110 "
b1101111011010100011101111011110 4
b1101111011010100011101111011110 <
b1 =
1,
#10270000
0,
b11001000100111101010101010010001 1
b11001000100111101010101010010001 5
0/
b10000000010 3
#10275000
0(
b11001000100111101011101111011110 "
b11001000100111101011101111011110 4
b11001000100111101011101111011110 <
07
0;
09
b0 =
b11001000100111101011101111011110 >
1,
#10280000
0,
b1111001011100011100110111110010 1
b1111001011100011100110111110010 5
1*
1+
0.
0-
b10000000011 3
#10285000
1,
#10290000
0,
b10000000101001001111100000000001 1
b10000000101001001111100000000001 5
1/
b10000000100 3
#10295000
1,
#10300000
0,
b11111011001110100010111011110110 1
b11111011001110100010111011110110 5
0*
0+
1.
0/
1-
b10000000101 3
#10305000
1,
#10310000
0,
b11010011001011011001111010100110 1
b11010011001011011001111010100110 5
1/
b10000000110 3
#10315000
1(
17
1;
19
b11010011001011011001111010100110 "
b11010011001011011001111010100110 4
b11010011001011011001111010100110 <
b1 =
1,
#10320000
1%
0,
b1101111011110111011100011011 1
b1101111011110111011100011011 5
1+
0-
b10000000111 3
#10325000
0(
0%
b0 #
b0 6
0!
b1101111011110111111010100110 "
b1101111011110111111010100110 4
b1101111011110111111010100110 <
07
0;
09
b0 =
b1101111011110111111010100110 >
1,
#10330000
0,
b101111011001010000111101011110 1
b101111011001010000111101011110 5
0/
b10000001000 3
#10335000
1,
#10340000
0,
b1011111010110100000111110111110 1
b1011111010110100000111110111110 5
02
1-
b10000001001 3
#10345000
1,
#10350000
0,
b11110110110010101111110011101101 1
b11110110110010101111110011101101 5
12
0.
b10000001010 3
#10355000
1,
#10360000
0,
b10000001011100110001100100000 1
b10000001011100110001100100000 5
1.
b10000001011 3
#10365000
1,
#10370000
0,
b11011110101001001000111010111101 1
b11011110101001001000111010111101 5
1*
b10000001100 3
#10375000
1,
#10380000
0,
b10101111001110110111101001011110 1
b10101111001110110111101001011110 5
0*
b10000001101 3
#10385000
1,
#10390000
0,
b10111000001010010111011001110000 1
b10111000001010010111011001110000 5
0+
0.
1/
0-
b10000001110 3
#10395000
1,
#10400000
0,
b1000010001000001001100110000100 1
b1000010001000001001100110000100 5
1.
b10000001111 3
#10405000
1,
#10410000
0,
b10000011101101000000111000000111 1
b10000011101101000000111000000111 5
0.
b10000010000 3
#10415000
1,
#10420000
0,
b1100101111100011101100111001011 1
b1100101111100011101100111001011 5
1*
02
b10000010001 3
#10425000
1,
#10430000
0,
b1011111111001000000100010111 1
b1011111111001000000100010111 5
12
1.
b10000010010 3
#10435000
1,
#10440000
0,
b10000101111100111101100000001011 1
b10000101111100111101100000001011 5
0.
0/
b10000010011 3
#10445000
1,
#10450000
0,
b100001001001101110000101000010 1
b100001001001101110000101000010 5
1/
1-
b10000010100 3
#10455000
1'
1(
1$
1;
19
b100001001001101110000101000010 "
b100001001001101110000101000010 4
b100001001001101110000101000010 <
b1 =
1,
#10460000
0$
0,
b11100100010101100100110011001000 1
b11100100010101100100110011001000 5
0*
1.
0-
b10000010101 3
#10465000
0'
0(
b11100100010101100100000101000010 "
b11100100010101100100000101000010 4
b11100100010101100100000101000010 <
0;
09
b0 =
07
b11100100010101100100000101000010 >
1,
#10470000
0,
b10011000001011000100111000110000 1
b10011000001011000100111000110000 5
1*
1+
02
0.
1-
b10000010110 3
#10475000
1&
0%
1$
1;
19
b10011000001011000100111000110000 "
b10011000001011000100111000110000 4
b10011000001011000100111000110000 <
b1 =
1,
#10480000
1!
b1111 #
b1111 6
1%
1'
1(
0&
0$
0,
b101000100101011010100101010001 1
b101000100101011010100101010001 5
0*
12
1.
0/
0-
b10000010111 3
#10485000
0!
b0 #
b0 6
0'
0(
0%
b101000100101011010111000110000 "
b101000100101011010111000110000 4
b101000100101011010111000110000 <
0;
09
b0 =
b101000100101011010111000110000 >
1,
#10490000
0,
b10100001111001110001101001000011 1
b10100001111001110001101001000011 5
02
0.
b10000011000 3
#10495000
1,
#10500000
0,
b1001000111010111011101110010001 1
b1001000111010111011101110010001 5
0+
12
1/
b10000011001 3
#10505000
1,
#10510000
0,
b10001101110010011101011000011011 1
b10001101110010011101011000011011 5
1+
1.
b10000011010 3
#10515000
1,
#10520000
0,
b1011111111101110100111110111111 1
b1011111111101110100111110111111 5
0+
b10000011011 3
#10525000
1,
#10530000
0,
b11001111000010011000110010011110 1
b11001111000010011000110010011110 5
1*
1+
02
0.
b10000011100 3
#10535000
1,
#10540000
0,
b1000101100000101100011110001011 1
b1000101100000101100011110001011 5
0+
1-
b10000011101 3
#10545000
1&
1$
1;
19
b1000101100000101100011110001011 "
b1000101100000101100011110001011 4
b1000101100000101100011110001011 <
b1 =
1,
#10550000
0$
0,
b11001111110000101100110010011111 1
b11001111110000101100110010011111 5
0*
1+
1.
0-
b10000011110 3
#10555000
0&
b11001111110000101100011110001011 "
b11001111110000101100011110001011 4
b11001111110000101100011110001011 <
1:
0;
09
b0 =
07
b11001111110000101100011110001011 >
1,
#10560000
0,
b1000100011100101100000010 1
b1000100011100101100000010 5
0+
0.
0/
1-
b10000011111 3
#10565000
1,
#10570000
0,
b11110100011000011101000011101000 1
b11110100011000011101000011101000 5
1*
1+
12
1.
1/
b10000100000 3
#10575000
1(
1%
1$
0:
17
1;
19
b11110100011000011101000011101000 "
b11110100011000011101000011101000 4
b11110100011000011101000011101000 <
b1 =
1,
#10580000
0%
0(
0$
0,
b1010110100111011101010110101101 1
b1010110100111011101010110101101 5
0*
0+
02
0/
0-
b10000100001 3
#10585000
0&
b1010110100111011101000011101000 "
b1010110100111011101000011101000 4
b1010110100111011101000011101000 <
1:
07
0;
09
b0 =
b1010110100111011101000011101000 >
1,
#10590000
0,
b11011010010101011010001010110100 1
b11011010010101011010001010110100 5
1*
12
0.
1/
1-
b10000100010 3
#10595000
1'
1(
1$
0:
1;
19
b11011010010101011010001010110100 "
b11011010010101011010001010110100 4
b11011010010101011010001010110100 <
b1 =
1,
#10600000
b1111 #
b1111 6
1!
1%
0,
b110001101010011110000101100011 1
b110001101010011110000101100011 5
1+
0/
b10000100011 3
#10605000
0!
b0 #
b0 6
0'
0(
0%
0$
b110001101010011110001010110100 "
b110001101010011110001010110100 4
b110001101010011110001010110100 <
0;
09
b0 =
b110001101010011110001010110100 >
1,
#10610000
0,
b10000111110101100011010000001111 1
b10000111110101100011010000001111 5
0*
02
0-
b10000100100 3
#10615000
1,
#10620000
0,
b10000000100101010000100000000001 1
b10000000100101010000100000000001 5
12
1/
1-
b10000100101 3
#10625000
1!
b1111 #
b1111 6
1'
1(
1%
1;
19
b10000000100101010000100000000001 "
b10000000100101010000100000000001 4
b10000000100101010000100000000001 <
b1 =
1,
#10630000
b0 #
b0 6
0!
0%
0,
b10011111010001011000110000111110 1
b10011111010001011000110000111110 5
0+
1.
0/
b10000100110 3
#10635000
0'
0(
b10011111010001011000100000000001 "
b10011111010001011000100000000001 4
b10011111010001011000100000000001 <
0;
09
b0 =
b10011111010001011000100000000001 >
1,
#10640000
0,
b10011001110101000001100000110011 1
b10011001110101000001100000110011 5
1+
02
b10000100111 3
#10645000
1,
#10650000
0,
b11100111011100111101000011001110 1
b11100111011100111101000011001110 5
1*
12
b10000101000 3
#10655000
1,
#10660000
0,
b1110110011110100100010111101100 1
b1110110011110100100010111101100 5
0.
1/
0-
b10000101001 3
#10665000
1,
#10670000
0,
b1001010110011100111111110010101 1
b1001010110011100111111110010101 5
0+
02
1.
0/
b10000101010 3
#10675000
1,
#10680000
0,
b1011001001110001011010110110010 1
b1011001001110001011010110110010 5
1+
1-
b10000101011 3
#10685000
1,
#10690000
0,
b10010000100111100100000100 1
b10010000100111100100000100 5
0+
0-
b10000101100 3
#10695000
1,
#10700000
0,
b11001110101111010010111010011101 1
b11001110101111010010111010011101 5
12
1-
b10000101101 3
#10705000
1,
#10710000
0,
b10100101010110010010111001001010 1
b10100101010110010010111001001010 5
0*
1+
02
0.
0-
b10000101110 3
#10715000
1,
#10720000
0,
b11000100000101111011011010001000 1
b11000100000101111011011010001000 5
1*
0+
1-
b10000101111 3
#10725000
1,
#10730000
0,
b1111111110110001011111111111111 1
b1111111110110001011111111111111 5
1+
1/
0-
b10000110000 3
#10735000
1,
#10740000
0,
b10101001100011110010101001010011 1
b10101001100011110010101001010011 5
12
0/
b10000110001 3
#10745000
1,
#10750000
0,
b10000101111011110000111000001011 1
b10000101111011110000111000001011 5
02
1.
1/
1-
b10000110010 3
#10755000
1%
1$
17
1;
19
b10000101111011110000111000001011 "
b10000101111011110000111000001011 4
b10000101111011110000111000001011 <
b1 =
1,
#10760000
0%
1(
0,
b10101100000011001110011001011000 1
b10101100000011001110011001011000 5
0+
12
0.
0-
b10000110011 3
#10765000
0(
0$
b10101100000011001110111000001011 "
b10101100000011001110111000001011 4
b10101100000011001110111000001011 <
07
0;
09
b0 =
b10101100000011001110111000001011 >
1,
#10770000
0,
b10111010101011111111011001110101 1
b10111010101011111111011001110101 5
1+
02
b10000110100 3
#10775000
1,
#10780000
0,
b11101101000001110101111011011010 1
b11101101000001110101111011011010 5
0+
12
1-
b10000110101 3
#10785000
1'
1(
1$
1;
19
b11101101000001110101111011011010 "
b11101101000001110101111011011010 4
b11101101000001110101111011011010 <
b1 =
1,
#10790000
b1111 #
b1111 6
1!
1%
0$
0,
b10001001011011100101010000010010 1
b10001001011011100101010000010010 5
0*
1+
1.
b10000110110 3
#10795000
0%
b10001001011011100101111011011110 "
b10001001011011100101111011011110 4
b10001001011011100101111011011110 <
b1000 8
09
b10 =
07
b10001001011011100101111011011110 >
1,
#10800000
b0 #
b0 6
0!
0,
b10111000100100111100010001110001 1
b10111000100100111100010001110001 5
0+
02
0.
0-
b10000110111 3
#10805000
0(
0'
0;
b10111000100100111100010001110001 "
b10111000100100111100010001110001 4
b10111000100100111100010001110001 <
b0 =
1,
#10810000
0,
b10100001001110000011010001000010 1
b10100001001110000011010001000010 5
1.
0/
b10000111000 3
#10815000
1,
#10820000
0,
b11111011000001101010100011110110 1
b11111011000001101010100011110110 5
1+
12
1/
b10000111001 3
#10825000
1,
#10830000
0,
b10011111011111001100000100 1
b10011111011111001100000100 5
0+
02
0.
1-
b10000111010 3
#10835000
1&
1;
19
b10011111011111001100000100 "
b10011111011111001100000100 4
b10011111011111001100000100 <
b1 =
1,
#10840000
0,
b10011010010111001011100100110 1
b10011010010111001011100100110 5
1.
b10000111011 3
#10845000
1(
0&
b10011010010111001001100000100 "
b10011010010111001001100000100 4
b10011010010111001001100000100 <
1:
09
17
b10011010010111001001100000100 >
1,
#10850000
0,
b1010001101011000100111110100011 1
b1010001101011000100111110100011 5
0.
0/
0-
b10000111100 3
#10855000
0(
07
0;
b0 =
1,
#10860000
0,
b10000100110110111011001000001001 1
b10000100110110111011001000001001 5
1*
1+
1/
b10000111101 3
#10865000
1,
#10870000
0,
b11010110010000011001110010101100 1
b11010110010000011001110010101100 5
0*
0+
1.
1-
b10000111110 3
#10875000
0:
17
1;
19
b11010110010000011001110010101100 "
b11010110010000011001110010101100 4
b11010110010000011001110010101100 <
b1 =
1,
#10880000
1$
0,
b1101011111110110110000111010111 1
b1101011111110110110000111010111 5
1*
0.
b10000111111 3
#10885000
0&
0$
b1101011111110110111110010101100 "
b1101011111110110111110010101100 4
b1101011111110110111110010101100 <
1:
07
0;
09
b0 =
b1101011111110110111110010101100 >
1,
#10890000
0,
b100101001011101100100001001 1
b100101001011101100100001001 5
0*
1.
0-
b10001000000 3
#10895000
1,
#10900000
0,
b11100000101001101101111011000001 1
b11100000101001101101111011000001 5
1+
1-
b10001000001 3
#10905000
1%
0:
17
1;
19
b11100000101001101101111011000001 "
b11100000101001101101111011000001 4
b11100000101001101101111011000001 <
b1 =
1,
#10910000
1$
0,
b10111001110011011100100001110011 1
b10111001110011011100100001110011 5
1*
b10001000010 3
#10915000
0%
0&
0$
b10111001110011011101111011000001 "
b10111001110011011101111011000001 4
b10111001110011011101111011000001 <
1:
07
0;
09
b0 =
b10111001110011011101111011000001 >
1,
#10920000
0,
b11000010101011110011100110000 1
b11000010101011110011100110000 5
12
0/
b10001000011 3
#10925000
1,
#10930000
0,
b10011010011100010010001000110100 1
b10011010011100010010001000110100 5
0*
0+
b10001000100 3
#10935000
1,
#10940000
0,
b100011111100101000100001000 1
b100011111100101000100001000 5
1*
02
0.
1/
b10001000101 3
#10945000
1&
1$
0:
1;
19
b100011111100101000100001000 "
b100011111100101000100001000 4
b100011111100101000100001000 <
b1 =
1,
#10950000
0,
b100010110111010100100001000 1
b100010110111010100100001000 5
1.
0-
b10001000110 3
#10955000
0&
0$
b100010110111011000100001000 "
b100010110111011000100001000 4
b100010110111011000100001000 <
1:
0;
09
b0 =
07
b100010110111011000100001000 >
1,
#10960000
0,
b11010011011111011010110010100110 1
b11010011011111011010110010100110 5
0*
1+
12
0.
0/
1-
b10001000111 3
#10965000
1,
#10970000
0,
b11011111001000010100010010111110 1
b11011111001000010100010010111110 5
1*
0+
1.
b10001001000 3
#10975000
1,
#10980000
0,
b1011010100011110101100010110 1
b1011010100011110101100010110 5
0*
02
1/
b10001001001 3
#10985000
0:
17
1;
19
b1011010100011110101100010110 "
b1011010100011110101100010110 4
b1011010100011110101100010110 <
b1 =
1,
#10990000
1(
1$
0,
b1010001111010011000100010100 1
b1010001111010011000100010100 5
1*
12
0.
0/
0-
b10001001010 3
#10995000
0(
0$
b1010001111010010101100010110 "
b1010001111010010101100010110 4
b1010001111010010101100010110 <
07
0;
09
b0 =
b1010001111010010101100010110 >
1,
#11000000
0,
b1100001010010001111010111000010 1
b1100001010010001111010111000010 5
1+
02
1.
b10001001011 3
#11005000
1,
#11010000
0,
b1011001011001000001001110110010 1
b1011001011001000001001110110010 5
1/
1-
b10001001100 3
#11015000
1%
1$
17
1;
19
b1011001011001000001001110110010 "
b1011001011001000001001110110010 4
b1011001011001000001001110110010 <
b1 =
1,
#11020000
0,
b11100111100011110101001011001111 1
b11100111100011110101001011001111 5
0-
b10001001101 3
#11025000
0%
0&
0$
b11100111100011110101001110110010 "
b11100111100011110101001110110010 4
b11100111100011110101001110110010 <
1:
07
0;
09
b0 =
b11100111100011110101001110110010 >
1,
#11030000
0,
b10110100100100010001011001101001 1
b10110100100100010001011001101001 5
0*
12
0.
1-
b10001001110 3
#11035000
1!
b1111 #
b1111 6
1'
1(
1%
0:
1;
19
b10110100100100010001011001101001 "
b10110100100100010001011001101001 4
b10110100100100010001011001101001 <
b1 =
1,
#11040000
0!
b0 #
b0 6
0%
0'
0(
1&
1$
0,
b11001010001011100011100110010 1
b11001010001011100011100110010 5
1*
02
1.
0/
b10001001111 3
#11045000
0&
0$
b11001010001011101011001101001 "
b11001010001011101011001101001 4
b11001010001011101011001101001 <
1:
0;
09
b0 =
b11001010001011101011001101001 >
1,
#11050000
0,
b111000000101100001110101110000 1
b111000000101100001110101110000 5
0*
12
0.
b10001010000 3
#11055000
1,
#11060000
0,
b10100111100001011110111001001111 1
b10100111100001011110111001001111 5
1*
0+
b10001010001 3
#11065000
1,
#11070000
0,
b11001001101101101100110010010011 1
b11001001101101101100110010010011 5
0*
1+
1.
1/
0-
b10001010010 3
#11075000
1,
#11080000
0,
b11101011111011110001100111010 1
b11101011111011110001100111010 5
1*
02
0.
0/
1-
b10001010011 3
#11085000
1,
#11090000
0,
b10110010100101101011110001100101 1
b10110010100101101011110001100101 5
0*
12
1/
b10001010100 3
#11095000
1!
b1111 #
b1111 6
1'
1(
1%
0:
1;
19
b10110010100101101011110001100101 "
b10110010100101101011110001100101 4
b10110010100101101011110001100101 <
b1 =
1,
#11100000
0!
b0 #
b0 6
0%
0'
0(
1&
0,
b1101111100010101101111111011111 1
b1101111100010101101111111011111 5
02
1.
0-
b10001010101 3
#11105000
0&
b1101111100010101101110001100101 "
b1101111100010101101110001100101 4
b1101111100010101101110001100101 <
1:
0;
09
b0 =
07
b1101111100010101101110001100101 >
1,
#11110000
0,
b11010100000101000100100110101 1
b11010100000101000100100110101 5
1-
b10001010110 3
#11115000
1%
0:
17
1;
19
b11010100000101000100100110101 "
b11010100000101000100100110101 4
b11010100000101000100100110101 <
b1 =
1,
#11120000
1(
1$
0,
b11000000111110101101000010000001 1
b11000000111110101101000010000001 5
1*
12
0.
0/
b10001010111 3
#11125000
0(
0%
b0 #
b0 6
0!
0$
b11000000111110101100100100110101 "
b11000000111110101100100100110101 4
b11000000111110101100100100110101 <
07
0;
09
b0 =
b11000000111110101100100100110101 >
1,
#11130000
0,
b11101111110111000000000011011111 1
b11101111110111000000000011011111 5
b10001011000 3
#11135000
1,
#11140000
0,
b1101110111010000100100011011 1
b1101110111010000100100011011 5
0*
02
1.
1/
0-
b10001011001 3
#11145000
1,
#11150000
0,
b10001000001100010011110000010000 1
b10001000001100010011110000010000 5
1*
0.
0/
b10001011010 3
#11155000
1,
#11160000
0,
b1100010000010011101000111000100 1
b1100010000010011101000111000100 5
0*
0+
12
1.
1-
b10001011011 3
#11165000
1,
#11170000
0,
b1001000010001101100000110010000 1
b1001000010001101100000110010000 5
1*
0.
1/
b10001011100 3
#11175000
1'
1(
1$
1;
19
b1001000010001101100000110010000 "
b1001000010001101100000110010000 4
b1001000010001101100000110010000 <
b1 =
1,
#11180000
0'
0(
1&
0$
0,
b11001100010010010000111010011000 1
b11001100010010010000111010011000 5
0*
02
1.
0/
0-
b10001011101 3
#11185000
0&
b11001100010010010000000110010000 "
b11001100010010010000000110010000 4
b11001100010010010000000110010000 <
1:
0;
09
b0 =
b11001100010010010000000110010000 >
1,
#11190000
0,
b10010111000111001001110000101110 1
b10010111000111001001110000101110 5
1/
1-
b10001011110 3
#11195000
0:
17
1;
19
b10010111000111001001110000101110 "
b10010111000111001001110000101110 4
b10010111000111001001110000101110 <
b1 =
1,
#11200000
1$
0,
b10111100001111111110100001111000 1
b10111100001111111110100001111000 5
1*
0.
0/
b10001011111 3
#11205000
0&
0$
b10111100001111111111110000101110 "
b10111100001111111111110000101110 4
b10111100001111111111110000101110 <
1:
07
0;
09
b0 =
b10111100001111111111110000101110 >
1,
#11210000
0,
b1110110001101101000111111101100 1
b1110110001101101000111111101100 5
0-
b10001100000 3
#11215000
1,
#11220000
0,
b11100011100011010101100011000111 1
b11100011100011010101100011000111 5
12
1/
1-
b10001100001 3
#11225000
1'
1(
1$
0:
1;
19
b11100011100011010101100011000111 "
b11100011100011010101100011000111 4
b11100011100011010101100011000111 <
b1 =
1,
#11230000
0'
b0 #
b0 6
0!
0%
0(
1&
0$
0,
b10001011110001111100000100 1
b10001011110001111100000100 5
0*
1+
02
1.
b10001100010 3
#11235000
1%
1(
0&
b10001011110001100011000111 "
b10001011110001100011000111 4
b10001011110001100011000111 <
1:
09
17
b10001011110001100011000111 >
1,
#11240000
1$
0,
b1110110001111011101110111101100 1
b1110110001111011101110111101100 5
1*
12
0-
b10001100011 3
#11245000
0(
0%
b0 #
b0 6
0!
0$
07
0;
b0 =
1,
#11250000
0,
b1001010111011100000100010010 1
b1001010111011100000100010010 5
0*
02
0.
0/
1-
b10001100100 3
#11255000
1,
#11260000
0,
b10110100011111100000100001101000 1
b10110100011111100000100001101000 5
0+
1.
b10001100101 3
#11265000
1,
#11270000
0,
b10000011000101111111010000000110 1
b10000011000101111111010000000110 5
1*
1+
0.
b10001100110 3
#11275000
1,
#11280000
0,
b1101111001101000010111111011110 1
b1101111001101000010111111011110 5
0*
0+
12
1/
0-
b10001100111 3
#11285000
1,
#11290000
0,
b110000110101010110100101100001 1
b110000110101010110100101100001 5
1*
1-
b10001101000 3
#11295000
1'
1(
1$
0:
1;
19
b110000110101010110100101100001 "
b110000110101010110100101100001 4
b110000110101010110100101100001 <
b1 =
1,
#11300000
0'
b0 #
b0 6
0!
0%
0(
1&
0$
0,
b10101010111010010000000001010101 1
b10101010111010010000000001010101 5
0*
1+
02
1.
0-
b10001101001 3
#11305000
0&
b10101010111010010000100101100001 "
b10101010111010010000100101100001 4
b10101010111010010000100101100001 <
1:
0;
09
b0 =
07
b10101010111010010000100101100001 >
1,
#11310000
0,
b11000011001111110001010010000110 1
b11000011001111110001010010000110 5
1*
0+
12
0.
1-
b10001101010 3
#11315000
1'
1(
1$
0:
1;
19
b11000011001111110001010010000110 "
b11000011001111110001010010000110 4
b11000011001111110001010010000110 <
b1 =
1,
#11320000
0$
0,
b10000001001110010011100100000 1
b10000001001110010011100100000 5
0*
0/
b10001101011 3
#11325000
0'
0(
b10000001001110011010010000110 "
b10000001001110011010010000110 4
b10000001001110011010010000110 <
0;
09
b0 =
b10000001001110011010010000110 >
1,
#11330000
0,
b10101111111100010101101001011111 1
b10101111111100010101101001011111 5
1*
1.
0-
b10001101100 3
#11335000
1,
#11340000
0,
b1101110001110011110011111011100 1
b1101110001110011110011111011100 5
02
0.
1-
b10001101101 3
#11345000
1,
#11350000
0,
b101001011110010011000101010010 1
b101001011110010011000101010010 5
0*
b10001101110 3
#11355000
1,
#11360000
0,
b10100100111100101100011001001001 1
b10100100111100101100011001001001 5
1*
1+
1/
0-
b10001101111 3
#11365000
1,
#11370000
0,
b10010001110101000010110000100011 1
b10010001110101000010110000100011 5
0+
0/
b10001110000 3
#11375000
1,
#11380000
0,
b11000011110111100010000010000111 1
b11000011110111100010000010000111 5
0*
12
1.
1-
b10001110001 3
#11385000
1,
#11390000
0,
b11111000011110111011110011110000 1
b11111000011110111011110011110000 5
1+
0.
b10001110010 3
#11395000
1,
#11400000
0,
b10000001000011101101000000000010 1
b10000001000011101101000000000010 5
0-
b10001110011 3
#11405000
1,
#11410000
0,
b11101111110000110011000011011111 1
b11101111110000110011000011011111 5
b10001110100 3
#11415000
1,
#11420000
0,
b1000111011010001100111110001110 1
b1000111011010001100111110001110 5
02
1-
b10001110101 3
#11425000
1,
#11430000
0,
b11110010000100001110110011100100 1
b11110010000100001110110011100100 5
0+
1/
b10001110110 3
#11435000
1&
1;
19
b11110010000100001110110011100100 "
b11110010000100001110110011100100 4
b11110010000100001110110011100100 <
b1 =
1,
#11440000
0,
b1110100000100101100101111101000 1
b1110100000100101100101111101000 5
1+
1.
0/
0-
b10001110111 3
#11445000
0&
b1110100000100101100110011100100 "
b1110100000100101100110011100100 4
b1110100000100101100110011100100 <
1:
0;
09
b0 =
b1110100000100101100110011100100 >
1,
#11450000
0,
b11011110001110100111110010111100 1
b11011110001110100111110010111100 5
0+
12
0.
1/
1-
b10001111000 3
#11455000
1'
1(
0:
1;
19
b11011110001110100111110010111100 "
b11011110001110100111110010111100 4
b11011110001110100111110010111100 <
b1 =
1,
#11460000
b1111 #
b1111 6
1!
1%
1$
0,
b11011100011101101101011010111000 1
b11011100011101101101011010111000 5
1*
1+
b10001111001 3
#11465000
0!
b0 #
b0 6
0'
0(
0%
0$
b11011100011101101101110010111100 "
b11011100011101101101110010111100 4
b11011100011101101101110010111100 <
0;
09
b0 =
b11011100011101101101110010111100 >
1,
#11470000
0,
b1110011000010111011011111100110 1
b1110011000010111011011111100110 5
0*
0+
02
0/
0-
b10001111010 3
#11475000
1,
#11480000
0,
b11010001111110011111100010100011 1
b11010001111110011111100010100011 5
1/
b10001111011 3
#11485000
1,
#11490000
0,
b1010100110000001110001110101001 1
b1010100110000001110001110101001 5
1+
12
1.
0/
b10001111100 3
#11495000
1,
#11500000
0,
b1111110010100101101101111111100 1
b1111110010100101101101111111100 5
1*
0+
0.
1-
b10001111101 3
#11505000
1,
#11510000
0,
b10111011111110111100111001110111 1
b10111011111110111100111001110111 5
02
1.
0-
b10001111110 3
#11515000
1,
#11520000
0,
b10011001001110101111100100110 1
b10011001001110101111100100110 5
0*
0.
b10001111111 3
#11525000
1,
#11530000
0,
b10100100011110111111011001001000 1
b10100100011110111111011001001000 5
12
1.
1-
b10010000000 3
#11535000
1,
#11540000
0,
b11010001010110010100001010100010 1
b11010001010110010100001010100010 5
1*
0-
b10010000001 3
#11545000
1,
#11550000
0,
b11011010101000011010010010110101 1
b11011010101000011010010010110101 5
b10010000010 3
#11555000
1,
#11560000
0,
b11010000001010011100000010100000 1
b11010000001010011100000010100000 5
1-
b10010000011 3
#11565000
1,
#11570000
0,
b11010001100001000000111010100011 1
b11010001100001000000111010100011 5
1+
02
1/
b10010000100 3
#11575000
1%
1$
17
1;
19
b11010001100001000000111010100011 "
b11010001100001000000111010100011 4
b11010001100001000000111010100011 <
b1 =
1,
#11580000
0%
0,
b10011010000111000011000000110100 1
b10011010000111000011000000110100 5
0+
0.
0/
0-
b10010000101 3
#11585000
0&
0$
b10011010000111000010111010100011 "
b10011010000111000010111010100011 4
b10011010000111000010111010100011 <
1:
07
0;
09
b0 =
b10011010000111000010111010100011 >
1,
#11590000
0,
b1101000001000100111001111010000 1
b1101000001000100111001111010000 5
0*
1+
12
1.
b10010000110 3
#11595000
1,
#11600000
0,
b10011101001111111010001000111010 1
b10011101001111111010001000111010 5
1*
0+
0.
1/
b10010000111 3
#11605000
1,
#11610000
0,
b11100010111110000011110011000101 1
b11100010111110000011110011000101 5
1.
b10010001000 3
#11615000
1,
#11620000
0,
b11111110010001111000011011111100 1
b11111110010001111000011011111100 5
1+
02
0.
0/
b10010001001 3
#11625000
1,
#11630000
0,
b1111111111000010011100011111 1
b1111111111000010011100011111 5
0*
0+
1.
1/
b10010001010 3
#11635000
1,
#11640000
0,
b1001100110110100100100010011 1
b1001100110110100100100010011 5
1*
1+
12
0.
1-
b10010001011 3
#11645000
1!
b1111 #
b1111 6
1'
1(
1%
1$
0:
1;
19
b1001100110110100100100010011 "
b1001100110110100100100010011 4
b1001100110110100100100010011 <
b1 =
1,
#11650000
0$
0,
b11111101110100100101010011111011 1
b11111101110100100101010011111011 5
0*
0-
b10010001100 3
#11655000
0!
b0 #
b0 6
0'
0(
0%
b11111101110100100100100100010011 "
b11111101110100100100100100010011 4
b11111101110100100100100100010011 <
0;
09
b0 =
b11111101110100100100100100010011 >
1,
#11660000
0,
b110011010001001110101101100110 1
b110011010001001110101101100110 5
0+
02
0/
b10010001101 3
#11665000
1,
#11670000
0,
b10010011101110010111100000100111 1
b10010011101110010111100000100111 5
1*
12
1-
b10010001110 3
#11675000
1,
#11680000
0,
b11000110011001101011010010001100 1
b11000110011001101011010010001100 5
0*
1+
02
1.
1/
0-
b10010001111 3
#11685000
1,
#11690000
0,
b11011110011110101110110010111100 1
b11011110011110101110110010111100 5
0/
b10010010000 3
#11695000
1,
#11700000
0,
b11111110100111111100001011111101 1
b11111110100111111100001011111101 5
1*
0+
12
b10010010001 3
#11705000
1,
#11710000
0,
b10111111011001011101101001111110 1
b10111111011001011101101001111110 5
1+
0.
1/
b10010010010 3
#11715000
1,
#11720000
0,
b10111001100001111010110001110011 1
b10111001100001111010110001110011 5
0*
0+
02
1.
1-
b10010010011 3
#11725000
17
1;
19
b10111001100001111010110001110011 "
b10111001100001111010110001110011 4
b10111001100001111010110001110011 <
b1 =
1,
#11730000
1%
1$
0,
b101000111010101011100001010 1
b101000111010101011100001010 5
1*
1+
0/
0-
b10010010100 3
#11735000
0%
0&
0$
b101000111010100110001110011 "
b101000111010100110001110011 4
b101000111010100110001110011 <
1:
07
0;
09
b0 =
b101000111010100110001110011 >
1,
#11740000
0,
b101100001010010010111101011000 1
b101100001010010010111101011000 5
12
0.
1/
b10010010101 3
#11745000
1,
#11750000
0,
b10000010110000011000001000000101 1
b10000010110000011000001000000101 5
0+
02
0/
1-
b10010010110 3
#11755000
1,
#11760000
0,
b10000000001000111011011000000000 1
b10000000001000111011011000000000 5
0*
1+
12
1.
b10010010111 3
#11765000
1,
#11770000
0,
b10101000101110111010100001010001 1
b10101000101110111010100001010001 5
02
1/
0-
b10010011000 3
#11775000
1,
#11780000
0,
b11011101110111000001010010111011 1
b11011101110111000001010010111011 5
1*
12
0.
b10010011001 3
#11785000
1,
#11790000
0,
b100011001101010110001101000110 1
b100011001101010110001101000110 5
0*
0+
1.
1-
b10010011010 3
#11795000
1(
0:
17
1;
19
b100011001101010110001101000110 "
b100011001101010110001101000110 4
b100011001101010110001101000110 <
b1 =
1,
#11800000
1%
0,
b10100100111001000001001001001001 1
b10100100111001000001001001001001 5
1+
b10010011011 3
#11805000
0(
0%
b0 #
b0 6
0!
b10100100111001000000001101000110 "
b10100100111001000000001101000110 4
b10100100111001000000001101000110 <
07
0;
09
b0 =
b10100100111001000000001101000110 >
1,
#11810000
0,
b1000101000000101011010110001010 1
b1000101000000101011010110001010 5
1*
02
0.
0/
0-
b10010011100 3
#11815000
1,
#11820000
0,
b1011001100000010001011110110011 1
b1011001100000010001011110110011 5
0*
12
1.
1-
b10010011101 3
#11825000
1,
#11830000
0,
b111010100001110010111101110101 1
b111010100001110010111101110101 5
1*
0+
0.
0-
b10010011110 3
#11835000
1,
#11840000
0,
b10001101111110011100011000011011 1
b10001101111110011100011000011011 5
1-
b10010011111 3
#11845000
1,
#11850000
0,
b1010110110111100000111110101101 1
b1010110110111100000111110101101 5
1.
b10010100000 3
#11855000
1,
#11860000
0,
b10111000000100101001110001110000 1
b10111000000100101001110001110000 5
0*
1+
02
0.
0-
b10010100001 3
#11865000
1,
#11870000
0,
b11110110010011010101110011101100 1
b11110110010011010101110011101100 5
0+
12
1/
b10010100010 3
#11875000
1,
#11880000
0,
b11100110111000011001011011001101 1
b11100110111000011001011011001101 5
1*
02
b10010100011 3
#11885000
1,
#11890000
0,
b10011011110011000000110000110111 1
b10011011110011000000110000110111 5
1+
1-
b10010100100 3
#11895000
1&
0%
1$
1;
19
b10011011110011000000110000110111 "
b10011011110011000000110000110111 4
b10011011110011000000110000110111 <
b1 =
1,
#11900000
0$
0,
b10011010111000001100100000110101 1
b10011010111000001100100000110101 5
0*
0+
0-
b10010100101 3
#11905000
0&
b10011010111000001100110000110111 "
b10011010111000001100110000110111 4
b10011010111000001100110000110111 <
1:
0;
09
b0 =
b10011010111000001100110000110111 >
1,
#11910000
0,
b11001100001000110001111010011000 1
b11001100001000110001111010011000 5
1.
1-
b10010100110 3
#11915000
0:
17
1;
19
b11001100001000110001111010011000 "
b11001100001000110001111010011000 4
b11001100001000110001111010011000 <
b1 =
1,
#11920000
1%
0,
b1001111010000000011100010011 1
b1001111010000000011100010011 5
1+
0/
0-
b10010100111 3
#11925000
0%
0&
b1001111010000001111010011000 "
b1001111010000001111010011000 4
b1001111010000001111010011000 <
1:
07
0;
09
b0 =
b1001111010000001111010011000 >
1,
#11930000
0,
b11100111111100011100000011001111 1
b11100111111100011100000011001111 5
1*
0+
12
0.
b10010101000 3
#11935000
1,
#11940000
0,
b11001010011101010111110010010100 1
b11001010011101010111110010010100 5
0*
02
1/
1-
b10010101001 3
#11945000
1&
0:
1;
19
b11001010011101010111110010010100 "
b11001010011101010111110010010100 4
b11001010011101010111110010010100 <
b1 =
1,
#11950000
1$
0,
b10010110100111000110100000101101 1
b10010110100111000110100000101101 5
1*
1+
1.
0/
b10010101010 3
#11955000
0&
0$
b10010110100111000111110010010100 "
b10010110100111000111110010010100 4
b10010110100111000111110010010100 <
1:
0;
09
b0 =
b10010110100111000111110010010100 >
1,
#11960000
0,
b10101101011011010101100001011010 1
b10101101011011010101100001011010 5
0*
0+
12
0.
0-
b10010101011 3
#11965000
1,
#11970000
0,
b1100110111011101111111111001101 1
b1100110111011101111111111001101 5
1*
b10010101100 3
#11975000
1,
#11980000
0,
b1100011001110000110000111000110 1
b1100011001110000110000111000110 5
1+
02
b10010101101 3
#11985000
1,
#11990000
0,
b11001110111110011111000010011101 1
b11001110111110011111000010011101 5
0*
1.
1/
1-
b10010101110 3
#11995000
1%
0:
17
1;
19
b11001110111110011111000010011101 "
b11001110111110011111000010011101 4
b11001110111110011111000010011101 <
b1 =
1,
#12000000
1$
0,
b11011000111010011001010010110001 1
b11011000111010011001010010110001 5
1*
0.
b10010101111 3
#12005000
0%
0&
0$
b11011000111010011001000010011101 "
b11011000111010011001000010011101 4
b11011000111010011001000010011101 <
1:
07
0;
09
b0 =
b11011000111010011001000010011101 >
1,
#12010000
0,
b11011011011100100101110010110110 1
b11011011011100100101110010110110 5
0*
0+
1.
b10010110000 3
#12015000
0:
17
1;
19
b11011011011100100101110010110110 "
b11011011011100100101110010110110 4
b11011011011100100101110010110110 <
b1 =
1,
#12020000
0,
b11110011110100101101010011100111 1
b11110011110100101101010011100111 5
0.
0/
b10010110001 3
#12025000
0&
b11110011110100101101110010110110 "
b11110011110100101101110010110110 4
b11110011110100101101110010110110 <
1:
07
0;
09
b0 =
b11110011110100101101110010110110 >
1,
#12030000
0,
b1010111100111010010100110101111 1
b1010111100111010010100110101111 5
1*
b10010110010 3
#12035000
1,
#12040000
0,
b11100101101100000111101011001011 1
b11100101101100000111101011001011 5
0*
12
1/
b10010110011 3
#12045000
1'
1(
0:
1;
19
b11100101101100000111101011001011 "
b11100101101100000111101011001011 4
b11100101101100000111101011001011 <
b1 =
1,
#12050000
b1111 #
b1111 6
1!
1%
1$
0,
b110001100011010010110101100011 1
b110001100011010010110101100011 5
1*
1+
1.
b10010110100 3
#12055000
0!
b0 #
b0 6
0'
0(
0%
0$
b110001100011010011101011001011 "
b110001100011010011101011001011 4
b110001100011010011101011001011 <
0;
09
b0 =
07
b110001100011010011101011001011 >
1,
#12060000
0,
b10110001010100111111111001100010 1
b10110001010100111111111001100010 5
0+
02
0/
0-
b10010110101 3
#12065000
1,
#12070000
0,
b1011001111000100011100010110 1
b1011001111000100011100010110 5
0.
1/
1-
b10010110110 3
#12075000
1&
1$
1;
19
b1011001111000100011100010110 "
b1011001111000100011100010110 4
b1011001111000100011100010110 <
b1 =
1,
#12080000
0$
0,
b1111011101011001000100011110 1
b1111011101011001000100011110 5
0*
1+
1.
b10010110111 3
#12085000
1%
1(
0&
b1111011101011000011100010110 "
b1111011101011000011100010110 4
b1111011101011000011100010110 <
1:
09
17
b1111011101011000011100010110 >
1,
#12090000
0,
b1110111110001111000010111101111 1
b1110111110001111000010111101111 5
b10010111000 3
#12095000
0(
0%
b0 #
b0 6
0!
07
0;
b0 =
1,
#12100000
0,
b10100101000101001100001001001010 1
b10100101000101001100001001001010 5
1*
0.
b10010111001 3
#12105000
1&
0%
1$
0:
1;
19
b10100101000101001100001001001010 "
b10100101000101001100001001001010 4
b10100101000101001100001001001010 <
b1 =
1,
#12110000
1'
1(
0&
0$
0,
b100110101100011110100001001 1
b100110101100011110100001001 5
0*
0+
12
1.
0/
b10010111010 3
#12115000
0'
0(
b100110101100010001001001010 "
b100110101100010001001001010 4
b100110101100010001001001010 <
0;
09
b0 =
b100110101100010001001001010 >
1,
#12120000
0,
b11011000100100000001101010110001 1
b11011000100100000001101010110001 5
1*
1+
b10010111011 3
#12125000
1,
#12130000
0,
b10010111101000011010100100101 1
b10010111101000011010100100101 5
0*
0+
02
0.
b10010111100 3
#12135000
1,
#12140000
0,
b1111000010110111100010111110000 1
b1111000010110111100010111110000 5
1*
1.
1/
0-
b10010111101 3
#12145000
1,
#12150000
0,
b1010100011001101011111110101000 1
b1010100011001101011111110101000 5
0*
1+
12
0.
b10010111110 3
#12155000
1,
#12160000
0,
b1000101111111110001110110001011 1
b1000101111111110001110110001011 5
1*
1.
1-
b10010111111 3
#12165000
1(
1%
1$
17
1;
19
b1000101111111110001110110001011 "
b1000101111111110001110110001011 4
b1000101111111110001110110001011 <
b1 =
1,
#12170000
0,
b11000000110001001101011010000001 1
b11000000110001001101011010000001 5
0.
0/
b10011000000 3
#12175000
0(
0%
b0 #
b0 6
0!
0$
b11000000110001001101110110001011 "
b11000000110001001101110110001011 4
b11000000110001001101110110001011 <
07
0;
09
b0 =
b11000000110001001101110110001011 >
1,
#12180000
0,
b1000001110000010110011110000011 1
b1000001110000010110011110000011 5
0+
02
b10011000001 3
#12185000
1,
#12190000
0,
b10010100010110100100001000101000 1
b10010100010110100100001000101000 5
0*
12
1.
1/
b10011000010 3
#12195000
1(
17
1;
19
b10010100010110100100001000101000 "
b10010100010110100100001000101000 4
b10010100010110100100001000101000 <
b1 =
1,
#12200000
0(
0,
b10110111001011010101101001101110 1
b10110111001011010101101001101110 5
02
0/
b10011000011 3
#12205000
0&
b10110111001011010100001000101000 "
b10110111001011010100001000101000 4
b10110111001011010100001000101000 <
1:
07
0;
09
b0 =
b10110111001011010100001000101000 >
1,
#12210000
0,
b10111101000111011011100001111010 1
b10111101000111011011100001111010 5
1*
0.
1/
0-
b10011000100 3
#12215000
1,
#12220000
0,
b1111000010100111101000111110000 1
b1111000010100111101000111110000 5
12
1.
b10011000101 3
#12225000
1,
#12230000
0,
b10010011110000011111101000100111 1
b10010011110000011111101000100111 5
0*
1+
02
0/
b10011000110 3
#12235000
1,
#12240000
0,
b11011101011101010101100010111010 1
b11011101011101010101100010111010 5
12
1/
b10011000111 3
#12245000
1,
#12250000
0,
b11110001010011111001100111100 1
b11110001010011111001100111100 5
1*
02
0/
1-
b10011001000 3
#12255000
1,
#12260000
0,
b11110000011110101110001011100000 1
b11110000011110101110001011100000 5
0*
12
0.
1/
b10011001001 3
#12265000
1!
b1111 #
b1111 6
1'
1(
1%
0:
1;
19
b11110000011110101110001011100000 "
b11110000011110101110001011100000 4
b11110000011110101110001011100000 <
b1 =
1,
#12270000
0'
b0 #
b0 6
0!
0%
0(
1&
0,
b1001010001111101110100010010 1
b1001010001111101110100010010 5
0+
02
1.
0/
0-
b10011001010 3
#12275000
0&
b1001010001111100001011100000 "
b1001010001111100001011100000 4
b1001010001111100001011100000 <
1:
0;
09
b0 =
b1001010001111100001011100000 >
1,
#12280000
0,
b10111011001010101101100101110 1
b10111011001010101101100101110 5
1*
1+
12
0.
1/
1-
b10011001011 3
#12285000
1!
b1111 #
b1111 6
1'
1(
1%
1$
0:
1;
19
b10111011001010101101100101110 "
b10111011001010101101100101110 4
b10111011001010101101100101110 <
b1 =
1,
#12290000
0'
b0 #
b0 6
0!
0%
0(
1&
0,
b111011001011110101100101110110 1
b111011001011110101100101110110 5
0+
02
0-
b10011001100 3
#12295000
0&
0$
b111011001011110101101100101110 "
b111011001011110101101100101110 4
b111011001011110101101100101110 <
1:
0;
09
b0 =
b111011001011110101101100101110 >
1,
#12300000
0,
b10000110100111000100010000001101 1
b10000110100111000100010000001101 5
12
1.
b10011001101 3
#12305000
1,
#12310000
0,
b10111000101001100100000101 1
b10111000101001100100000101 5
02
0.
1-
b10011001110 3
#12315000
1&
1$
0:
1;
19
b10111000101001100100000101 "
b10111000101001100100000101 4
b10111000101001100100000101 <
b1 =
1,
#12320000
1!
b1111 #
b1111 6
1%
1'
1(
0&
0$
0,
b110011110000110110001101100111 1
b110011110000110110001101100111 5
0*
1+
12
0-
b10011001111 3
#12325000
0!
b0 #
b0 6
0'
0(
0%
b110011110000110111100100000101 "
b110011110000110111100100000101 4
b110011110000110111100100000101 <
0;
09
b0 =
b110011110000110111100100000101 >
1,
#12330000
0,
b10110010001000100111110001100100 1
b10110010001000100111110001100100 5
1.
0/
1-
b10011010000 3
#12335000
1,
#12340000
0,
b11011011011111110101011010110110 1
b11011011011111110101011010110110 5
1*
0.
1/
0-
b10011010001 3
#12345000
1,
#12350000
0,
b10000110010010011010100000001100 1
b10000110010010011010100000001100 5
0+
02
1.
1-
b10011010010 3
#12355000
1$
17
1;
19
b10000110010010011010100000001100 "
b10000110010010011010100000001100 4
b10000110010010011010100000001100 <
b1 =
1,
#12360000
1(
0,
b1100000010100010011100111000000 1
b1100000010100010011100111000000 5
12
b10011010011 3
#12365000
0(
0$
b1100000010100010010100000001100 "
b1100000010100010010100000001100 4
b1100000010100010010100000001100 <
07
0;
09
b0 =
b1100000010100010010100000001100 >
1,
#12370000
0,
b1011111111110101011001110111111 1
b1011111111110101011001110111111 5
0*
02
0/
b10011010100 3
#12375000
1,
#12380000
0,
b1000110011100010011111110001100 1
b1000110011100010011111110001100 5
0-
b10011010101 3
#12385000
1,
#12390000
0,
b10010110001010010011101000101100 1
b10010110001010010011101000101100 5
12
0.
b10011010110 3
#12395000
1,
#12400000
0,
b11001000010100000101110010010000 1
b11001000010100000101110010010000 5
1+
1-
b10011010111 3
#12405000
1,
#12410000
0,
b1011111110001100000111110111111 1
b1011111110001100000111110111111 5
1*
0+
02
1.
1/
b10011011000 3
#12415000
1$
17
1;
19
b1011111110001100000111110111111 "
b1011111110001100000111110111111 4
b1011111110001100000111110111111 <
b1 =
1,
#12420000
1%
0,
b11100001001010001110000011000010 1
b11100001001010001110000011000010 5
1+
0-
b10011011001 3
#12425000
0%
0&
0$
b11100001001010001110111110111111 "
b11100001001010001110111110111111 4
b11100001001010001110111110111111 <
1:
07
0;
09
b0 =
b11100001001010001110111110111111 >
1,
#12430000
0,
b10010000000101100100011000100000 1
b10010000000101100100011000100000 5
0+
0.
0/
1-
b10011011010 3
#12435000
1,
#12440000
0,
b100110110001100001010101001101 1
b100110110001100001010101001101 5
1+
1.
1/
b10011011011 3
#12445000
1%
1$
0:
17
1;
19
b100110110001100001010101001101 "
b100110110001100001010101001101 4
b100110110001100001010101001101 <
b1 =
1,
#12450000
0%
0,
b11100100011111010110011011001000 1
b11100100011111010110011011001000 5
0+
0.
b10011011100 3
#12455000
0&
0$
b11100100011111010111010101001101 "
b11100100011111010111010101001101 4
b11100100011111010111010101001101 <
1:
07
0;
09
b0 =
b11100100011111010111010101001101 >
1,
#12460000
0,
b1010001011010101110000110100010 1
b1010001011010101110000110100010 5
0-
b10011011101 3
#12465000
1,
#12470000
0,
b10010111010000101000000000101110 1
b10010111010000101000000000101110 5
1+
12
0/
b10011011110 3
#12475000
1,
#12480000
0,
b1010000011111110110010110100000 1
b1010000011111110110010110100000 5
0+
1.
1/
1-
b10011011111 3
#12485000
1(
1$
0:
17
1;
19
b1010000011111110110010110100000 "
b1010000011111110110010110100000 4
b1010000011111110110010110100000 <
b1 =
1,
#12490000
0$
0,
b10000001100110000100111000000011 1
b10000001100110000100111000000011 5
0*
0-
b10011100000 3
#12495000
0(
b10000001100110000100010110100000 "
b10000001100110000100010110100000 4
b10000001100110000100010110100000 <
07
0;
09
b0 =
b10000001100110000100010110100000 >
1,
#12500000
0,
b10110100011011011010000001101000 1
b10110100011011011010000001101000 5
1+
0.
0/
b10011100001 3
#12505000
1,
#12510000
0,
b1111111111100000101100111111111 1
b1111111111100000101100111111111 5
02
1.
1-
b10011100010 3
#12515000
1,
#12520000
0,
b1111001110101010001000111110011 1
b1111001110101010001000111110011 5
1*
12
1/
b10011100011 3
#12525000
1(
1%
1$
17
1;
19
b1111001110101010001000111110011 "
b1111001110101010001000111110011 4
b1111001110101010001000111110011 <
b1 =
1,
#12530000
0,
b110110011000010001011101101100 1
b110110011000010001011101101100 5
0.
0-
b10011100100 3
#12535000
0(
0%
b0 #
b0 6
0!
0$
b110110011000010001000111110011 "
b110110011000010001000111110011 4
b110110011000010001000111110011 <
07
0;
09
b0 =
b110110011000010001000111110011 >
1,
#12540000
0,
b11001111111111010100100010011111 1
b11001111111111010100100010011111 5
02
1.
b10011100101 3
#12545000
1,
#12550000
0,
b1101111101001110000011111011111 1
b1101111101001110000011111011111 5
0*
12
b10011100110 3
#12555000
1,
#12560000
0,
b10111100001011111001110001111000 1
b10111100001011111001110001111000 5
0+
0/
b10011100111 3
#12565000
1,
#12570000
0,
b1010000000010001101011110100000 1
b1010000000010001101011110100000 5
1*
1+
b10011101000 3
#12575000
1,
#12580000
0,
b1101101010111111011100111011010 1
b1101101010111111011100111011010 5
0+
02
0.
1-
b10011101001 3
#12585000
1,
#12590000
0,
b100110001001100111111101001100 1
b100110001001100111111101001100 5
12
1.
1/
b10011101010 3
#12595000
1(
1$
17
1;
19
b100110001001100111111101001100 "
b100110001001100111111101001100 4
b100110001001100111111101001100 <
b1 =
1,
#12600000
1%
0,
b11111010010110100101100111110 1
b11111010010110100101100111110 5
1+
0/
0-
b10011101011 3
#12605000
0(
0%
b0 #
b0 6
0!
0$
b11111010010110101111101001100 "
b11111010010110101111101001100 4
b11111010010110101111101001100 <
07
0;
09
b0 =
b11111010010110101111101001100 >
1,
#12610000
0,
b11110110011110110110001011101100 1
b11110110011110110110001011101100 5
0+
02
1/
1-
b10011101100 3
#12615000
1$
17
1;
19
b11110110011110110110001011101100 "
b11110110011110110110001011101100 4
b11110110011110110110001011101100 <
b1 =
1,
#12620000
1%
0,
b10000001111110001001100000000011 1
b10000001111110001001100000000011 5
1+
0.
0/
0-
b10011101101 3
#12625000
0%
0&
0$
b10000001111110001000001011101100 "
b10000001111110001000001011101100 4
b10000001111110001000001011101100 <
1:
07
0;
09
b0 =
b10000001111110001000001011101100 >
1,
#12630000
0,
b10100011000110110111001001000110 1
b10100011000110110111001001000110 5
0+
12
1.
b10011101110 3
#12635000
1,
#12640000
0,
b101010001111000010001101010100 1
b101010001111000010001101010100 5
0*
1+
02
0.
1/
b10011101111 3
#12645000
1,
#12650000
0,
b11110111111100110100110011101111 1
b11110111111100110100110011101111 5
1.
b10011110000 3
#12655000
1,
#12660000
0,
b10001001101011010100100000010011 1
b10001001101011010100100000010011 5
1*
0+
12
0/
1-
b10011110001 3
#12665000
1,
#12670000
0,
b10011100100100110101011000111001 1
b10011100100100110101011000111001 5
0*
1+
0.
1/
0-
b10011110010 3
#12675000
1,
#12680000
0,
b11000000001100011110010010000000 1
b11000000001100011110010010000000 5
0+
b10011110011 3
#12685000
1,
#12690000
0,
b100111010011011110100101001110 1
b100111010011011110100101001110 5
0/
1-
b10011110100 3
#12695000
1,
#12700000
0,
b110111000010001110111101101110 1
b110111000010001110111101101110 5
1*
1+
02
1.
1/
0-
b10011110101 3
#12705000
1,
#12710000
0,
b11111010001100000110000011110100 1
b11111010001100000110000011110100 5
0*
b10011110110 3
#12715000
1,
#12720000
0,
b11001100111111000001011010011001 1
b11001100111111000001011010011001 5
1*
0+
12
0.
0/
1-
b10011110111 3
#12725000
1,
#12730000
0,
b1100001000111110100101111000010 1
b1100001000111110100101111000010 5
0*
02
1.
b10011111000 3
#12735000
1,
#12740000
0,
b1011101001000000110111110111010 1
b1011101001000000110111110111010 5
1*
1+
0.
1/
0-
b10011111001 3
#12745000
1,
#12750000
0,
b1001001000111011000001110010010 1
b1001001000111011000001110010010 5
0+
1.
b10011111010 3
#12755000
1,
#12760000
0,
b101010011011111111100001010 1
b101010011011111111100001010 5
1+
0.
b10011111011 3
#12765000
1,
#12770000
0,
b1011100001100100100100010111 1
b1011100001100100100100010111 5
0*
0+
b10011111100 3
#12775000
1,
#12780000
0,
b10110111001101100110110001101110 1
b10110111001101100110110001101110 5
1+
1.
b10011111101 3
#12785000
1,
#12790000
0,
b11011100110000100111000010111001 1
b11011100110000100111000010111001 5
0+
0/
b10011111110 3
#12795000
1,
#12800000
0,
b10111110110000101001110001111101 1
b10111110110000101001110001111101 5
1*
1+
b10011111111 3
#12805000
1,
#12810000
0,
b10100100110000000111010001001001 1
b10100100110000000111010001001001 5
0*
1/
1-
b10100000000 3
#12815000
1%
0:
17
1;
19
b10100100110000000111010001001001 "
b10100100110000000111010001001001 4
b10100100110000000111010001001001 <
b1 =
1,
#12820000
1(
1$
0,
b11110010000111110100101011100100 1
b11110010000111110100101011100100 5
1*
12
b10100000001 3
#12825000
0(
0%
b0 #
b0 6
0!
0$
b11110010000111110101010001001001 "
b11110010000111110101010001001001 4
b11110010000111110101010001001001 <
07
0;
09
b0 =
b11110010000111110101010001001001 >
1,
#12830000
0,
b10000001101111010000100100000 1
b10000001101111010000100100000 5
0*
0+
02
0.
0/
b10100000010 3
#12835000
1,
#12840000
0,
b10100011101000001011010001000111 1
b10100011101000001011010001000111 5
1*
12
1.
1/
b10100000011 3
#12845000
1(
1$
17
1;
19
b10100011101000001011010001000111 "
b10100011101000001011010001000111 4
b10100011101000001011010001000111 <
b1 =
1,
#12850000
1%
0$
0,
b10110100011111100010010001101000 1
b10110100011111100010010001101000 5
0*
1+
b10100000100 3
#12855000
0(
0%
b0 #
b0 6
0!
b10110100011111100011010001000111 "
b10110100011111100011010001000111 4
b10110100011111100011010001000111 <
07
0;
09
b0 =
b10110100011111100011010001000111 >
1,
#12860000
0,
b11011011001010011000100110110 1
b11011011001010011000100110110 5
1*
b10100000101 3
#12865000
1(
1%
1$
17
1;
19
b11011011001010011000100110110 "
b11011011001010011000100110110 4
b11011011001010011000100110110 <
b1 =
1,
#12870000
0%
0(
0$
0,
b11011100011110100100010010111000 1
b11011100011110100100010010111000 5
0*
0+
02
0.
0/
0-
b10100000110 3
#12875000
0&
b11011100011110100101000100110110 "
b11011100011110100101000100110110 4
b11011100011110100101000100110110 <
1:
07
0;
09
b0 =
b11011100011110100101000100110110 >
1,
#12880000
0,
b11000110010111101100111010001100 1
b11000110010111101100111010001100 5
1*
1+
12
1/
1-
b10100000111 3
#12885000
1!
b1111 #
b1111 6
1'
1(
1%
1$
0:
1;
19
b11000110010111101100111010001100 "
b11000110010111101100111010001100 4
b11000110010111101100111010001100 <
b1 =
1,
#12890000
0$
0,
b110011111101100110101101100111 1
b110011111101100110101101100111 5
0*
0/
b10100001000 3
#12895000
0!
b0 #
b0 6
0'
0(
0%
b110011111101100110111010001100 "
b110011111101100110111010001100 4
b110011111101100110111010001100 <
0;
09
b0 =
b110011111101100110111010001100 >
1,
#12900000
0,
b1011010001010111111111110110100 1
b1011010001010111111111110110100 5
1*
0+
1.
b10100001001 3
#12905000
1,
#12910000
0,
b10110111011000000101000001101110 1
b10110111011000000101000001101110 5
1+
02
1/
b10100001010 3
#12915000
1%
1$
17
1;
19
b10110111011000000101000001101110 "
b10110111011000000101000001101110 4
b10110111011000000101000001101110 <
b1 =
1,
#12920000
0%
1(
0$
0,
b1011000111001110010110110110001 1
b1011000111001110010110110110001 5
0*
0+
12
b10100001011 3
#12925000
b1011000111001110011000001101110 "
b1011000111001110011000001101110 4
b1011000111001110011000001101110 <
09
b1011000111001110011000001101110 >
1,
#12930000
1%
0,
b1000000101110110001110110000001 1
b1000000101110110001110110000001 5
1+
0/
b10100001100 3
#12935000
0(
0%
b0 #
b0 6
0!
07
0;
b0 =
1,
#12940000
0,
b10010101110101010101110000101011 1
b10010101110101010101110000101011 5
02
0.
0-
b10100001101 3
#12945000
1,
#12950000
0,
b1101111010011000111101111011110 1
b1101111010011000111101111011110 5
0+
12
1.
1-
b10100001110 3
#12955000
1,
#12960000
0,
b1011100110111101000100010111 1
b1011100110111101000100010111 5
1*
b10100001111 3
#12965000
1,
#12970000
0,
b10101110010011001100101001011100 1
b10101110010011001100101001011100 5
0*
02
1/
b10100010000 3
#12975000
17
1;
19
b10101110010011001100101001011100 "
b10101110010011001100101001011100 4
b10101110010011001100101001011100 <
b1 =
1,
#12980000
1%
1(
0,
b1101110011001001010101111011100 1
b1101110011001001010101111011100 5
1+
12
0/
0-
b10100010001 3
#12985000
0(
0%
b0 #
b0 6
0!
b1101110011001001010101001011100 "
b1101110011001001010101001011100 4
b1101110011001001010101001011100 <
07
0;
09
b0 =
b1101110011001001010101001011100 >
1,
#12990000
0,
b1110111101000100011010111101111 1
b1110111101000100011010111101111 5
0+
02
0.
b10100010010 3
#12995000
1,
#13000000
0,
b11011000000110101000001010110000 1
b11011000000110101000001010110000 5
1*
1+
1.
1/
b10100010011 3
#13005000
1,
#13010000
0,
b11001010011011101100110010010100 1
b11001010011011101100110010010100 5
0+
b10100010100 3
#13015000
1,
#13020000
0,
b10101010101000110000111001010101 1
b10101010101000110000111001010101 5
1+
12
0.
b10100010101 3
#13025000
1,
#13030000
0,
b11011001111110011011010010110011 1
b11011001111110011011010010110011 5
b10100010110 3
#13035000
1,
#13040000
0,
b10111011110000001100001001110111 1
b10111011110000001100001001110111 5
0+
1-
b10100010111 3
#13045000
1'
1(
1$
1;
19
b10111011110000001100001001110111 "
b10111011110000001100001001110111 4
b10111011110000001100001001110111 <
b1 =
1,
#13050000
0,
b1101000001110110011011111010000 1
b1101000001110110011011111010000 5
1.
0-
b10100011000 3
#13055000
0'
0(
0$
b1101000001110110010001001110111 "
b1101000001110110010001001110111 4
b1101000001110110010001001110111 <
0;
09
b0 =
07
b1101000001110110010001001110111 >
1,
#13060000
0,
b110110110100000000 1
b110110110100000000 5
0*
02
b10100011001 3
#13065000
1,
#13070000
0,
b11000000000100111110110010000000 1
b11000000000100111110110010000000 5
0.
0/
b10100011010 3
#13075000
1,
#13080000
0,
b10100101111011111101011001001011 1
b10100101111011111101011001001011 5
1*
12
1-
b10100011011 3
#13085000
1,
#13090000
0,
b101111101101101101100001011 1
b101111101101101101100001011 5
02
1.
1/
0-
b10100011100 3
#13095000
1,
#13100000
0,
b11011000010001100110100010110000 1
b11011000010001100110100010110000 5
0*
1+
0/
1-
b10100011101 3
#13105000
1,
#13110000
0,
b1001010100011101001000110010101 1
b1001010100011101001000110010101 5
1*
0.
0-
b10100011110 3
#13115000
1,
#13120000
0,
b10011110000100001100001000111100 1
b10011110000100001100001000111100 5
0+
1.
1/
b10100011111 3
#13125000
1,
#13130000
0,
b10100001101001010100110001000011 1
b10100001101001010100110001000011 5
0*
1+
12
0.
0/
b10100100000 3
#13135000
1,
#13140000
0,
b1111000110111100110010111110001 1
b1111000110111100110010111110001 5
0+
1/
1-
b10100100001 3
#13145000
1'
1(
1;
19
b1111000110111100110010111110001 "
b1111000110111100110010111110001 4
b1111000110111100110010111110001 <
b1 =
1,
#13150000
0'
b0 #
b0 6
0!
0%
0(
1&
0,
b101000010110000001011101010000 1
b101000010110000001011101010000 5
1+
02
0-
b10100100010 3
#13155000
0&
b101000010110000000010111110001 "
b101000010110000000010111110001 4
b101000010110000000010111110001 <
1:
0;
09
b0 =
b101000010110000000010111110001 >
1,
#13160000
0,
b11100101010110000100101011001010 1
b11100101010110000100101011001010 5
1*
12
0/
1-
b10100100011 3
#13165000
1,
#13170000
0,
b10010000010111001110001000100000 1
b10010000010111001110001000100000 5
0+
02
1.
1/
0-
b10100100100 3
#13175000
1,
#13180000
0,
b10110000000100111000100001100000 1
b10110000000100111000100001100000 5
12
0.
1-
b10100100101 3
#13185000
1'
1(
1$
0:
1;
19
b10110000000100111000100001100000 "
b10110000000100111000100001100000 4
b10110000000100111000100001100000 <
b1 =
1,
#13190000
0'
0(
1&
0,
b100010111000111011000101000101 1
b100010111000111011000101000101 5
02
1.
b10100100110 3
#13195000
0&
0$
b100010111000111010100001100000 "
b100010111000111010100001100000 4
b100010111000111010100001100000 <
1:
0;
09
b0 =
07
b100010111000111010100001100000 >
1,
#13200000
0,
b10011000010010101111001000110000 1
b10011000010010101111001000110000 5
0*
1+
0.
0-
b10100100111 3
#13205000
1,
#13210000
0,
b1101100010110101010111111011000 1
b1101100010110101010111111011000 5
0/
1-
b10100101000 3
#13215000
1,
#13220000
0,
b11101011111001111011010011010111 1
b11101011111001111011010011010111 5
0+
12
1.
0-
b10100101001 3
#13225000
1,
#13230000
0,
b10010011000111010101010000100110 1
b10010011000111010101010000100110 5
0.
1/
1-
b10100101010 3
#13235000
1'
1(
0:
1;
19
b10010011000111010101010000100110 "
b10010011000111010101010000100110 4
b10010011000111010101010000100110 <
b1 =
1,
#13240000
0,
b10100000000001111110100101000 1
b10100000000001111110100101000 5
0/
b10100101011 3
#13245000
0'
0(
b10100000000001111010000100110 "
b10100000000001111010000100110 4
b10100000000001111010000100110 <
0;
09
b0 =
b10100000000001111010000100110 >
1,
#13250000
0,
b11101101110101101000010011011011 1
b11101101110101101000010011011011 5
1+
1/
0-
b10100101100 3
#13255000
1,
#13260000
0,
b1011110101110101001000110111101 1
b1011110101110101001000110111101 5
1*
02
0/
b10100101101 3
#13265000
1,
#13270000
0,
b1110011000111011011001111100110 1
b1110011000111011011001111100110 5
0+
1.
1/
b10100101110 3
#13275000
1,
#13280000
0,
b100011001010100111000101000110 1
b100011001010100111000101000110 5
1+
12
0/
1-
b10100101111 3
#13285000
1,
#13290000
0,
b1000010100101101111101110000101 1
b1000010100101101111101110000101 5
0*
0+
0.
1/
0-
b10100110000 3
#13295000
1,
#13300000
0,
b10010101101011010111110000101011 1
b10010101101011010111110000101011 5
1.
0/
1-
b10100110001 3
#13305000
1,
#13310000
0,
b10000000100111100100010000000001 1
b10000000100111100100010000000001 5
1*
1+
02
1/
0-
b10100110010 3
#13315000
1,
#13320000
0,
b10110110110100110000111001101101 1
b10110110110100110000111001101101 5
12
0.
0/
b10100110011 3
#13325000
1,
#13330000
0,
b111000010001010110001101110000 1
b111000010001010110001101110000 5
1.
1/
b10100110100 3
#13335000
1,
#13340000
0,
b10100100110001111001111001001001 1
b10100100110001111001111001001001 5
0+
b10100110101 3
#13345000
1,
#13350000
0,
b10100100001011010011100001001000 1
b10100100001011010011100001001000 5
0.
0/
1-
b10100110110 3
#13355000
1,
#13360000
0,
b10101110111001100101111001011101 1
b10101110111001100101111001011101 5
02
1/
b10100110111 3
#13365000
1&
1$
1;
19
b10101110111001100101111001011101 "
b10101110111001100101111001011101 4
b10101110111001100101111001011101 <
b1 =
1,
#13370000
1'
1(
0&
0$
0,
b1001101100000011101001110011011 1
b1001101100000011101001110011011 5
0*
12
0/
0-
b10100111000 3
#13375000
0'
0(
b1001101100000011101111001011101 "
b1001101100000011101111001011101 4
b1001101100000011101111001011101 <
0;
09
b0 =
b1001101100000011101111001011101 >
1,
#13380000
0,
b11001100110110011101101010011001 1
b11001100110110011101101010011001 5
1*
02
1.
1/
b10100111001 3
#13385000
1,
#13390000
0,
b10010001001000011000011000100010 1
b10010001001000011000011000100010 5
0.
0/
b10100111010 3
#13395000
1,
#13400000
0,
b11110110011100111010000011101100 1
b11110110011100111010000011101100 5
1+
12
1/
b10100111011 3
#13405000
1,
#13410000
0,
b1111101101101110001110111111011 1
b1111101101101110001110111111011 5
0*
0+
02
1.
1-
b10100111100 3
#13415000
17
1;
19
b1111101101101110001110111111011 "
b1111101101101110001110111111011 4
b1111101101101110001110111111011 <
b1 =
1,
#13420000
1$
0,
b111111001000101101010101111110 1
b111111001000101101010101111110 5
1*
0/
0-
b10100111101 3
#13425000
0&
0$
b111111001000101101110111111011 "
b111111001000101101110111111011 4
b111111001000101101110111111011 <
1:
07
0;
09
b0 =
b111111001000101101110111111011 >
1,
#13430000
0,
b1010010010011101110001110100100 1
b1010010010011101110001110100100 5
1+
12
b10100111110 3
#13435000
1,
#13440000
0,
b11110111101100011101101011101111 1
b11110111101100011101101011101111 5
0*
02
1/
1-
b10100111111 3
#13445000
1%
0:
17
1;
19
b11110111101100011101101011101111 "
b11110111101100011101101011101111 4
b11110111101100011101101011101111 <
b1 =
1,
#13450000
1(
0,
b1011011101011101101010110110111 1
b1011011101011101101010110110111 5
12
0.
b10101000000 3
#13455000
0(
0%
b0 #
b0 6
0!
b1011011101011101101101011101111 "
b1011011101011101101101011101111 4
b1011011101011101101101011101111 <
07
0;
09
b0 =
b1011011101011101101101011101111 >
1,
#13460000
0,
b1100010101100101111000111000101 1
b1100010101100101111000111000101 5
1*
02
b10101000001 3
#13465000
1&
0%
1$
1;
19
b1100010101100101111000111000101 "
b1100010101100101111000111000101 4
b1100010101100101111000111000101 <
b1 =
1,
#13470000
0,
b110111011110011011110101101110 1
b110111011110011011110101101110 5
1.
0/
0-
b10101000010 3
#13475000
0&
0$
b110111011110011011000111000101 "
b110111011110011011000111000101 4
b110111011110011011000111000101 <
1:
0;
09
b0 =
b110111011110011011000111000101 >
1,
#13480000
0,
b101011110000111101000101010111 1
b101011110000111101000101010111 5
0+
0.
1/
1-
b10101000011 3
#13485000
1&
1$
0:
1;
19
b101011110000111101000101010111 "
b101011110000111101000101010111 4
b101011110000111101000101010111 <
b1 =
1,
#13490000
0$
0,
b11001110111001010101000010011101 1
b11001110111001010101000010011101 5
0*
0/
0-
b10101000100 3
#13495000
0&
b11001110111001010101000101010111 "
b11001110111001010101000101010111 4
b11001110111001010101000101010111 <
1:
0;
09
b0 =
b11001110111001010101000101010111 >
1,
#13500000
0,
b10111111100100000101000001111111 1
b10111111100100000101000001111111 5
1*
1+
12
1.
1-
b10101000101 3
#13505000
1,
#13510000
0,
b1010111100010110100110110101111 1
b1010111100010110100110110101111 5
0*
0+
02
b10101000110 3
#13515000
1,
#13520000
0,
b1001010001111000000010110010100 1
b1001010001111000000010110010100 5
1*
1+
0.
1/
0-
b10101000111 3
#13525000
1,
#13530000
0,
b10000111100111011010001000001111 1
b10000111100111011010001000001111 5
12
1-
b10101001000 3
#13535000
1!
b1111 #
b1111 6
1'
1(
1%
1$
0:
1;
19
b10000111100111011010001000001111 "
b10000111100111011010001000001111 4
b10000111100111011010001000001111 <
b1 =
1,
#13540000
b0 #
b0 6
0!
0%
0$
0,
b1110011100110101101110111100111 1
b1110011100110101101110111100111 5
0*
0+
0/
b10101001001 3
#13545000
0'
0(
b1110011100110101100001000001111 "
b1110011100110101100001000001111 4
b1110011100110101100001000001111 <
0;
09
b0 =
b1110011100110101100001000001111 >
1,
#13550000
0,
b10011011100001011000011000110111 1
b10011011100001011000011000110111 5
1*
1.
0-
b10101001010 3
#13555000
1,
#13560000
0,
b1011100011000001011111110111000 1
b1011100011000001011111110111000 5
0*
b10101001011 3
#13565000
1,
#13570000
0,
b11111101101101011001111011111011 1
b11111101101101011001111011111011 5
1+
0.
1-
b10101001100 3
#13575000
1,
#13580000
0,
b11010101001100000011010010101010 1
b11010101001100000011010010101010 5
1*
0+
02
1/
b10101001101 3
#13585000
1&
1$
1;
19
b11010101001100000011010010101010 "
b11010101001100000011010010101010 4
b11010101001100000011010010101010 <
b1 =
1,
#13590000
1'
1(
0&
0,
b110001101110001110100001100 1
b110001101110001110100001100 5
12
0/
b10101001110 3
#13595000
0'
0(
0$
b110001101110001010010101010 "
b110001101110001010010101010 4
b110001101110001010010101010 <
0;
09
b0 =
b110001101110001010010101010 >
1,
#13600000
0,
b10111000001011111111111001110000 1
b10111000001011111111111001110000 5
0*
1+
02
b10101001111 3
#13605000
1,
#13610000
0,
b10001110001110011101101000011100 1
b10001110001110011101101000011100 5
0+
1.
1/
0-
b10101010000 3
#13615000
1,
#13620000
0,
b10100111100011111011111001001111 1
b10100111100011111011111001001111 5
12
0.
0/
b10101010001 3
#13625000
1,
#13630000
0,
b10101100101011111000001001011001 1
b10101100101011111000001001011001 5
1+
1/
1-
b10101010010 3
#13635000
1!
b1111 #
b1111 6
1'
1(
1%
1;
19
b10101100101011111000001001011001 "
b10101100101011111000001001011001 4
b10101100101011111000001001011001 <
b1 =
1,
#13640000
0!
b0 #
b0 6
0%
0'
0(
1&
1$
0,
b10100111001000111000110001001110 1
b10100111001000111000110001001110 5
1*
02
1.
0-
b10101010011 3
#13645000
0&
0$
b10100111001000111000001001011001 "
b10100111001000111000001001011001 4
b10100111001000111000001001011001 <
1:
0;
09
b0 =
07
b10100111001000111000001001011001 >
1,
#13650000
0,
b1011101110011010100100010111 1
b1011101110011010100100010111 5
0+
0.
0/
b10101010100 3
#13655000
1,
#13660000
0,
b100111111101001111100001001 1
b100111111101001111100001001 5
0*
1.
1/
b10101010101 3
#13665000
1,
#13670000
0,
b10010011011100101110111000100110 1
b10010011011100101110111000100110 5
1*
0/
b10101010110 3
#13675000
1,
#13680000
0,
b111100101101001110100101111001 1
b111100101101001110100101111001 5
1+
12
b10101010111 3
#13685000
1,
#13690000
0,
b11010101010110110001111010101010 1
b11010101010110110001111010101010 5
0+
0.
1-
b10101011000 3
#13695000
1,
#13700000
0,
b11100010101010111011100011000101 1
b11100010101010111011100011000101 5
02
1.
b10101011001 3
#13705000
1,
#13710000
0,
b1100100011011100101001111001000 1
b1100100011011100101001111001000 5
0*
1+
0.
b10101011010 3
#13715000
1,
#13720000
0,
b10100000101000010101100001000001 1
b10100000101000010101100001000001 5
1*
1/
b10101011011 3
#13725000
1&
0%
1$
0:
1;
19
b10100000101000010101100001000001 "
b10100000101000010101100001000001 4
b10100000101000010101100001000001 <
b1 =
1,
#13730000
0$
0,
b1001000101011110000111110010001 1
b1001000101011110000111110010001 5
0*
0/
0-
b10101011100 3
#13735000
0&
b1001000101011110001100001000001 "
b1001000101011110001100001000001 4
b1001000101011110001100001000001 <
1:
0;
09
b0 =
b1001000101011110001100001000001 >
1,
#13740000
0,
b11010010010100111011000010100100 1
b11010010010100111011000010100100 5
0+
12
1-
b10101011101 3
#13745000
1,
#13750000
0,
b10110001101010110110001001100011 1
b10110001101010110110001001100011 5
02
1/
b10101011110 3
#13755000
1&
0:
1;
19
b10110001101010110110001001100011 "
b10110001101010110110001001100011 4
b10110001101010110110001001100011 <
b1 =
1,
#13760000
1'
1(
0&
0,
b11010000111011011110000010100001 1
b11010000111011011110000010100001 5
12
1.
b10101011111 3
#13765000
0'
b11010000111011011110001001100011 "
b11010000111011011110001001100011 4
b11010000111011011110001001100011 <
09
17
b11010000111011011110001001100011 >
1,
#13770000
1$
0,
b100010010001010000110101000100 1
b100010010001010000110101000100 5
1*
0.
0-
b10101100000 3
#13775000
0(
0$
07
0;
b0 =
1,
#13780000
0,
b1100101101001001110101111001011 1
b1100101101001001110101111001011 5
1+
02
1.
0/
1-
b10101100001 3
#13785000
1,
#13790000
0,
b111000110001001001010101110001 1
b111000110001001001010101110001 5
0+
b10101100010 3
#13795000
1,
#13800000
0,
b10011111101010110100010000111111 1
b10011111101010110100010000111111 5
0*
1+
1/
0-
b10101100011 3
#13805000
1,
#13810000
0,
b100000111111110110111101000001 1
b100000111111110110111101000001 5
12
0/
1-
b10101100100 3
#13815000
1,
#13820000
0,
b1010111011000111000100110101110 1
b1010111011000111000100110101110 5
1*
0+
0.
0-
b10101100101 3
#13825000
1,
#13830000
0,
b1011011000110010001101110110110 1
b1011011000110010001101110110110 5
02
1/
1-
b10101100110 3
#13835000
1&
1$
1;
19
b1011011000110010001101110110110 "
b1011011000110010001101110110110 4
b1011011000110010001101110110110 <
b1 =
1,
#13840000
1!
b1111 #
b1111 6
1%
1'
1(
0&
0$
0,
b1110000011110100000100111100000 1
b1110000011110100000100111100000 5
0*
1+
12
1.
b10101100111 3
#13845000
0%
b1110000011110100001101110111010 "
b1110000011110100001101110111010 4
b1110000011110100001101110111010 <
09
b10 =
07
b1110000011110100001101110111010 >
1,
#13850000
0,
b1001110100011100000000 1
b1001110100011100000000 5
02
0/
b10101101000 3
#13855000
b1110000011110100001101110111110 "
b1110000011110100001101110111110 4
b1110000011110100001101110111110 <
b100 8
1,
#13860000
0,
b1011110010011010111001110111100 1
b1011110010011010111001110111100 5
1*
12
1/
b10101101001 3
#13865000
b1110000011110100001101110110010 "
b1110000011110100001101110110010 4
b1110000011110100001101110110010 <
b0 8
1,
#13870000
b0 #
b0 6
0!
0,
b10111110110000001110100001111101 1
b10111110110000001110100001111101 5
0*
0+
02
0.
b10101101010 3
#13875000
1,
#13880000
0,
b11111001110011100111000011110011 1
b11111001110011100111000011110011 5
0/
b10101101011 3
#13885000
1,
#13890000
b1111 #
b1111 6
1!
0,
b10011100010000000110100000111000 1
b10011100010000000110100000111000 5
1*
1+
b10101101100 3
#13895000
0!
b0 #
b0 6
0(
0'
0;
b10011100010000000110100000111000 "
b10011100010000000110100000111000 4
b10011100010000000110100000111000 <
b0 =
1,
#13900000
0,
b1001101101111100100100110011011 1
b1001101101111100100100110011011 5
0+
12
1.
1/
b10101101101 3
#13905000
1(
1$
17
1;
19
b1001101101111100100100110011011 "
b1001101101111100100100110011011 4
b1001101101111100100100110011011 <
b1 =
1,
#13910000
0,
b11001100010000001011010010011000 1
b11001100010000001011010010011000 5
0.
0/
b10101101110 3
#13915000
0(
0$
b11001100010000001010100110011011 "
b11001100010000001010100110011011 4
b11001100010000001010100110011011 <
07
0;
09
b0 =
b11001100010000001010100110011011 >
1,
#13920000
0,
b1101111101000111111100011011 1
b1101111101000111111100011011 5
0*
1+
0-
b10101101111 3
#13925000
1,
#13930000
0,
b11010110100111010110101010101101 1
b11010110100111010110101010101101 5
1/
b10101110000 3
#13935000
1,
#13940000
0,
b11101000000100110111000011010000 1
b11101000000100110111000011010000 5
1.
0/
1-
b10101110001 3
#13945000
1,
#13950000
0,
b1111100111111011111000111111001 1
b1111100111111011111000111111001 5
0+
02
0.
1/
0-
b10101110010 3
#13955000
1,
#13960000
0,
b101111110100111111100101011111 1
b101111110100111111100101011111 5
1*
1.
0/
b10101110011 3
#13965000
1,
#13970000
0,
b10001011101100111001111000010111 1
b10001011101100111001111000010111 5
0*
12
0.
1/
b10101110100 3
#13975000
1,
#13980000
0,
b10000110110100000000111000001101 1
b10000110110100000000111000001101 5
1*
1+
1.
1-
b10101110101 3
#13985000
1(
1%
1$
17
1;
19
b10000110110100000000111000001101 "
b10000110110100000000111000001101 4
b10000110110100000000111000001101 <
b1 =
1,
#13990000
0(
0$
0,
b10101110011100101101001001011100 1
b10101110011100101101001001011100 5
0*
02
0.
0/
b10101110110 3
#13995000
0%
0&
b10101110011100101100111000001101 "
b10101110011100101100111000001101 4
b10101110011100101100111000001101 <
1:
07
0;
09
b0 =
b10101110011100101100111000001101 >
1,
#14000000
0,
b1110111011101000110010111101110 1
b1110111011101000110010111101110 5
0+
12
1/
0-
b10101110111 3
#14005000
1,
#14010000
0,
b10110000001011110001100001100000 1
b10110000001011110001100001100000 5
02
1.
1-
b10101111000 3
#14015000
0:
17
1;
19
b10110000001011110001100001100000 "
b10110000001011110001100001100000 4
b10110000001011110001100001100000 <
b1 =
1,
#14020000
0,
b1111100100000010000011111111001 1
b1111100100000010000011111111001 5
0.
0/
b10101111001 3
#14025000
0&
b1111100100000010001100001100000 "
b1111100100000010001100001100000 4
b1111100100000010001100001100000 <
1:
07
0;
09
b0 =
b1111100100000010001100001100000 >
1,
#14030000
0,
b11101110001000100100110011011100 1
b11101110001000100100110011011100 5
1*
b10101111010 3
#14035000
1,
#14040000
0,
b1010010000010000001100010100 1
b1010010000010000001100010100 5
0*
1/
b10101111011 3
#14045000
1&
0:
1;
19
b1010010000010000001100010100 "
b1010010000010000001100010100 4
b1010010000010000001100010100 <
b1 =
1,
#14050000
0,
b1101000110001101010111111010001 1
b1101000110001101010111111010001 5
1+
b10101111100 3
#14055000
b1101000110001101010111111010001 "
b1101000110001101010111111010001 4
b1101000110001101010111111010001 <
1:
b1101000110001101010111111010001 >
1,
#14060000
1$
0,
b11010100011000001111110010101000 1
b11010100011000001111110010101000 5
1*
b10101111101 3
#14065000
0&
0$
b11010100011000001110111111010001 "
b11010100011000001110111111010001 4
b11010100011000001110111111010001 <
0;
09
b0 =
b11010100011000001110111111010001 >
1,
#14070000
0,
b1110010010011000001001111100100 1
b1110010010011000001001111100100 5
0*
0+
1.
0-
b10101111110 3
#14075000
1,
#14080000
0,
b101011000011001101100101010110 1
b101011000011001101100101010110 5
0.
0/
b10101111111 3
#14085000
1,
#14090000
0,
b10110000110011111111010001100001 1
b10110000110011111111010001100001 5
1*
1+
1/
1-
b10110000000 3
#14095000
1&
0%
1$
0:
1;
19
b10110000110011111111010001100001 "
b10110000110011111111010001100001 4
b10110000110011111111010001100001 <
b1 =
1,
#14100000
1!
b1111 #
b1111 6
1%
1'
1(
0&
0,
b11010011101111000101010010100111 1
b11010011101111000101010010100111 5
12
0/
0-
b10110000001 3
#14105000
0!
b0 #
b0 6
0'
0(
0%
0$
b11010011101111000101010001100001 "
b11010011101111000101010001100001 4
b11010011101111000101010001100001 <
0;
09
b0 =
b11010011101111000101010001100001 >
1,
#14110000
0,
b10110011011000001001101001100110 1
b10110011011000001001101001100110 5
0*
b10110000010 3
#14115000
1,
#14120000
0,
b10100101110101101010101001001011 1
b10100101110101101010101001001011 5
0+
1.
1/
1-
b10110000011 3
#14125000
1(
17
1;
19
b10100101110101101010101001001011 "
b10100101110101101010101001001011 4
b10100101110101101010101001001011 <
b1 =
1,
#14130000
1%
0(
0,
b11100011100100110011101011000111 1
b11100011100100110011101011000111 5
1+
02
0.
b10110000100 3
#14135000
0%
0&
b11100011100100110010101001001011 "
b11100011100100110010101001001011 4
b11100011100100110010101001001011 <
1:
07
0;
09
b0 =
b11100011100100110010101001001011 >
1,
#14140000
0,
b1100001000101010011000111000010 1
b1100001000101010011000111000010 5
12
1.
0-
b10110000101 3
#14145000
1,
#14150000
0,
b11011010001101010001011010110100 1
b11011010001101010001011010110100 5
1-
b10110000110 3
#14155000
1(
1%
0:
17
1;
19
b11011010001101010001011010110100 "
b11011010001101010001011010110100 4
b11011010001101010001011010110100 <
b1 =
1,
#14160000
0%
0,
b11011010011001111101100110110 1
b11011010011001111101100110110 5
0+
0.
b10110000111 3
#14165000
b11011010011001111011010110100 "
b11011010011001111011010110100 4
b11011010011001111011010110100 <
09
b11011010011001111011010110100 >
1,
#14170000
1%
0,
b111100010111111001100101111000 1
b111100010111111001100101111000 5
1+
0-
b10110001000 3
#14175000
0(
0%
b0 #
b0 6
0!
07
0;
b0 =
1,
#14180000
0,
b110101000001110111100101101010 1
b110101000001110111100101101010 5
1*
0+
0/
1-
b10110001001 3
#14185000
1,
#14190000
0,
b11110110111101110111110011101101 1
b11110110111101110111110011101101 5
0*
1.
1/
0-
b10110001010 3
#14195000
1,
#14200000
0,
b1110000000100100001000111100000 1
b1110000000100100001000111100000 5
0/
b10110001011 3
#14205000
1,
#14210000
0,
b100001010111101110001101000010 1
b100001010111101110001101000010 5
1/
b10110001100 3
#14215000
1,
#14220000
0,
b1111000111011001100110111110001 1
b1111000111011001100110111110001 5
02
1-
b10110001101 3
#14225000
17
1;
19
b1111000111011001100110111110001 "
b1111000111011001100110111110001 4
b1111000111011001100110111110001 <
b1 =
1,
#14230000
1%
1(
1$
0,
b10110100111000100111110001101001 1
b10110100111000100111110001101001 5
1*
1+
12
0.
b10110001110 3
#14235000
0(
0%
b0 #
b0 6
0!
0$
b10110100111000100110110111110001 "
b10110100111000100110110111110001 4
b10110100111000100110110111110001 <
07
0;
09
b0 =
b10110100111000100110110111110001 >
1,
#14240000
0,
b1100011101111111110111111000111 1
b1100011101111111110111111000111 5
0*
0+
02
1.
0-
b10110001111 3
#14245000
1,
#14250000
0,
b11001101001010011010101010011010 1
b11001101001010011010101010011010 5
1*
1+
0.
1-
b10110010000 3
#14255000
1&
0%
1$
1;
19
b11001101001010011010101010011010 "
b11001101001010011010101010011010 4
b11001101001010011010101010011010 <
b1 =
1,
#14260000
1!
b1111 #
b1111 6
1%
1'
1(
0&
0$
0,
b110111010000001001001101101110 1
b110111010000001001001101101110 5
0*
12
0/
0-
b10110010001 3
#14265000
0!
b0 #
b0 6
0'
0(
0%
b110111010000001000101010011010 "
b110111010000001000101010011010 4
b110111010000001000101010011010 <
0;
09
b0 =
b110111010000001000101010011010 >
1,
#14270000
0,
b11111110101100011001000011111101 1
b11111110101100011001000011111101 5
02
1/
b10110010010 3
#14275000
1,
#14280000
0,
b10011101011000101011100100111 1
b10011101011000101011100100111 5
12
0/
1-
b10110010011 3
#14285000
1,
#14290000
0,
b10101011000110110100010001010110 1
b10101011000110110100010001010110 5
0-
b10110010100 3
#14295000
1,
#14300000
0,
b11000001110000111110111010000011 1
b11000001110000111110111010000011 5
1*
0+
02
1/
1-
b10110010101 3
#14305000
1&
1$
1;
19
b11000001110000111110111010000011 "
b11000001110000111110111010000011 4
b11000001110000111110111010000011 <
b1 =
1,
#14310000
0,
b11000111110101001110011010001111 1
b11000111110101001110011010001111 5
1.
0-
b10110010110 3
#14315000
0&
0$
b11000111110101001110111010000011 "
b11000111110101001110111010000011 4
b11000111110101001110111010000011 <
1:
0;
09
b0 =
07
b11000111110101001110111010000011 >
1,
#14320000
0,
b11101101011011001100111011011010 1
b11101101011011001100111011011010 5
0*
12
0.
1-
b10110010111 3
#14325000
1'
1(
0:
1;
19
b11101101011011001100111011011010 "
b11101101011011001100111011011010 4
b11101101011011001100111011011010 <
b1 =
1,
#14330000
0'
0(
1&
1$
0,
b1111010011001011100010111110100 1
b1111010011001011100010111110100 5
1*
02
0-
b10110011000 3
#14335000
0&
0$
b1111010011001011100111011011010 "
b1111010011001011100111011011010 4
b1111010011001011100111011011010 <
1:
0;
09
b0 =
b1111010011001011100111011011010 >
1,
#14340000
0,
b11110001011000011100010011100010 1
b11110001011000011100010011100010 5
12
0/
1-
b10110011001 3
#14345000
1,
#14350000
0,
b11101110011001010111011011011100 1
b11101110011001010111011011011100 5
0*
1.
1/
b10110011010 3
#14355000
1(
0:
17
1;
19
b11101110011001010111011011011100 "
b11101110011001010111011011011100 4
b11101110011001010111011011011100 <
b1 =
1,
#14360000
1%
0(
1$
0,
b1010101000110101001101110101010 1
b1010101000110101001101110101010 5
1*
1+
02
0.
0/
b10110011011 3
#14365000
0%
0&
0$
b1010101000110101001011011011100 "
b1010101000110101001011011011100 4
b1010101000110101001011011011100 <
1:
07
0;
09
b0 =
b1010101000110101001011011011100 >
1,
#14370000
0,
b1011111001100000000100010111 1
b1011111001100000000100010111 5
0*
0+
b10110011100 3
#14375000
1,
#14380000
0,
b11100011110100101011100011000111 1
b11100011110100101011100011000111 5
1*
1+
12
1.
b10110011101 3
#14385000
1,
#14390000
0,
b11101001110110001111010011010011 1
b11101001110110001111010011010011 5
0+
02
1/
0-
b10110011110 3
#14395000
1,
#14400000
0,
b11010101101011111100000110 1
b11010101101011111100000110 5
1+
12
0.
0/
b10110011111 3
#14405000
1,
#14410000
0,
b101110101101111000101101011101 1
b101110101101111000101101011101 5
1/
1-
b10110100000 3
#14415000
1!
b1111 #
b1111 6
1'
1(
1%
1$
0:
1;
19
b101110101101111000101101011101 "
b101110101101111000101101011101 4
b101110101101111000101101011101 <
b1 =
1,
#14420000
b0 #
b0 6
0!
0%
0$
0,
b10011011000000010010111000110110 1
b10011011000000010010111000110110 5
0*
0+
1.
0/
b10110100001 3
#14425000
0'
0(
b10011011000000010010101101011101 "
b10011011000000010010101101011101 4
b10011011000000010010101101011101 <
0;
09
b0 =
b10011011000000010010101101011101 >
1,
#14430000
0,
b10111010011101011101000001110100 1
b10111010011101011101000001110100 5
1*
1+
1/
b10110100010 3
#14435000
1(
1%
1$
17
1;
19
b10111010011101011101000001110100 "
b10111010011101011101000001110100 4
b10111010011101011101000001110100 <
b1 =
1,
#14440000
0%
0(
0$
0,
b11011111000011011111111010111110 1
b11011111000011011111111010111110 5
0*
0+
02
0/
0-
b10110100011 3
#14445000
0&
b11011111000011011111000001110100 "
b11011111000011011111000001110100 4
b11011111000011011111000001110100 <
1:
07
0;
09
b0 =
b11011111000011011111000001110100 >
1,
#14450000
0,
b11111100010001011100100111111 1
b11111100010001011100100111111 5
1+
12
1-
b10110100100 3
#14455000
1,
#14460000
0,
b10100010001011010100100001000100 1
b10100010001011010100100001000100 5
1*
0+
02
1/
0-
b10110100101 3
#14465000
1,
#14470000
0,
b1001101100001110100001110011011 1
b1001101100001110100001110011011 5
0*
b10110100110 3
#14475000
1,
#14480000
0,
b11010110111111001101111010101101 1
b11010110111111001101111010101101 5
0.
b10110100111 3
#14485000
1,
#14490000
0,
b10001110101011101001110000011101 1
b10001110101011101001110000011101 5
1*
12
1-
b10110101000 3
#14495000
1'
1(
1$
0:
1;
19
b10001110101011101001110000011101 "
b10001110101011101001110000011101 4
b10001110101011101001110000011101 <
b1 =
1,
#14500000
0'
0(
1&
0,
b10011100110100001110111000111001 1
b10011100110100001110111000111001 5
02
1.
0-
b10110101001 3
#14505000
0&
0$
b10011100110100001111110000011101 "
b10011100110100001111110000011101 4
b10011100110100001111110000011101 <
1:
0;
09
b0 =
07
b10011100110100001111110000011101 >
1,
#14510000
0,
b1001010010100010011111110010100 1
b1001010010100010011111110010100 5
0*
1+
12
0.
0/
1-
b10110101010 3
#14515000
1,
#14520000
0,
b11111110111100111010001011111101 1
b11111110111100111010001011111101 5
1.
b10110101011 3
#14525000
1,
#14530000
0,
b10000111110010000110100100001 1
b10000111110010000110100100001 5
1/
0-
b10110101100 3
#14535000
1,
#14540000
0,
b1100011010000111100000111000110 1
b1100011010000111100000111000110 5
0.
b10110101101 3
#14545000
1,
#14550000
0,
b11111011110001000111011011110111 1
b11111011110001000111011011110111 5
1*
02
0/
b10110101110 3
#14555000
1,
#14560000
0,
b11110100110110100100110011101001 1
b11110100110110100100110011101001 5
1.
1-
b10110101111 3
#14565000
1,
#14570000
0,
b10001111010001101001100000011110 1
b10001111010001101001100000011110 5
12
0.
1/
b10110110000 3
#14575000
1!
b1111 #
b1111 6
1'
1(
1%
1$
0:
1;
19
b10001111010001101001100000011110 "
b10001111010001101001100000011110 4
b10001111010001101001100000011110 <
b1 =
1,
#14580000
b0 #
b0 6
0!
0%
0$
0,
b10001000111110010010100100010 1
b10001000111110010010100100010 5
0*
0+
0/
b10110110001 3
#14585000
0'
0(
b10001000111110011100000011110 "
b10001000111110011100000011110 4
b10001000111110011100000011110 <
0;
09
b0 =
b10001000111110011100000011110 >
1,
#14590000
0,
b11001010111100100101111010010101 1
b11001010111100100101111010010101 5
1*
02
1.
1/
0-
b10110110010 3
#14595000
1,
#14600000
0,
b1010001011101001010010110100010 1
b1010001011101001010010110100010 5
1+
12
0.
1-
b10110110011 3
#14605000
1!
b1111 #
b1111 6
1'
1(
1%
1$
1;
19
b1010001011101001010010110100010 "
b1010001011101001010010110100010 4
b1010001011101001010010110100010 <
b1 =
1,
#14610000
0$
0,
b1000110110001001101100010001 1
b1000110110001001101100010001 5
0*
1.
b10110110100 3
#14615000
0%
b1000110110001000010110100110 "
b1000110110001000010110100110 4
b1000110110001000010110100110 <
b1000 8
09
b10 =
07
b1000110110001000010110100110 >
1,
#14620000
0,
b101001011000100011111101010010 1
b101001011000100011111101010010 5
1*
02
0-
b10110110101 3
#14625000
0!
b0 #
b0 6
0(
0'
0;
b101001011000100011111101010010 "
b101001011000100011111101010010 4
b101001011000100011111101010010 <
b0 =
1,
#14630000
0,
b1111110010000010010110111111100 1
b1111110010000010010110111111100 5
0*
0+
12
0/
b10110110110 3
#14635000
1,
#14640000
0,
b10101000111001100010101001010001 1
b10101000111001100010101001010001 5
02
1/
b10110110111 3
#14645000
1,
#14650000
0,
b10111100011001110010000001111000 1
b10111100011001110010000001111000 5
1*
12
0/
1-
b10110111000 3
#14655000
1,
#14660000
0,
b10110100010101011111001001101000 1
b10110100010101011111001001101000 5
1+
02
1/
0-
b10110111001 3
#14665000
1,
#14670000
0,
b110001010111111101000101100010 1
b110001010111111101000101100010 5
0*
0.
0/
1-
b10110111010 3
#14675000
1,
#14680000
0,
b1011110111101100010010110111101 1
b1011110111101100010010110111101 5
1*
0+
12
1.
0-
b10110111011 3
#14685000
1,
#14690000
0,
b10001011111101010000001000010111 1
b10001011111101010000001000010111 5
0*
1+
02
1/
1-
b10110111100 3
#14695000
1%
17
1;
19
b10001011111101010000001000010111 "
b10001011111101010000001000010111 4
b10001011111101010000001000010111 <
b1 =
1,
#14700000
1$
0,
b11111011001100001110010011110110 1
b11111011001100001110010011110110 5
1*
0/
0-
b10110111101 3
#14705000
0%
0&
0$
b11111011001100001110001000010111 "
b11111011001100001110001000010111 4
b11111011001100001110001000010111 <
1:
07
0;
09
b0 =
b11111011001100001110001000010111 >
1,
#14710000
0,
b10111001111110100000010001110011 1
b10111001111110100000010001110011 5
0*
0+
12
1-
b10110111110 3
#14715000
1,
#14720000
0,
b1010011000100111001011110100110 1
b1010011000100111001011110100110 5
0-
b10110111111 3
#14725000
1,
#14730000
0,
b101111011000111101001101011110 1
b101111011000111101001101011110 5
1*
1+
02
b10111000000 3
#14735000
1,
#14740000
0,
b1000101011110110111100110001010 1
b1000101011110110111100110001010 5
0*
0+
12
0.
b10111000001 3
#14745000
1,
#14750000
0,
b11101101001011000011100011011010 1
b11101101001011000011100011011010 5
1+
02
b10111000010 3
#14755000
1,
#14760000
0,
b101000000110010100010101010000 1
b101000000110010100010101010000 5
1*
0+
1.
1/
b10111000011 3
#14765000
1,
#14770000
0,
b10001001110001111110011000010011 1
b10001001110001111110011000010011 5
12
0.
b10111000100 3
#14775000
1,
#14780000
0,
b10111100001100111101000001111000 1
b10111100001100111101000001111000 5
0*
02
1.
1-
b10111000101 3
#14785000
0:
17
1;
19
b10111100001100111101000001111000 "
b10111100001100111101000001111000 4
b10111100001100111101000001111000 <
b1 =
1,
#14790000
1(
1$
0,
b11111001101101111010000011110011 1
b11111001101101111010000011110011 5
1*
12
0.
0/
b10111000110 3
#14795000
0(
0$
b11111001101101111011000001111000 "
b11111001101101111011000001111000 4
b11111001101101111011000001111000 <
07
0;
09
b0 =
b11111001101101111011000001111000 >
1,
#14800000
0,
b10101011110100011011001001010111 1
b10101011110100011011001001010111 5
0*
02
1.
1/
0-
b10111000111 3
#14805000
1,
#14810000
0,
b110101011111000101000101101010 1
b110101011111000101000101101010 5
1*
0/
1-
b10111001000 3
#14815000
1,
#14820000
0,
b1010110101100011101010110101101 1
b1010110101100011101010110101101 5
12
0.
1/
b10111001001 3
#14825000
1'
1(
1$
1;
19
b1010110101100011101010110101101 "
b1010110101100011101010110101101 4
b1010110101100011101010110101101 <
b1 =
1,
#14830000
0'
b0 #
b0 6
0!
0%
0(
1&
0$
0,
b11001010111101100011000010010101 1
b11001010111101100011000010010101 5
0*
1+
02
1.
0/
b10111001010 3
#14835000
0&
b11001010111101100011010110101101 "
b11001010111101100011010110101101 4
b11001010111101100011010110101101 <
1:
0;
09
b0 =
b11001010111101100011010110101101 >
1,
#14840000
0,
b10100010001110110010001001000100 1
b10100010001110110010001001000100 5
1/
b10111001011 3
#14845000
1%
0:
17
1;
19
b10100010001110110010001001000100 "
b10100010001110110010001001000100 4
b10100010001110110010001001000100 <
b1 =
1,
#14850000
0%
1$
0,
b11010111101101110010100110101 1
b11010111101101110010100110101 5
1*
0+
0-
b10111001100 3
#14855000
0&
0$
b11010111101101110001001000100 "
b11010111101101110001001000100 4
b11010111101101110001001000100 <
1:
07
0;
09
b0 =
b11010111101101110001001000100 >
1,
#14860000
0,
b1110101010010110010010111101010 1
b1110101010010110010010111101010 5
0*
0.
b10111001101 3
#14865000
1,
#14870000
0,
b101000100011101001111101010001 1
b101000100011101001111101010001 5
1*
1+
12
0/
b10111001110 3
#14875000
1,
#14880000
0,
b11111000100010111001110011110001 1
b11111000100010111001110011110001 5
0*
0+
02
1.
1/
b10111001111 3
#14885000
1,
#14890000
0,
b10100110010111000011100001001100 1
b10100110010111000011100001001100 5
1*
12
0.
b10111010000 3
#14895000
1,
#14900000
0,
b10001101101101110010011000011011 1
b10001101101101110010011000011011 5
02
0/
b10111010001 3
#14905000
1,
#14910000
0,
b110111010000101110100001101 1
b110111010000101110100001101 5
b10111010010 3
#14915000
1,
#14920000
0,
b100011111101001110000101000111 1
b100011111101001110000101000111 5
0*
1+
1/
b10111010011 3
#14925000
1,
#14930000
0,
b11101111110100111001111011011111 1
b11101111110100111001111011011111 5
0+
12
1.
1-
b10111010100 3
#14935000
1(
0:
17
1;
19
b11101111110100111001111011011111 "
b11101111110100111001111011011111 4
b11101111110100111001111011011111 <
b1 =
1,
#14940000
0,
b1101001100101111111100011010 1
b1101001100101111111100011010 5
0/
0-
b10111010101 3
#14945000
0(
b1101001100101111111011011111 "
b1101001100101111111011011111 4
b1101001100101111111011011111 <
07
0;
09
b0 =
b1101001100101111111011011111 >
1,
#14950000
0,
b111100010111111010000101111000 1
b111100010111111010000101111000 5
0.
b10111010110 3
#14955000
1,
#14960000
0,
b110000001010000111010101100000 1
b110000001010000111010101100000 5
1*
1/
b10111010111 3
#14965000
1,
#14970000
0,
b11101010100110110010110011010101 1
b11101010100110110010110011010101 5
02
1-
b10111011000 3
#14975000
1&
1$
1;
19
b11101010100110110010110011010101 "
b11101010100110110010110011010101 4
b11101010100110110010110011010101 <
b1 =
1,
#14980000
1'
1(
0&
0,
b1010100011001011001000110101000 1
b1010100011001011001000110101000 5
12
1.
0/
0-
b10111011001 3
#14985000
0'
0(
0$
b1010100011001011000110011010101 "
b1010100011001011000110011010101 4
b1010100011001011000110011010101 <
0;
09
b0 =
b1010100011001011000110011010101 >
1,
#14990000
0,
b10001111001110010101110000011110 1
b10001111001110010101110000011110 5
0*
1/
b10111011010 3
#14995000
1,
#15000000
0,
b11000001100110111001110010000011 1
b11000001100110111001110010000011 5
02
b10111011011 3
#15005000
1,
#15010000
0,
b1101110110110111011010111011101 1
b1101110110110111011010111011101 5
1*
1+
0/
b10111011100 3
#15015000
1,
#15020000
0,
b1110001000000111000000111100010 1
b1110001000000111000000111100010 5
0+
0.
1-
b10111011101 3
#15025000
1,
#15030000
0,
b11010000010101110100010010100000 1
b11010000010101110100010010100000 5
1+
1.
1/
b10111011110 3
#15035000
1%
1$
17
1;
19
b11010000010101110100010010100000 "
b11010000010101110100010010100000 4
b11010000010101110100010010100000 <
b1 =
1,
#15040000
0,
b1111100010110101110100011111 1
b1111100010110101110100011111 5
b10111011111 3
#15045000
0%
0&
0$
b1111100010110100010010100000 "
b1111100010110100010010100000 4
b1111100010110100010010100000 <
1:
07
0;
09
b0 =
b1111100010110100010010100000 >
1,
#15050000
0,
b10110010001111001100101001100100 1
b10110010001111001100101001100100 5
12
0/
0-
b10111100000 3
#15055000
1,
#15060000
0,
b11111001001100110011001011110010 1
b11111001001100110011001011110010 5
0+
0.
1/
b10111100001 3
#15065000
1,
#15070000
0,
b1110110101010111100111111101101 1
b1110110101010111100111111101101 5
0*
02
b10111100010 3
#15075000
1,
#15080000
0,
b10011001110000000111100000110011 1
b10011001110000000111100000110011 5
1*
1+
12
1.
1-
b10111100011 3
#15085000
1(
1%
1$
0:
17
1;
19
b10011001110000000111100000110011 "
b10011001110000000111100000110011 4
b10011001110000000111100000110011 <
b1 =
1,
#15090000
0%
0(
0,
b10000011001110001100010000000110 1
b10000011001110001100010000000110 5
0+
02
0.
b10111100100 3
#15095000
0&
0$
b10000011001110001101100000110011 "
b10000011001110001101100000110011 4
b10000011001110001101100000110011 <
1:
07
0;
09
b0 =
b10000011001110001101100000110011 >
1,
#15100000
0,
b101100101100001100100101011001 1
b101100101100001100100101011001 5
1+
0/
b10111100101 3
#15105000
1,
#15110000
0,
b11101111011011100010110011011110 1
b11101111011011100010110011011110 5
0*
1/
0-
b10111100110 3
#15115000
1,
#15120000
0,
b11110000100110111010100111100 1
b11110000100110111010100111100 5
0+
12
0/
b10111100111 3
#15125000
1,
#15130000
0,
b1011011001100001011010110110110 1
b1011011001100001011010110110110 5
1*
1.
1/
1-
b10111101000 3
#15135000
1(
1$
0:
17
1;
19
b1011011001100001011010110110110 "
b1011011001100001011010110110110 4
b1011011001100001011010110110110 <
b1 =
1,
#15140000
1%
0(
0$
0,
b111111101100100010101101111111 1
b111111101100100010101101111111 5
0*
1+
02
0.
0/
b10111101001 3
#15145000
0%
0&
b111111101100100011010110110110 "
b111111101100100011010110110110 4
b111111101100100011010110110110 <
1:
07
0;
09
b0 =
b111111101100100011010110110110 >
1,
#15150000
0,
b10010111000011100101001000101110 1
b10010111000011100101001000101110 5
0+
0-
b10111101010 3
#15155000
1,
#15160000
0,
b10001101100001001010100100011 1
b10001101100001001010100100011 5
1*
1+
12
1.
1-
b10111101011 3
#15165000
1,
#15170000
0,
b11011010000000110111100110110 1
b11011010000000110111100110110 5
0*
0.
1/
0-
b10111101100 3
#15175000
1,
#15180000
0,
b1110011100010101111100111100111 1
b1110011100010101111100111100111 5
1*
1-
b10111101101 3
#15185000
1!
b1111 #
b1111 6
1'
1(
1%
1$
0:
1;
19
b1110011100010101111100111100111 "
b1110011100010101111100111100111 4
b1110011100010101111100111100111 <
b1 =
1,
#15190000
0!
b0 #
b0 6
0%
0'
0(
1&
0$
0,
b1110111010001111011100011101 1
b1110111010001111011100011101 5
0*
02
1.
0/
0-
b10111101110 3
#15195000
0&
b1110111010001111100111100111 "
b1110111010001111100111100111 4
b1110111010001111100111100111 <
1:
0;
09
b0 =
b1110111010001111100111100111 >
1,
#15200000
0,
b10100010000110111101101001000100 1
b10100010000110111101101001000100 5
1*
12
0.
1/
1-
b10111101111 3
#15205000
1!
b1111 #
b1111 6
1'
1(
1%
1$
0:
1;
19
b10100010000110111101101001000100 "
b10100010000110111101101001000100 4
b10100010000110111101101001000100 <
b1 =
1,
#15210000
0$
0,
b111110100101000100100001111 1
b111110100101000100100001111 5
0*
b10111110000 3
#15215000
0%
b111110100101001101001001000 "
b111110100101001101001001000 4
b111110100101001101001001000 <
09
b10 =
b111110100101001101001001000 >
1,
#15220000
b0 #
b0 6
0!
0,
b1100001000100001001100111000010 1
b1100001000100001001100111000010 5
0+
02
1.
0-
b10111110001 3
#15225000
0(
0'
0;
b1100001000100001001100111000010 "
b1100001000100001001100111000010 4
b1100001000100001001100111000010 <
b0 =
1,
#15230000
0,
b1100011101110111000110111000111 1
b1100011101110111000110111000111 5
1*
12
0/
1-
b10111110010 3
#15235000
1,
#15240000
0,
b1111101010000111100000011 1
b1111101010000111100000011 5
1+
1/
0-
b10111110011 3
#15245000
1,
#15250000
0,
b1010110111101000101010110101101 1
b1010110111101000101010110101101 5
0*
0+
0/
b10111110100 3
#15255000
1,
#15260000
0,
b10011000101111100010111000110001 1
b10011000101111100010111000110001 5
1*
b10111110101 3
#15265000
1,
#15270000
0,
b111000110110000100010101110001 1
b111000110110000100010101110001 5
0*
02
b10111110110 3
#15275000
1,
#15280000
0,
b10000101011110111011000000001010 1
b10000101011110111011000000001010 5
1+
12
0.
1/
1-
b10111110111 3
#15285000
1!
b1111 #
b1111 6
1'
1(
1%
1;
19
b10000101011110111011000000001010 "
b10000101011110111011000000001010 4
b10000101011110111011000000001010 <
b1 =
1,
#15290000
0,
b1100101011010011110100111001010 1
b1100101011010011110100111001010 5
1.
0/
b10111111000 3
#15295000
0!
b0 #
b0 6
0'
0(
0%
b1100101011010011111000000001010 "
b1100101011010011111000000001010 4
b1100101011010011111000000001010 <
0;
09
b0 =
b1100101011010011111000000001010 >
1,
#15300000
0,
b1111100100110001001111111111001 1
b1111100100110001001111111111001 5
0+
02
0.
1/
b10111111001 3
#15305000
1&
1;
19
b1111100100110001001111111111001 "
b1111100100110001001111111111001 4
b1111100100110001001111111111001 <
b1 =
1,
#15310000
1$
0,
b11101100000110100001011011011000 1
b11101100000110100001011011011000 5
1*
1+
1.
0/
b10111111010 3
#15315000
0&
0$
b11101100000110100001111111111001 "
b11101100000110100001111111111001 4
b11101100000110100001111111111001 <
1:
0;
09
b0 =
b11101100000110100001111111111001 >
1,
#15320000
0,
b11010010110100110000011010100101 1
b11010010110100110000011010100101 5
0*
0+
1/
0-
b10111111011 3
#15325000
1,
#15330000
0,
b1100110100000100001011111001101 1
b1100110100000100001011111001101 5
1*
0.
0/
b10111111100 3
#15335000
1,
#15340000
0,
b11110111110100101000110011101111 1
b11110111110100101000110011101111 5
0*
12
1/
b10111111101 3
#15345000
1,
#15350000
0,
b1100110100110001011010111001101 1
b1100110100110001011010111001101 5
1*
1.
b10111111110 3
#15355000
1,
#15360000
0,
b101010000001100001010101010100 1
b101010000001100001010101010100 5
1+
02
0.
0/
b10111111111 3
#15365000
1,
#15370000
0,
b100010101010100111001101000101 1
b100010101010100111001101000101 5
12
1.
1-
b11000000000 3
#15375000
1,
#15380000
0,
b1111000001100000101110111110000 1
b1111000001100000101110111110000 5
0*
0+
0.
1/
0-
b11000000001 3
#15385000
1,
#15390000
0,
b1110000111001001010100011100 1
b1110000111001001010100011100 5
1+
02
b11000000010 3
#15395000
1,
#15400000
0,
b10001000110010111001111000010001 1
b10001000110010111001111000010001 5
1*
1.
0/
1-
b11000000011 3
#15405000
1,
#15410000
0,
b11000110000110101001100110001 1
b11000110000110101001100110001 5
1/
b11000000100 3
#15415000
1%
1$
0:
17
1;
19
b11000110000110101001100110001 "
b11000110000110101001100110001 4
b11000110000110101001100110001 <
b1 =
1,
#15420000
1(
0$
0,
b1001101001011000011000110011010 1
b1001101001011000011000110011010 5
0*
12
b11000000101 3
#15425000
0(
0%
b0 #
b0 6
0!
b1001101001011000011001100110001 "
b1001101001011000011001100110001 4
b1001101001011000011001100110001 <
07
0;
09
b0 =
b1001101001011000011001100110001 >
1,
#15430000
0,
b1011010100101110100100010110 1
b1011010100101110100100010110 5
b11000000110 3
#15435000
1(
1%
17
1;
19
b1011010100101110100100010110 "
b1011010100101110100100010110 4
b1011010100101110100100010110 <
b1 =
1,
#15440000
0%
1$
0,
b101110000010100010100101011100 1
b101110000010100010100101011100 5
1*
0+
b11000000111 3
#15445000
0(
0$
b101110000010100010100100010110 "
b101110000010100010100100010110 4
b101110000010100010100100010110 <
07
0;
09
b0 =
b101110000010100010100100010110 >
1,
#15450000
0,
b10110001100111100100100101100 1
b10110001100111100100100101100 5
1+
0.
0-
b11000001000 3
#15455000
1,
#15460000
0,
b1010000110110011111000110100001 1
b1010000110110011111000110100001 5
0*
1.
1-
b11000001001 3
#15465000
1(
1%
17
1;
19
b1010000110110011111000110100001 "
b1010000110110011111000110100001 4
b1010000110110011111000110100001 <
b1 =
1,
#15470000
0(
0,
b11011000110000011010011010110001 1
b11011000110000011010011010110001 5
02
0-
b11000001010 3
#15475000
0%
0&
b11011000110000011011000110100001 "
b11011000110000011011000110100001 4
b11011000110000011011000110100001 <
1:
07
0;
09
b0 =
b11011000110000011011000110100001 >
1,
#15480000
0,
b11000001000110111111010010000010 1
b11000001000110111111010010000010 5
0+
12
0/
1-
b11000001011 3
#15485000
1,
#15490000
0,
b11001101111011010100100110011 1
b11001101111011010100100110011 5
1+
02
0.
1/
0-
b11000001100 3
#15495000
1,
#15500000
0,
b1111110100010110011110111111101 1
b1111110100010110011110111111101 5
1*
0+
1.
b11000001101 3
#15505000
1,
#15510000
0,
b11001110011110111000000010011100 1
b11001110011110111000000010011100 5
1+
0.
1-
b11000001110 3
#15515000
1&
0%
1$
0:
1;
19
b11001110011110111000000010011100 "
b11001110011110111000000010011100 4
b11001110011110111000000010011100 <
b1 =
1,
#15520000
1'
1(
0&
0$
0,
b100000110100110000101101000001 1
b100000110100110000101101000001 5
0*
0+
12
0/
b11000001111 3
#15525000
0'
0(
b100000110100110000000010011100 "
b100000110100110000000010011100 4
b100000110100110000000010011100 <
0;
09
b0 =
b100000110100110000000010011100 >
1,
#15530000
0,
b10101000100011000100100101010 1
b10101000100011000100100101010 5
1*
02
1/
0-
b11000010000 3
#15535000
1,
#15540000
0,
b11011011001100110111101010110110 1
b11011011001100110111101010110110 5
b11000010001 3
#15545000
1,
#15550000
0,
b11110100100111110101100111101 1
b11110100100111110101100111101 5
1+
12
1.
b11000010010 3
#15555000
1,
#15560000
0,
b10011110001111010010101000111100 1
b10011110001111010010101000111100 5
0+
0.
0/
1-
b11000010011 3
#15565000
1,
#15570000
0,
b11100001001000101011101011000010 1
b11100001001000101011101011000010 5
1.
b11000010100 3
#15575000
1,
#15580000
0,
b11010011100010111100111010100111 1
b11010011100010111100111010100111 5
0*
1+
02
1/
0-
b11000010101 3
#15585000
1,
#15590000
0,
b1110110010100110001100111101100 1
b1110110010100110001100111101100 5
0+
12
0/
b11000010110 3
#15595000
1,
#15600000
0,
b100111001001111101101101001110 1
b100111001001111101101101001110 5
1*
02
0.
1-
b11000010111 3
#15605000
1,
#15610000
0,
b1111001001110110101010111110010 1
b1111001001110110101010111110010 5
12
1.
1/
b11000011000 3
#15615000
1(
1$
17
1;
19
b1111001001110110101010111110010 "
b1111001001110110101010111110010 4
b1111001001110110101010111110010 <
b1 =
1,
#15620000
1%
0(
0$
0,
b11110011111101110001110011100111 1
b11110011111101110001110011100111 5
0*
1+
02
0.
0/
b11000011001 3
#15625000
0%
0&
b11110011111101110001010111110010 "
b11110011111101110001010111110010 4
b11110011111101110001010111110010 <
1:
07
0;
09
b0 =
b11110011111101110001010111110010 >
1,
#15630000
0,
b111000001010100000000101110000 1
b111000001010100000000101110000 5
0+
1.
1/
0-
b11000011010 3
#15635000
1,
#15640000
0,
b10100100011001000110000001001000 1
b10100100011001000110000001001000 5
12
0.
b11000011011 3
#15645000
1,
#15650000
0,
b1010000110100000010011110100001 1
b1010000110100000010011110100001 5
1+
1.
b11000011100 3
#15655000
1,
#15660000
0,
b10011110001001100000100000111100 1
b10011110001001100000100000111100 5
1*
02
0.
0/
b11000011101 3
#15665000
1,
#15670000
0,
b10011001100101011100000100 1
b10011001100101011100000100 5
0+
12
1.
b11000011110 3
#15675000
1,
#15680000
0,
b10001111110010111011110000011111 1
b10001111110010111011110000011111 5
1+
02
0.
1-
b11000011111 3
#15685000
1,
#15690000
0,
b1011000000101001100101110110000 1
b1011000000101001100101110110000 5
0*
0+
12
1.
b11000100000 3
#15695000
1,
#15700000
0,
b100000011110101111011101000000 1
b100000011110101111011101000000 5
1*
1+
02
0.
0-
b11000100001 3
#15705000
1,
#15710000
0,
b11110110101001101000110011101101 1
b11110110101001101000110011101101 5
0*
0+
12
1.
1/
1-
b11000100010 3
#15715000
1(
0:
17
1;
19
b11110110101001101000110011101101 "
b11110110101001101000110011101101 4
b11110110101001101000110011101101 <
b1 =
1,
#15720000
0(
1$
0,
b10000110000000101011001000001100 1
b10000110000000101011001000001100 5
1*
02
0.
0-
b11000100011 3
#15725000
0&
0$
b10000110000000101010110011101101 "
b10000110000000101010110011101101 4
b10000110000000101010110011101101 <
1:
07
0;
09
b0 =
b10000110000000101010110011101101 >
1,
#15730000
0,
b11010011111000111100000110 1
b11010011111000111100000110 5
0*
1+
12
0/
b11000100100 3
#15735000
1,
#15740000
0,
b1010011001011100000101110100110 1
b1010011001011100000101110100110 5
02
1.
1-
b11000100101 3
#15745000
1,
#15750000
0,
b11110110000011011101011011101100 1
b11110110000011011101011011101100 5
0.
0-
b11000100110 3
#15755000
1,
#15760000
0,
b1010111111111011100101110101111 1
b1010111111111011100101110101111 5
1/
b11000100111 3
#15765000
1,
#15770000
0,
b1101000111011011000101111010001 1
b1101000111011011000101111010001 5
12
1.
1-
b11000101000 3
#15775000
1(
1%
0:
17
1;
19
b1101000111011011000101111010001 "
b1101000111011011000101111010001 4
b1101000111011011000101111010001 <
b1 =
1,
#15780000
0(
1$
0,
b10011111001100010010011000111110 1
b10011111001100010010011000111110 5
1*
02
0-
b11000101001 3
#15785000
0%
0&
0$
b10011111001100010010101111010001 "
b10011111001100010010101111010001 4
b10011111001100010010101111010001 <
1:
07
0;
09
b0 =
b10011111001100010010101111010001 >
1,
#15790000
0,
b11000110001110000010100010001100 1
b11000110001110000010100010001100 5
0.
b11000101010 3
#15795000
1,
#15800000
0,
b11100000010001010100011011000000 1
b11100000010001010100011011000000 5
0*
0+
12
0/
b11000101011 3
#15805000
1,
#15810000
0,
b1001010010101101001001110010100 1
b1001010010101101001001110010100 5
1+
02
1/
1-
b11000101100 3
#15815000
1&
0%
0:
1;
19
b1001010010101101001001110010100 "
b1001010010101101001001110010100 4
b1001010010101101001001110010100 <
b1 =
1,
#15820000
1$
0,
b10010110100111111000100100101 1
b10010110100111111000100100101 5
1*
1.
0-
b11000101101 3
#15825000
0&
0$
b10010110100111111001110010100 "
b10010110100111111001110010100 4
b10010110100111111001110010100 <
1:
0;
09
b0 =
07
b10010110100111111001110010100 >
1,
#15830000
0,
b11010010111011100011100010100101 1
b11010010111011100011100010100101 5
0+
b11000101110 3
#15835000
1,
#15840000
0,
b10011111111110010010100000111111 1
b10011111111110010010100000111111 5
0*
1+
12
0.
b11000101111 3
#15845000
1,
#15850000
0,
b10011011100000010011100000110111 1
b10011011100000010011100000110111 5
1*
0+
02
1.
0/
b11000110000 3
#15855000
1,
#15860000
0,
b11101000001001111100110011010000 1
b11101000001001111100110011010000 5
0*
1+
1/
b11000110001 3
#15865000
1,
#15870000
0,
b100110010111100100000001 1
b100110010111100100000001 5
12
0.
b11000110010 3
#15875000
1,
#15880000
0,
b11100111100101010011100011001111 1
b11100111100101010011100011001111 5
0+
02
b11000110011 3
#15885000
1,
#15890000
0,
b11011101010001101101000010111010 1
b11011101010001101101000010111010 5
1*
1+
12
1-
b11000110100 3
#15895000
1!
b1111 #
b1111 6
1'
1(
1%
1$
0:
1;
19
b11011101010001101101000010111010 "
b11011101010001101101000010111010 4
b11011101010001101101000010111010 <
b1 =
1,
#15900000
b0 #
b0 6
0!
0%
0,
b10100001001000111110000001000010 1
b10100001001000111110000001000010 5
0+
0/
b11000110101 3
#15905000
0'
0(
0$
b10100001001000111111000010111010 "
b10100001001000111111000010111010 4
b10100001001000111111000010111010 <
0;
09
b0 =
b10100001001000111111000010111010 >
1,
#15910000
0,
b11000011011110000001111010000110 1
b11000011011110000001111010000110 5
0*
02
0-
b11000110110 3
#15915000
1,
#15920000
0,
b1111011101001111011100011110 1
b1111011101001111011100011110 5
12
1.
b11000110111 3
#15925000
1,
#15930000
0,
b1011110011101110110111110111100 1
b1011110011101110110111110111100 5
1+
1/
b11000111000 3
#15935000
1,
#15940000
0,
b10011101100010010000101000111011 1
b10011101100010010000101000111011 5
1*
02
0/
1-
b11000111001 3
#15945000
1,
#15950000
0,
b1101111100100010001110111011111 1
b1101111100100010001110111011111 5
0+
12
0.
1/
0-
b11000111010 3
#15955000
1,
#15960000
0,
b100000101111010100100001000 1
b100000101111010100100001000 5
1+
02
0/
b11000111011 3
#15965000
1,
#15970000
0,
b110111101011011110100101101111 1
b110111101011011110100101101111 5
1.
1-
b11000111100 3
#15975000
1,
#15980000
0,
b11001110100001011111010010011101 1
b11001110100001011111010010011101 5
0*
0+
0.
0-
b11000111101 3
#15985000
1,
#15990000
0,
b1110101011010000010011111101010 1
b1110101011010000010011111101010 5
12
1.
b11000111110 3
#15995000
1,
#16000000
0,
b101010001001000101001101010100 1
b101010001001000101001101010100 5
02
1/
b11000111111 3
#16005000
1,
#16010000
0,
b10010101111000111101001000101011 1
b10010101111000111101001000101011 5
12
0.
1-
b11001000000 3
#16015000
1'
1(
1;
19
b10010101111000111101001000101011 "
b10010101111000111101001000101011 4
b10010101111000111101001000101011 <
b1 =
1,
#16020000
b1111 #
b1111 6
1!
1%
1$
0,
b11101100000110110000000011011000 1
b11101100000110110000000011011000 5
1*
1+
0-
b11001000001 3
#16025000
0!
b0 #
b0 6
0'
0(
0%
0$
b11101100000110110001001000101011 "
b11101100000110110001001000101011 4
b11101100000110110001001000101011 <
0;
09
b0 =
b11101100000110110001001000101011 >
1,
#16030000
0,
b11111111011100011011001011111110 1
b11111111011100011011001011111110 5
0+
1-
b11001000010 3
#16035000
1'
1(
1$
1;
19
b11111111011100011011001011111110 "
b11111111011100011011001011111110 4
b11111111011100011011001011111110 <
b1 =
1,
#16040000
b1111 #
b1111 6
1!
1%
0$
0,
b1011110001011011011100110111100 1
b1011110001011011011100110111100 5
0*
1+
1.
0/
b11001000011 3
#16045000
0!
b0 #
b0 6
0'
0(
0%
b1011110001011011011001011111110 "
b1011110001011011011001011111110 4
b1011110001011011011001011111110 <
0;
09
b0 =
b1011110001011011011001011111110 >
1,
#16050000
0,
b10100111110001010111110001001111 1
b10100111110001010111110001001111 5
1*
0+
02
0.
1/
0-
b11001000100 3
#16055000
1,
#16060000
0,
b1010000001111100101001110100000 1
b1010000001111100101001110100000 5
0*
12
1.
1-
b11001000101 3
#16065000
1(
17
1;
19
b1010000001111100101001110100000 "
b1010000001111100101001110100000 4
b1010000001111100101001110100000 <
b1 =
1,
#16070000
1$
0,
b100100010001101111001101001000 1
b100100010001101111001101001000 5
1*
0.
0/
0-
b11001000110 3
#16075000
0(
0$
b100100010001101111001110100000 "
b100100010001101111001110100000 4
b100100010001101111001110100000 <
07
0;
09
b0 =
b100100010001101111001110100000 >
1,
#16080000
0,
b10010100001101100101111000101000 1
b10010100001101100101111000101000 5
1+
1.
1/
1-
b11001000111 3
#16085000
1(
1%
1$
17
1;
19
b10010100001101100101111000101000 "
b10010100001101100101111000101000 4
b10010100001101100101111000101000 <
b1 =
1,
#16090000
0%
0(
0$
0,
b1000001110001011111111110000011 1
b1000001110001011111111110000011 5
0*
0+
02
b11001001000 3
#16095000
1(
b1000001110001011111111000101000 "
b1000001110001011111111000101000 4
b1000001110001011111111000101000 <
1:
09
b1000001110001011111111000101000 >
1,
#16100000
0,
b1011011101111111100110110110111 1
b1011011101111111100110110110111 5
b11001001001 3
#16105000
1,
#16110000
1%
1$
0,
b10100001100110011101101001000011 1
b10100001100110011101101001000011 5
1*
1+
0/
b11001001010 3
#16115000
0(
0%
b0 #
b0 6
0!
0$
07
0;
b0 =
1,
#16120000
0,
b1011010111101001000011110110101 1
b1011010111101001000011110110101 5
0*
0-
b11001001011 3
#16125000
1,
#16130000
0,
b1100111100110010110100011001 1
b1100111100110010110100011001 5
1*
0+
1/
1-
b11001001100 3
#16135000
1$
0:
17
1;
19
b1100111100110010110100011001 "
b1100111100110010110100011001 4
b1100111100110010110100011001 <
b1 =
1,
#16140000
1%
1(
0$
0,
b1000111011010001010100010001 1
b1000111011010001010100010001 5
0*
1+
12
0-
b11001001101 3
#16145000
0(
0%
b0 #
b0 6
0!
b1000111011010000110100011001 "
b1000111011010000110100011001 4
b1000111011010000110100011001 <
07
0;
09
b0 =
b1000111011010000110100011001 >
1,
#16150000
0,
b11010011111010010010000010100111 1
b11010011111010010010000010100111 5
0+
02
0/
1-
b11001001110 3
#16155000
1,
#16160000
0,
b1000110110101100011100110001101 1
b1000110110101100011100110001101 5
1*
1+
b11001001111 3
#16165000
1,
#16170000
0,
b11010100100010011001011010101001 1
b11010100100010011001011010101001 5
0*
0.
1/
0-
b11001010000 3
#16175000
1,
#16180000
0,
b1111111101011001000100011111 1
b1111111101011001000100011111 5
1.
0/
1-
b11001010001 3
#16185000
1,
#16190000
0,
b1011110111101000011011110111101 1
b1011110111101000011011110111101 5
1*
0+
12
b11001010010 3
#16195000
1,
#16200000
0,
b1000110001010011010100010001 1
b1000110001010011010100010001 5
0*
1+
0.
0-
b11001010011 3
#16205000
1,
#16210000
0,
b1000110010010001001011110001100 1
b1000110010010001001011110001100 5
0+
02
1.
1/
b11001010100 3
#16215000
1,
#16220000
0,
b11000001000011100110000010000010 1
b11000001000011100110000010000010 5
1+
12
0.
1-
b11001010101 3
#16225000
1!
b1111 #
b1111 6
1'
1(
1%
1;
19
b11000001000011100110000010000010 "
b11000001000011100110000010000010 4
b11000001000011100110000010000010 <
b1 =
1,
#16230000
b0 #
b0 6
0!
0%
0,
b10111010111011110101001001110101 1
b10111010111011110101001001110101 5
0+
1.
b11001010110 3
#16235000
0'
b10111010111011110100000010000010 "
b10111010111011110100000010000010 4
b10111010111011110100000010000010 <
09
17
b10111010111011110100000010000010 >
1,
#16240000
1%
1$
0,
b10110100101010110000001001101001 1
b10110100101010110000001001101001 5
1*
1+
0.
b11001010111 3
#16245000
0(
0%
b0 #
b0 6
0!
0$
07
0;
b0 =
1,
#16250000
0,
b111001100001100011101101110011 1
b111001100001100011101101110011 5
1.
0/
0-
b11001011000 3
#16255000
1,
#16260000
0,
b1111000010101100110101111110000 1
b1111000010101100110101111110000 5
02
1/
1-
b11001011001 3
#16265000
1%
1$
17
1;
19
b1111000010101100110101111110000 "
b1111000010101100110101111110000 4
b1111000010101100110101111110000 <
b1 =
1,
#16270000
0$
0,
b10011010011101110110011000110100 1
b10011010011101110110011000110100 5
0*
0/
b11001011010 3
#16275000
0%
0&
b10011010011101110110101111110000 "
b10011010011101110110101111110000 4
b10011010011101110110101111110000 <
1:
07
0;
09
b0 =
b10011010011101110110101111110000 >
1,
#16280000
0,
b1111011101101001110001111110111 1
b1111011101101001110001111110111 5
0+
12
0.
1/
b11001011011 3
#16285000
1'
1(
0:
1;
19
b1111011101101001110001111110111 "
b1111011101101001110001111110111 4
b1111011101101001110001111110111 <
b1 =
1,
#16290000
0'
0(
1&
0,
b1010001000000110101101110100010 1
b1010001000000110101101110100010 5
02
b11001011100 3
#16295000
b1010001000000110101101110100010 "
b1010001000000110101101110100010 4
b1010001000000110101101110100010 <
1:
b1010001000000110101101110100010 >
1,
#16300000
1'
1(
0&
0,
b1001111011110100101000110011110 1
b1001111011110100101000110011110 5
12
0/
0-
b11001011101 3
#16305000
0'
0(
b1001111011110100101101110100010 "
b1001111011110100101101110100010 4
b1001111011110100101101110100010 <
0;
09
b0 =
b1001111011110100101101110100010 >
1,
#16310000
0,
b11011101010001100010011010111010 1
b11011101010001100010011010111010 5
02
1-
b11001011110 3
#16315000
1,
#16320000
0,
b11011110010101111101101010111100 1
b11011110010101111101101010111100 5
1*
12
b11001011111 3
#16325000
1,
#16330000
0,
b10001011011111111000100000010110 1
b10001011011111111000100000010110 5
0*
02
b11001100000 3
#16335000
1,
#16340000
0,
b1110001000110000111101111100010 1
b1110001000110000111101111100010 5
1*
1+
1.
b11001100001 3
#16345000
1,
#16350000
0,
b10000011101001100000100000000111 1
b10000011101001100000100000000111 5
0*
12
0.
1/
b11001100010 3
#16355000
1!
b1111 #
b1111 6
1'
1(
1%
0:
1;
19
b10000011101001100000100000000111 "
b10000011101001100000100000000111 4
b10000011101001100000100000000111 <
b1 =
1,
#16360000
0!
b0 #
b0 6
0%
0'
0(
1&
1$
0,
b11010000101001010111100110100 1
b11010000101001010111100110100 5
1*
02
b11001100011 3
#16365000
0&
0$
b11010000101001010100000000111 "
b11010000101001010100000000111 4
b11010000101001010100000000111 <
1:
0;
09
b0 =
b11010000101001010100000000111 >
1,
#16370000
0,
b10111000011010001101100101110 1
b10111000011010001101100101110 5
0*
1.
b11001100100 3
#16375000
1%
0:
17
1;
19
b10111000011010001101100101110 "
b10111000011010001101100101110 4
b10111000011010001101100101110 <
b1 =
1,
#16380000
0%
1$
0,
b110001111001010000101101100011 1
b110001111001010000101101100011 5
1*
0+
0/
b11001100101 3
#16385000
0&
0$
b110001111001010001101100101110 "
b110001111001010001101100101110 4
b110001111001010001101100101110 <
1:
07
0;
09
b0 =
b110001111001010001101100101110 >
1,
#16390000
0,
b11010110101001100011111010101101 1
b11010110101001100011111010101101 5
0.
1/
0-
b11001100110 3
#16395000
1,
#16400000
0,
b1010110111110111110000110101101 1
b1010110111110111110000110101101 5
0*
1-
b11001100111 3
#16405000
1&
0:
1;
19
b1010110111110111110000110101101 "
b1010110111110111110000110101101 4
b1010110111110111110000110101101 <
b1 =
1,
#16410000
1$
0,
b1111011001001010010001111110110 1
b1111011001001010010001111110110 5
1*
1.
b11001101000 3
#16415000
0&
0$
b1111011001001010010000110101101 "
b1111011001001010010000110101101 4
b1111011001001010010000110101101 <
1:
0;
09
b0 =
07
b1111011001001010010000110101101 >
1,
#16420000
0,
b11010011100011011110001010100111 1
b11010011100011011110001010100111 5
12
0.
0/
b11001101001 3
#16425000
1,
#16430000
0,
b10111001000011101011111001110010 1
b10111001000011101011111001110010 5
02
1.
0-
b11001101010 3
#16435000
1,
#16440000
0,
b11011000111100011011100010110001 1
b11011000111100011011100010110001 5
1+
12
1/
1-
b11001101011 3
#16445000
1(
1%
1$
0:
17
1;
19
b11011000111100011011100010110001 "
b11011000111100011011100010110001 4
b11011000111100011011100010110001 <
b1 =
1,
#16450000
0%
0(
0$
0,
b11101101011110110111010011011010 1
b11101101011110110111010011011010 5
0*
0+
02
0.
b11001101100 3
#16455000
1&
b11101101011110110111010011011010 "
b11101101011110110111010011011010 4
b11101101011110110111010011011010 <
1:
07
b11101101011110110111010011011010 >
1,
#16460000
1!
b1111 #
b1111 6
1%
1'
1(
0&
0,
b10010101010111101010100000101010 1
b10010101010111101010100000101010 5
1+
12
0/
b11001101101 3
#16465000
0!
b0 #
b0 6
0'
0(
0%
b10010101010111101011010011011010 "
b10010101010111101011010011011010 4
b10010101010111101011010011011010 <
0;
09
b0 =
b10010101010111101011010011011010 >
1,
#16470000
0,
b11010101000101000011101010101010 1
b11010101000101000011101010101010 5
1*
0+
02
1.
1/
0-
b11001101110 3
#16475000
1,
#16480000
0,
b111000101100100011100101110001 1
b111000101100100011100101110001 5
12
0.
0/
b11001101111 3
#16485000
1,
#16490000
0,
b1100101100100101010011111001011 1
b1100101100100101010011111001011 5
1+
02
1/
b11001110000 3
#16495000
1,
#16500000
0,
b1110110101001001100001111101101 1
b1110110101001001100001111101101 5
0+
12
1.
b11001110001 3
#16505000
1,
#16510000
0,
b11010110011000010011100110101 1
b11010110011000010011100110101 5
02
1-
b11001110010 3
#16515000
1$
0:
17
1;
19
b11010110011000010011100110101 "
b11010110011000010011100110101 4
b11010110011000010011100110101 <
b1 =
1,
#16520000
1%
0$
0,
b1101000100101010010001111010001 1
b1101000100101010010001111010001 5
0*
1+
0.
b11001110011 3
#16525000
0%
0&
b1101000100101010010011100110101 "
b1101000100101010010011100110101 4
b1101000100101010010011100110101 <
1:
07
0;
09
b0 =
b1101000100101010010011100110101 >
1,
#16530000
0,
b11000011000100000000101010000110 1
b11000011000100000000101010000110 5
1*
0+
12
1.
0/
b11001110100 3
#16535000
1,
#16540000
0,
b11001110110100110101000010011101 1
b11001110110100110101000010011101 5
0*
1+
1/
0-
b11001110101 3
#16545000
1,
#16550000
0,
b11000011011000001011011010000110 1
b11000011011000001011011010000110 5
02
1-
b11001110110 3
#16555000
1%
0:
17
1;
19
b11000011011000001011011010000110 "
b11000011011000001011011010000110 4
b11000011011000001011011010000110 <
b1 =
1,
#16560000
1$
0,
b1001000100011111110100010010 1
b1001000100011111110100010010 5
1*
0.
0/
0-
b11001110111 3
#16565000
0%
0&
0$
b1001000100011111011010000110 "
b1001000100011111011010000110 4
b1001000100011111011010000110 <
1:
07
0;
09
b0 =
b1001000100011111011010000110 >
1,
#16570000
0,
b11010110011111011011100110101 1
b11010110011111011011100110101 5
0+
1.
1/
b11001111000 3
#16575000
1,
#16580000
0,
b10011111011001110011100000111110 1
b10011111011001110011100000111110 5
1+
0/
b11001111001 3
#16585000
1,
#16590000
0,
b11001101000001001110000010011010 1
b11001101000001001110000010011010 5
0*
0+
12
1/
1-
b11001111010 3
#16595000
1(
0:
17
1;
19
b11001101000001001110000010011010 "
b11001101000001001110000010011010 4
b11001101000001001110000010011010 <
b1 =
1,
#16600000
1%
0(
1$
0,
b1010001000001000000101110100010 1
b1010001000001000000101110100010 5
1*
1+
02
0.
b11001111011 3
#16605000
0%
0&
0$
b1010001000001000000000010011010 "
b1010001000001000000000010011010 4
b1010001000001000000000010011010 <
1:
07
0;
09
b0 =
b1010001000001000000000010011010 >
1,
#16610000
0,
b11111110101110000111110011111101 1
b11111110101110000111110011111101 5
1.
0/
0-
b11001111100 3
#16615000
1,
#16620000
0,
b1000011100010110001110110000111 1
b1000011100010110001110110000111 5
0+
1/
1-
b11001111101 3
#16625000
1$
0:
17
1;
19
b1000011100010110001110110000111 "
b1000011100010110001110110000111 4
b1000011100010110001110110000111 <
b1 =
1,
#16630000
0,
b10100011101010000101100001000111 1
b10100011101010000101100001000111 5
b11001111110 3
#16635000
0&
0$
b10100011101010000101110110000111 "
b10100011101010000101110110000111 4
b10100011101010000101110110000111 <
1:
07
0;
09
b0 =
b10100011101010000101110110000111 >
1,
#16640000
0,
b10001101101011100101000000011011 1
b10001101101011100101000000011011 5
0.
b11001111111 3
#16645000
1&
1$
0:
1;
19
b10001101101011100101000000011011 "
b10001101101011100101000000011011 4
b10001101101011100101000000011011 <
b1 =
1,
#16650000
1!
b1111 #
b1111 6
1%
1'
1(
0&
0$
0,
b1010100010011111111000110101000 1
b1010100010011111111000110101000 5
0*
1+
12
0/
0-
b11010000000 3
#16655000
0!
b0 #
b0 6
0'
0(
0%
b1010100010011111111000000011011 "
b1010100010011111111000000011011 4
b1010100010011111111000000011011 <
0;
09
b0 =
b1010100010011111111000000011011 >
1,
#16660000
0,
b11100001011110110110010011000010 1
b11100001011110110110010011000010 5
0+
1.
1/
b11010000001 3
#16665000
1,
#16670000
0,
b1101010011010111000111111010100 1
b1101010011010111000111111010100 5
02
0.
b11010000010 3
#16675000
1,
#16680000
0,
b11111110011111111001001011111100 1
b11111110011111111001001011111100 5
1*
1+
12
0/
b11010000011 3
#16685000
1,
#16690000
0,
b1110000011100110100100011100 1
b1110000011100110100100011100 5
0*
0+
02
1.
1-
b11010000100 3
#16695000
1,
#16700000
0,
b11000001101010100011001010000011 1
b11000001101010100011001010000011 5
1*
1+
0.
1/
0-
b11010000101 3
#16705000
1,
#16710000
0,
b11001110100111011110100110011 1
b11001110100111011110100110011 5
0*
12
b11010000110 3
#16715000
1,
#16720000
0,
b10010000100101100101010000100001 1
b10010000100101100101010000100001 5
1*
1.
0/
b11010000111 3
#16725000
1,
#16730000
0,
b11011011011100101111011010110110 1
b11011011011100101111011010110110 5
0*
02
0.
1/
b11010001000 3
#16735000
1,
#16740000
0,
b1101111101000110110100111011111 1
b1101111101000110110100111011111 5
1*
0/
b11010001001 3
#16745000
1,
#16750000
0,
b1100110101111101101000111001101 1
b1100110101111101101000111001101 5
0+
12
1/
b11010001010 3
#16755000
1,
#16760000
0,
b10111110000001001101101001111100 1
b10111110000001001101101001111100 5
02
1.
0/
b11010001011 3
#16765000
1,
#16770000
0,
b10100011110101110110111001000111 1
b10100011110101110110111001000111 5
0*
1+
0.
1-
b11010001100 3
#16775000
1,
#16780000
0,
b1001000101100001010110110010001 1
b1001000101100001010110110010001 5
1*
0+
1.
b11010001101 3
#16785000
1,
#16790000
0,
b100110000101111000001101001100 1
b100110000101111000001101001100 5
0*
1+
1/
0-
b11010001110 3
#16795000
1,
#16800000
0,
b10010100110101010010011000101001 1
b10010100110101010010011000101001 5
1*
0+
12
0.
0/
b11010001111 3
#16805000
1,
#16810000
0,
b1100000000001000110011111000000 1
b1100000000001000110011111000000 5
0*
02
1.
1-
b11010010000 3
#16815000
1,
#16820000
0,
b11011100001111010110010010111000 1
b11011100001111010110010010111000 5
1*
1+
12
b11010010001 3
#16825000
1,
#16830000
0,
b10100001010010010100010001000010 1
b10100001010010010100010001000010 5
0+
1/
0-
b11010010010 3
#16835000
1,
#16840000
0,
b10101001110011001111111001010011 1
b10101001110011001111111001010011 5
02
0.
b11010010011 3
#16845000
1,
#16850000
0,
b10100110100001010011000001001101 1
b10100110100001010011000001001101 5
0*
1.
0/
1-
b11010010100 3
#16855000
1,
#16860000
0,
b1000001111110101011000110000011 1
b1000001111110101011000110000011 5
1*
12
b11010010101 3
#16865000
1,
#16870000
0,
b1111011101000100110100011110 1
b1111011101000100110100011110 5
1+
02
0.
0-
b11010010110 3
#16875000
1,
#16880000
0,
b1111010111100011110100111110101 1
b1111010111100011110100111110101 5
0+
12
1.
1/
b11010010111 3
#16885000
1,
#16890000
0,
b11111110101110111110001011111101 1
b11111110101110111110001011111101 5
0*
02
0.
1-
b11010011000 3
#16895000
1&
1;
19
b11111110101110111110001011111101 "
b11111110101110111110001011111101 4
b11111110101110111110001011111101 <
b1 =
1,
#16900000
0,
b1001001110000110111011110010011 1
b1001001110000110111011110010011 5
0/
0-
b11010011001 3
#16905000
0&
b1001001110000110110001011111101 "
b1001001110000110110001011111101 4
b1001001110000110110001011111101 <
1:
0;
09
b0 =
b1001001110000110110001011111101 >
1,
#16910000
0,
b100111011000011000110101001110 1
b100111011000011000110101001110 5
1*
1+
1.
1-
b11010011010 3
#16915000
1,
#16920000
0,
b10000101110011010010010000001011 1
b10000101110011010010010000001011 5
0+
0-
b11010011011 3
#16925000
1,
#16930000
0,
b11001110101101010100111010011101 1
b11001110101101010100111010011101 5
1+
12
1-
b11010011100 3
#16935000
1,
#16940000
0,
b101001010000000101100101010010 1
b101001010000000101100101010010 5
02
0.
1/
0-
b11010011101 3
#16945000
1,
#16950000
0,
b1111110001101101011100111111100 1
b1111110001101101011100111111100 5
1-
b11010011110 3
#16955000
1&
0%
1$
0:
1;
19
b1111110001101101011100111111100 "
b1111110001101101011100111111100 4
b1111110001101101011100111111100 <
b1 =
1,
#16960000
1!
b1111 #
b1111 6
1%
1'
1(
0&
0,
b10101011011111011100100101010 1
b10101011011111011100100101010 5
12
1.
0-
b11010011111 3
#16965000
0!
b0 #
b0 6
0'
0(
0%
0$
b10101011011111011100111111100 "
b10101011011111011100111111100 4
b10101011011111011100111111100 <
0;
09
b0 =
07
b10101011011111011100111111100 >
1,
#16970000
0,
b1110111101111010000100111101111 1
b1110111101111010000100111101111 5
0*
02
0.
b11010100000 3
#16975000
1,
#16980000
0,
b1011010010111011111100010110 1
b1011010010111011111100010110 5
1*
0+
12
1.
1-
b11010100001 3
#16985000
1(
1$
17
1;
19
b1011010010111011111100010110 "
b1011010010111011111100010110 4
b1011010010111011111100010110 <
b1 =
1,
#16990000
0(
0$
0,
b100110111010100100011101001101 1
b100110111010100100011101001101 5
0*
02
0.
0/
b11010100010 3
#16995000
0&
b100110111010100101111100010110 "
b100110111010100101111100010110 4
b100110111010100101111100010110 <
1:
07
0;
09
b0 =
b100110111010100101111100010110 >
1,
#17000000
0,
b10001100001101100110100000011000 1
b10001100001101100110100000011000 5
1.
1/
b11010100011 3
#17005000
0:
17
1;
19
b10001100001101100110100000011000 "
b10001100001101100110100000011000 4
b10001100001101100110100000011000 <
b1 =
1,
#17010000
1(
0,
b11110101101100010110011011101011 1
b11110101101100010110011011101011 5
12
0-
b11010100100 3
#17015000
0(
b11110101101100010110100000011000 "
b11110101101100010110100000011000 4
b11110101101100010110100000011000 <
07
0;
09
b0 =
b11110101101100010110100000011000 >
1,
#17020000
0,
b10100101000101011100101001001010 1
b10100101000101011100101001001010 5
1*
02
0/
b11010100101 3
#17025000
1,
#17030000
0,
b11000110011101110110100010001100 1
b11000110011101110110100010001100 5
0*
12
0.
b11010100110 3
#17035000
1,
#17040000
0,
b10101101010011011011100001011010 1
b10101101010011011011100001011010 5
1+
1.
1-
b11010100111 3
#17045000
1,
#17050000
0,
b10101000101110111101100101010 1
b10101000101110111101100101010 5
1*
0+
02
0.
1/
0-
b11010101000 3
#17055000
1,
#17060000
0,
b10110101000010000101111001101010 1
b10110101000010000101111001101010 5
1+
12
1.
0/
b11010101001 3
#17065000
1,
#17070000
0,
b10000110100100001001100100001 1
b10000110100100001001100100001 5
02
0.
1-
b11010101010 3
#17075000
1,
#17080000
0,
b101001111101011110101101010011 1
b101001111101011110101101010011 5
0*
0+
12
1.
b11010101011 3
#17085000
1,
#17090000
0,
b10011111011110001100100100111 1
b10011111011110001100100100111 5
1*
1+
1/
0-
b11010101100 3
#17095000
1,
#17100000
0,
b1111011010110010001100011110 1
b1111011010110010001100011110 5
0*
0+
0.
0/
1-
b11010101101 3
#17105000
1,
#17110000
0,
b1100010100110101111101111000101 1
b1100010100110101111101111000101 5
1*
1+
02
1.
0-
b11010101110 3
#17115000
1,
#17120000
0,
b1110110100001110000011111101101 1
b1110110100001110000011111101101 5
12
0.
b11010101111 3
#17125000
1,
#17130000
0,
b1000001010001101101011110000010 1
b1000001010001101101011110000010 5
02
1/
1-
b11010110000 3
#17135000
1&
0%
1$
1;
19
b1000001010001101101011110000010 "
b1000001010001101101011110000010 4
b1000001010001101101011110000010 <
b1 =
1,
#17140000
1!
b1111 #
b1111 6
1%
1'
1(
0&
0$
0,
b10011100110001110111011000111001 1
b10011100110001110111011000111001 5
0*
12
0/
0-
b11010110001 3
#17145000
0!
b0 #
b0 6
0'
0(
0%
b10011100110001110111011110000010 "
b10011100110001110111011110000010 4
b10011100110001110111011110000010 <
0;
09
b0 =
b10011100110001110111011110000010 >
1,
#17150000
0,
b11101011100100111001001011010111 1
b11101011100100111001001011010111 5
1*
b11010110010 3
#17155000
1,
#17160000
0,
b10101011001101001100110001010110 1
b10101011001101001100110001010110 5
0*
0+
02
b11010110011 3
#17165000
1,
#17170000
0,
b11101111100100000000011011011111 1
b11101111100100000000011011011111 5
1*
1+
1/
1-
b11010110100 3
#17175000
1&
0%
1$
1;
19
b11101111100100000000011011011111 "
b11101111100100000000011011011111 4
b11101111100100000000011011011111 <
b1 =
1,
#17180000
1!
b1111 #
b1111 6
1%
1'
1(
0&
0$
0,
b1101110000011001000000111011100 1
b1101110000011001000000111011100 5
0*
12
1.
0/
b11010110101 3
#17185000
0!
b0 #
b0 6
0'
0(
0%
b1101110000011001000011011011111 "
b1101110000011001000011011011111 4
b1101110000011001000011011011111 <
0;
09
b0 =
b1101110000011001000011011011111 >
1,
#17190000
0,
b10011101110100100001000000111011 1
b10011101110100100001000000111011 5
0+
02
0-
b11010110110 3
#17195000
1,
#17200000
0,
b11110100100100101100001011101001 1
b11110100100100101100001011101001 5
1+
12
1/
1-
b11010110111 3
#17205000
1(
1%
17
1;
19
b11110100100100101100001011101001 "
b11110100100100101100001011101001 4
b11110100100100101100001011101001 <
b1 =
1,
#17210000
0(
1$
0,
b11001101101100101011111010011011 1
b11001101101100101011111010011011 5
1*
02
0.
b11010111000 3
#17215000
0%
0&
0$
b11001101101100101010001011101001 "
b11001101101100101010001011101001 4
b11001101101100101010001011101001 <
1:
07
0;
09
b0 =
b11001101101100101010001011101001 >
1,
#17220000
0,
b11001010011100110010010010010100 1
b11001010011100110010010010010100 5
0*
0+
12
0/
b11010111001 3
#17225000
1,
#17230000
0,
b11010101101101010110011010101011 1
b11010101101101010110011010101011 5
1.
1/
0-
b11010111010 3
#17235000
1,
#17240000
0,
b11010111110110000010110010101111 1
b11010111110110000010110010101111 5
1*
b11010111011 3
#17245000
1,
#17250000
0,
b1111010111000011100111111110101 1
b1111010111000011100111111110101 5
0*
0.
0/
b11010111100 3
#17255000
1,
#17260000
0,
b11011011001000100000011010110110 1
b11011011001000100000011010110110 5
1*
02
1/
b11010111101 3
#17265000
1,
#17270000
0,
b1101110100110010100100111011101 1
b1101110100110010100100111011101 5
0*
1+
0/
1-
b11010111110 3
#17275000
1,
#17280000
0,
b1001110111001000000111110011101 1
b1001110111001000000111110011101 5
12
0-
b11010111111 3
#17285000
1,
#17290000
0,
b11101001001011101101000011010010 1
b11101001001011101101000011010010 5
1*
0+
1.
1/
b11011000000 3
#17295000
1,
#17300000
0,
b1011000100100011000100110110001 1
b1011000100100011000100110110001 5
0*
02
0.
0/
1-
b11011000001 3
#17305000
1,
#17310000
0,
b10111000010010100010110001110000 1
b10111000010010100010110001110000 5
1*
12
1.
1/
b11011000010 3
#17315000
1(
1$
0:
17
1;
19
b10111000010010100010110001110000 "
b10111000010010100010110001110000 4
b10111000010010100010110001110000 <
b1 =
1,
#17320000
1%
0(
0$
0,
b10000000000000010010110000000000 1
b10000000000000010010110000000000 5
0*
1+
02
0.
0/
b11011000011 3
#17325000
0%
0&
b10000000000000010010110001110000 "
b10000000000000010010110001110000 4
b10000000000000010010110001110000 <
1:
07
0;
09
b0 =
b10000000000000010010110001110000 >
1,
#17330000
0,
b11100010110111100001001011000101 1
b11100010110111100001001011000101 5
0+
b11011000100 3
#17335000
1,
#17340000
0,
b1011101101011111101001110111011 1
b1011101101011111101001110111011 5
12
1.
b11011000101 3
#17345000
1,
#17350000
0,
b10000001001110010100010000000010 1
b10000001001110010100010000000010 5
1/
0-
b11011000110 3
#17355000
1,
#17360000
0,
b10010101011010100000101000101010 1
b10010101011010100000101000101010 5
1+
02
1-
b11011000111 3
#17365000
1%
0:
17
1;
19
b10010101011010100000101000101010 "
b10010101011010100000101000101010 4
b10010101011010100000101000101010 <
b1 =
1,
#17370000
1(
1$
0,
b11000110011110101010110010001100 1
b11000110011110101010110010001100 5
1*
12
b11011001000 3
#17375000
0(
0%
b0 #
b0 6
0!
0$
b11000110011110101010101000101010 "
b11000110011110101010101000101010 4
b11000110011110101010101000101010 <
07
0;
09
b0 =
b11000110011110101010101000101010 >
1,
#17380000
0,
b1000100110001001100010110001001 1
b1000100110001001100010110001001 5
0*
0+
02
0/
b11011001001 3
#17385000
1,
#17390000
0,
b101001011100001000011101010010 1
b101001011100001000011101010010 5
1*
12
0.
0-
b11011001010 3
#17395000
1,
#17400000
0,
b11111000100011001110110011110001 1
b11111000100011001110110011110001 5
1+
02
b11011001011 3
#17405000
1,
#17410000
0,
b1001101101010100111001110011011 1
b1001101101010100111001110011011 5
0*
b11011001100 3
#17415000
1,
#17420000
0,
b110010000101100000011101100100 1
b110010000101100000011101100100 5
1*
12
b11011001101 3
#17425000
1,
#17430000
0,
b1110010010001101010001111100100 1
b1110010010001101010001111100100 5
0*
0+
02
1/
b11011001110 3
#17435000
1,
#17440000
0,
b11110101000011111101010011101010 1
b11110101000011111101010011101010 5
1+
12
0/
1-
b11011001111 3
#17445000
1,
#17450000
0,
b11110010110000011111011011100101 1
b11110010110000011111011011100101 5
0+
1.
b11011010000 3
#17455000
1,
#17460000
0,
b10110000010010101111100001100000 1
b10110000010010101111100001100000 5
02
0.
1/
0-
b11011010001 3
#17465000
1,
#17470000
0,
b1111110110100110001001111111101 1
b1111110110100110001001111111101 5
1*
1+
1.
0/
b11011010010 3
#17475000
1,
#17480000
0,
b10000111100101001000101000001111 1
b10000111100101001000101000001111 5
12
0.
1/
b11011010011 3
#17485000
1,
#17490000
0,
b1001001000110001000110110010010 1
b1001001000110001000110110010010 5
0+
1.
0/
b11011010100 3
#17495000
1,
#17500000
0,
b10000010100100001100000000000101 1
b10000010100100001100000000000101 5
02
0.
1/
b11011010101 3
#17505000
1,
#17510000
0,
b111001001000100000010101110010 1
b111001001000100000010101110010 5
b11011010110 3
#17515000
1,
#17520000
0,
b11011100001111001000111010111000 1
b11011100001111001000111010111000 5
0*
12
1.
0/
b11011010111 3
#17525000
1,
#17530000
0,
b1011100000111000100100110111000 1
b1011100000111000100100110111000 5
0.
b11011011000 3
#17535000
1,
#17540000
0,
b10010000011111100100001000100000 1
b10010000011111100100001000100000 5
1*
b11011011001 3
#17545000
1,
#17550000
0,
b10000001010000111000100100000 1
b10000001010000111000100100000 5
1+
1.
1-
b11011011010 3
#17555000
1,
#17560000
0,
b11000000111011010010011010000001 1
b11000000111011010010011010000001 5
0*
0+
02
0.
1/
b11011011011 3
#17565000
1&
1;
19
b11000000111011010010011010000001 "
b11000000111011010010011010000001 4
b11000000111011010010011010000001 <
b1 =
1,
#17570000
0,
b11101001001001100000000011010010 1
b11101001001001100000000011010010 5
1+
1.
0/
b11011011100 3
#17575000
0&
b11101001001001100000011010000001 "
b11101001001001100000011010000001 4
b11101001001001100000011010000001 <
1:
0;
09
b0 =
b11101001001001100000011010000001 >
1,
#17580000
0,
b10001111101110000010001000011111 1
b10001111101110000010001000011111 5
0+
0.
1/
0-
b11011011101 3
#17585000
1,
#17590000
0,
b11000010011110000000101010000100 1
b11000010011110000000101010000100 5
1*
12
1.
0/
b11011011110 3
#17595000
1,
#17600000
0,
b1111010100110101011100011110 1
b1111010100110101011100011110 5
1/
1-
b11011011111 3
#17605000
1(
1$
0:
17
1;
19
b1111010100110101011100011110 "
b1111010100110101011100011110 4
b1111010100110101011100011110 <
b1 =
1,
#17610000
0(
0,
b1000000011010100100100010000 1
b1000000011010100100100010000 5
02
0.
0/
0-
b11011100000 3
#17615000
0&
0$
b1000000011010101011100011110 "
b1000000011010101011100011110 4
b1000000011010101011100011110 <
1:
07
0;
09
b0 =
b1000000011010101011100011110 >
1,
#17620000
0,
b11001111010101001100001010011110 1
b11001111010101001100001010011110 5
1/
b11011100001 3
#17625000
1,
#17630000
0,
b10101001101100110100001001010011 1
b10101001101100110100001001010011 5
12
1.
b11011100010 3
#17635000
1,
#17640000
0,
b11010010101001111110001010100101 1
b11010010101001111110001010100101 5
02
1-
b11011100011 3
#17645000
1$
0:
17
1;
19
b11010010101001111110001010100101 "
b11010010101001111110001010100101 4
b11010010101001111110001010100101 <
b1 =
1,
#17650000
1%
0,
b10010110011111000111000000101100 1
b10010110011111000111000000101100 5
1+
0.
0/
b11011100100 3
#17655000
0%
0&
0$
b10010110011111000110001010100101 "
b10010110011111000110001010100101 4
b10010110011111000110001010100101 <
1:
07
0;
09
b0 =
b10010110011111000110001010100101 >
1,
#17660000
0,
b1001001000000000100101110010010 1
b1001001000000000100101110010010 5
0*
0+
12
1/
b11011100101 3
#17665000
1'
1(
0:
1;
19
b1001001000000000100101110010010 "
b1001001000000000100101110010010 4
b1001001000000000100101110010010 <
b1 =
1,
#17670000
0'
0(
1&
0,
b10111010110000010101000001110101 1
b10111010110000010101000001110101 5
02
1.
0/
b11011100110 3
#17675000
0&
b10111010110000010100101110010010 "
b10111010110000010100101110010010 4
b10111010110000010100101110010010 <
1:
0;
09
b0 =
b10111010110000010100101110010010 >
1,
#17680000
0,
b10101101001100110100111001011010 1
b10101101001100110100111001011010 5
1+
0.
b11011100111 3
#17685000
1,
#17690000
0,
b1111010000001001001000111110100 1
b1111010000001001001000111110100 5
0+
12
1/
0-
b11011101000 3
#17695000
1,
#17700000
0,
b11011011111000001001101010110111 1
b11011011111000001001101010110111 5
1*
1.
0/
1-
b11011101001 3
#17705000
1,
#17710000
0,
b101110110000100010100101011101 1
b101110110000100010100101011101 5
02
0.
1/
0-
b11011101010 3
#17715000
1,
#17720000
0,
b11000001100100011101110010000011 1
b11000001100100011101110010000011 5
1+
0/
b11011101011 3
#17725000
1,
#17730000
0,
b10001100111100010111110000011001 1
b10001100111100010111110000011001 5
0*
1.
b11011101100 3
#17735000
1,
#17740000
0,
b1010101001110010101101110101010 1
b1010101001110010101101110101010 5
1*
12
0.
b11011101101 3
#17745000
1,
#17750000
0,
b10001000110000100111110000010001 1
b10001000110000100111110000010001 5
0*
02
1.
1-
b11011101110 3
#17755000
1,
#17760000
0,
b100011101101111001010101000111 1
b100011101101111001010101000111 5
0.
1/
b11011101111 3
#17765000
1&
0%
0:
1;
19
b100011101101111001010101000111 "
b100011101101111001010101000111 4
b100011101101111001010101000111 <
b1 =
1,
#17770000
1!
b1111 #
b1111 6
1%
1'
1(
0&
0,
b11001001110111011100011010010011 1
b11001001110111011100011010010011 5
12
0/
b11011110000 3
#17775000
0!
b0 #
b0 6
0'
0(
0%
b11001001110111011101010101000111 "
b11001001110111011101010101000111 4
b11001001110111011101010101000111 <
0;
09
b0 =
b11001001110111011101010101000111 >
1,
#17780000
0,
b10101010110011111110101001010101 1
b10101010110011111110101001010101 5
1*
0+
1.
1/
b11011110001 3
#17785000
1(
1$
17
1;
19
b10101010110011111110101001010101 "
b10101010110011111110101001010101 4
b10101010110011111110101001010101 <
b1 =
1,
#17790000
0(
0,
b1101100001011111100000111011000 1
b1101100001011111100000111011000 5
02
0.
0/
0-
b11011110010 3
#17795000
0&
0$
b1101100001011111100101001010101 "
b1101100001011111100101001010101 4
b1101100001011111100101001010101 <
1:
07
0;
09
b0 =
b1101100001011111100101001010101 >
1,
#17800000
0,
b10010101101101000011011000101011 1
b10010101101101000011011000101011 5
0*
1+
1.
1/
b11011110011 3
#17805000
1,
#17810000
0,
b1010000001101100001100010100 1
b1010000001101100001100010100 5
1*
0+
12
0.
b11011110100 3
#17815000
1,
#17820000
0,
b10001011000011110111000000010110 1
b10001011000011110111000000010110 5
1-
b11011110101 3
#17825000
1'
1(
1$
0:
1;
19
b10001011000011110111000000010110 "
b10001011000011110111000000010110 4
b10001011000011110111000000010110 <
b1 =
1,
#17830000
0'
0(
1&
0$
0,
b1111000000011000010101111110000 1
b1111000000011000010101111110000 5
0*
02
1.
0/
b11011110110 3
#17835000
0&
b1111000000011000011000000010110 "
b1111000000011000011000000010110 4
b1111000000011000011000000010110 <
1:
0;
09
b0 =
b1111000000011000011000000010110 >
1,
#17840000
0,
b10100001101110100100100101000 1
b10100001101110100100100101000 5
1*
12
0.
1/
0-
b11011110111 3
#17845000
1,
#17850000
0,
b1101010011000001000010111010100 1
b1101010011000001000010111010100 5
1+
1.
1-
b11011111000 3
#17855000
1(
1%
1$
0:
17
1;
19
b1101010011000001000010111010100 "
b1101010011000001000010111010100 4
b1101010011000001000010111010100 <
b1 =
1,
#17860000
0,
b100110111011001101000101001101 1
b100110111011001101000101001101 5
0.
0-
b11011111001 3
#17865000
0(
0%
b0 #
b0 6
0!
0$
b100110111011001100010111010100 "
b100110111011001100010111010100 4
b100110111011001100010111010100 <
07
0;
09
b0 =
b100110111011001100010111010100 >
1,
#17870000
0,
b11010111000101010110100110101 1
b11010111000101010110100110101 5
02
1-
b11011111010 3
#17875000
1&
0%
1$
1;
19
b11010111000101010110100110101 "
b11010111000101010110100110101 4
b11010111000101010110100110101 <
b1 =
1,
#17880000
0,
b1110110110101000001000111101101 1
b1110110110101000001000111101101 5
0+
1.
0-
b11011111011 3
#17885000
0&
0$
b1110110110101000000110100110101 "
b1110110110101000000110100110101 4
b1110110110101000000110100110101 <
1:
0;
09
b0 =
07
b1110110110101000000110100110101 >
1,
#17890000
0,
b101011011010011110001101010110 1
b101011011010011110001101010110 5
0*
1-
b11011111100 3
#17895000
0:
17
1;
19
b101011011010011110001101010110 "
b101011011010011110001101010110 4
b101011011010011110001101010110 <
b1 =
1,
#17900000
0,
b11011001100010101010111010110011 1
b11011001100010101010111010110011 5
0/
0-
b11011111101 3
#17905000
0&
b11011001100010101010001101010110 "
b11011001100010101010001101010110 4
b11011001100010101010001101010110 <
1:
07
0;
09
b0 =
b11011001100010101010001101010110 >
1,
#17910000
0,
b10011011110101111101100100110 1
b10011011110101111101100100110 5
12
b11011111110 3
#17915000
1,
#17920000
0,
b101000000001011000111101010000 1
b101000000001011000111101010000 5
1*
02
b11011111111 3
#17925000
1,
#17930000
0,
b10011111110000000110111000111111 1
b10011111110000000110111000111111 5
0*
1+
1-
b11100000000 3
#17935000
1,
#17940000
0,
b10001100111010110110100100011 1
b10001100111010110110100100011 5
1*
12
0.
1/
0-
b11100000001 3
#17945000
1,
#17950000
0,
b10010010011011000101100100100 1
b10010010011011000101100100100 5
0*
1.
b11100000010 3
#17955000
1,
#17960000
0,
b10111000111100101000011001110001 1
b10111000111100101000011001110001 5
0+
b11100000011 3
#17965000
1,
#17970000
0,
b1111101011101000111111111111010 1
b1111101011101000111111111111010 5
1*
1+
02
1-
b11100000100 3
#17975000
1%
1$
0:
17
1;
19
b1111101011101000111111111111010 "
b1111101011101000111111111111010 4
b1111101011101000111111111111010 <
b1 =
1,
#17980000
0%
1(
0,
b10100000100011110011001001000001 1
b10100000100011110011001001000001 5
0+
12
b11100000101 3
#17985000
0(
0$
b10100000100011110011111111111010 "
b10100000100011110011111111111010 4
b10100000100011110011111111111010 <
07
0;
09
b0 =
b10100000100011110011111111111010 >
1,
#17990000
0,
b10101111101101111000111001011111 1
b10101111101101111000111001011111 5
1+
0-
b11100000110 3
#17995000
1,
#18000000
0,
b11010100111100011000000010101001 1
b11010100111100011000000010101001 5
0+
02
1-
b11100000111 3
#18005000
1$
17
1;
19
b11010100111100011000000010101001 "
b11010100111100011000000010101001 4
b11010100111100011000000010101001 <
b1 =
1,
#18010000
1(
0$
0,
b10100110000111010010010001001100 1
b10100110000111010010010001001100 5
0*
12
0-
b11100001000 3
#18015000
0(
b10100110000111010010000010101001 "
b10100110000111010010000010101001 4
b10100110000111010010000010101001 <
07
0;
09
b0 =
b10100110000111010010000010101001 >
1,
#18020000
0,
b1010011011000111110000110100110 1
b1010011011000111110000110100110 5
02
0/
b11100001001 3
#18025000
1,
#18030000
0,
b10101010111011101111101001010101 1
b10101010111011101111101001010101 5
1+
0.
1/
b11100001010 3
#18035000
1,
#18040000
0,
b11011000110011001011111010110001 1
b11011000110011001011111010110001 5
1*
1-
b11100001011 3
#18045000
1&
0%
1$
1;
19
b11011000110011001011111010110001 "
b11011000110011001011111010110001 4
b11011000110011001011111010110001 <
b1 =
1,
#18050000
0$
0,
b111001101011000011011101110011 1
b111001101011000011011101110011 5
0*
1.
0/
0-
b11100001100 3
#18055000
0&
b111001101011000011111010110001 "
b111001101011000011111010110001 4
b111001101011000011111010110001 <
1:
0;
09
b0 =
b111001101011000011111010110001 >
1,
#18060000
0,
b1111001010111010001111111110010 1
b1111001010111010001111111110010 5
0+
1/
1-
b11100001101 3
#18065000
0:
17
1;
19
b1111001010111010001111111110010 "
b1111001010111010001111111110010 4
b1111001010111010001111111110010 <
b1 =
1,
#18070000
1(
0,
b100101101101101000010101001011 1
b100101101101101000010101001011 5
12
0.
0/
0-
b11100001110 3
#18075000
0(
b100101101101101001111111110010 "
b100101101101101001111111110010 4
b100101101101101001111111110010 <
07
0;
09
b0 =
b100101101101101001111111110010 >
1,
#18080000
0,
b10001110001100100001100100011 1
b10001110001100100001100100011 5
02
1.
b11100001111 3
#18085000
1,
#18090000
0,
b10001000000000100100010000010000 1
b10001000000000100100010000010000 5
1*
1+
12
1-
b11100010000 3
#18095000
1,
#18100000
0,
b10111100010111100100110001111000 1
b10111100010111100100110001111000 5
0*
0+
1/
b11100010001 3
#18105000
1(
17
1;
19
b10111100010111100100110001111000 "
b10111100010111100100110001111000 4
b10111100010111100100110001111000 <
b1 =
1,
#18110000
0,
b1010000110100011001111110100001 1
b1010000110100011001111110100001 5
0.
0/
0-
b11100010010 3
#18115000
0(
b1010000110100011000110001111000 "
b1010000110100011000110001111000 4
b1010000110100011000110001111000 <
07
0;
09
b0 =
b1010000110100011000110001111000 >
1,
#18120000
0,
b1101000010110111101010111010000 1
b1101000010110111101010111010000 5
1+
02
1-
b11100010011 3
#18125000
1,
#18130000
0,
b110101010000101010011101101010 1
b110101010000101010011101101010 5
0+
12
b11100010100 3
#18135000
1,
#18140000
0,
b1101111000100001001000111011110 1
b1101111000100001001000111011110 5
1*
1+
1.
b11100010101 3
#18145000
1,
#18150000
0,
b10111101001110000111111001111010 1
b10111101001110000111111001111010 5
02
0.
0-
b11100010110 3
#18155000
1,
#18160000
0,
b11111010110010101111010011110101 1
b11111010110010101111010011110101 5
0*
0+
1.
1/
b11100010111 3
#18165000
1,
#18170000
0,
b10100100111001110111000001001001 1
b10100100111001110111000001001001 5
12
0.
0/
1-
b11100011000 3
#18175000
1,
#18180000
0,
b110100110001101100111101101001 1
b110100110001101100111101101001 5
1*
1+
02
1.
1/
b11100011001 3
#18185000
1%
1$
17
1;
19
b110100110001101100111101101001 "
b110100110001101100111101101001 4
b110100110001101100111101101001 <
b1 =
1,
#18190000
0%
0$
0,
b1000110000011000001011110001100 1
b1000110000011000001011110001100 5
0*
0+
0.
0-
b11100011010 3
#18195000
0&
b1000110000011000000111101101001 "
b1000110000011000000111101101001 4
b1000110000011000000111101101001 <
1:
07
0;
09
b0 =
b1000110000011000000111101101001 >
1,
#18200000
0,
b11101011010101001110100011010110 1
b11101011010101001110100011010110 5
1+
12
0/
1-
b11100011011 3
#18205000
1,
#18210000
0,
b1111111100101010111010111111111 1
b1111111100101010111010111111111 5
0+
02
b11100011100 3
#18215000
1,
#18220000
0,
b10100111001000011010101001001110 1
b10100111001000011010101001001110 5
1*
1+
1/
0-
b11100011101 3
#18225000
1,
#18230000
0,
b1000111010010100001101110001110 1
b1000111010010100001101110001110 5
1.
b11100011110 3
#18235000
1,
#18240000
0,
b1100110010000101011010111001100 1
b1100110010000101011010111001100 5
12
0.
0/
b11100011111 3
#18245000
1,
#18250000
0,
b11100111101100000100011011001111 1
b11100111101100000100011011001111 5
02
1.
1/
1-
b11100100000 3
#18255000
1%
1$
0:
17
1;
19
b11100111101100000100011011001111 "
b11100111101100000100011011001111 4
b11100111101100000100011011001111 <
b1 =
1,
#18260000
0$
0,
b1011101011100111000011110111010 1
b1011101011100111000011110111010 5
0*
0.
0-
b11100100001 3
#18265000
0%
0&
b1011101011100111000011011001111 "
b1011101011100111000011011001111 4
b1011101011100111000011011001111 <
1:
07
0;
09
b0 =
b1011101011100111000011011001111 >
1,
#18270000
0,
b10010101010000010000000000101010 1
b10010101010000010000000000101010 5
1*
12
0/
b11100100010 3
#18275000
1,
#18280000
0,
b10100011101010010001110001000111 1
b10100011101010010001110001000111 5
0*
1.
1/
b11100100011 3
#18285000
1,
#18290000
0,
b10110000101011100011110001100001 1
b10110000101011100011110001100001 5
1*
02
0/
1-
b11100100100 3
#18295000
1,
#18300000
0,
b1111001111001001000101111110011 1
b1111001111001001000101111110011 5
0*
12
0-
b11100100101 3
#18305000
1,
#18310000
0,
b1101000110000111111101111010001 1
b1101000110000111111101111010001 5
02
0.
1-
b11100100110 3
#18315000
1,
#18320000
0,
b1101000111011001010010111010001 1
b1101000111011001010010111010001 5
1*
12
1/
b11100100111 3
#18325000
1!
b1111 #
b1111 6
1'
1(
1%
1$
0:
1;
19
b1101000111011001010010111010001 "
b1101000111011001010010111010001 4
b1101000111011001010010111010001 <
b1 =
1,
#18330000
0,
b10101101001011000110100001011010 1
b10101101001011000110100001011010 5
0/
0-
b11100101000 3
#18335000
0!
b0 #
b0 6
0'
0(
0%
0$
b10101101001011000110010111010001 "
b10101101001011000110010111010001 4
b10101101001011000110010111010001 <
0;
09
b0 =
b10101101001011000110010111010001 >
1,
#18340000
0,
b10100000010101101001011001000000 1
b10100000010101101001011001000000 5
0*
1/
1-
b11100101001 3
#18345000
1!
b1111 #
b1111 6
1'
1(
1%
1;
19
b10100000010101101001011001000000 "
b10100000010101101001011001000000 4
b10100000010101101001011001000000 <
b1 =
1,
#18350000
0!
b0 #
b0 6
0%
0'
0(
1&
0,
b110100000111101111111101101000 1
b110100000111101111111101101000 5
02
b11100101010 3
#18355000
b110100000111101111111101101000 "
b110100000111101111111101101000 4
b110100000111101111111101101000 <
1:
b110100000111101111111101101000 >
1,
#18360000
1$
0,
b1001110000001011000111110011100 1
b1001110000001011000111110011100 5
1*
0+
b11100101011 3
#18365000
0&
0$
b1001110000001011001111101101000 "
b1001110000001011001111101101000 4
b1001110000001011001111101101000 <
0;
09
b0 =
b1001110000001011001111101101000 >
1,
#18370000
0,
b11100111110000101001111011001111 1
b11100111110000101001111011001111 5
0-
b11100101100 3
#18375000
1,
#18380000
0,
b11111011000010010101001011110110 1
b11111011000010010101001011110110 5
0*
1+
1.
1-
b11100101101 3
#18385000
1%
0:
17
1;
19
b11111011000010010101001011110110 "
b11111011000010010101001011110110 4
b11111011000010010101001011110110 <
b1 =
1,
#18390000
0%
1$
0,
b10100110010101011110100101001 1
b10100110010101011110100101001 5
1*
0+
0-
b11100101110 3
#18395000
0&
0$
b10100110010101011001011110110 "
b10100110010101011001011110110 4
b10100110010101011001011110110 <
1:
07
0;
09
b0 =
b10100110010101011001011110110 >
1,
#18400000
0,
b11001010100000111110001010010101 1
b11001010100000111110001010010101 5
12
0/
1-
b11100101111 3
#18405000
1,
#18410000
0,
b1011010100101110111010110110101 1
b1011010100101110111010110110101 5
0.
1/
b11100110000 3
#18415000
1'
1(
1$
0:
1;
19
b1011010100101110111010110110101 "
b1011010100101110111010110110101 4
b1011010100101110111010110110101 <
b1 =
1,
#18420000
b1111 #
b1111 6
1!
1%
0$
0,
b10110000111111100001111001100001 1
b10110000111111100001111001100001 5
0*
1+
1.
0/
0-
b11100110001 3
#18425000
0!
b0 #
b0 6
0'
0(
0%
b10110000111111100001010110110101 "
b10110000111111100001010110110101 4
b10110000111111100001010110110101 <
0;
09
b0 =
b10110000111111100001010110110101 >
1,
#18430000
0,
b1010101111000001010111110101011 1
b1010101111000001010111110101011 5
0+
0.
1/
1-
b11100110010 3
#18435000
1'
1(
1;
19
b1010101111000001010111110101011 "
b1010101111000001010111110101011 4
b1010101111000001010111110101011 <
b1 =
1,
#18440000
0'
0(
1&
1$
0,
b11001110010100110110000010011100 1
b11001110010100110110000010011100 5
1*
02
b11100110011 3
#18445000
0&
0$
b11001110010100110110111110101011 "
b11001110010100110110111110101011 4
b11001110010100110110111110101011 <
1:
0;
09
b0 =
b11001110010100110110111110101011 >
1,
#18450000
0,
b1111001101101000011110111110011 1
b1111001101101000011110111110011 5
0*
12
1.
0-
b11100110100 3
#18455000
1,
#18460000
0,
b11110010000111000010000011100100 1
b11110010000111000010000011100100 5
1+
02
0.
0/
1-
b11100110101 3
#18465000
1,
#18470000
0,
b110111010011110000001101101110 1
b110111010011110000001101101110 5
1*
0+
1/
0-
b11100110110 3
#18475000
1,
#18480000
0,
b1101010001111111001000111010100 1
b1101010001111111001000111010100 5
0*
1.
0/
1-
b11100110111 3
#18485000
1,
#18490000
0,
b10100100000110010000110001001000 1
b10100100000110010000110001001000 5
1*
1+
0.
1/
0-
b11100111000 3
#18495000
1,
#18500000
0,
b1111101000101000011110111111010 1
b1111101000101000011110111111010 5
0+
12
1.
b11100111001 3
#18505000
1,
#18510000
0,
b11101101110011001011000011011011 1
b11101101110011001011000011011011 5
0*
1+
0.
b11100111010 3
#18515000
1,
#18520000
0,
b11001100001101111011001010011000 1
b11001100001101111011001010011000 5
0+
02
1.
b11100111011 3
#18525000
1,
#18530000
0,
b1001111100100001011011110011111 1
b1001111100100001011011110011111 5
12
0/
1-
b11100111100 3
#18535000
1,
#18540000
0,
b1000011000001010001011110000110 1
b1000011000001010001011110000110 5
1+
0.
1/
b11100111101 3
#18545000
1!
b1111 #
b1111 6
1'
1(
1%
0:
1;
19
b1000011000001010001011110000110 "
b1000011000001010001011110000110 4
b1000011000001010001011110000110 <
b1 =
1,
#18550000
0'
b0 #
b0 6
0!
0%
0(
1&
1$
0,
b10001111100011010110110000011111 1
b10001111100011010110110000011111 5
1*
0+
02
b11100111110 3
#18555000
0&
0$
b10001111100011010111011110000110 "
b10001111100011010111011110000110 4
b10001111100011010111011110000110 <
1:
0;
09
b0 =
b10001111100011010111011110000110 >
1,
#18560000
0,
b10010011010100101100110000100110 1
b10010011010100101100110000100110 5
0*
1+
12
0/
b11100111111 3
#18565000
1,
#18570000
0,
b10000011010001001100111000000110 1
b10000011010001001100111000000110 5
0+
b11101000000 3
#18575000
1,
#18580000
0,
b10001100110111110001001000011001 1
b10001100110111110001001000011001 5
1*
1+
02
1.
b11101000001 3
#18585000
1,
#18590000
0,
b1100001101101011010011111000011 1
b1100001101101011010011111000011 5
0+
12
0.
0-
b11101000010 3
#18595000
1,
#18600000
0,
b111111100100111010001101111111 1
b111111100100111010001101111111 5
0*
1+
02
1.
1-
b11101000011 3
#18605000
1,
#18610000
0,
b11110101000100011010101011101010 1
b11110101000100011010101011101010 5
1*
0+
0.
0-
b11101000100 3
#18615000
1,
#18620000
0,
b11000110100010000101001010001101 1
b11000110100010000101001010001101 5
0*
12
1/
b11101000101 3
#18625000
1,
#18630000
0,
b10111010100011101001011001110101 1
b10111010100011101001011001110101 5
1*
02
b11101000110 3
#18635000
1,
#18640000
0,
b1000001011011001011011110000010 1
b1000001011011001011011110000010 5
1+
12
1.
0/
1-
b11101000111 3
#18645000
1,
#18650000
0,
b11011101100110100101110010111011 1
b11011101100110100101110010111011 5
0*
02
0.
b11101001000 3
#18655000
1,
#18660000
0,
b11010011110000001011111010100111 1
b11010011110000001011111010100111 5
0+
12
1.
1/
b11101001001 3
#18665000
1(
0:
17
1;
19
b11010011110000001011111010100111 "
b11010011110000001011111010100111 4
b11010011110000001011111010100111 <
b1 =
1,
#18670000
1%
0,
b1101100011110100011000111011000 1
b1101100011110100011000111011000 5
1+
0.
0/
b11101001010 3
#18675000
0(
0%
b0 #
b0 6
0!
b1101100011110100011111010100111 "
b1101100011110100011111010100111 4
b1101100011110100011111010100111 <
07
0;
09
b0 =
b1101100011110100011111010100111 >
1,
#18680000
0,
b11101101000001000101000011011010 1
b11101101000001000101000011011010 5
1*
1.
1/
0-
b11101001011 3
#18685000
1,
#18690000
0,
b1010111000111001011100110101110 1
b1010111000111001011100110101110 5
0*
0+
0.
b11101001100 3
#18695000
1,
#18700000
0,
b10010010110001011111011000100101 1
b10010010110001011111011000100101 5
0/
1-
b11101001101 3
#18705000
1,
#18710000
0,
b1101101101001110010011111011011 1
b1101101101001110010011111011011 5
1+
1/
b11101001110 3
#18715000
1!
b1111 #
b1111 6
1'
1(
1%
1;
19
b1101101101001110010011111011011 "
b1101101101001110010011111011011 4
b1101101101001110010011111011011 <
b1 =
1,
#18720000
0'
b0 #
b0 6
0!
0%
0(
1&
1$
0,
b1010101001110000111000110101010 1
b1010101001110000111000110101010 5
1*
0+
02
0-
b11101001111 3
#18725000
0&
0$
b1010101001110000110011111011011 "
b1010101001110000110011111011011 4
b1010101001110000110011111011011 <
1:
0;
09
b0 =
b1010101001110000110011111011011 >
1,
#18730000
0,
b11011011000001010101010010110110 1
b11011011000001010101010010110110 5
0*
1+
1.
1-
b11101010000 3
#18735000
1%
0:
17
1;
19
b11011011000001010101010010110110 "
b11011011000001010101010010110110 4
b11011011000001010101010010110110 <
b1 =
1,
#18740000
0%
0,
b11110000101101110110000011100001 1
b11110000101101110110000011100001 5
0+
0/
0-
b11101010001 3
#18745000
0&
b11110000101101110111010010110110 "
b11110000101101110111010010110110 4
b11110000101101110111010010110110 <
1:
07
0;
09
b0 =
b11110000101101110111010010110110 >
1,
#18750000
0,
b110000100001001110110101100001 1
b110000100001001110110101100001 5
1*
12
0.
1/
1-
b11101010010 3
#18755000
1'
1(
1$
0:
1;
19
b110000100001001110110101100001 "
b110000100001001110110101100001 4
b110000100001001110110101100001 <
b1 =
1,
#18760000
0'
b0 #
b0 6
0!
0%
0(
1&
0,
b11010010011000101101111010100100 1
b11010010011000101101111010100100 5
1+
02
0-
b11101010011 3
#18765000
0&
0$
b11010010011000101100110101100001 "
b11010010011000101100110101100001 4
b11010010011000101100110101100001 <
1:
0;
09
b0 =
b11010010011000101100110101100001 >
1,
#18770000
0,
b110010010000111000001101100100 1
b110010010000111000001101100100 5
0/
b11101010100 3
#18775000
1,
#18780000
0,
b10110011101110100010000001100111 1
b10110011101110100010000001100111 5
0+
1.
1-
b11101010101 3
#18785000
1,
#18790000
0,
b11100000111101111011100011000001 1
b11100000111101111011100011000001 5
0*
1+
b11101010110 3
#18795000
1,
#18800000
0,
b10111000110111010001101001110001 1
b10111000110111010001101001110001 5
12
1/
b11101010111 3
#18805000
1(
1%
0:
17
1;
19
b10111000110111010001101001110001 "
b10111000110111010001101001110001 4
b10111000110111010001101001110001 <
b1 =
1,
#18810000
1$
0,
b11101100010111010101100011011000 1
b11101100010111010101100011011000 5
1*
b11101011000 3
#18815000
0(
0%
b0 #
b0 6
0!
0$
b11101100010111010101101001110001 "
b11101100010111010101101001110001 4
b11101100010111010101101001110001 <
07
0;
09
b0 =
b11101100010111010101101001110001 >
1,
#18820000
0,
b11011110110111010001101010111101 1
b11011110110111010001101010111101 5
0+
02
0.
0/
0-
b11101011001 3
#18825000
1,
#18830000
0,
b1111010010011000111110111110100 1
b1111010010011000111110111110100 5
0*
12
1.
b11101011010 3
#18835000
1,
#18840000
0,
b10000011010001000110101000000110 1
b10000011010001000110101000000110 5
1*
1+
0.
1-
b11101011011 3
#18845000
1,
#18850000
0,
b110001010000111010100101100010 1
b110001010000111010100101100010 5
0+
02
1.
1/
b11101011100 3
#18855000
1$
17
1;
19
b110001010000111010100101100010 "
b110001010000111010100101100010 4
b110001010000111010100101100010 <
b1 =
1,
#18860000
0$
0,
b1010011101111001111001110100111 1
b1010011101111001111001110100111 5
0*
0/
b11101011101 3
#18865000
0&
b1010011101111001110100101100010 "
b1010011101111001110100101100010 4
b1010011101111001110100101100010 <
1:
07
0;
09
b0 =
b1010011101111001110100101100010 >
1,
#18870000
0,
b1101001111011001110110111010011 1
b1101001111011001110110111010011 5
1*
1+
12
0.
1/
0-
b11101011110 3
#18875000
1,
#18880000
0,
b1110100011111011101001111101000 1
b1110100011111011101001111101000 5
0*
0+
02
1.
b11101011111 3
#18885000
1,
#18890000
0,
b10000001111001100000011000000011 1
b10000001111001100000011000000011 5
1+
12
0.
0/
1-
b11101100000 3
#18895000
1,
#18900000
0,
b10101111010000000110100101011 1
b10101111010000000110100101011 5
0+
1/
0-
b11101100001 3
#18905000
1,
#18910000
0,
b110010110100110111111101100101 1
b110010110100110111111101100101 5
1*
02
b11101100010 3
#18915000
1,
#18920000
0,
b1110101011110100001011111101010 1
b1110101011110100001011111101010 5
0*
1+
12
1.
1-
b11101100011 3
#18925000
1(
1%
0:
17
1;
19
b1110101011110100001011111101010 "
b1110101011110100001011111101010 4
b1110101011110100001011111101010 <
b1 =
1,
#18930000
0%
0(
0,
b10111011100001101100100001110111 1
b10111011100001101100100001110111 5
0+
02
0/
0-
b11101100100 3
#18935000
0&
b10111011100001101101011111101010 "
b10111011100001101101011111101010 4
b10111011100001101101011111101010 <
1:
07
0;
09
b0 =
b10111011100001101101011111101010 >
1,
#18940000
0,
b1010100000000101000101110101000 1
b1010100000000101000101110101000 5
1+
1-
b11101100101 3
#18945000
1,
#18950000
0,
b1000101101111110110010110001011 1
b1000101101111110110010110001011 5
0+
12
0.
0-
b11101100110 3
#18955000
1,
#18960000
0,
b10110010101110011011101001100101 1
b10110010101110011011101001100101 5
1*
1.
1/
1-
b11101100111 3
#18965000
1(
1$
0:
17
1;
19
b10110010101110011011101001100101 "
b10110010101110011011101001100101 4
b10110010101110011011101001100101 <
b1 =
1,
#18970000
1%
0$
0,
b1110001110011110000000111100011 1
b1110001110011110000000111100011 5
0*
1+
0.
0/
b11101101000 3
#18975000
0(
0%
b0 #
b0 6
0!
b1110001110011110001101001100101 "
b1110001110011110001101001100101 4
b1110001110011110001101001100101 <
07
0;
09
b0 =
b1110001110011110001101001100101 >
1,
#18980000
0,
b11010101010100101010100110101 1
b11010101010100101010100110101 5
0+
02
1/
b11101101001 3
#18985000
1&
1;
19
b11010101010100101010100110101 "
b11010101010100101010100110101 4
b11010101010100101010100110101 <
b1 =
1,
#18990000
0,
b10001010001001001100000100 1
b10001010001001001100000100 5
b11101101010 3
#18995000
b10001010001001001100000100 "
b10001010001001001100000100 4
b10001010001001001100000100 <
1:
b10001010001001001100000100 >
1,
#19000000
0,
b111101100100010000001101111011 1
b111101100100010000001101111011 5
0-
b11101101011 3
#19005000
0&
b111101100100010001001100000100 "
b111101100100010001001100000100 4
b111101100100010001001100000100 <
0;
09
b0 =
b111101100100010001001100000100 >
1,
#19010000
0,
b1110011101000101000001111100111 1
b1110011101000101000001111100111 5
1*
1+
1.
b11101101100 3
#19015000
1,
#19020000
0,
b1010101000110110000101110101010 1
b1010101000110110000101110101010 5
0*
12
1-
b11101101101 3
#19025000
1(
1%
0:
17
1;
19
b1010101000110110000101110101010 "
b1010101000110110000101110101010 4
b1010101000110110000101110101010 <
b1 =
1,
#19030000
0(
1$
0,
b10010011111100111011111000100111 1
b10010011111100111011111000100111 5
1*
02
0.
b11101101110 3
#19035000
0%
0&
0$
b10010011111100111010101110101010 "
b10010011111100111010101110101010 4
b10010011111100111010101110101010 <
1:
07
0;
09
b0 =
b10010011111100111010101110101010 >
1,
#19040000
0,
b10110101001010111111000001101010 1
b10110101001010111111000001101010 5
b11101101111 3
#19045000
1&
0%
1$
0:
1;
19
b10110101001010111111000001101010 "
b10110101001010111111000001101010 4
b10110101001010111111000001101010 <
b1 =
1,
#19050000
1!
b1111 #
b1111 6
1%
1'
1(
0&
0$
0,
b1110101100111110010100011101 1
b1110101100111110010100011101 5
0*
12
0/
0-
b11101110000 3
#19055000
0!
b0 #
b0 6
0'
0(
0%
b1110101100111111000001101010 "
b1110101100111111000001101010 4
b1110101100111111000001101010 <
0;
09
b0 =
b1110101100111111000001101010 >
1,
#19060000
0,
b1111111100100100001001111111111 1
b1111111100100100001001111111111 5
0+
1.
b11101110001 3
#19065000
1,
#19070000
0,
b100001111001100101101101000011 1
b100001111001100101101101000011 5
1*
02
1/
b11101110010 3
#19075000
1,
#19080000
0,
b10111011010100100100101001110110 1
b10111011010100100100101001110110 5
1+
12
0.
0/
1-
b11101110011 3
#19085000
1,
#19090000
0,
b1100101110110000111100111001011 1
b1100101110110000111100111001011 5
0*
1.
1/
0-
b11101110100 3
#19095000
1,
#19100000
0,
b101111011100101001000101011110 1
b101111011100101001000101011110 5
1*
0/
b11101110101 3
#19105000
1,
#19110000
0,
b10000000110110101001110000000001 1
b10000000110110101001110000000001 5
0*
b11101110110 3
#19115000
1,
#19120000
0,
b10111000111010111001011001110001 1
b10111000111010111001011001110001 5
1*
0+
02
1-
b11101110111 3
#19125000
1,
#19130000
0,
b11101110000111000101001011011100 1
b11101110000111000101001011011100 5
1+
12
1/
0-
b11101111000 3
#19135000
1,
#19140000
0,
b1010101001010010110100110101010 1
b1010101001010010110100110101010 5
0*
0+
02
0.
0/
1-
b11101111001 3
#19145000
1,
#19150000
0,
b1011111101100110111011110111111 1
b1011111101100110111011110111111 5
1*
1.
b11101111010 3
#19155000
1,
#19160000
0,
b110110010000110001010101101100 1
b110110010000110001010101101100 5
0*
1+
0-
b11101111011 3
#19165000
1,
#19170000
0,
b11100110100101100100100011001101 1
b11100110100101100100100011001101 5
1*
1/
b11101111100 3
#19175000
1,
#19180000
0,
b11011011110100010011111010110111 1
b11011011110100010011111010110111 5
0+
1-
b11101111101 3
#19185000
1$
17
1;
19
b11011011110100010011111010110111 "
b11011011110100010011111010110111 4
b11011011110100010011111010110111 <
b1 =
1,
#19190000
1%
1(
0,
b10100000000100001001110001000000 1
b10100000000100001001110001000000 5
1+
12
0.
0/
b11101111110 3
#19195000
0(
0%
b0 #
b0 6
0!
0$
b10100000000100001001111010110111 "
b10100000000100001001111010110111 4
b10100000000100001001111010110111 <
07
0;
09
b0 =
b10100000000100001001111010110111 >
1,
#19200000
0,
b11001011000010111100101010010110 1
b11001011000010111100101010010110 5
0*
b11101111111 3
#19205000
1,
#19210000
0,
b1011110111110111110111110111101 1
b1011110111110111110111110111101 5
1*
0+
02
1.
1/
0-
b11110000000 3
#19215000
1,
#19220000
0,
b1010100101100111011100010101 1
b1010100101100111011100010101 5
0*
1+
12
b11110000001 3
#19225000
1,
#19230000
0,
b1001111110000101000010110011111 1
b1001111110000101000010110011111 5
1*
0+
02
1-
b11110000010 3
#19235000
1$
17
1;
19
b1001111110000101000010110011111 "
b1001111110000101000010110011111 4
b1001111110000101000010110011111 <
b1 =
1,
#19240000
1%
0,
b1101010001001000111110111010100 1
b1101010001001000111110111010100 5
1+
0/
0-
b11110000011 3
#19245000
0%
0&
0$
b1101010001001000110010110011111 "
b1101010001001000110010110011111 4
b1101010001001000110010110011111 <
1:
07
0;
09
b0 =
b1101010001001000110010110011111 >
1,
#19250000
0,
b100000111101011001010101000001 1
b100000111101011001010101000001 5
0*
12
1-
b11110000100 3
#19255000
1,
#19260000
0,
b11001011110110110011001010010111 1
b11001011110110110011001010010111 5
1*
0+
02
0.
1/
b11110000101 3
#19265000
1&
1$
0:
1;
19
b11001011110110110011001010010111 "
b11001011110110110011001010010111 4
b11001011110110110011001010010111 <
b1 =
1,
#19270000
0,
b1110110111111100110000111101101 1
b1110110111111100110000111101101 5
1.
0/
0-
b11110000110 3
#19275000
0&
0$
b1110110111111100111001010010111 "
b1110110111111100111001010010111 4
b1110110111111100111001010010111 <
1:
0;
09
b0 =
b1110110111111100111001010010111 >
1,
#19280000
0,
b10001101000110111010110000011010 1
b10001101000110111010110000011010 5
0*
0.
1-
b11110000111 3
#19285000
1,
#19290000
0,
b10010000001100100101001000100000 1
b10010000001100100101001000100000 5
1*
1+
12
1.
b11110001000 3
#19295000
1,
#19300000
0,
b10111110000110110101101001111100 1
b10111110000110110101101001111100 5
0*
1/
0-
b11110001001 3
#19305000
1,
#19310000
0,
b10101111010100100010011001011110 1
b10101111010100100010011001011110 5
0+
02
1-
b11110001010 3
#19315000
0:
17
1;
19
b10101111010100100010011001011110 "
b10101111010100100010011001011110 4
b10101111010100100010011001011110 <
b1 =
1,
#19320000
1(
0,
b10000011011100111010001000000110 1
b10000011011100111010001000000110 5
12
0/
b11110001011 3
#19325000
0(
b10000011011100111010011001011110 "
b10000011011100111010011001011110 4
b10000011011100111010011001011110 <
07
0;
09
b0 =
b10000011011100111010011001011110 >
1,
#19330000
0,
b1010101001110111111110110101010 1
b1010101001110111111110110101010 5
0.
1/
b11110001100 3
#19335000
1'
1(
1;
19
b1010101001110111111110110101010 "
b1010101001110111111110110101010 4
b1010101001110111111110110101010 <
b1 =
1,
#19340000
0'
b0 #
b0 6
0!
0%
0(
1&
1$
0,
b10110010100100001000111001100101 1
b10110010100100001000111001100101 5
1*
1+
02
1.
0/
0-
b11110001101 3
#19345000
0&
0$
b10110010100100001001110110101010 "
b10110010100100001001110110101010 4
b10110010100100001001110110101010 <
1:
0;
09
b0 =
b10110010100100001001110110101010 >
1,
#19350000
0,
b110111010110001000011101101110 1
b110111010110001000011101101110 5
12
0.
1-
b11110001110 3
#19355000
1,
#19360000
0,
b11101001101001100110000011010011 1
b11101001101001100110000011010011 5
0+
1.
0-
b11110001111 3
#19365000
1,
#19370000
0,
b1100111000010110010010111001110 1
b1100111000010110010010111001110 5
1+
02
0.
b11110010000 3
#19375000
1,
#19380000
0,
b11111101100101100011010011111011 1
b11111101100101100011010011111011 5
12
1/
1-
b11110010001 3
#19385000
1!
b1111 #
b1111 6
1'
1(
1%
1$
0:
1;
19
b11111101100101100011010011111011 "
b11111101100101100011010011111011 4
b11111101100101100011010011111011 <
b1 =
1,
#19390000
b0 #
b0 6
0!
0%
0$
0,
b11110111001011001111101011101110 1
b11110111001011001111101011101110 5
0*
0+
1.
0/
0-
b11110010010 3
#19395000
0'
0(
b11110111001011001111010011111011 "
b11110111001011001111010011111011 4
b11110111001011001111010011111011 <
0;
09
b0 =
b11110111001011001111010011111011 >
1,
#19400000
0,
b1011111010011010100100010111 1
b1011111010011010100100010111 5
1*
0.
1/
1-
b11110010011 3
#19405000
1'
1(
1$
1;
19
b1011111010011010100100010111 "
b1011111010011010100100010111 4
b1011111010011010100100010111 <
b1 =
1,
#19410000
0,
b11000111010110110001111010001110 1
b11000111010110110001111010001110 5
1.
b11110010100 3
#19415000
0'
0(
0$
b11000111010110110000100100010111 "
b11000111010110110000100100010111 4
b11000111010110110000100100010111 <
0;
09
b0 =
07
b11000111010110110000100100010111 >
1,
#19420000
0,
b10111100110011010111000001111001 1
b10111100110011010111000001111001 5
02
b11110010101 3
#19425000
1$
17
1;
19
b10111100110011010111000001111001 "
b10111100110011010111000001111001 4
b10111100110011010111000001111001 <
b1 =
1,
#19430000
1%
0,
b10101001100111111011000001010011 1
b10101001100111111011000001010011 5
1+
0/
b11110010110 3
#19435000
0%
0&
0$
b10101001100111111011000001111001 "
b10101001100111111011000001111001 4
b10101001100111111011000001111001 <
1:
07
0;
09
b0 =
b10101001100111111011000001111001 >
1,
#19440000
0,
b10111000101100110000000001110001 1
b10111000101100110000000001110001 5
0*
0+
0.
0-
b11110010111 3
#19445000
1,
#19450000
0,
b101101111011111111100001011 1
b101101111011111111100001011 5
12
1-
b11110011000 3
#19455000
1,
#19460000
0,
b11110111000000010010011011101110 1
b11110111000000010010011011101110 5
1*
02
b11110011001 3
#19465000
1,
#19470000
0,
b11110001010011010000100111100 1
b11110001010011010000100111100 5
0*
1/
0-
b11110011010 3
#19475000
1,
#19480000
0,
b11000110111110111010110010001101 1
b11000110111110111010110010001101 5
1*
12
0/
1-
b11110011011 3
#19485000
1,
#19490000
0,
b1011101011100001001101110111010 1
b1011101011100001001101110111010 5
1+
1/
b11110011100 3
#19495000
1!
b1111 #
b1111 6
1'
1(
1%
1$
0:
1;
19
b1011101011100001001101110111010 "
b1011101011100001001101110111010 4
b1011101011100001001101110111010 <
b1 =
1,
#19500000
0!
b0 #
b0 6
0%
0'
0(
1&
0,
b111001110010011111101101110011 1
b111001110010011111101101110011 5
02
1.
0/
0-
b11110011101 3
#19505000
0&
0$
b111001110010011111101110111010 "
b111001110010011111101110111010 4
b111001110010011111101110111010 <
1:
0;
09
b0 =
b111001110010011111101110111010 >
1,
#19510000
0,
b1000111101000000111111110001111 1
b1000111101000000111111110001111 5
0+
1/
b11110011110 3
#19515000
1,
#19520000
0,
b1010100010001001011000110101000 1
b1010100010001001011000110101000 5
0*
1+
1-
b11110011111 3
#19525000
1%
0:
17
1;
19
b1010100010001001011000110101000 "
b1010100010001001011000110101000 4
b1010100010001001011000110101000 <
b1 =
1,
#19530000
1$
0,
b1111011101000010100000011 1
b1111011101000010100000011 5
1*
b11110100000 3
#19535000
0%
0&
0$
b1111011101001000110101000 "
b1111011101001000110101000 4
b1111011101001000110101000 <
1:
07
0;
09
b0 =
b1111011101001000110101000 >
1,
#19540000
0,
b11000111100100101000100110001 1
b11000111100100101000100110001 5
0*
0.
b11110100001 3
#19545000
1&
0%
0:
1;
19
b11000111100100101000100110001 "
b11000111100100101000100110001 4
b11000111100100101000100110001 <
b1 =
1,
#19550000
0,
b10001011101010101011101000010111 1
b10001011101010101011101000010111 5
0+
0-
b11110100010 3
#19555000
0&
b10001011101010101011000100110001 "
b10001011101010101011000100110001 4
b10001011101010101011000100110001 <
1:
0;
09
b0 =
b10001011101010101011000100110001 >
1,
#19560000
0,
b1111110010110101101000111111100 1
b1111110010110101101000111111100 5
1*
1+
1.
1-
b11110100011 3
#19565000
1%
1$
0:
17
1;
19
b1111110010110101101000111111100 "
b1111110010110101101000111111100 4
b1111110010110101101000111111100 <
b1 =
1,
#19570000
0%
0,
b11101110010001100001001011011100 1
b11101110010001100001001011011100 5
0+
0.
0/
b11110100100 3
#19575000
0&
0$
b11101110010001100001000111111100 "
b11101110010001100001000111111100 4
b11101110010001100001000111111100 <
1:
07
0;
09
b0 =
b11101110010001100001000111111100 >
1,
#19580000
0,
b10110011100110100100101001100111 1
b10110011100110100100101001100111 5
0*
1+
1/
0-
b11110100101 3
#19585000
1,
#19590000
0,
b10000110111100111000110000001101 1
b10000110111100111000110000001101 5
1*
12
1.
0/
1-
b11110100110 3
#19595000
1,
#19600000
0,
b11100110110101001000100111001 1
b11100110110101001000100111001 5
0+
02
1/
b11110100111 3
#19605000
1$
0:
17
1;
19
b11100110110101001000100111001 "
b11100110110101001000100111001 4
b11100110110101001000100111001 <
b1 =
1,
#19610000
0$
0,
b1001011001011000101011110010110 1
b1001011001011000101011110010110 5
0*
0.
0/
0-
b11110101000 3
#19615000
0&
b1001011001011000101000100111001 "
b1001011001011000101000100111001 4
b1001011001011000101000100111001 <
1:
07
0;
09
b0 =
b1001011001011000101000100111001 >
1,
#19620000
0,
b100011000110111101000101000110 1
b100011000110111101000101000110 5
1*
1+
1.
1/
b11110101001 3
#19625000
1,
#19630000
0,
b111010000111101110100101110100 1
b111010000111101110100101110100 5
0*
12
0.
0/
b11110101010 3
#19635000
1,
#19640000
0,
b10111110011101000011010001111100 1
b10111110011101000011010001111100 5
1.
1/
b11110101011 3
#19645000
1,
#19650000
0,
b111111110100010010011101111111 1
b111111110100010010011101111111 5
1*
02
1-
b11110101100 3
#19655000
1%
1$
0:
17
1;
19
b111111110100010010011101111111 "
b111111110100010010011101111111 4
b111111110100010010011101111111 <
b1 =
1,
#19660000
0,
b1110111101011101000001111101111 1
b1110111101011101000001111101111 5
0.
0/
0-
b11110101101 3
#19665000
0%
0&
0$
b1110111101011101000011101111111 "
b1110111101011101000011101111111 4
b1110111101011101000011101111111 <
1:
07
0;
09
b0 =
b1110111101011101000011101111111 >
1,
#19670000
0,
b1010011011111011000000110100110 1
b1010011011111011000000110100110 5
0+
12
1.
1/
b11110101110 3
#19675000
1,
#19680000
0,
b11101101111011111011111011011011 1
b11101101111011111011111011011011 5
1+
02
b11110101111 3
#19685000
1,
#19690000
0,
b11000001011100110001001010000010 1
b11000001011100110001001010000010 5
0*
0+
1-
b11110110000 3
#19695000
0:
17
1;
19
b11000001011100110001001010000010 "
b11000001011100110001001010000010 4
b11000001011100110001001010000010 <
b1 =
1,
#19700000
1%
1(
0,
b10100110110010111100011001001101 1
b10100110110010111100011001001101 5
1+
12
b11110110001 3
#19705000
0(
0%
b0 #
b0 6
0!
b10100110110010111101001010000010 "
b10100110110010111101001010000010 4
b10100110110010111101001010000010 <
07
0;
09
b0 =
b10100110110010111101001010000010 >
1,
#19710000
0,
b1001100000001100100100010011 1
b1001100000001100100100010011 5
1*
0+
0/
b11110110010 3
#19715000
1,
#19720000
0,
b10000010111100001111011000000101 1
b10000010111100001111011000000101 5
1+
02
0-
b11110110011 3
#19725000
1,
#19730000
0,
b10110101101100110111010001101011 1
b10110101101100110111010001101011 5
0+
0.
1/
b11110110100 3
#19735000
1,
#19740000
0,
b10001111010100101100000000011110 1
b10001111010100101100000000011110 5
0*
0/
1-
b11110110101 3
#19745000
1,
#19750000
0,
b10111001111011101111011001110011 1
b10111001111011101111011001110011 5
12
1.
b11110110110 3
#19755000
1,
#19760000
0,
b10000010011110110101110000000100 1
b10000010011110110101110000000100 5
1*
1+
02
1/
b11110110111 3
#19765000
1%
1$
17
1;
19
b10000010011110110101110000000100 "
b10000010011110110101110000000100 4
b10000010011110110101110000000100 <
b1 =
1,
#19770000
0%
0,
b1111011101010100101101111110111 1
b1111011101010100101101111110111 5
0+
0/
b11110111000 3
#19775000
0&
0$
b1111011101010100101110000000100 "
b1111011101010100101110000000100 4
b1111011101010100101110000000100 <
1:
07
0;
09
b0 =
b1111011101010100101110000000100 >
1,
#19780000
0,
b11110111011011000101010011101110 1
b11110111011011000101010011101110 5
0*
12
0.
0-
b11110111001 3
#19785000
1,
#19790000
0,
b1000001110101101111101110000011 1
b1000001110101101111101110000011 5
02
b11110111010 3
#19795000
1,
#19800000
0,
b11010011001101100011011010100110 1
b11010011001101100011011010100110 5
1*
12
1/
1-
b11110111011 3
#19805000
1'
1(
1$
0:
1;
19
b11010011001101100011011010100110 "
b11010011001101100011011010100110 4
b11010011001101100011011010100110 <
b1 =
1,
#19810000
0'
0(
1&
0$
0,
b10101111101110101001110001011111 1
b10101111101110101001110001011111 5
0*
02
1.
0/
b11110111100 3
#19815000
0&
b10101111101110101001011010100110 "
b10101111101110101001011010100110 4
b10101111101110101001011010100110 <
1:
0;
09
b0 =
b10101111101110101001011010100110 >
1,
#19820000
0,
b101000001011110010011101010000 1
b101000001011110010011101010000 5
1*
1+
1/
0-
b11110111101 3
#19825000
1,
#19830000
0,
b11000010010001001000111010000100 1
b11000010010001001000111010000100 5
12
0.
0/
1-
b11110111110 3
#19835000
1,
#19840000
0,
b11001001011100001000100010010010 1
b11001001011100001000100010010010 5
02
1/
b11110111111 3
#19845000
1&
0%
1$
0:
1;
19
b11001001011100001000100010010010 "
b11001001011100001000100010010010 4
b11001001011100001000100010010010 <
b1 =
1,
#19850000
1!
b1111 #
b1111 6
1%
1'
1(
0&
0,
b10111110001001011100110001111100 1
b10111110001001011100110001111100 5
12
b11111000000 3
#19855000
0!
b0 #
b0 6
0'
0(
0%
0$
b10111110001001011100100010010010 "
b10111110001001011100100010010010 4
b10111110001001011100100010010010 <
0;
09
b0 =
b10111110001001011100100010010010 >
1,
#19860000
0,
b10001011000000111001101000010110 1
b10001011000000111001101000010110 5
0*
0+
1.
0/
0-
b11111000001 3
#19865000
1,
#19870000
0,
b1000101101101000010001110001011 1
b1000101101101000010001110001011 5
1*
1+
02
0.
1/
b11111000010 3
#19875000
1,
#19880000
0,
b1001110111001010001011110011101 1
b1001110111001010001011110011101 5
1.
0/
b11111000011 3
#19885000
1,
#19890000
0,
b10011000011000000100000000110000 1
b10011000011000000100000000110000 5
0*
0+
b11111000100 3
#19895000
1,
#19900000
0,
b1101100110001111101001111011001 1
b1101100110001111101001111011001 5
1+
1/
b11111000101 3
#19905000
1,
#19910000
0,
b1111010010001101110101111110100 1
b1111010010001101110101111110100 5
1*
0+
0/
b11111000110 3
#19915000
1,
#19920000
0,
b101010001111100110010101010100 1
b101010001111100110010101010100 5
0*
1+
0.
1-
b11111000111 3
#19925000
1,
#19930000
0,
b10100001001001010000101001000010 1
b10100001001001010000101001000010 5
1*
0+
1.
1/
0-
b11111001000 3
#19935000
1,
#19940000
0,
b11001010101100111011011010010101 1
b11001010101100111011011010010101 5
0*
1+
12
0.
0/
b11111001001 3
#19945000
1,
#19950000
0,
b1110100101101101101101111101001 1
b1110100101101101101101111101001 5
1*
1.
1/
1-
b11111001010 3
#19955000
1(
1%
1$
17
1;
19
b1110100101101101101101111101001 "
b1110100101101101101101111101001 4
b1110100101101101101101111101001 <
b1 =
1,
#19960000
0%
0$
0,
b10101010010110101011010001010100 1
b10101010010110101011010001010100 5
0*
0+
0.
b11111001011 3
#19965000
b10101010010110101011101111101001 "
b10101010010110101011101111101001 4
b10101010010110101011101111101001 <
09
b10101010010110101011101111101001 >
1,
#19970000
0,
b10100011010010011111111001000110 1
b10100011010010011111111001000110 5
1.
0-
b11111001100 3
#19975000
0(
07
0;
b0 =
1,
#19980000
0,
b11001100111111001110011010011001 1
b11001100111111001110011010011001 5
1-
b11111001101 3
#19985000
1(
17
1;
19
b11001100111111001110011010011001 "
b11001100111111001110011010011001 4
b11001100111111001110011010011001 <
b1 =
1,
#19990000
0,
b110000000010101010100101100000 1
b110000000010101010100101100000 5
0/
0-
b11111001110 3
#19995000
0(
b110000000010101010011010011001 "
b110000000010101010011010011001 4
b110000000010101010011010011001 <
07
0;
09
b0 =
b110000000010101010011010011001 >
1,
#20000000
0,
b10111001010100000000111001110010 1
b10111001010100000000111001110010 5
1+
1/
b11111001111 3
#20005000
1,
#20010000
0,
b11111010000 3
